ISO-10303-21;
HEADER;
/* Generated by software containing ST-Developer
 * from STEP Tools, Inc. (www.steptools.com) 
 */

FILE_DESCRIPTION(
/* description */ (''),
/* implementation_level */ '2;1');

FILE_NAME(
/* name */ '[a]_belt_tensioner_retainers.step',
/* time_stamp */ '2026-07-12T19:23:31-05:00',
/* author */ (''),
/* organization */ (''),
/* preprocessor_version */ 'ST-DEVELOPER v20.1',
/* originating_system */ 'Autodesk Translation Framework v15.8.0.0',
/* authorisation */ '');

FILE_SCHEMA (('AUTOMOTIVE_DESIGN { 1 0 10303 214 3 1 1 }'));
ENDSEC;

DATA;
#10=MECHANICAL_DESIGN_GEOMETRIC_PRESENTATION_REPRESENTATION('',(#23,#24),
#10235);
#11=ITEM_DEFINED_TRANSFORMATION($,$,#5245,#5544);
#12=ITEM_DEFINED_TRANSFORMATION($,$,#5396,#5545);
#13=(
REPRESENTATION_RELATIONSHIP($,$,#10249,#10248)
REPRESENTATION_RELATIONSHIP_WITH_TRANSFORMATION(#11)
SHAPE_REPRESENTATION_RELATIONSHIP()
);
#14=(
REPRESENTATION_RELATIONSHIP($,$,#10250,#10248)
REPRESENTATION_RELATIONSHIP_WITH_TRANSFORMATION(#12)
SHAPE_REPRESENTATION_RELATIONSHIP()
);
#15=CONTEXT_DEPENDENT_SHAPE_REPRESENTATION(#13,#10246);
#16=CONTEXT_DEPENDENT_SHAPE_REPRESENTATION(#14,#10247);
#17=NEXT_ASSEMBLY_USAGE_OCCURRENCE('Component2:1','Component2:1',
'Component2:1',#10252,#10253,'Component2:1');
#18=NEXT_ASSEMBLY_USAGE_OCCURRENCE('Component3:1','Component3:1',
'Component3:1',#10252,#10254,'Component3:1');
#19=SHAPE_REPRESENTATION_RELATIONSHIP('SRR','None',#10249,#21);
#20=SHAPE_REPRESENTATION_RELATIONSHIP('SRR','None',#10250,#22);
#21=ADVANCED_BREP_SHAPE_REPRESENTATION('',(#25),#10233);
#22=ADVANCED_BREP_SHAPE_REPRESENTATION('',(#26),#10234);
#23=STYLED_ITEM('',(#10268),#25);
#24=STYLED_ITEM('',(#10268),#26);
#25=MANIFOLD_SOLID_BREP('Body1',#5219);
#26=MANIFOLD_SOLID_BREP('Body1',#5220);
#27=ELLIPSE('',#5313,0.784888527116861,0.554999999999854);
#28=ELLIPSE('',#5316,0.784888527116861,0.554999999999854);
#29=ELLIPSE('',#5328,0.784888527116954,0.55499999999992);
#30=ELLIPSE('',#5330,0.784888527116954,0.55499999999992);
#31=ELLIPSE('',#5463,0.784888527116861,0.554999999999854);
#32=ELLIPSE('',#5466,0.784888527116861,0.554999999999854);
#33=ELLIPSE('',#5478,0.784888527116954,0.55499999999992);
#34=ELLIPSE('',#5480,0.784888527116954,0.55499999999992);
#35=CYLINDRICAL_SURFACE('',#5282,2.95);
#36=CYLINDRICAL_SURFACE('',#5285,0.6);
#37=CYLINDRICAL_SURFACE('',#5304,0.6);
#38=CYLINDRICAL_SURFACE('',#5306,0.6);
#39=CYLINDRICAL_SURFACE('',#5310,1.7);
#40=CYLINDRICAL_SURFACE('',#5324,0.554999999999854);
#41=CYLINDRICAL_SURFACE('',#5352,2.225);
#42=CYLINDRICAL_SURFACE('',#5372,0.999999999998999);
#43=CYLINDRICAL_SURFACE('',#5373,0.999999999998999);
#44=CYLINDRICAL_SURFACE('',#5374,0.999999999998999);
#45=CYLINDRICAL_SURFACE('',#5375,0.999999999998999);
#46=CYLINDRICAL_SURFACE('',#5376,0.999999999998999);
#47=CYLINDRICAL_SURFACE('',#5377,1.5);
#48=CYLINDRICAL_SURFACE('',#5379,1.5);
#49=CYLINDRICAL_SURFACE('',#5381,0.55499999999992);
#50=CYLINDRICAL_SURFACE('',#5382,0.999999999999557);
#51=CYLINDRICAL_SURFACE('',#5383,0.55499999999992);
#52=CYLINDRICAL_SURFACE('',#5384,0.999999999999557);
#53=CYLINDRICAL_SURFACE('',#5385,0.55499999999992);
#54=CYLINDRICAL_SURFACE('',#5386,0.999999999999557);
#55=CYLINDRICAL_SURFACE('',#5387,0.55499999999992);
#56=CYLINDRICAL_SURFACE('',#5388,0.999999999999557);
#57=CYLINDRICAL_SURFACE('',#5389,0.55499999999992);
#58=CYLINDRICAL_SURFACE('',#5390,0.999999999999557);
#59=CYLINDRICAL_SURFACE('',#5429,0.6);
#60=CYLINDRICAL_SURFACE('',#5432,2.95);
#61=CYLINDRICAL_SURFACE('',#5435,0.6);
#62=CYLINDRICAL_SURFACE('',#5437,0.6);
#63=CYLINDRICAL_SURFACE('',#5460,1.7);
#64=CYLINDRICAL_SURFACE('',#5474,0.554999999999854);
#65=CYLINDRICAL_SURFACE('',#5500,2.225);
#66=CYLINDRICAL_SURFACE('',#5520,0.999999999998999);
#67=CYLINDRICAL_SURFACE('',#5521,0.999999999998999);
#68=CYLINDRICAL_SURFACE('',#5522,0.999999999998999);
#69=CYLINDRICAL_SURFACE('',#5523,0.999999999998999);
#70=CYLINDRICAL_SURFACE('',#5524,0.999999999998999);
#71=CYLINDRICAL_SURFACE('',#5525,1.5);
#72=CYLINDRICAL_SURFACE('',#5527,1.5);
#73=CYLINDRICAL_SURFACE('',#5529,0.55499999999992);
#74=CYLINDRICAL_SURFACE('',#5530,0.999999999999557);
#75=CYLINDRICAL_SURFACE('',#5531,0.55499999999992);
#76=CYLINDRICAL_SURFACE('',#5532,0.999999999999557);
#77=CYLINDRICAL_SURFACE('',#5533,0.55499999999992);
#78=CYLINDRICAL_SURFACE('',#5534,0.999999999999557);
#79=CYLINDRICAL_SURFACE('',#5535,0.55499999999992);
#80=CYLINDRICAL_SURFACE('',#5536,0.999999999999557);
#81=CYLINDRICAL_SURFACE('',#5537,0.55499999999992);
#82=CYLINDRICAL_SURFACE('',#5538,0.999999999999557);
#83=CONICAL_SURFACE('',#5267,0.5,0.78539816339736);
#84=CONICAL_SURFACE('',#5271,0.5,0.785398163397361);
#85=CONICAL_SURFACE('',#5275,2.85,0.785398163397437);
#86=CONICAL_SURFACE('',#5279,0.5,0.785398163397448);
#87=CONICAL_SURFACE('',#5291,0.500000000000001,0.785398163397385);
#88=CONICAL_SURFACE('',#5294,2.85,0.785398163397396);
#89=CONICAL_SURFACE('',#5297,0.5,0.785398163397451);
#90=CONICAL_SURFACE('',#5301,0.5,0.78539816339745);
#91=CONICAL_SURFACE('',#5308,1.8,0.785398163397448);
#92=CONICAL_SURFACE('',#5349,2.325,0.785398163397449);
#93=CONICAL_SURFACE('',#5354,1.9625,0.785398163397448);
#94=CONICAL_SURFACE('',#5411,2.85,0.785398163397438);
#95=CONICAL_SURFACE('',#5415,0.5,0.785398163397447);
#96=CONICAL_SURFACE('',#5419,0.5,0.785398163397365);
#97=CONICAL_SURFACE('',#5423,0.5,0.785398163397365);
#98=CONICAL_SURFACE('',#5446,0.500000000000001,0.785398163397385);
#99=CONICAL_SURFACE('',#5449,2.85,0.785398163397396);
#100=CONICAL_SURFACE('',#5452,0.5,0.785398163397451);
#101=CONICAL_SURFACE('',#5455,0.5,0.78539816339745);
#102=CONICAL_SURFACE('',#5458,1.8,0.785398163397448);
#103=CONICAL_SURFACE('',#5497,2.325,0.785398163397449);
#104=CONICAL_SURFACE('',#5502,1.9625,0.785398163397448);
#105=CIRCLE('',#5261,0.75);
#106=CIRCLE('',#5262,0.75);
#107=CIRCLE('',#5264,0.75);
#108=CIRCLE('',#5265,0.75);
#109=CIRCLE('',#5268,0.6);
#110=CIRCLE('',#5269,0.4);
#111=CIRCLE('',#5272,0.6);
#112=CIRCLE('',#5273,0.399999999999999);
#113=CIRCLE('',#5276,2.95);
#114=CIRCLE('',#5277,2.75);
#115=CIRCLE('',#5280,0.6);
#116=CIRCLE('',#5281,0.400000000000001);
#117=CIRCLE('',#5283,2.95);
#118=CIRCLE('',#5286,0.6);
#119=CIRCLE('',#5288,1.9);
#120=CIRCLE('',#5292,0.400000000000001);
#121=CIRCLE('',#5295,2.75);
#122=CIRCLE('',#5298,0.6);
#123=CIRCLE('',#5299,0.399999999999999);
#124=CIRCLE('',#5302,0.6);
#125=CIRCLE('',#5303,0.4);
#126=CIRCLE('',#5309,1.7);
#127=CIRCLE('',#5311,1.7);
#128=CIRCLE('',#5319,0.554999999999854);
#129=CIRCLE('',#5320,0.999999999999557);
#130=CIRCLE('',#5321,0.999999999998999);
#131=CIRCLE('',#5322,0.55499999999992);
#132=CIRCLE('',#5323,0.999999999999557);
#133=CIRCLE('',#5325,0.554999999999854);
#134=CIRCLE('',#5333,0.999999999998999);
#135=CIRCLE('',#5334,0.55499999999992);
#136=CIRCLE('',#5335,0.999999999999557);
#137=CIRCLE('',#5336,0.999999999998999);
#138=CIRCLE('',#5337,0.55499999999992);
#139=CIRCLE('',#5338,0.999999999999557);
#140=CIRCLE('',#5339,0.999999999998999);
#141=CIRCLE('',#5340,0.55499999999992);
#142=CIRCLE('',#5341,0.999999999999557);
#143=CIRCLE('',#5342,0.999999999998999);
#144=CIRCLE('',#5343,0.55499999999992);
#145=CIRCLE('',#5345,1.5);
#146=CIRCLE('',#5346,1.5);
#147=CIRCLE('',#5348,2.425);
#148=CIRCLE('',#5350,2.225);
#149=CIRCLE('',#5351,2.225);
#150=CIRCLE('',#5353,2.225);
#151=CIRCLE('',#5356,0.55499999999992);
#152=CIRCLE('',#5357,0.999999999998999);
#153=CIRCLE('',#5358,0.999999999999557);
#154=CIRCLE('',#5359,0.55499999999992);
#155=CIRCLE('',#5360,0.999999999998999);
#156=CIRCLE('',#5361,0.999999999999557);
#157=CIRCLE('',#5362,0.55499999999992);
#158=CIRCLE('',#5363,0.999999999998999);
#159=CIRCLE('',#5364,0.999999999999557);
#160=CIRCLE('',#5365,0.55499999999992);
#161=CIRCLE('',#5366,0.999999999998999);
#162=CIRCLE('',#5368,0.999999999999557);
#163=CIRCLE('',#5369,0.55499999999992);
#164=CIRCLE('',#5370,0.999999999998999);
#165=CIRCLE('',#5371,0.999999999999557);
#166=CIRCLE('',#5378,1.5);
#167=CIRCLE('',#5380,1.5);
#168=CIRCLE('',#5412,2.75);
#169=CIRCLE('',#5413,2.95);
#170=CIRCLE('',#5416,0.4);
#171=CIRCLE('',#5417,0.6);
#172=CIRCLE('',#5420,0.4);
#173=CIRCLE('',#5421,0.6);
#174=CIRCLE('',#5424,0.4);
#175=CIRCLE('',#5425,0.6);
#176=CIRCLE('',#5428,1.9);
#177=CIRCLE('',#5430,0.6);
#178=CIRCLE('',#5433,2.95);
#179=CIRCLE('',#5436,0.6);
#180=CIRCLE('',#5438,0.6);
#181=CIRCLE('',#5440,2.425);
#182=CIRCLE('',#5441,0.75);
#183=CIRCLE('',#5444,0.75);
#184=CIRCLE('',#5447,0.400000000000001);
#185=CIRCLE('',#5450,2.75);
#186=CIRCLE('',#5453,0.399999999999999);
#187=CIRCLE('',#5456,0.4);
#188=CIRCLE('',#5459,1.7);
#189=CIRCLE('',#5461,1.7);
#190=CIRCLE('',#5469,0.999999999999557);
#191=CIRCLE('',#5470,0.55499999999992);
#192=CIRCLE('',#5471,0.999999999998999);
#193=CIRCLE('',#5472,0.999999999999557);
#194=CIRCLE('',#5473,0.554999999999854);
#195=CIRCLE('',#5475,0.554999999999854);
#196=CIRCLE('',#5483,0.55499999999992);
#197=CIRCLE('',#5484,0.999999999998999);
#198=CIRCLE('',#5485,0.999999999999557);
#199=CIRCLE('',#5486,0.55499999999992);
#200=CIRCLE('',#5487,0.999999999998999);
#201=CIRCLE('',#5488,0.999999999999557);
#202=CIRCLE('',#5489,0.55499999999992);
#203=CIRCLE('',#5490,0.999999999998999);
#204=CIRCLE('',#5491,0.999999999999557);
#205=CIRCLE('',#5492,0.55499999999992);
#206=CIRCLE('',#5493,0.999999999998999);
#207=CIRCLE('',#5495,1.5);
#208=CIRCLE('',#5496,1.5);
#209=CIRCLE('',#5498,2.225);
#210=CIRCLE('',#5499,2.225);
#211=CIRCLE('',#5501,2.225);
#212=CIRCLE('',#5504,0.999999999998999);
#213=CIRCLE('',#5505,0.55499999999992);
#214=CIRCLE('',#5506,0.999999999999557);
#215=CIRCLE('',#5507,0.999999999998999);
#216=CIRCLE('',#5508,0.55499999999992);
#217=CIRCLE('',#5509,0.999999999999557);
#218=CIRCLE('',#5510,0.999999999998999);
#219=CIRCLE('',#5511,0.55499999999992);
#220=CIRCLE('',#5512,0.999999999999557);
#221=CIRCLE('',#5513,0.999999999998999);
#222=CIRCLE('',#5514,0.55499999999992);
#223=CIRCLE('',#5516,0.999999999999557);
#224=CIRCLE('',#5517,0.999999999998999);
#225=CIRCLE('',#5518,0.55499999999992);
#226=CIRCLE('',#5519,0.999999999999557);
#227=CIRCLE('',#5526,1.5);
#228=CIRCLE('',#5528,1.5);
#229=SPHERICAL_SURFACE('',#5260,0.75);
#230=SPHERICAL_SURFACE('',#5263,0.75);
#231=SPHERICAL_SURFACE('',#5443,0.75);
#232=FACE_BOUND('',#685,.T.);
#233=FACE_BOUND('',#724,.T.);
#234=FACE_BOUND('',#725,.T.);
#235=FACE_BOUND('',#740,.T.);
#236=FACE_BOUND('',#741,.T.);
#237=FACE_BOUND('',#770,.T.);
#238=FACE_BOUND('',#771,.T.);
#239=FACE_BOUND('',#772,.T.);
#240=FACE_BOUND('',#836,.T.);
#241=FACE_BOUND('',#875,.T.);
#242=FACE_BOUND('',#876,.T.);
#243=FACE_BOUND('',#886,.T.);
#244=FACE_BOUND('',#887,.T.);
#245=FACE_BOUND('',#895,.T.);
#246=FACE_BOUND('',#896,.T.);
#247=B_SPLINE_SURFACE_WITH_KNOTS('',3,1,((#6725,#6726),(#6727,#6728),(#6729,
#6730),(#6731,#6732),(#6733,#6734)),.UNSPECIFIED.,.F.,.F.,.F.,(4,1,4),(2,
2),(0.,0.00788827498521634,0.0154037887780756),(-0.03,0.),.UNSPECIFIED.);
#248=B_SPLINE_SURFACE_WITH_KNOTS('',3,1,((#6744,#6745),(#6746,#6747),(#6748,
#6749),(#6750,#6751),(#6752,#6753)),.UNSPECIFIED.,.F.,.F.,.F.,(4,1,4),(2,
2),(0.,0.00753656495694932,0.0153000341596004),(-0.03,0.),.UNSPECIFIED.);
#249=B_SPLINE_SURFACE_WITH_KNOTS('',3,1,((#6761,#6762),(#6763,#6764),(#6765,
#6766),(#6767,#6768),(#6769,#6770)),.UNSPECIFIED.,.F.,.F.,.F.,(4,1,4),(2,
2),(0.,0.00791323803233332,0.0154920832873835),(-0.03,0.),.UNSPECIFIED.);
#250=B_SPLINE_SURFACE_WITH_KNOTS('',3,1,((#6782,#6783),(#6784,#6785),(#6786,
#6787),(#6788,#6789),(#6790,#6791)),.UNSPECIFIED.,.F.,.F.,.F.,(4,1,4),(2,
2),(0.,0.0153771893734433,0.0276699759245582),(-0.03,0.),.UNSPECIFIED.);
#251=B_SPLINE_SURFACE_WITH_KNOTS('',3,1,((#6799,#6800),(#6801,#6802),(#6803,
#6804),(#6805,#6806),(#6807,#6808)),.UNSPECIFIED.,.F.,.F.,.F.,(4,1,4),(2,
2),(0.,0.0130475741701576,0.0286736144628889),(-0.03,0.),.UNSPECIFIED.);
#252=B_SPLINE_SURFACE_WITH_KNOTS('',3,1,((#6816,#6817),(#6818,#6819),(#6820,
#6821),(#6822,#6823),(#6824,#6825)),.UNSPECIFIED.,.F.,.F.,.F.,(4,1,4),(2,
2),(0.,0.0403046577105932,0.0690010023674036),(-0.03,0.),.UNSPECIFIED.);
#253=B_SPLINE_SURFACE_WITH_KNOTS('',3,1,((#6833,#6834),(#6835,#6836),(#6837,
#6838),(#6839,#6840),(#6841,#6842)),.UNSPECIFIED.,.F.,.F.,.F.,(4,1,4),(2,
2),(0.,0.0288484384863883,0.0692036138784514),(-0.03,0.),.UNSPECIFIED.);
#254=B_SPLINE_SURFACE_WITH_KNOTS('',3,1,((#6850,#6851),(#6852,#6853),(#6854,
#6855),(#6856,#6857),(#6858,#6859)),.UNSPECIFIED.,.F.,.F.,.F.,(4,1,4),(2,
2),(0.,0.0118860870969329,0.0203115257723766),(-0.03,0.),.UNSPECIFIED.);
#255=B_SPLINE_SURFACE_WITH_KNOTS('',3,1,((#6867,#6868),(#6869,#6870),(#6871,
#6872),(#6873,#6874),(#6875,#6876)),.UNSPECIFIED.,.F.,.F.,.F.,(4,1,4),(2,
2),(0.,0.00842540950797301,0.0203114966049059),(-0.03,0.),.UNSPECIFIED.);
#256=B_SPLINE_SURFACE_WITH_KNOTS('',3,1,((#6884,#6885),(#6886,#6887),(#6888,
#6889),(#6890,#6891),(#6892,#6893)),.UNSPECIFIED.,.F.,.F.,.F.,(4,1,4),(2,
2),(0.,0.00814508954995545,0.0139632920336088),(-0.03,0.),.UNSPECIFIED.);
#257=B_SPLINE_SURFACE_WITH_KNOTS('',3,1,((#6901,#6902),(#6903,#6904),(#6905,
#6906),(#6907,#6908),(#6909,#6910)),.UNSPECIFIED.,.F.,.F.,.F.,(4,1,4),(2,
2),(0.,0.00581817428177211,0.0139632638317276),(-0.03,0.),.UNSPECIFIED.);
#258=B_SPLINE_SURFACE_WITH_KNOTS('',3,1,((#6918,#6919),(#6920,#6921),(#6922,
#6923),(#6924,#6925),(#6926,#6927)),.UNSPECIFIED.,.F.,.F.,.F.,(4,1,4),(2,
2),(0.,0.0109224147152218,0.0231274187909235),(-0.03,0.),.UNSPECIFIED.);
#259=B_SPLINE_SURFACE_WITH_KNOTS('',3,1,((#6935,#6936),(#6937,#6938),(#6939,
#6940),(#6941,#6942),(#6943,#6944)),.UNSPECIFIED.,.F.,.F.,.F.,(4,1,4),(2,
2),(0.,0.0220970798587911,0.0393430416195645),(-0.03,0.),.UNSPECIFIED.);
#260=B_SPLINE_SURFACE_WITH_KNOTS('',3,1,((#6952,#6953),(#6954,#6955),(#6956,
#6957),(#6958,#6959),(#6960,#6961)),.UNSPECIFIED.,.F.,.F.,.F.,(4,1,4),(2,
2),(0.,0.01662405188346,0.0397280688687421),(-0.03,0.),.UNSPECIFIED.);
#261=B_SPLINE_SURFACE_WITH_KNOTS('',3,1,((#6969,#6970),(#6971,#6972),(#6973,
#6974),(#6975,#6976),(#6977,#6978)),.UNSPECIFIED.,.F.,.F.,.F.,(4,1,4),(2,
2),(0.,0.0114214205279217,0.029581048441201),(-0.03,0.),.UNSPECIFIED.);
#262=B_SPLINE_SURFACE_WITH_KNOTS('',3,1,((#6986,#6987),(#6988,#6989),(#6990,
#6991),(#6992,#6993),(#6994,#6995)),.UNSPECIFIED.,.F.,.F.,.F.,(4,1,4),(2,
2),(0.,0.00793838880856282,0.0155465102171656),(-0.03,0.),.UNSPECIFIED.);
#263=B_SPLINE_SURFACE_WITH_KNOTS('',3,1,((#7003,#7004),(#7005,#7006),(#7007,
#7008),(#7009,#7010),(#7011,#7012)),.UNSPECIFIED.,.F.,.F.,.F.,(4,1,4),(2,
2),(0.,0.00773747665739363,0.0156984096765763),(-0.03,0.),.UNSPECIFIED.);
#264=B_SPLINE_SURFACE_WITH_KNOTS('',3,1,((#7020,#7021),(#7022,#7023),(#7024,
#7025),(#7026,#7027),(#7028,#7029)),.UNSPECIFIED.,.F.,.F.,.F.,(4,1,4),(2,
2),(0.,0.0273296856818582,0.0408357546546164),(-0.03,0.),.UNSPECIFIED.);
#265=B_SPLINE_SURFACE_WITH_KNOTS('',3,1,((#7037,#7038),(#7039,#7040),(#7041,
#7042),(#7043,#7044),(#7045,#7046)),.UNSPECIFIED.,.F.,.F.,.F.,(4,1,4),(2,
2),(0.,0.0456369432281176,0.0786855131670789),(-0.03,0.),.UNSPECIFIED.);
#266=B_SPLINE_SURFACE_WITH_KNOTS('',3,1,((#7054,#7055),(#7056,#7057),(#7058,
#7059),(#7060,#7061),(#7062,#7063)),.UNSPECIFIED.,.F.,.F.,.F.,(4,1,4),(2,
2),(0.,0.0324972708795718,0.0785035091474209),(-0.03,0.),.UNSPECIFIED.);
#267=B_SPLINE_SURFACE_WITH_KNOTS('',3,1,((#7071,#7072),(#7073,#7074),(#7075,
#7076),(#7077,#7078),(#7079,#7080)),.UNSPECIFIED.,.F.,.F.,.F.,(4,1,4),(2,
2),(0.,0.0167449159723919,0.0286776365567039),(-0.03,0.),.UNSPECIFIED.);
#268=B_SPLINE_SURFACE_WITH_KNOTS('',3,1,((#7088,#7089),(#7090,#7091),(#7092,
#7093),(#7094,#7095),(#7096,#7097)),.UNSPECIFIED.,.F.,.F.,.F.,(4,1,4),(2,
2),(0.,0.0120848526162691,0.0288803386244238),(-0.03,0.),.UNSPECIFIED.);
#269=B_SPLINE_SURFACE_WITH_KNOTS('',3,1,((#7113,#7114),(#7115,#7116),(#7117,
#7118),(#7119,#7120),(#7121,#7122)),.UNSPECIFIED.,.F.,.F.,.F.,(4,1,4),(2,
2),(0.,0.0173169421084316,0.0417608179358203),(-0.03,0.),.UNSPECIFIED.);
#270=B_SPLINE_SURFACE_WITH_KNOTS('',3,1,((#7130,#7131),(#7132,#7133),(#7134,
#7135),(#7136,#7137),(#7138,#7139)),.UNSPECIFIED.,.F.,.F.,.F.,(4,1,4),(2,
2),(0.,0.00962177917603007,0.0197025460377484),(-0.03,0.),.UNSPECIFIED.);
#271=B_SPLINE_SURFACE_WITH_KNOTS('',3,1,((#7147,#7148),(#7149,#7150),(#7151,
#7152),(#7153,#7154),(#7155,#7156)),.UNSPECIFIED.,.F.,.F.,.F.,(4,1,4),(2,
2),(0.,0.0120857546170276,0.0200195633469828),(-0.03,0.),.UNSPECIFIED.);
#272=B_SPLINE_SURFACE_WITH_KNOTS('',3,1,((#7172,#7173),(#7174,#7175),(#7176,
#7177),(#7178,#7179),(#7180,#7181)),.UNSPECIFIED.,.F.,.F.,.F.,(4,1,4),(2,
2),(0.,0.00753704297606027,0.0154458721623848),(-0.03,0.),.UNSPECIFIED.);
#273=B_SPLINE_SURFACE_WITH_KNOTS('',3,1,((#7386,#7387),(#7388,#7389),(#7390,
#7391),(#7392,#7393),(#7394,#7395)),.UNSPECIFIED.,.F.,.F.,.F.,(4,1,4),(2,
2),(0.,0.0284046801769735,0.0633289867437882),(-0.03,0.),.UNSPECIFIED.);
#274=B_SPLINE_SURFACE_WITH_KNOTS('',3,1,((#7405,#7406),(#7407,#7408),(#7409,
#7410),(#7411,#7412),(#7413,#7414)),.UNSPECIFIED.,.F.,.F.,.F.,(4,1,4),(2,
2),(0.,0.0132451221430173,0.0224266042603927),(-0.03,0.),.UNSPECIFIED.);
#275=B_SPLINE_SURFACE_WITH_KNOTS('',3,1,((#7422,#7423),(#7424,#7425),(#7426,
#7427),(#7428,#7429),(#7430,#7431)),.UNSPECIFIED.,.F.,.F.,.F.,(4,1,4),(2,
2),(0.,0.0131451062768669,0.0268329938301326),(-0.03,0.),.UNSPECIFIED.);
#276=B_SPLINE_SURFACE_WITH_KNOTS('',3,1,((#7439,#7440),(#7441,#7442),(#7443,
#7444),(#7445,#7446),(#7447,#7448)),.UNSPECIFIED.,.F.,.F.,.F.,(4,1,4),(2,
2),(0.,0.0453952059575695,0.0792881081585668),(-0.03,0.),.UNSPECIFIED.);
#277=B_SPLINE_SURFACE_WITH_KNOTS('',3,1,((#7456,#7457),(#7458,#7459),(#7460,
#7461),(#7462,#7463),(#7464,#7465)),.UNSPECIFIED.,.F.,.F.,.F.,(4,1,4),(2,
2),(0.,0.00525423920701652,0.00903501897606162),(-0.03,0.),
 .UNSPECIFIED.);
#278=B_SPLINE_SURFACE_WITH_KNOTS('',3,1,((#7473,#7474),(#7475,#7476),(#7477,
#7478),(#7479,#7480),(#7481,#7482)),.UNSPECIFIED.,.F.,.F.,.F.,(4,1,4),(2,
2),(0.,0.00362857206544719,0.00883208687891035),(-0.03,0.),
 .UNSPECIFIED.);
#279=B_SPLINE_SURFACE_WITH_KNOTS('',3,1,((#7494,#7495),(#7496,#7497),(#7498,
#7499),(#7500,#7501),(#7502,#7503)),.UNSPECIFIED.,.F.,.F.,.F.,(4,1,4),(2,
2),(0.,0.018229116242592,0.0404925021838388),(-0.03,0.),.UNSPECIFIED.);
#280=B_SPLINE_SURFACE_WITH_KNOTS('',3,1,((#7511,#7512),(#7513,#7514),(#7515,
#7516),(#7517,#7518),(#7519,#7520)),.UNSPECIFIED.,.F.,.F.,.F.,(4,1,4),(2,
2),(0.,0.0136917107990901,0.0246075260550789),(-0.03,0.),.UNSPECIFIED.);
#281=B_SPLINE_SURFACE_WITH_KNOTS('',3,1,((#7536,#7537),(#7538,#7539),(#7540,
#7541),(#7542,#7543),(#7544,#7545)),.UNSPECIFIED.,.F.,.F.,.F.,(4,1,4),(2,
2),(0.,0.0349084053101778,0.0675115388319875),(-0.03,0.),.UNSPECIFIED.);
#282=B_SPLINE_SURFACE_WITH_KNOTS('',3,1,((#7551,#7552),(#7553,#7554),(#7555,
#7556),(#7557,#7558),(#7559,#7560)),.UNSPECIFIED.,.F.,.F.,.F.,(4,1,4),(2,
2),(0.,0.00811575759315334,0.0163914633994364),(-0.03,0.),.UNSPECIFIED.);
#283=B_SPLINE_SURFACE_WITH_KNOTS('',3,1,((#7570,#7571),(#7572,#7573),(#7574,
#7575),(#7576,#7577),(#7578,#7579)),.UNSPECIFIED.,.F.,.F.,.F.,(4,1,4),(2,
2),(0.,0.00778027602192949,0.0150059659382404),(-0.03,0.),.UNSPECIFIED.);
#284=B_SPLINE_SURFACE_WITH_KNOTS('',3,1,((#7587,#7588),(#7589,#7590),(#7591,
#7592),(#7593,#7594),(#7595,#7596)),.UNSPECIFIED.,.F.,.F.,.F.,(4,1,4),(2,
2),(0.,0.0652249018839437,0.11889907777897),(-0.03,0.),.UNSPECIFIED.);
#285=B_SPLINE_SURFACE_WITH_KNOTS('',3,1,((#7604,#7605),(#7606,#7607),(#7608,
#7609),(#7610,#7611),(#7612,#7613)),.UNSPECIFIED.,.F.,.F.,.F.,(4,1,4),(2,
2),(0.,0.0303856814843972,0.0636207332765285),(-0.03,0.),.UNSPECIFIED.);
#286=B_SPLINE_SURFACE_WITH_KNOTS('',3,1,((#7621,#7622),(#7623,#7624),(#7625,
#7626),(#7627,#7628),(#7629,#7630)),.UNSPECIFIED.,.F.,.F.,.F.,(4,1,4),(2,
2),(0.,0.0299078303884238,0.0629658748032083),(-0.03,0.),.UNSPECIFIED.);
#287=B_SPLINE_SURFACE_WITH_KNOTS('',3,1,((#7638,#7639),(#7640,#7641),(#7642,
#7643),(#7644,#7645),(#7646,#7647)),.UNSPECIFIED.,.F.,.F.,.F.,(4,1,4),(2,
2),(0.,0.0784199626719745,0.140049704913805),(-0.03,0.),.UNSPECIFIED.);
#288=B_SPLINE_SURFACE_WITH_KNOTS('',3,1,((#7655,#7656),(#7657,#7658),(#7659,
#7660),(#7661,#7662),(#7663,#7664)),.UNSPECIFIED.,.F.,.F.,.F.,(4,1,4),(2,
2),(0.,0.0261333454958283,0.0490217592132043),(-0.03,0.),.UNSPECIFIED.);
#289=B_SPLINE_SURFACE_WITH_KNOTS('',3,1,((#7676,#7677),(#7678,#7679),(#7680,
#7681),(#7682,#7683),(#7684,#7685)),.UNSPECIFIED.,.F.,.F.,.F.,(4,1,4),(2,
2),(0.,0.012059317268421,0.0243395293093509),(-0.03,0.),.UNSPECIFIED.);
#290=B_SPLINE_SURFACE_WITH_KNOTS('',3,1,((#7693,#7694),(#7695,#7696),(#7697,
#7698),(#7699,#7700),(#7701,#7702)),.UNSPECIFIED.,.F.,.F.,.F.,(4,1,4),(2,
2),(0.,0.0109799869639174,0.0216014493594877),(-0.03,0.),.UNSPECIFIED.);
#291=B_SPLINE_SURFACE_WITH_KNOTS('',3,1,((#7710,#7711),(#7712,#7713),(#7714,
#7715),(#7716,#7717),(#7718,#7719)),.UNSPECIFIED.,.F.,.F.,.F.,(4,1,4),(2,
2),(0.,0.0178698564863814,0.0307172079541881),(-0.03,0.),.UNSPECIFIED.);
#292=B_SPLINE_SURFACE_WITH_KNOTS('',3,1,((#7727,#7728),(#7729,#7730),(#7731,
#7732),(#7733,#7734),(#7735,#7736)),.UNSPECIFIED.,.F.,.F.,.F.,(4,1,4),(2,
2),(0.,0.0128473216864719,0.0307171775698753),(-0.03,0.),.UNSPECIFIED.);
#293=B_SPLINE_SURFACE_WITH_KNOTS('',3,1,((#7744,#7745),(#7746,#7747),(#7748,
#7749),(#7750,#7751),(#7752,#7753)),.UNSPECIFIED.,.F.,.F.,.F.,(4,1,4),(2,
2),(0.,0.0324671786550903,0.055578107214382),(-0.03,0.),.UNSPECIFIED.);
#294=B_SPLINE_SURFACE_WITH_KNOTS('',3,1,((#7761,#7762),(#7763,#7764),(#7765,
#7766),(#7767,#7768),(#7769,#7770)),.UNSPECIFIED.,.F.,.F.,.F.,(4,1,4),(2,
2),(0.,0.023263042703723,0.0557806920644786),(-0.03,0.),.UNSPECIFIED.);
#295=B_SPLINE_SURFACE_WITH_KNOTS('',3,1,((#7778,#7779),(#7780,#7781),(#7782,
#7783),(#7784,#7785),(#7786,#7787)),.UNSPECIFIED.,.F.,.F.,.F.,(4,1,4),(2,
2),(0.,0.0278566310984908,0.047828081912309),(-0.03,0.),.UNSPECIFIED.);
#296=B_SPLINE_SURFACE_WITH_KNOTS('',3,1,((#7795,#7796),(#7797,#7798),(#7799,
#7800),(#7801,#7802),(#7803,#7804)),.UNSPECIFIED.,.F.,.F.,.F.,(4,1,4),(2,
2),(0.,0.0199715402045502,0.0478281716084141),(-0.03,0.),.UNSPECIFIED.);
#297=B_SPLINE_SURFACE_WITH_KNOTS('',3,1,((#7812,#7813),(#7814,#7815),(#7816,
#7817),(#7818,#7819),(#7820,#7821)),.UNSPECIFIED.,.F.,.F.,.F.,(4,1,4),(2,
2),(0.,0.00800194585144024,0.0163237365344209),(-0.03,0.),.UNSPECIFIED.);
#298=B_SPLINE_SURFACE_WITH_KNOTS('',3,1,((#7829,#7830),(#7831,#7832),(#7833,
#7834),(#7835,#7836),(#7837,#7838)),.UNSPECIFIED.,.F.,.F.,.F.,(4,1,4),(2,
2),(0.,0.00813120095741974,0.0160486786921227),(-0.03,0.),.UNSPECIFIED.);
#299=B_SPLINE_SURFACE_WITH_KNOTS('',3,1,((#7846,#7847),(#7848,#7849),(#7850,
#7851),(#7852,#7853),(#7854,#7855)),.UNSPECIFIED.,.F.,.F.,.F.,(4,1,4),(2,
2),(0.,0.00791747159859248,0.0160486798792412),(-0.03,0.),.UNSPECIFIED.);
#300=B_SPLINE_SURFACE_WITH_KNOTS('',3,1,((#7863,#7864),(#7865,#7866),(#7867,
#7868),(#7869,#7870),(#7871,#7872)),.UNSPECIFIED.,.F.,.F.,.F.,(4,1,4),(2,
2),(0.,0.00832179068298065,0.0163237365344209),(-0.03,0.),.UNSPECIFIED.);
#301=B_SPLINE_SURFACE_WITH_KNOTS('',3,1,((#7888,#7889),(#7890,#7891),(#7892,
#7893),(#7894,#7895),(#7896,#7897)),.UNSPECIFIED.,.F.,.F.,.F.,(4,1,4),(2,
2),(0.,0.0900798043075082,0.175500235798415),(-0.03,0.),.UNSPECIFIED.);
#302=B_SPLINE_SURFACE_WITH_KNOTS('',3,1,((#7905,#7906),(#7907,#7908),(#7909,
#7910),(#7911,#7912),(#7913,#7914)),.UNSPECIFIED.,.F.,.F.,.F.,(4,1,4),(2,
2),(0.,0.0076340678282826,0.0161229396301437),(-0.03,0.),.UNSPECIFIED.);
#303=B_SPLINE_SURFACE_WITH_KNOTS('',3,1,((#7922,#7923),(#7924,#7925),(#7926,
#7927),(#7928,#7929),(#7930,#7931)),.UNSPECIFIED.,.F.,.F.,.F.,(4,1,4),(2,
2),(0.,0.00821451117504902,0.0161609956446433),(-0.03,0.),.UNSPECIFIED.);
#304=B_SPLINE_SURFACE_WITH_KNOTS('',3,3,((#8220,#8221,#8222,#8223,#8224,
#8225,#8226),(#8227,#8228,#8229,#8230,#8231,#8232,#8233),(#8234,#8235,#8236,
#8237,#8238,#8239,#8240),(#8241,#8242,#8243,#8244,#8245,#8246,#8247)),
 .UNSPECIFIED.,.F.,.F.,.F.,(4,4),(4,1,1,1,4),(0.,1.),(-2.69802120255531,
-2.62748798490166,-2.55695476724801,-2.46291047704314,-2.36886618683827),
 .UNSPECIFIED.);
#305=B_SPLINE_SURFACE_WITH_KNOTS('',3,3,((#8259,#8260,#8261,#8262),(#8263,
#8264,#8265,#8266),(#8267,#8268,#8269,#8270),(#8271,#8272,#8273,#8274)),
 .UNSPECIFIED.,.F.,.F.,.F.,(4,4),(4,4),(0.,1.),(0.719269114990351,0.801005313684135),
 .UNSPECIFIED.);
#306=B_SPLINE_SURFACE_WITH_KNOTS('',3,3,((#8279,#8280,#8281,#8282),(#8283,
#8284,#8285,#8286),(#8287,#8288,#8289,#8290),(#8291,#8292,#8293,#8294)),
 .UNSPECIFIED.,.F.,.F.,.F.,(4,4),(4,4),(0.,1.),(2.34058733990566,2.42232353859944),
 .UNSPECIFIED.);
#307=B_SPLINE_SURFACE_WITH_KNOTS('',3,1,((#8562,#8563),(#8564,#8565),(#8566,
#8567),(#8568,#8569),(#8570,#8571)),.UNSPECIFIED.,.F.,.F.,.F.,(4,1,4),(2,
2),(0.,0.00788827498521634,0.0154037887780756),(-0.03,0.),.UNSPECIFIED.);
#308=B_SPLINE_SURFACE_WITH_KNOTS('',3,1,((#8581,#8582),(#8583,#8584),(#8585,
#8586),(#8587,#8588),(#8589,#8590)),.UNSPECIFIED.,.F.,.F.,.F.,(4,1,4),(2,
2),(0.,0.00753656495694932,0.0153000341596004),(-0.03,0.),.UNSPECIFIED.);
#309=B_SPLINE_SURFACE_WITH_KNOTS('',3,1,((#8598,#8599),(#8600,#8601),(#8602,
#8603),(#8604,#8605),(#8606,#8607)),.UNSPECIFIED.,.F.,.F.,.F.,(4,1,4),(2,
2),(0.,0.00791326736760532,0.0154920629366907),(-0.03,0.),.UNSPECIFIED.);
#310=B_SPLINE_SURFACE_WITH_KNOTS('',3,1,((#8619,#8620),(#8621,#8622),(#8623,
#8624),(#8625,#8626),(#8627,#8628)),.UNSPECIFIED.,.F.,.F.,.F.,(4,1,4),(2,
2),(0.,0.0153771893734433,0.0276699759245582),(-0.03,0.),.UNSPECIFIED.);
#311=B_SPLINE_SURFACE_WITH_KNOTS('',3,1,((#8636,#8637),(#8638,#8639),(#8640,
#8641),(#8642,#8643),(#8644,#8645)),.UNSPECIFIED.,.F.,.F.,.F.,(4,1,4),(2,
2),(0.,0.0130475750974044,0.0286736130674123),(-0.03,0.),.UNSPECIFIED.);
#312=B_SPLINE_SURFACE_WITH_KNOTS('',3,1,((#8653,#8654),(#8655,#8656),(#8657,
#8658),(#8659,#8660),(#8661,#8662)),.UNSPECIFIED.,.F.,.F.,.F.,(4,1,4),(2,
2),(0.,0.0403046577105932,0.0690010023674036),(-0.03,0.),.UNSPECIFIED.);
#313=B_SPLINE_SURFACE_WITH_KNOTS('',3,1,((#8670,#8671),(#8672,#8673),(#8674,
#8675),(#8676,#8677),(#8678,#8679)),.UNSPECIFIED.,.F.,.F.,.F.,(4,1,4),(2,
2),(0.,0.0288484384863883,0.0692036138784514),(-0.03,0.),.UNSPECIFIED.);
#314=B_SPLINE_SURFACE_WITH_KNOTS('',3,1,((#8687,#8688),(#8689,#8690),(#8691,
#8692),(#8693,#8694),(#8695,#8696)),.UNSPECIFIED.,.F.,.F.,.F.,(4,1,4),(2,
2),(0.,0.0118860870969329,0.0203115257723766),(-0.03,0.),.UNSPECIFIED.);
#315=B_SPLINE_SURFACE_WITH_KNOTS('',3,1,((#8704,#8705),(#8706,#8707),(#8708,
#8709),(#8710,#8711),(#8712,#8713)),.UNSPECIFIED.,.F.,.F.,.F.,(4,1,4),(2,
2),(0.,0.00842540887974248,0.020311497312632),(-0.03,0.),.UNSPECIFIED.);
#316=B_SPLINE_SURFACE_WITH_KNOTS('',3,1,((#8721,#8722),(#8723,#8724),(#8725,
#8726),(#8727,#8728),(#8729,#8730)),.UNSPECIFIED.,.F.,.F.,.F.,(4,1,4),(2,
2),(0.,0.00814508954995545,0.0139632920336088),(-0.03,0.),.UNSPECIFIED.);
#317=B_SPLINE_SURFACE_WITH_KNOTS('',3,1,((#8738,#8739),(#8740,#8741),(#8742,
#8743),(#8744,#8745),(#8746,#8747)),.UNSPECIFIED.,.F.,.F.,.F.,(4,1,4),(2,
2),(0.,0.00581817428177211,0.0139632638317276),(-0.03,0.),.UNSPECIFIED.);
#318=B_SPLINE_SURFACE_WITH_KNOTS('',3,1,((#8755,#8756),(#8757,#8758),(#8759,
#8760),(#8761,#8762),(#8763,#8764)),.UNSPECIFIED.,.F.,.F.,.F.,(4,1,4),(2,
2),(0.,0.0109224147152218,0.0231274187909235),(-0.03,0.),.UNSPECIFIED.);
#319=B_SPLINE_SURFACE_WITH_KNOTS('',3,1,((#8772,#8773),(#8774,#8775),(#8776,
#8777),(#8778,#8779),(#8780,#8781)),.UNSPECIFIED.,.F.,.F.,.F.,(4,1,4),(2,
2),(0.,0.0220970798587911,0.0393430416195645),(-0.03,0.),.UNSPECIFIED.);
#320=B_SPLINE_SURFACE_WITH_KNOTS('',3,1,((#8789,#8790),(#8791,#8792),(#8793,
#8794),(#8795,#8796),(#8797,#8798)),.UNSPECIFIED.,.F.,.F.,.F.,(4,1,4),(2,
2),(0.,0.01662405188346,0.0397280688687421),(-0.03,0.),.UNSPECIFIED.);
#321=B_SPLINE_SURFACE_WITH_KNOTS('',3,1,((#8806,#8807),(#8808,#8809),(#8810,
#8811),(#8812,#8813),(#8814,#8815)),.UNSPECIFIED.,.F.,.F.,.F.,(4,1,4),(2,
2),(0.,0.0114214205279217,0.029581048441201),(-0.03,0.),.UNSPECIFIED.);
#322=B_SPLINE_SURFACE_WITH_KNOTS('',3,1,((#8823,#8824),(#8825,#8826),(#8827,
#8828),(#8829,#8830),(#8831,#8832)),.UNSPECIFIED.,.F.,.F.,.F.,(4,1,4),(2,
2),(0.,0.00793837194891798,0.0155464992213521),(-0.03,0.),.UNSPECIFIED.);
#323=B_SPLINE_SURFACE_WITH_KNOTS('',3,1,((#8840,#8841),(#8842,#8843),(#8844,
#8845),(#8846,#8847),(#8848,#8849)),.UNSPECIFIED.,.F.,.F.,.F.,(4,1,4),(2,
2),(0.,0.00773750587720524,0.0156984144858537),(-0.03,0.),.UNSPECIFIED.);
#324=B_SPLINE_SURFACE_WITH_KNOTS('',3,1,((#8857,#8858),(#8859,#8860),(#8861,
#8862),(#8863,#8864),(#8865,#8866)),.UNSPECIFIED.,.F.,.F.,.F.,(4,1,4),(2,
2),(0.,0.0273296856818582,0.0408357546546164),(-0.03,0.),.UNSPECIFIED.);
#325=B_SPLINE_SURFACE_WITH_KNOTS('',3,1,((#8874,#8875),(#8876,#8877),(#8878,
#8879),(#8880,#8881),(#8882,#8883)),.UNSPECIFIED.,.F.,.F.,.F.,(4,1,4),(2,
2),(0.,0.0456369432281176,0.0786855131670789),(-0.03,0.),.UNSPECIFIED.);
#326=B_SPLINE_SURFACE_WITH_KNOTS('',3,1,((#8891,#8892),(#8893,#8894),(#8895,
#8896),(#8897,#8898),(#8899,#8900)),.UNSPECIFIED.,.F.,.F.,.F.,(4,1,4),(2,
2),(0.,0.0324972708795718,0.0785035091474209),(-0.03,0.),.UNSPECIFIED.);
#327=B_SPLINE_SURFACE_WITH_KNOTS('',3,1,((#8908,#8909),(#8910,#8911),(#8912,
#8913),(#8914,#8915),(#8916,#8917)),.UNSPECIFIED.,.F.,.F.,.F.,(4,1,4),(2,
2),(0.,0.0167449136694017,0.0286776353310079),(-0.03,0.),.UNSPECIFIED.);
#328=B_SPLINE_SURFACE_WITH_KNOTS('',3,1,((#8925,#8926),(#8927,#8928),(#8929,
#8930),(#8931,#8932),(#8933,#8934)),.UNSPECIFIED.,.F.,.F.,.F.,(4,1,4),(2,
2),(0.,0.0120848526162691,0.0288803386244238),(-0.03,0.),.UNSPECIFIED.);
#329=B_SPLINE_SURFACE_WITH_KNOTS('',3,1,((#8950,#8951),(#8952,#8953),(#8954,
#8955),(#8956,#8957),(#8958,#8959)),.UNSPECIFIED.,.F.,.F.,.F.,(4,1,4),(2,
2),(0.,0.0173169558193321,0.0417608025068436),(-0.03,0.),.UNSPECIFIED.);
#330=B_SPLINE_SURFACE_WITH_KNOTS('',3,1,((#8967,#8968),(#8969,#8970),(#8971,
#8972),(#8973,#8974),(#8975,#8976)),.UNSPECIFIED.,.F.,.F.,.F.,(4,1,4),(2,
2),(0.,0.00962175512830818,0.0197025296409488),(-0.03,0.),.UNSPECIFIED.);
#331=B_SPLINE_SURFACE_WITH_KNOTS('',3,1,((#8984,#8985),(#8986,#8987),(#8988,
#8989),(#8990,#8991),(#8992,#8993)),.UNSPECIFIED.,.F.,.F.,.F.,(4,1,4),(2,
2),(0.,0.0120857843980651,0.0200195637734318),(-0.03,0.),.UNSPECIFIED.);
#332=B_SPLINE_SURFACE_WITH_KNOTS('',3,1,((#9009,#9010),(#9011,#9012),(#9013,
#9014),(#9015,#9016),(#9017,#9018)),.UNSPECIFIED.,.F.,.F.,.F.,(4,1,4),(2,
2),(0.,0.00753701799539202,0.0154458471817165),(-0.03,0.),.UNSPECIFIED.);
#333=B_SPLINE_SURFACE_WITH_KNOTS('',3,1,((#9223,#9224),(#9225,#9226),(#9227,
#9228),(#9229,#9230),(#9231,#9232)),.UNSPECIFIED.,.F.,.F.,.F.,(4,1,4),(2,
2),(0.,0.0284046843830206,0.0633289909498354),(-0.03,0.),.UNSPECIFIED.);
#334=B_SPLINE_SURFACE_WITH_KNOTS('',3,1,((#9242,#9243),(#9244,#9245),(#9246,
#9247),(#9248,#9249),(#9250,#9251)),.UNSPECIFIED.,.F.,.F.,.F.,(4,1,4),(2,
2),(0.,0.0132451402972513,0.0224266224146267),(-0.03,0.),.UNSPECIFIED.);
#335=B_SPLINE_SURFACE_WITH_KNOTS('',3,1,((#9259,#9260),(#9261,#9262),(#9263,
#9264),(#9265,#9266),(#9267,#9268)),.UNSPECIFIED.,.F.,.F.,.F.,(4,1,4),(2,
2),(0.,0.0131451062768669,0.0268329717332831),(-0.03,0.),.UNSPECIFIED.);
#336=B_SPLINE_SURFACE_WITH_KNOTS('',3,1,((#9276,#9277),(#9278,#9279),(#9280,
#9281),(#9282,#9283),(#9284,#9285)),.UNSPECIFIED.,.F.,.F.,.F.,(4,1,4),(2,
2),(0.,0.0453952059575695,0.0792881223476796),(-0.03,0.),.UNSPECIFIED.);
#337=B_SPLINE_SURFACE_WITH_KNOTS('',3,1,((#9293,#9294),(#9295,#9296),(#9297,
#9298),(#9299,#9300),(#9301,#9302)),.UNSPECIFIED.,.F.,.F.,.F.,(4,1,4),(2,
2),(0.,0.00525423920701652,0.00903501897606162),(-0.03,0.),
 .UNSPECIFIED.);
#338=B_SPLINE_SURFACE_WITH_KNOTS('',3,1,((#9310,#9311),(#9312,#9313),(#9314,
#9315),(#9316,#9317),(#9318,#9319)),.UNSPECIFIED.,.F.,.F.,.F.,(4,1,4),(2,
2),(0.,0.00362857951529808,0.0088320868813697),(-0.03,0.),.UNSPECIFIED.);
#339=B_SPLINE_SURFACE_WITH_KNOTS('',3,1,((#9331,#9332),(#9333,#9334),(#9335,
#9336),(#9337,#9338),(#9339,#9340)),.UNSPECIFIED.,.F.,.F.,.F.,(4,1,4),(2,
2),(0.,0.018229116242592,0.0404925021838388),(-0.03,0.),.UNSPECIFIED.);
#340=B_SPLINE_SURFACE_WITH_KNOTS('',3,1,((#9348,#9349),(#9350,#9351),(#9352,
#9353),(#9354,#9355),(#9356,#9357)),.UNSPECIFIED.,.F.,.F.,.F.,(4,1,4),(2,
2),(0.,0.0136917107990901,0.0246075260550789),(-0.03,0.),.UNSPECIFIED.);
#341=B_SPLINE_SURFACE_WITH_KNOTS('',3,1,((#9373,#9374),(#9375,#9376),(#9377,
#9378),(#9379,#9380),(#9381,#9382)),.UNSPECIFIED.,.F.,.F.,.F.,(4,1,4),(2,
2),(0.,0.0349083924435848,0.0675115403911316),(-0.03,0.),.UNSPECIFIED.);
#342=B_SPLINE_SURFACE_WITH_KNOTS('',3,1,((#9388,#9389),(#9390,#9391),(#9392,
#9393),(#9394,#9395),(#9396,#9397)),.UNSPECIFIED.,.F.,.F.,.F.,(4,1,4),(2,
2),(0.,0.00811576327657958,0.0163914690828626),(-0.03,0.),.UNSPECIFIED.);
#343=B_SPLINE_SURFACE_WITH_KNOTS('',3,1,((#9407,#9408),(#9409,#9410),(#9411,
#9412),(#9413,#9414),(#9415,#9416)),.UNSPECIFIED.,.F.,.F.,.F.,(4,1,4),(2,
2),(0.,0.00778027602192949,0.0150059659382404),(-0.03,0.),.UNSPECIFIED.);
#344=B_SPLINE_SURFACE_WITH_KNOTS('',3,1,((#9424,#9425),(#9426,#9427),(#9428,
#9429),(#9430,#9431),(#9432,#9433)),.UNSPECIFIED.,.F.,.F.,.F.,(4,1,4),(2,
2),(0.,0.0652249018839437,0.11889907777897),(-0.03,0.),.UNSPECIFIED.);
#345=B_SPLINE_SURFACE_WITH_KNOTS('',3,1,((#9441,#9442),(#9443,#9444),(#9445,
#9446),(#9447,#9448),(#9449,#9450)),.UNSPECIFIED.,.F.,.F.,.F.,(4,1,4),(2,
2),(0.,0.0303856690667748,0.0636207070032245),(-0.03,0.),.UNSPECIFIED.);
#346=B_SPLINE_SURFACE_WITH_KNOTS('',3,1,((#9458,#9459),(#9460,#9461),(#9462,
#9463),(#9464,#9465),(#9466,#9467)),.UNSPECIFIED.,.F.,.F.,.F.,(4,1,4),(2,
2),(0.,0.0299078303884238,0.0629658937423369),(-0.03,0.),.UNSPECIFIED.);
#347=B_SPLINE_SURFACE_WITH_KNOTS('',3,1,((#9475,#9476),(#9477,#9478),(#9479,
#9480),(#9481,#9482),(#9483,#9484)),.UNSPECIFIED.,.F.,.F.,.F.,(4,1,4),(2,
2),(0.,0.0784199626719745,0.140049704913805),(-0.03,0.),.UNSPECIFIED.);
#348=B_SPLINE_SURFACE_WITH_KNOTS('',3,1,((#9492,#9493),(#9494,#9495),(#9496,
#9497),(#9498,#9499),(#9500,#9501)),.UNSPECIFIED.,.F.,.F.,.F.,(4,1,4),(2,
2),(0.,0.0261333454958283,0.0490217592132043),(-0.03,0.),.UNSPECIFIED.);
#349=B_SPLINE_SURFACE_WITH_KNOTS('',3,1,((#9513,#9514),(#9515,#9516),(#9517,
#9518),(#9519,#9520),(#9521,#9522)),.UNSPECIFIED.,.F.,.F.,.F.,(4,1,4),(2,
2),(0.,0.0120593229429909,0.0243395349839208),(-0.03,0.),.UNSPECIFIED.);
#350=B_SPLINE_SURFACE_WITH_KNOTS('',3,1,((#9530,#9531),(#9532,#9533),(#9534,
#9535),(#9536,#9537),(#9538,#9539)),.UNSPECIFIED.,.F.,.F.,.F.,(4,1,4),(2,
2),(0.,0.0109799858620627,0.0216014448404847),(-0.03,0.),.UNSPECIFIED.);
#351=B_SPLINE_SURFACE_WITH_KNOTS('',3,1,((#9547,#9548),(#9549,#9550),(#9551,
#9552),(#9553,#9554),(#9555,#9556)),.UNSPECIFIED.,.F.,.F.,.F.,(4,1,4),(2,
2),(0.,0.0178698564863814,0.0307172079541881),(-0.03,0.),.UNSPECIFIED.);
#352=B_SPLINE_SURFACE_WITH_KNOTS('',3,1,((#9564,#9565),(#9566,#9567),(#9568,
#9569),(#9570,#9571),(#9572,#9573)),.UNSPECIFIED.,.F.,.F.,.F.,(4,1,4),(2,
2),(0.,0.0128473216864719,0.0307171769669003),(-0.03,0.),.UNSPECIFIED.);
#353=B_SPLINE_SURFACE_WITH_KNOTS('',3,1,((#9581,#9582),(#9583,#9584),(#9585,
#9586),(#9587,#9588),(#9589,#9590)),.UNSPECIFIED.,.F.,.F.,.F.,(4,1,4),(2,
2),(0.,0.0324671786550903,0.055578107214382),(-0.03,0.),.UNSPECIFIED.);
#354=B_SPLINE_SURFACE_WITH_KNOTS('',3,1,((#9598,#9599),(#9600,#9601),(#9602,
#9603),(#9604,#9605),(#9606,#9607)),.UNSPECIFIED.,.F.,.F.,.F.,(4,1,4),(2,
2),(0.,0.023263042703723,0.0557806920644786),(-0.03,0.),.UNSPECIFIED.);
#355=B_SPLINE_SURFACE_WITH_KNOTS('',3,1,((#9615,#9616),(#9617,#9618),(#9619,
#9620),(#9621,#9622),(#9623,#9624)),.UNSPECIFIED.,.F.,.F.,.F.,(4,1,4),(2,
2),(0.,0.0278566314038639,0.0478280822176822),(-0.03,0.),.UNSPECIFIED.);
#356=B_SPLINE_SURFACE_WITH_KNOTS('',3,1,((#9632,#9633),(#9634,#9635),(#9636,
#9637),(#9638,#9639),(#9640,#9641)),.UNSPECIFIED.,.F.,.F.,.F.,(4,1,4),(2,
2),(0.,0.0199715400625713,0.0478281711610621),(-0.03,0.),.UNSPECIFIED.);
#357=B_SPLINE_SURFACE_WITH_KNOTS('',3,1,((#9649,#9650),(#9651,#9652),(#9653,
#9654),(#9655,#9656),(#9657,#9658)),.UNSPECIFIED.,.F.,.F.,.F.,(4,1,4),(2,
2),(0.,0.00800194585144024,0.0163237378292299),(-0.03,0.),.UNSPECIFIED.);
#358=B_SPLINE_SURFACE_WITH_KNOTS('',3,1,((#9666,#9667),(#9668,#9669),(#9670,
#9671),(#9672,#9673),(#9674,#9675)),.UNSPECIFIED.,.F.,.F.,.F.,(4,1,4),(2,
2),(0.,0.0081312082806487,0.0160486798792412),(-0.03,0.),.UNSPECIFIED.);
#359=B_SPLINE_SURFACE_WITH_KNOTS('',3,1,((#9683,#9684),(#9685,#9686),(#9687,
#9688),(#9689,#9690),(#9691,#9692)),.UNSPECIFIED.,.F.,.F.,.F.,(4,1,4),(2,
2),(0.,0.00791747159859248,0.0160486798792412),(-0.03,0.),.UNSPECIFIED.);
#360=B_SPLINE_SURFACE_WITH_KNOTS('',3,1,((#9700,#9701),(#9702,#9703),(#9704,
#9705),(#9706,#9707),(#9708,#9709)),.UNSPECIFIED.,.F.,.F.,.F.,(4,1,4),(2,
2),(0.,0.00832179197778971,0.0163237297498637),(-0.03,0.),.UNSPECIFIED.);
#361=B_SPLINE_SURFACE_WITH_KNOTS('',3,1,((#9725,#9726),(#9727,#9728),(#9729,
#9730),(#9731,#9732),(#9733,#9734)),.UNSPECIFIED.,.F.,.F.,.F.,(4,1,4),(2,
2),(0.,0.0900797925724111,0.175500210378005),(-0.03,0.),.UNSPECIFIED.);
#362=B_SPLINE_SURFACE_WITH_KNOTS('',3,1,((#9742,#9743),(#9744,#9745),(#9746,
#9747),(#9748,#9749),(#9750,#9751)),.UNSPECIFIED.,.F.,.F.,.F.,(4,1,4),(2,
2),(0.,0.00763409694862088,0.016122968750482),(-0.03,0.),.UNSPECIFIED.);
#363=B_SPLINE_SURFACE_WITH_KNOTS('',3,1,((#9759,#9760),(#9761,#9762),(#9763,
#9764),(#9765,#9766),(#9767,#9768)),.UNSPECIFIED.,.F.,.F.,.F.,(4,1,4),(2,
2),(0.,0.00821448678163035,0.0161609712512246),(-0.03,0.),.UNSPECIFIED.);
#364=B_SPLINE_SURFACE_WITH_KNOTS('',3,3,((#10052,#10053,#10054,#10055,#10056,
#10057,#10058),(#10059,#10060,#10061,#10062,#10063,#10064,#10065),(#10066,
#10067,#10068,#10069,#10070,#10071,#10072),(#10073,#10074,#10075,#10076,
#10077,#10078,#10079)),.UNSPECIFIED.,.F.,.F.,.F.,(4,4),(4,1,1,1,4),(0.,
1.),(-2.69802120255531,-2.62748798490166,-2.55695476724801,-2.46291047704314,
-2.36886618683827),.UNSPECIFIED.);
#365=B_SPLINE_SURFACE_WITH_KNOTS('',3,3,((#10091,#10092,#10093,#10094),
(#10095,#10096,#10097,#10098),(#10099,#10100,#10101,#10102),(#10103,#10104,
#10105,#10106)),.UNSPECIFIED.,.F.,.F.,.F.,(4,4),(4,4),(0.,1.),(0.719269114990351,
0.801005313684135),.UNSPECIFIED.);
#366=B_SPLINE_SURFACE_WITH_KNOTS('',3,3,((#10111,#10112,#10113,#10114),
(#10115,#10116,#10117,#10118),(#10119,#10120,#10121,#10122),(#10123,#10124,
#10125,#10126)),.UNSPECIFIED.,.F.,.F.,.F.,(4,4),(4,4),(0.,1.),(2.34058733990566,
2.42232353859944),.UNSPECIFIED.);
#367=FACE_OUTER_BOUND('',#652,.T.);
#368=FACE_OUTER_BOUND('',#653,.T.);
#369=FACE_OUTER_BOUND('',#654,.T.);
#370=FACE_OUTER_BOUND('',#655,.T.);
#371=FACE_OUTER_BOUND('',#656,.T.);
#372=FACE_OUTER_BOUND('',#657,.T.);
#373=FACE_OUTER_BOUND('',#658,.T.);
#374=FACE_OUTER_BOUND('',#659,.T.);
#375=FACE_OUTER_BOUND('',#660,.T.);
#376=FACE_OUTER_BOUND('',#661,.T.);
#377=FACE_OUTER_BOUND('',#662,.T.);
#378=FACE_OUTER_BOUND('',#663,.T.);
#379=FACE_OUTER_BOUND('',#664,.T.);
#380=FACE_OUTER_BOUND('',#665,.T.);
#381=FACE_OUTER_BOUND('',#666,.T.);
#382=FACE_OUTER_BOUND('',#667,.T.);
#383=FACE_OUTER_BOUND('',#668,.T.);
#384=FACE_OUTER_BOUND('',#669,.T.);
#385=FACE_OUTER_BOUND('',#670,.T.);
#386=FACE_OUTER_BOUND('',#671,.T.);
#387=FACE_OUTER_BOUND('',#672,.T.);
#388=FACE_OUTER_BOUND('',#673,.T.);
#389=FACE_OUTER_BOUND('',#674,.T.);
#390=FACE_OUTER_BOUND('',#675,.T.);
#391=FACE_OUTER_BOUND('',#676,.T.);
#392=FACE_OUTER_BOUND('',#677,.T.);
#393=FACE_OUTER_BOUND('',#678,.T.);
#394=FACE_OUTER_BOUND('',#679,.T.);
#395=FACE_OUTER_BOUND('',#680,.T.);
#396=FACE_OUTER_BOUND('',#681,.T.);
#397=FACE_OUTER_BOUND('',#682,.T.);
#398=FACE_OUTER_BOUND('',#683,.T.);
#399=FACE_OUTER_BOUND('',#684,.T.);
#400=FACE_OUTER_BOUND('',#686,.T.);
#401=FACE_OUTER_BOUND('',#687,.T.);
#402=FACE_OUTER_BOUND('',#688,.T.);
#403=FACE_OUTER_BOUND('',#689,.T.);
#404=FACE_OUTER_BOUND('',#690,.T.);
#405=FACE_OUTER_BOUND('',#691,.T.);
#406=FACE_OUTER_BOUND('',#692,.T.);
#407=FACE_OUTER_BOUND('',#693,.T.);
#408=FACE_OUTER_BOUND('',#694,.T.);
#409=FACE_OUTER_BOUND('',#695,.T.);
#410=FACE_OUTER_BOUND('',#696,.T.);
#411=FACE_OUTER_BOUND('',#697,.T.);
#412=FACE_OUTER_BOUND('',#698,.T.);
#413=FACE_OUTER_BOUND('',#699,.T.);
#414=FACE_OUTER_BOUND('',#700,.T.);
#415=FACE_OUTER_BOUND('',#701,.T.);
#416=FACE_OUTER_BOUND('',#702,.T.);
#417=FACE_OUTER_BOUND('',#703,.T.);
#418=FACE_OUTER_BOUND('',#704,.T.);
#419=FACE_OUTER_BOUND('',#705,.T.);
#420=FACE_OUTER_BOUND('',#706,.T.);
#421=FACE_OUTER_BOUND('',#707,.T.);
#422=FACE_OUTER_BOUND('',#708,.T.);
#423=FACE_OUTER_BOUND('',#709,.T.);
#424=FACE_OUTER_BOUND('',#710,.T.);
#425=FACE_OUTER_BOUND('',#711,.T.);
#426=FACE_OUTER_BOUND('',#712,.T.);
#427=FACE_OUTER_BOUND('',#713,.T.);
#428=FACE_OUTER_BOUND('',#714,.T.);
#429=FACE_OUTER_BOUND('',#715,.T.);
#430=FACE_OUTER_BOUND('',#716,.T.);
#431=FACE_OUTER_BOUND('',#717,.T.);
#432=FACE_OUTER_BOUND('',#718,.T.);
#433=FACE_OUTER_BOUND('',#719,.T.);
#434=FACE_OUTER_BOUND('',#720,.T.);
#435=FACE_OUTER_BOUND('',#721,.T.);
#436=FACE_OUTER_BOUND('',#722,.T.);
#437=FACE_OUTER_BOUND('',#723,.T.);
#438=FACE_OUTER_BOUND('',#726,.T.);
#439=FACE_OUTER_BOUND('',#727,.T.);
#440=FACE_OUTER_BOUND('',#728,.T.);
#441=FACE_OUTER_BOUND('',#729,.T.);
#442=FACE_OUTER_BOUND('',#730,.T.);
#443=FACE_OUTER_BOUND('',#731,.T.);
#444=FACE_OUTER_BOUND('',#732,.T.);
#445=FACE_OUTER_BOUND('',#733,.T.);
#446=FACE_OUTER_BOUND('',#734,.T.);
#447=FACE_OUTER_BOUND('',#735,.T.);
#448=FACE_OUTER_BOUND('',#736,.T.);
#449=FACE_OUTER_BOUND('',#737,.T.);
#450=FACE_OUTER_BOUND('',#738,.T.);
#451=FACE_OUTER_BOUND('',#739,.T.);
#452=FACE_OUTER_BOUND('',#742,.T.);
#453=FACE_OUTER_BOUND('',#743,.T.);
#454=FACE_OUTER_BOUND('',#744,.T.);
#455=FACE_OUTER_BOUND('',#745,.T.);
#456=FACE_OUTER_BOUND('',#746,.T.);
#457=FACE_OUTER_BOUND('',#747,.T.);
#458=FACE_OUTER_BOUND('',#748,.T.);
#459=FACE_OUTER_BOUND('',#749,.T.);
#460=FACE_OUTER_BOUND('',#750,.T.);
#461=FACE_OUTER_BOUND('',#751,.T.);
#462=FACE_OUTER_BOUND('',#752,.T.);
#463=FACE_OUTER_BOUND('',#753,.T.);
#464=FACE_OUTER_BOUND('',#754,.T.);
#465=FACE_OUTER_BOUND('',#755,.T.);
#466=FACE_OUTER_BOUND('',#756,.T.);
#467=FACE_OUTER_BOUND('',#757,.T.);
#468=FACE_OUTER_BOUND('',#758,.T.);
#469=FACE_OUTER_BOUND('',#759,.T.);
#470=FACE_OUTER_BOUND('',#760,.T.);
#471=FACE_OUTER_BOUND('',#761,.T.);
#472=FACE_OUTER_BOUND('',#762,.T.);
#473=FACE_OUTER_BOUND('',#763,.T.);
#474=FACE_OUTER_BOUND('',#764,.T.);
#475=FACE_OUTER_BOUND('',#765,.T.);
#476=FACE_OUTER_BOUND('',#766,.T.);
#477=FACE_OUTER_BOUND('',#767,.T.);
#478=FACE_OUTER_BOUND('',#768,.T.);
#479=FACE_OUTER_BOUND('',#769,.T.);
#480=FACE_OUTER_BOUND('',#773,.T.);
#481=FACE_OUTER_BOUND('',#774,.T.);
#482=FACE_OUTER_BOUND('',#775,.T.);
#483=FACE_OUTER_BOUND('',#776,.T.);
#484=FACE_OUTER_BOUND('',#777,.T.);
#485=FACE_OUTER_BOUND('',#778,.T.);
#486=FACE_OUTER_BOUND('',#779,.T.);
#487=FACE_OUTER_BOUND('',#780,.T.);
#488=FACE_OUTER_BOUND('',#781,.T.);
#489=FACE_OUTER_BOUND('',#782,.T.);
#490=FACE_OUTER_BOUND('',#783,.T.);
#491=FACE_OUTER_BOUND('',#784,.T.);
#492=FACE_OUTER_BOUND('',#785,.T.);
#493=FACE_OUTER_BOUND('',#786,.T.);
#494=FACE_OUTER_BOUND('',#787,.T.);
#495=FACE_OUTER_BOUND('',#788,.T.);
#496=FACE_OUTER_BOUND('',#789,.T.);
#497=FACE_OUTER_BOUND('',#790,.T.);
#498=FACE_OUTER_BOUND('',#791,.T.);
#499=FACE_OUTER_BOUND('',#792,.T.);
#500=FACE_OUTER_BOUND('',#793,.T.);
#501=FACE_OUTER_BOUND('',#794,.T.);
#502=FACE_OUTER_BOUND('',#795,.T.);
#503=FACE_OUTER_BOUND('',#796,.T.);
#504=FACE_OUTER_BOUND('',#797,.T.);
#505=FACE_OUTER_BOUND('',#798,.T.);
#506=FACE_OUTER_BOUND('',#799,.T.);
#507=FACE_OUTER_BOUND('',#800,.T.);
#508=FACE_OUTER_BOUND('',#801,.T.);
#509=FACE_OUTER_BOUND('',#802,.T.);
#510=FACE_OUTER_BOUND('',#803,.T.);
#511=FACE_OUTER_BOUND('',#804,.T.);
#512=FACE_OUTER_BOUND('',#805,.T.);
#513=FACE_OUTER_BOUND('',#806,.T.);
#514=FACE_OUTER_BOUND('',#807,.T.);
#515=FACE_OUTER_BOUND('',#808,.T.);
#516=FACE_OUTER_BOUND('',#809,.T.);
#517=FACE_OUTER_BOUND('',#810,.T.);
#518=FACE_OUTER_BOUND('',#811,.T.);
#519=FACE_OUTER_BOUND('',#812,.T.);
#520=FACE_OUTER_BOUND('',#813,.T.);
#521=FACE_OUTER_BOUND('',#814,.T.);
#522=FACE_OUTER_BOUND('',#815,.T.);
#523=FACE_OUTER_BOUND('',#816,.T.);
#524=FACE_OUTER_BOUND('',#817,.T.);
#525=FACE_OUTER_BOUND('',#818,.T.);
#526=FACE_OUTER_BOUND('',#819,.T.);
#527=FACE_OUTER_BOUND('',#820,.T.);
#528=FACE_OUTER_BOUND('',#821,.T.);
#529=FACE_OUTER_BOUND('',#822,.T.);
#530=FACE_OUTER_BOUND('',#823,.T.);
#531=FACE_OUTER_BOUND('',#824,.T.);
#532=FACE_OUTER_BOUND('',#825,.T.);
#533=FACE_OUTER_BOUND('',#826,.T.);
#534=FACE_OUTER_BOUND('',#827,.T.);
#535=FACE_OUTER_BOUND('',#828,.T.);
#536=FACE_OUTER_BOUND('',#829,.T.);
#537=FACE_OUTER_BOUND('',#830,.T.);
#538=FACE_OUTER_BOUND('',#831,.T.);
#539=FACE_OUTER_BOUND('',#832,.T.);
#540=FACE_OUTER_BOUND('',#833,.T.);
#541=FACE_OUTER_BOUND('',#834,.T.);
#542=FACE_OUTER_BOUND('',#835,.T.);
#543=FACE_OUTER_BOUND('',#837,.T.);
#544=FACE_OUTER_BOUND('',#838,.T.);
#545=FACE_OUTER_BOUND('',#839,.T.);
#546=FACE_OUTER_BOUND('',#840,.T.);
#547=FACE_OUTER_BOUND('',#841,.T.);
#548=FACE_OUTER_BOUND('',#842,.T.);
#549=FACE_OUTER_BOUND('',#843,.T.);
#550=FACE_OUTER_BOUND('',#844,.T.);
#551=FACE_OUTER_BOUND('',#845,.T.);
#552=FACE_OUTER_BOUND('',#846,.T.);
#553=FACE_OUTER_BOUND('',#847,.T.);
#554=FACE_OUTER_BOUND('',#848,.T.);
#555=FACE_OUTER_BOUND('',#849,.T.);
#556=FACE_OUTER_BOUND('',#850,.T.);
#557=FACE_OUTER_BOUND('',#851,.T.);
#558=FACE_OUTER_BOUND('',#852,.T.);
#559=FACE_OUTER_BOUND('',#853,.T.);
#560=FACE_OUTER_BOUND('',#854,.T.);
#561=FACE_OUTER_BOUND('',#855,.T.);
#562=FACE_OUTER_BOUND('',#856,.T.);
#563=FACE_OUTER_BOUND('',#857,.T.);
#564=FACE_OUTER_BOUND('',#858,.T.);
#565=FACE_OUTER_BOUND('',#859,.T.);
#566=FACE_OUTER_BOUND('',#860,.T.);
#567=FACE_OUTER_BOUND('',#861,.T.);
#568=FACE_OUTER_BOUND('',#862,.T.);
#569=FACE_OUTER_BOUND('',#863,.T.);
#570=FACE_OUTER_BOUND('',#864,.T.);
#571=FACE_OUTER_BOUND('',#865,.T.);
#572=FACE_OUTER_BOUND('',#866,.T.);
#573=FACE_OUTER_BOUND('',#867,.T.);
#574=FACE_OUTER_BOUND('',#868,.T.);
#575=FACE_OUTER_BOUND('',#869,.T.);
#576=FACE_OUTER_BOUND('',#870,.T.);
#577=FACE_OUTER_BOUND('',#871,.T.);
#578=FACE_OUTER_BOUND('',#872,.T.);
#579=FACE_OUTER_BOUND('',#873,.T.);
#580=FACE_OUTER_BOUND('',#874,.T.);
#581=FACE_OUTER_BOUND('',#877,.T.);
#582=FACE_OUTER_BOUND('',#878,.T.);
#583=FACE_OUTER_BOUND('',#879,.T.);
#584=FACE_OUTER_BOUND('',#880,.T.);
#585=FACE_OUTER_BOUND('',#881,.T.);
#586=FACE_OUTER_BOUND('',#882,.T.);
#587=FACE_OUTER_BOUND('',#883,.T.);
#588=FACE_OUTER_BOUND('',#884,.T.);
#589=FACE_OUTER_BOUND('',#885,.T.);
#590=FACE_OUTER_BOUND('',#888,.T.);
#591=FACE_OUTER_BOUND('',#889,.T.);
#592=FACE_OUTER_BOUND('',#890,.T.);
#593=FACE_OUTER_BOUND('',#891,.T.);
#594=FACE_OUTER_BOUND('',#892,.T.);
#595=FACE_OUTER_BOUND('',#893,.T.);
#596=FACE_OUTER_BOUND('',#894,.T.);
#597=FACE_OUTER_BOUND('',#897,.T.);
#598=FACE_OUTER_BOUND('',#898,.T.);
#599=FACE_OUTER_BOUND('',#899,.T.);
#600=FACE_OUTER_BOUND('',#900,.T.);
#601=FACE_OUTER_BOUND('',#901,.T.);
#602=FACE_OUTER_BOUND('',#902,.T.);
#603=FACE_OUTER_BOUND('',#903,.T.);
#604=FACE_OUTER_BOUND('',#904,.T.);
#605=FACE_OUTER_BOUND('',#905,.T.);
#606=FACE_OUTER_BOUND('',#906,.T.);
#607=FACE_OUTER_BOUND('',#907,.T.);
#608=FACE_OUTER_BOUND('',#908,.T.);
#609=FACE_OUTER_BOUND('',#909,.T.);
#610=FACE_OUTER_BOUND('',#910,.T.);
#611=FACE_OUTER_BOUND('',#911,.T.);
#612=FACE_OUTER_BOUND('',#912,.T.);
#613=FACE_OUTER_BOUND('',#913,.T.);
#614=FACE_OUTER_BOUND('',#914,.T.);
#615=FACE_OUTER_BOUND('',#915,.T.);
#616=FACE_OUTER_BOUND('',#916,.T.);
#617=FACE_OUTER_BOUND('',#917,.T.);
#618=FACE_OUTER_BOUND('',#918,.T.);
#619=FACE_OUTER_BOUND('',#919,.T.);
#620=FACE_OUTER_BOUND('',#920,.T.);
#621=FACE_OUTER_BOUND('',#921,.T.);
#622=FACE_OUTER_BOUND('',#922,.T.);
#623=FACE_OUTER_BOUND('',#923,.T.);
#624=FACE_OUTER_BOUND('',#924,.T.);
#625=FACE_OUTER_BOUND('',#925,.T.);
#626=FACE_OUTER_BOUND('',#926,.T.);
#627=FACE_OUTER_BOUND('',#927,.T.);
#628=FACE_OUTER_BOUND('',#928,.T.);
#629=FACE_OUTER_BOUND('',#929,.T.);
#630=FACE_OUTER_BOUND('',#930,.T.);
#631=FACE_OUTER_BOUND('',#931,.T.);
#632=FACE_OUTER_BOUND('',#932,.T.);
#633=FACE_OUTER_BOUND('',#933,.T.);
#634=FACE_OUTER_BOUND('',#934,.T.);
#635=FACE_OUTER_BOUND('',#935,.T.);
#636=FACE_OUTER_BOUND('',#936,.T.);
#637=FACE_OUTER_BOUND('',#937,.T.);
#638=FACE_OUTER_BOUND('',#938,.T.);
#639=FACE_OUTER_BOUND('',#939,.T.);
#640=FACE_OUTER_BOUND('',#940,.T.);
#641=FACE_OUTER_BOUND('',#941,.T.);
#642=FACE_OUTER_BOUND('',#942,.T.);
#643=FACE_OUTER_BOUND('',#943,.T.);
#644=FACE_OUTER_BOUND('',#944,.T.);
#645=FACE_OUTER_BOUND('',#945,.T.);
#646=FACE_OUTER_BOUND('',#946,.T.);
#647=FACE_OUTER_BOUND('',#947,.T.);
#648=FACE_OUTER_BOUND('',#948,.T.);
#649=FACE_OUTER_BOUND('',#949,.T.);
#650=FACE_OUTER_BOUND('',#950,.T.);
#651=FACE_OUTER_BOUND('',#951,.T.);
#652=EDGE_LOOP('',(#3286,#3287,#3288,#3289,#3290,#3291,#3292,#3293,#3294,
#3295,#3296,#3297,#3298,#3299,#3300,#3301,#3302,#3303,#3304,#3305,#3306,
#3307,#3308,#3309,#3310,#3311,#3312,#3313,#3314,#3315,#3316));
#653=EDGE_LOOP('',(#3317,#3318,#3319,#3320));
#654=EDGE_LOOP('',(#3321,#3322,#3323,#3324));
#655=EDGE_LOOP('',(#3325,#3326,#3327,#3328));
#656=EDGE_LOOP('',(#3329,#3330,#3331,#3332));
#657=EDGE_LOOP('',(#3333,#3334,#3335,#3336));
#658=EDGE_LOOP('',(#3337,#3338,#3339,#3340));
#659=EDGE_LOOP('',(#3341,#3342,#3343,#3344));
#660=EDGE_LOOP('',(#3345,#3346,#3347,#3348));
#661=EDGE_LOOP('',(#3349,#3350,#3351,#3352));
#662=EDGE_LOOP('',(#3353,#3354,#3355,#3356));
#663=EDGE_LOOP('',(#3357,#3358,#3359,#3360));
#664=EDGE_LOOP('',(#3361,#3362,#3363,#3364));
#665=EDGE_LOOP('',(#3365,#3366,#3367,#3368));
#666=EDGE_LOOP('',(#3369,#3370,#3371,#3372));
#667=EDGE_LOOP('',(#3373,#3374,#3375,#3376));
#668=EDGE_LOOP('',(#3377,#3378,#3379,#3380));
#669=EDGE_LOOP('',(#3381,#3382,#3383,#3384));
#670=EDGE_LOOP('',(#3385,#3386,#3387,#3388));
#671=EDGE_LOOP('',(#3389,#3390,#3391,#3392));
#672=EDGE_LOOP('',(#3393,#3394,#3395,#3396));
#673=EDGE_LOOP('',(#3397,#3398,#3399,#3400));
#674=EDGE_LOOP('',(#3401,#3402,#3403,#3404));
#675=EDGE_LOOP('',(#3405,#3406,#3407,#3408));
#676=EDGE_LOOP('',(#3409,#3410,#3411,#3412));
#677=EDGE_LOOP('',(#3413,#3414,#3415,#3416));
#678=EDGE_LOOP('',(#3417,#3418,#3419,#3420));
#679=EDGE_LOOP('',(#3421,#3422,#3423,#3424));
#680=EDGE_LOOP('',(#3425,#3426,#3427,#3428));
#681=EDGE_LOOP('',(#3429,#3430,#3431,#3432));
#682=EDGE_LOOP('',(#3433,#3434,#3435,#3436));
#683=EDGE_LOOP('',(#3437,#3438,#3439,#3440));
#684=EDGE_LOOP('',(#3441,#3442,#3443,#3444,#3445,#3446,#3447,#3448,#3449,
#3450,#3451,#3452,#3453,#3454,#3455,#3456,#3457,#3458,#3459,#3460,#3461,
#3462,#3463,#3464,#3465));
#685=EDGE_LOOP('',(#3466,#3467,#3468,#3469,#3470,#3471,#3472,#3473,#3474,
#3475,#3476,#3477));
#686=EDGE_LOOP('',(#3478,#3479,#3480,#3481));
#687=EDGE_LOOP('',(#3482,#3483,#3484,#3485));
#688=EDGE_LOOP('',(#3486,#3487,#3488,#3489));
#689=EDGE_LOOP('',(#3490,#3491,#3492,#3493));
#690=EDGE_LOOP('',(#3494,#3495,#3496,#3497));
#691=EDGE_LOOP('',(#3498,#3499,#3500,#3501));
#692=EDGE_LOOP('',(#3502,#3503,#3504,#3505));
#693=EDGE_LOOP('',(#3506,#3507,#3508,#3509));
#694=EDGE_LOOP('',(#3510,#3511,#3512,#3513));
#695=EDGE_LOOP('',(#3514,#3515,#3516,#3517));
#696=EDGE_LOOP('',(#3518,#3519,#3520,#3521));
#697=EDGE_LOOP('',(#3522,#3523,#3524,#3525));
#698=EDGE_LOOP('',(#3526,#3527,#3528,#3529));
#699=EDGE_LOOP('',(#3530,#3531,#3532,#3533));
#700=EDGE_LOOP('',(#3534,#3535,#3536,#3537));
#701=EDGE_LOOP('',(#3538,#3539,#3540,#3541));
#702=EDGE_LOOP('',(#3542,#3543,#3544,#3545));
#703=EDGE_LOOP('',(#3546,#3547,#3548,#3549));
#704=EDGE_LOOP('',(#3550,#3551,#3552,#3553));
#705=EDGE_LOOP('',(#3554,#3555,#3556,#3557));
#706=EDGE_LOOP('',(#3558,#3559,#3560,#3561));
#707=EDGE_LOOP('',(#3562,#3563,#3564,#3565));
#708=EDGE_LOOP('',(#3566,#3567,#3568,#3569));
#709=EDGE_LOOP('',(#3570,#3571,#3572,#3573));
#710=EDGE_LOOP('',(#3574,#3575,#3576,#3577));
#711=EDGE_LOOP('',(#3578,#3579,#3580,#3581));
#712=EDGE_LOOP('',(#3582,#3583,#3584,#3585));
#713=EDGE_LOOP('',(#3586,#3587,#3588,#3589));
#714=EDGE_LOOP('',(#3590,#3591,#3592,#3593));
#715=EDGE_LOOP('',(#3594,#3595,#3596,#3597));
#716=EDGE_LOOP('',(#3598,#3599,#3600,#3601));
#717=EDGE_LOOP('',(#3602,#3603,#3604,#3605));
#718=EDGE_LOOP('',(#3606,#3607,#3608,#3609));
#719=EDGE_LOOP('',(#3610,#3611,#3612,#3613));
#720=EDGE_LOOP('',(#3614,#3615,#3616,#3617));
#721=EDGE_LOOP('',(#3618,#3619,#3620,#3621));
#722=EDGE_LOOP('',(#3622,#3623,#3624,#3625));
#723=EDGE_LOOP('',(#3626,#3627,#3628,#3629));
#724=EDGE_LOOP('',(#3630,#3631,#3632,#3633,#3634,#3635,#3636,#3637,#3638,
#3639,#3640,#3641,#3642,#3643,#3644,#3645,#3646,#3647,#3648,#3649,#3650,
#3651,#3652,#3653,#3654));
#725=EDGE_LOOP('',(#3655,#3656,#3657,#3658,#3659,#3660,#3661,#3662,#3663,
#3664,#3665,#3666,#3667,#3668,#3669,#3670,#3671,#3672,#3673,#3674,#3675,
#3676,#3677,#3678,#3679,#3680,#3681,#3682,#3683,#3684,#3685));
#726=EDGE_LOOP('',(#3686,#3687,#3688));
#727=EDGE_LOOP('',(#3689,#3690,#3691));
#728=EDGE_LOOP('',(#3692,#3693,#3694,#3695));
#729=EDGE_LOOP('',(#3696,#3697,#3698,#3699));
#730=EDGE_LOOP('',(#3700,#3701,#3702,#3703));
#731=EDGE_LOOP('',(#3704,#3705,#3706,#3707));
#732=EDGE_LOOP('',(#3708,#3709,#3710,#3711));
#733=EDGE_LOOP('',(#3712,#3713,#3714,#3715));
#734=EDGE_LOOP('',(#3716,#3717,#3718,#3719));
#735=EDGE_LOOP('',(#3720,#3721,#3722,#3723));
#736=EDGE_LOOP('',(#3724,#3725,#3726,#3727,#3728,#3729,#3730,#3731));
#737=EDGE_LOOP('',(#3732,#3733,#3734,#3735));
#738=EDGE_LOOP('',(#3736,#3737,#3738,#3739));
#739=EDGE_LOOP('',(#3740,#3741,#3742,#3743));
#740=EDGE_LOOP('',(#3744));
#741=EDGE_LOOP('',(#3745,#3746,#3747,#3748));
#742=EDGE_LOOP('',(#3749,#3750,#3751,#3752,#3753,#3754,#3755,#3756));
#743=EDGE_LOOP('',(#3757,#3758,#3759,#3760));
#744=EDGE_LOOP('',(#3761,#3762,#3763,#3764));
#745=EDGE_LOOP('',(#3765,#3766,#3767,#3768));
#746=EDGE_LOOP('',(#3769,#3770,#3771,#3772));
#747=EDGE_LOOP('',(#3773,#3774,#3775,#3776));
#748=EDGE_LOOP('',(#3777,#3778,#3779,#3780));
#749=EDGE_LOOP('',(#3781,#3782,#3783,#3784));
#750=EDGE_LOOP('',(#3785,#3786,#3787,#3788));
#751=EDGE_LOOP('',(#3789,#3790,#3791,#3792));
#752=EDGE_LOOP('',(#3793,#3794,#3795,#3796,#3797,#3798,#3799,#3800,#3801,
#3802,#3803,#3804));
#753=EDGE_LOOP('',(#3805,#3806,#3807,#3808));
#754=EDGE_LOOP('',(#3809,#3810,#3811,#3812,#3813,#3814,#3815,#3816));
#755=EDGE_LOOP('',(#3817,#3818,#3819,#3820));
#756=EDGE_LOOP('',(#3821,#3822,#3823,#3824));
#757=EDGE_LOOP('',(#3825,#3826,#3827,#3828,#3829));
#758=EDGE_LOOP('',(#3830,#3831,#3832,#3833));
#759=EDGE_LOOP('',(#3834,#3835,#3836,#3837,#3838));
#760=EDGE_LOOP('',(#3839,#3840,#3841,#3842));
#761=EDGE_LOOP('',(#3843,#3844,#3845,#3846,#3847,#3848,#3849,#3850,#3851,
#3852));
#762=EDGE_LOOP('',(#3853,#3854,#3855,#3856,#3857,#3858));
#763=EDGE_LOOP('',(#3859,#3860,#3861,#3862));
#764=EDGE_LOOP('',(#3863,#3864,#3865,#3866,#3867));
#765=EDGE_LOOP('',(#3868,#3869,#3870,#3871,#3872));
#766=EDGE_LOOP('',(#3873,#3874,#3875,#3876));
#767=EDGE_LOOP('',(#3877,#3878,#3879,#3880,#3881,#3882,#3883,#3884,#3885,
#3886,#3887,#3888,#3889,#3890,#3891,#3892,#3893,#3894));
#768=EDGE_LOOP('',(#3895,#3896,#3897,#3898,#3899,#3900,#3901,#3902));
#769=EDGE_LOOP('',(#3903,#3904,#3905,#3906,#3907,#3908));
#770=EDGE_LOOP('',(#3909));
#771=EDGE_LOOP('',(#3910));
#772=EDGE_LOOP('',(#3911,#3912,#3913,#3914));
#773=EDGE_LOOP('',(#3915,#3916,#3917,#3918,#3919));
#774=EDGE_LOOP('',(#3920,#3921,#3922,#3923));
#775=EDGE_LOOP('',(#3924,#3925,#3926,#3927));
#776=EDGE_LOOP('',(#3928,#3929,#3930,#3931));
#777=EDGE_LOOP('',(#3932,#3933,#3934,#3935,#3936,#3937,#3938,#3939));
#778=EDGE_LOOP('',(#3940,#3941,#3942,#3943));
#779=EDGE_LOOP('',(#3944,#3945,#3946,#3947,#3948,#3949,#3950,#3951,#3952,
#3953,#3954,#3955,#3956,#3957,#3958,#3959,#3960,#3961));
#780=EDGE_LOOP('',(#3962,#3963,#3964,#3965,#3966,#3967,#3968,#3969,#3970,
#3971));
#781=EDGE_LOOP('',(#3972,#3973,#3974,#3975));
#782=EDGE_LOOP('',(#3976,#3977,#3978,#3979));
#783=EDGE_LOOP('',(#3980,#3981,#3982,#3983));
#784=EDGE_LOOP('',(#3984,#3985,#3986,#3987));
#785=EDGE_LOOP('',(#3988,#3989,#3990,#3991));
#786=EDGE_LOOP('',(#3992,#3993,#3994,#3995));
#787=EDGE_LOOP('',(#3996,#3997,#3998,#3999));
#788=EDGE_LOOP('',(#4000,#4001,#4002,#4003,#4004,#4005));
#789=EDGE_LOOP('',(#4006,#4007,#4008,#4009));
#790=EDGE_LOOP('',(#4010,#4011,#4012,#4013));
#791=EDGE_LOOP('',(#4014,#4015,#4016,#4017));
#792=EDGE_LOOP('',(#4018,#4019,#4020,#4021));
#793=EDGE_LOOP('',(#4022,#4023,#4024,#4025));
#794=EDGE_LOOP('',(#4026,#4027,#4028,#4029));
#795=EDGE_LOOP('',(#4030,#4031,#4032,#4033));
#796=EDGE_LOOP('',(#4034,#4035,#4036,#4037));
#797=EDGE_LOOP('',(#4038,#4039,#4040,#4041));
#798=EDGE_LOOP('',(#4042,#4043,#4044,#4045));
#799=EDGE_LOOP('',(#4046,#4047,#4048,#4049,#4050,#4051,#4052,#4053));
#800=EDGE_LOOP('',(#4054,#4055,#4056,#4057));
#801=EDGE_LOOP('',(#4058,#4059,#4060,#4061));
#802=EDGE_LOOP('',(#4062,#4063,#4064,#4065));
#803=EDGE_LOOP('',(#4066,#4067,#4068,#4069,#4070,#4071,#4072,#4073,#4074,
#4075,#4076,#4077,#4078,#4079,#4080,#4081,#4082,#4083,#4084,#4085,#4086,
#4087,#4088,#4089,#4090,#4091,#4092,#4093,#4094,#4095,#4096));
#804=EDGE_LOOP('',(#4097,#4098,#4099,#4100));
#805=EDGE_LOOP('',(#4101,#4102,#4103,#4104));
#806=EDGE_LOOP('',(#4105,#4106,#4107,#4108));
#807=EDGE_LOOP('',(#4109,#4110,#4111,#4112));
#808=EDGE_LOOP('',(#4113,#4114,#4115,#4116));
#809=EDGE_LOOP('',(#4117,#4118,#4119,#4120));
#810=EDGE_LOOP('',(#4121,#4122,#4123,#4124));
#811=EDGE_LOOP('',(#4125,#4126,#4127,#4128));
#812=EDGE_LOOP('',(#4129,#4130,#4131,#4132));
#813=EDGE_LOOP('',(#4133,#4134,#4135,#4136));
#814=EDGE_LOOP('',(#4137,#4138,#4139,#4140));
#815=EDGE_LOOP('',(#4141,#4142,#4143,#4144));
#816=EDGE_LOOP('',(#4145,#4146,#4147,#4148));
#817=EDGE_LOOP('',(#4149,#4150,#4151,#4152));
#818=EDGE_LOOP('',(#4153,#4154,#4155,#4156));
#819=EDGE_LOOP('',(#4157,#4158,#4159,#4160));
#820=EDGE_LOOP('',(#4161,#4162,#4163,#4164));
#821=EDGE_LOOP('',(#4165,#4166,#4167,#4168));
#822=EDGE_LOOP('',(#4169,#4170,#4171,#4172));
#823=EDGE_LOOP('',(#4173,#4174,#4175,#4176));
#824=EDGE_LOOP('',(#4177,#4178,#4179,#4180));
#825=EDGE_LOOP('',(#4181,#4182,#4183,#4184));
#826=EDGE_LOOP('',(#4185,#4186,#4187,#4188));
#827=EDGE_LOOP('',(#4189,#4190,#4191,#4192));
#828=EDGE_LOOP('',(#4193,#4194,#4195,#4196));
#829=EDGE_LOOP('',(#4197,#4198,#4199,#4200));
#830=EDGE_LOOP('',(#4201,#4202,#4203,#4204));
#831=EDGE_LOOP('',(#4205,#4206,#4207,#4208));
#832=EDGE_LOOP('',(#4209,#4210,#4211,#4212));
#833=EDGE_LOOP('',(#4213,#4214,#4215,#4216));
#834=EDGE_LOOP('',(#4217,#4218,#4219,#4220));
#835=EDGE_LOOP('',(#4221,#4222,#4223,#4224,#4225,#4226,#4227,#4228,#4229,
#4230,#4231,#4232,#4233,#4234,#4235,#4236,#4237,#4238,#4239,#4240,#4241,
#4242,#4243,#4244,#4245));
#836=EDGE_LOOP('',(#4246,#4247,#4248,#4249,#4250,#4251,#4252,#4253,#4254,
#4255,#4256,#4257));
#837=EDGE_LOOP('',(#4258,#4259,#4260,#4261));
#838=EDGE_LOOP('',(#4262,#4263,#4264,#4265));
#839=EDGE_LOOP('',(#4266,#4267,#4268,#4269));
#840=EDGE_LOOP('',(#4270,#4271,#4272,#4273));
#841=EDGE_LOOP('',(#4274,#4275,#4276,#4277));
#842=EDGE_LOOP('',(#4278,#4279,#4280,#4281));
#843=EDGE_LOOP('',(#4282,#4283,#4284,#4285));
#844=EDGE_LOOP('',(#4286,#4287,#4288,#4289));
#845=EDGE_LOOP('',(#4290,#4291,#4292,#4293));
#846=EDGE_LOOP('',(#4294,#4295,#4296,#4297));
#847=EDGE_LOOP('',(#4298,#4299,#4300,#4301));
#848=EDGE_LOOP('',(#4302,#4303,#4304,#4305));
#849=EDGE_LOOP('',(#4306,#4307,#4308,#4309));
#850=EDGE_LOOP('',(#4310,#4311,#4312,#4313));
#851=EDGE_LOOP('',(#4314,#4315,#4316,#4317));
#852=EDGE_LOOP('',(#4318,#4319,#4320,#4321));
#853=EDGE_LOOP('',(#4322,#4323,#4324,#4325));
#854=EDGE_LOOP('',(#4326,#4327,#4328,#4329));
#855=EDGE_LOOP('',(#4330,#4331,#4332,#4333));
#856=EDGE_LOOP('',(#4334,#4335,#4336,#4337));
#857=EDGE_LOOP('',(#4338,#4339,#4340,#4341));
#858=EDGE_LOOP('',(#4342,#4343,#4344,#4345));
#859=EDGE_LOOP('',(#4346,#4347,#4348,#4349));
#860=EDGE_LOOP('',(#4350,#4351,#4352,#4353));
#861=EDGE_LOOP('',(#4354,#4355,#4356,#4357));
#862=EDGE_LOOP('',(#4358,#4359,#4360,#4361));
#863=EDGE_LOOP('',(#4362,#4363,#4364,#4365));
#864=EDGE_LOOP('',(#4366,#4367,#4368,#4369));
#865=EDGE_LOOP('',(#4370,#4371,#4372,#4373));
#866=EDGE_LOOP('',(#4374,#4375,#4376,#4377));
#867=EDGE_LOOP('',(#4378,#4379,#4380,#4381));
#868=EDGE_LOOP('',(#4382,#4383,#4384,#4385));
#869=EDGE_LOOP('',(#4386,#4387,#4388,#4389));
#870=EDGE_LOOP('',(#4390,#4391,#4392,#4393));
#871=EDGE_LOOP('',(#4394,#4395,#4396,#4397));
#872=EDGE_LOOP('',(#4398,#4399,#4400,#4401));
#873=EDGE_LOOP('',(#4402,#4403,#4404,#4405));
#874=EDGE_LOOP('',(#4406,#4407,#4408,#4409));
#875=EDGE_LOOP('',(#4410,#4411,#4412,#4413,#4414,#4415,#4416,#4417,#4418,
#4419,#4420,#4421,#4422,#4423,#4424,#4425,#4426,#4427,#4428,#4429,#4430,
#4431,#4432,#4433,#4434));
#876=EDGE_LOOP('',(#4435,#4436,#4437,#4438,#4439,#4440,#4441,#4442,#4443,
#4444,#4445,#4446,#4447,#4448,#4449,#4450,#4451,#4452,#4453,#4454,#4455,
#4456,#4457,#4458,#4459,#4460,#4461,#4462,#4463,#4464,#4465));
#877=EDGE_LOOP('',(#4466,#4467,#4468,#4469));
#878=EDGE_LOOP('',(#4470,#4471,#4472,#4473));
#879=EDGE_LOOP('',(#4474,#4475,#4476,#4477));
#880=EDGE_LOOP('',(#4478,#4479,#4480,#4481));
#881=EDGE_LOOP('',(#4482,#4483,#4484,#4485));
#882=EDGE_LOOP('',(#4486,#4487,#4488,#4489));
#883=EDGE_LOOP('',(#4490,#4491,#4492,#4493));
#884=EDGE_LOOP('',(#4494,#4495,#4496,#4497));
#885=EDGE_LOOP('',(#4498,#4499,#4500,#4501));
#886=EDGE_LOOP('',(#4502));
#887=EDGE_LOOP('',(#4503,#4504,#4505,#4506));
#888=EDGE_LOOP('',(#4507,#4508,#4509,#4510));
#889=EDGE_LOOP('',(#4511,#4512,#4513,#4514));
#890=EDGE_LOOP('',(#4515,#4516,#4517,#4518,#4519,#4520,#4521,#4522));
#891=EDGE_LOOP('',(#4523,#4524,#4525,#4526,#4527,#4528,#4529,#4530));
#892=EDGE_LOOP('',(#4531,#4532,#4533,#4534));
#893=EDGE_LOOP('',(#4535,#4536,#4537,#4538));
#894=EDGE_LOOP('',(#4539,#4540,#4541,#4542,#4543,#4544));
#895=EDGE_LOOP('',(#4545,#4546,#4547,#4548));
#896=EDGE_LOOP('',(#4549));
#897=EDGE_LOOP('',(#4550,#4551,#4552,#4553,#4554,#4555,#4556,#4557,#4558,
#4559,#4560,#4561));
#898=EDGE_LOOP('',(#4562,#4563,#4564));
#899=EDGE_LOOP('',(#4565,#4566,#4567,#4568));
#900=EDGE_LOOP('',(#4569,#4570,#4571,#4572));
#901=EDGE_LOOP('',(#4573,#4574,#4575,#4576));
#902=EDGE_LOOP('',(#4577,#4578,#4579,#4580));
#903=EDGE_LOOP('',(#4581,#4582,#4583,#4584));
#904=EDGE_LOOP('',(#4585,#4586,#4587,#4588));
#905=EDGE_LOOP('',(#4589,#4590,#4591,#4592));
#906=EDGE_LOOP('',(#4593,#4594,#4595,#4596));
#907=EDGE_LOOP('',(#4597,#4598,#4599,#4600,#4601,#4602,#4603,#4604));
#908=EDGE_LOOP('',(#4605,#4606,#4607,#4608));
#909=EDGE_LOOP('',(#4609,#4610,#4611,#4612));
#910=EDGE_LOOP('',(#4613,#4614,#4615,#4616,#4617));
#911=EDGE_LOOP('',(#4618,#4619,#4620,#4621));
#912=EDGE_LOOP('',(#4622,#4623,#4624,#4625,#4626));
#913=EDGE_LOOP('',(#4627,#4628,#4629,#4630));
#914=EDGE_LOOP('',(#4631,#4632,#4633,#4634,#4635,#4636,#4637,#4638,#4639,
#4640));
#915=EDGE_LOOP('',(#4641,#4642,#4643,#4644,#4645,#4646));
#916=EDGE_LOOP('',(#4647,#4648,#4649,#4650));
#917=EDGE_LOOP('',(#4651,#4652,#4653,#4654,#4655));
#918=EDGE_LOOP('',(#4656,#4657,#4658,#4659,#4660));
#919=EDGE_LOOP('',(#4661,#4662,#4663,#4664));
#920=EDGE_LOOP('',(#4665,#4666,#4667,#4668,#4669,#4670,#4671,#4672,#4673,
#4674,#4675,#4676,#4677,#4678,#4679,#4680,#4681,#4682));
#921=EDGE_LOOP('',(#4683,#4684,#4685,#4686,#4687,#4688,#4689,#4690));
#922=EDGE_LOOP('',(#4691,#4692,#4693,#4694,#4695));
#923=EDGE_LOOP('',(#4696,#4697,#4698,#4699));
#924=EDGE_LOOP('',(#4700,#4701,#4702,#4703));
#925=EDGE_LOOP('',(#4704,#4705,#4706,#4707));
#926=EDGE_LOOP('',(#4708,#4709,#4710,#4711,#4712,#4713,#4714,#4715));
#927=EDGE_LOOP('',(#4716,#4717,#4718,#4719));
#928=EDGE_LOOP('',(#4720,#4721,#4722,#4723,#4724,#4725,#4726,#4727,#4728,
#4729,#4730,#4731,#4732,#4733,#4734,#4735,#4736,#4737));
#929=EDGE_LOOP('',(#4738,#4739,#4740,#4741,#4742,#4743,#4744,#4745,#4746,
#4747));
#930=EDGE_LOOP('',(#4748,#4749,#4750,#4751));
#931=EDGE_LOOP('',(#4752,#4753,#4754,#4755));
#932=EDGE_LOOP('',(#4756,#4757,#4758,#4759));
#933=EDGE_LOOP('',(#4760,#4761,#4762,#4763));
#934=EDGE_LOOP('',(#4764,#4765,#4766,#4767));
#935=EDGE_LOOP('',(#4768,#4769,#4770,#4771));
#936=EDGE_LOOP('',(#4772,#4773,#4774,#4775));
#937=EDGE_LOOP('',(#4776,#4777,#4778,#4779,#4780,#4781));
#938=EDGE_LOOP('',(#4782,#4783,#4784,#4785));
#939=EDGE_LOOP('',(#4786,#4787,#4788,#4789));
#940=EDGE_LOOP('',(#4790,#4791,#4792,#4793));
#941=EDGE_LOOP('',(#4794,#4795,#4796,#4797));
#942=EDGE_LOOP('',(#4798,#4799,#4800,#4801));
#943=EDGE_LOOP('',(#4802,#4803,#4804,#4805));
#944=EDGE_LOOP('',(#4806,#4807,#4808,#4809));
#945=EDGE_LOOP('',(#4810,#4811,#4812,#4813));
#946=EDGE_LOOP('',(#4814,#4815,#4816,#4817));
#947=EDGE_LOOP('',(#4818,#4819,#4820,#4821));
#948=EDGE_LOOP('',(#4822,#4823,#4824,#4825,#4826,#4827,#4828,#4829));
#949=EDGE_LOOP('',(#4830,#4831,#4832,#4833));
#950=EDGE_LOOP('',(#4834,#4835,#4836,#4837));
#951=EDGE_LOOP('',(#4838,#4839,#4840,#4841));
#952=LINE('',#6579,#1358);
#953=LINE('',#6695,#1359);
#954=LINE('',#6697,#1360);
#955=LINE('',#6717,#1361);
#956=LINE('',#6719,#1362);
#957=LINE('',#6736,#1363);
#958=LINE('',#6743,#1364);
#959=LINE('',#6760,#1365);
#960=LINE('',#6777,#1366);
#961=LINE('',#6780,#1367);
#962=LINE('',#6781,#1368);
#963=LINE('',#6798,#1369);
#964=LINE('',#6815,#1370);
#965=LINE('',#6832,#1371);
#966=LINE('',#6849,#1372);
#967=LINE('',#6866,#1373);
#968=LINE('',#6883,#1374);
#969=LINE('',#6900,#1375);
#970=LINE('',#6917,#1376);
#971=LINE('',#6934,#1377);
#972=LINE('',#6951,#1378);
#973=LINE('',#6968,#1379);
#974=LINE('',#6985,#1380);
#975=LINE('',#7002,#1381);
#976=LINE('',#7019,#1382);
#977=LINE('',#7036,#1383);
#978=LINE('',#7053,#1384);
#979=LINE('',#7070,#1385);
#980=LINE('',#7087,#1386);
#981=LINE('',#7104,#1387);
#982=LINE('',#7107,#1388);
#983=LINE('',#7108,#1389);
#984=LINE('',#7111,#1390);
#985=LINE('',#7112,#1391);
#986=LINE('',#7129,#1392);
#987=LINE('',#7146,#1393);
#988=LINE('',#7163,#1394);
#989=LINE('',#7166,#1395);
#990=LINE('',#7167,#1396);
#991=LINE('',#7170,#1397);
#992=LINE('',#7171,#1398);
#993=LINE('',#7232,#1399);
#994=LINE('',#7306,#1400);
#995=LINE('',#7308,#1401);
#996=LINE('',#7364,#1402);
#997=LINE('',#7378,#1403);
#998=LINE('',#7380,#1404);
#999=LINE('',#7397,#1405);
#1000=LINE('',#7404,#1406);
#1001=LINE('',#7421,#1407);
#1002=LINE('',#7438,#1408);
#1003=LINE('',#7455,#1409);
#1004=LINE('',#7472,#1410);
#1005=LINE('',#7489,#1411);
#1006=LINE('',#7492,#1412);
#1007=LINE('',#7493,#1413);
#1008=LINE('',#7510,#1414);
#1009=LINE('',#7527,#1415);
#1010=LINE('',#7530,#1416);
#1011=LINE('',#7531,#1417);
#1012=LINE('',#7534,#1418);
#1013=LINE('',#7535,#1419);
#1014=LINE('',#7562,#1420);
#1015=LINE('',#7569,#1421);
#1016=LINE('',#7586,#1422);
#1017=LINE('',#7603,#1423);
#1018=LINE('',#7620,#1424);
#1019=LINE('',#7637,#1425);
#1020=LINE('',#7654,#1426);
#1021=LINE('',#7671,#1427);
#1022=LINE('',#7674,#1428);
#1023=LINE('',#7675,#1429);
#1024=LINE('',#7692,#1430);
#1025=LINE('',#7709,#1431);
#1026=LINE('',#7726,#1432);
#1027=LINE('',#7743,#1433);
#1028=LINE('',#7760,#1434);
#1029=LINE('',#7777,#1435);
#1030=LINE('',#7794,#1436);
#1031=LINE('',#7811,#1437);
#1032=LINE('',#7828,#1438);
#1033=LINE('',#7845,#1439);
#1034=LINE('',#7862,#1440);
#1035=LINE('',#7879,#1441);
#1036=LINE('',#7882,#1442);
#1037=LINE('',#7883,#1443);
#1038=LINE('',#7886,#1444);
#1039=LINE('',#7887,#1445);
#1040=LINE('',#7904,#1446);
#1041=LINE('',#7921,#1447);
#1042=LINE('',#7940,#1448);
#1043=LINE('',#7942,#1449);
#1044=LINE('',#7944,#1450);
#1045=LINE('',#7945,#1451);
#1046=LINE('',#7959,#1452);
#1047=LINE('',#7961,#1453);
#1048=LINE('',#7963,#1454);
#1049=LINE('',#7964,#1455);
#1050=LINE('',#7967,#1456);
#1051=LINE('',#7972,#1457);
#1052=LINE('',#7973,#1458);
#1053=LINE('',#7977,#1459);
#1054=LINE('',#7982,#1460);
#1055=LINE('',#7984,#1461);
#1056=LINE('',#7985,#1462);
#1057=LINE('',#7989,#1463);
#1058=LINE('',#7995,#1464);
#1059=LINE('',#7996,#1465);
#1060=LINE('',#7997,#1466);
#1061=LINE('',#8003,#1467);
#1062=LINE('',#8007,#1468);
#1063=LINE('',#8026,#1469);
#1064=LINE('',#8029,#1470);
#1065=LINE('',#8030,#1471);
#1066=LINE('',#8033,#1472);
#1067=LINE('',#8037,#1473);
#1068=LINE('',#8038,#1474);
#1069=LINE('',#8043,#1475);
#1070=LINE('',#8045,#1476);
#1071=LINE('',#8047,#1477);
#1072=LINE('',#8048,#1478);
#1073=LINE('',#8052,#1479);
#1074=LINE('',#8054,#1480);
#1075=LINE('',#8055,#1481);
#1076=LINE('',#8058,#1482);
#1077=LINE('',#8062,#1483);
#1078=LINE('',#8063,#1484);
#1079=LINE('',#8066,#1485);
#1080=LINE('',#8070,#1486);
#1081=LINE('',#8072,#1487);
#1082=LINE('',#8073,#1488);
#1083=LINE('',#8076,#1489);
#1084=LINE('',#8081,#1490);
#1085=LINE('',#8082,#1491);
#1086=LINE('',#8087,#1492);
#1087=LINE('',#8093,#1493);
#1088=LINE('',#8097,#1494);
#1089=LINE('',#8101,#1495);
#1090=LINE('',#8103,#1496);
#1091=LINE('',#8106,#1497);
#1092=LINE('',#8109,#1498);
#1093=LINE('',#8110,#1499);
#1094=LINE('',#8113,#1500);
#1095=LINE('',#8115,#1501);
#1096=LINE('',#8118,#1502);
#1097=LINE('',#8125,#1503);
#1098=LINE('',#8133,#1504);
#1099=LINE('',#8135,#1505);
#1100=LINE('',#8136,#1506);
#1101=LINE('',#8140,#1507);
#1102=LINE('',#8144,#1508);
#1103=LINE('',#8146,#1509);
#1104=LINE('',#8148,#1510);
#1105=LINE('',#8149,#1511);
#1106=LINE('',#8152,#1512);
#1107=LINE('',#8154,#1513);
#1108=LINE('',#8157,#1514);
#1109=LINE('',#8160,#1515);
#1110=LINE('',#8162,#1516);
#1111=LINE('',#8164,#1517);
#1112=LINE('',#8167,#1518);
#1113=LINE('',#8168,#1519);
#1114=LINE('',#8171,#1520);
#1115=LINE('',#8173,#1521);
#1116=LINE('',#8175,#1522);
#1117=LINE('',#8183,#1523);
#1118=LINE('',#8191,#1524);
#1119=LINE('',#8199,#1525);
#1120=LINE('',#8206,#1526);
#1121=LINE('',#8209,#1527);
#1122=LINE('',#8214,#1528);
#1123=LINE('',#8219,#1529);
#1124=LINE('',#8249,#1530);
#1125=LINE('',#8251,#1531);
#1126=LINE('',#8301,#1532);
#1127=LINE('',#8304,#1533);
#1128=LINE('',#8311,#1534);
#1129=LINE('',#8319,#1535);
#1130=LINE('',#8327,#1536);
#1131=LINE('',#8335,#1537);
#1132=LINE('',#8336,#1538);
#1133=LINE('',#8339,#1539);
#1134=LINE('',#8341,#1540);
#1135=LINE('',#8349,#1541);
#1136=LINE('',#8352,#1542);
#1137=LINE('',#8353,#1543);
#1138=LINE('',#8355,#1544);
#1139=LINE('',#8356,#1545);
#1140=LINE('',#8358,#1546);
#1141=LINE('',#8359,#1547);
#1142=LINE('',#8361,#1548);
#1143=LINE('',#8362,#1549);
#1144=LINE('',#8364,#1550);
#1145=LINE('',#8365,#1551);
#1146=LINE('',#8372,#1552);
#1147=LINE('',#8373,#1553);
#1148=LINE('',#8376,#1554);
#1149=LINE('',#8377,#1555);
#1150=LINE('',#8380,#1556);
#1151=LINE('',#8381,#1557);
#1152=LINE('',#8384,#1558);
#1153=LINE('',#8385,#1559);
#1154=LINE('',#8388,#1560);
#1155=LINE('',#8416,#1561);
#1156=LINE('',#8532,#1562);
#1157=LINE('',#8534,#1563);
#1158=LINE('',#8554,#1564);
#1159=LINE('',#8556,#1565);
#1160=LINE('',#8573,#1566);
#1161=LINE('',#8580,#1567);
#1162=LINE('',#8597,#1568);
#1163=LINE('',#8614,#1569);
#1164=LINE('',#8617,#1570);
#1165=LINE('',#8618,#1571);
#1166=LINE('',#8635,#1572);
#1167=LINE('',#8652,#1573);
#1168=LINE('',#8669,#1574);
#1169=LINE('',#8686,#1575);
#1170=LINE('',#8703,#1576);
#1171=LINE('',#8720,#1577);
#1172=LINE('',#8737,#1578);
#1173=LINE('',#8754,#1579);
#1174=LINE('',#8771,#1580);
#1175=LINE('',#8788,#1581);
#1176=LINE('',#8805,#1582);
#1177=LINE('',#8822,#1583);
#1178=LINE('',#8839,#1584);
#1179=LINE('',#8856,#1585);
#1180=LINE('',#8873,#1586);
#1181=LINE('',#8890,#1587);
#1182=LINE('',#8907,#1588);
#1183=LINE('',#8924,#1589);
#1184=LINE('',#8941,#1590);
#1185=LINE('',#8944,#1591);
#1186=LINE('',#8945,#1592);
#1187=LINE('',#8948,#1593);
#1188=LINE('',#8949,#1594);
#1189=LINE('',#8966,#1595);
#1190=LINE('',#8983,#1596);
#1191=LINE('',#9000,#1597);
#1192=LINE('',#9003,#1598);
#1193=LINE('',#9004,#1599);
#1194=LINE('',#9007,#1600);
#1195=LINE('',#9008,#1601);
#1196=LINE('',#9069,#1602);
#1197=LINE('',#9143,#1603);
#1198=LINE('',#9145,#1604);
#1199=LINE('',#9201,#1605);
#1200=LINE('',#9215,#1606);
#1201=LINE('',#9217,#1607);
#1202=LINE('',#9234,#1608);
#1203=LINE('',#9241,#1609);
#1204=LINE('',#9258,#1610);
#1205=LINE('',#9275,#1611);
#1206=LINE('',#9292,#1612);
#1207=LINE('',#9309,#1613);
#1208=LINE('',#9326,#1614);
#1209=LINE('',#9329,#1615);
#1210=LINE('',#9330,#1616);
#1211=LINE('',#9347,#1617);
#1212=LINE('',#9364,#1618);
#1213=LINE('',#9367,#1619);
#1214=LINE('',#9368,#1620);
#1215=LINE('',#9371,#1621);
#1216=LINE('',#9372,#1622);
#1217=LINE('',#9399,#1623);
#1218=LINE('',#9406,#1624);
#1219=LINE('',#9423,#1625);
#1220=LINE('',#9440,#1626);
#1221=LINE('',#9457,#1627);
#1222=LINE('',#9474,#1628);
#1223=LINE('',#9491,#1629);
#1224=LINE('',#9508,#1630);
#1225=LINE('',#9511,#1631);
#1226=LINE('',#9512,#1632);
#1227=LINE('',#9529,#1633);
#1228=LINE('',#9546,#1634);
#1229=LINE('',#9563,#1635);
#1230=LINE('',#9580,#1636);
#1231=LINE('',#9597,#1637);
#1232=LINE('',#9614,#1638);
#1233=LINE('',#9631,#1639);
#1234=LINE('',#9648,#1640);
#1235=LINE('',#9665,#1641);
#1236=LINE('',#9682,#1642);
#1237=LINE('',#9699,#1643);
#1238=LINE('',#9716,#1644);
#1239=LINE('',#9719,#1645);
#1240=LINE('',#9720,#1646);
#1241=LINE('',#9723,#1647);
#1242=LINE('',#9724,#1648);
#1243=LINE('',#9741,#1649);
#1244=LINE('',#9758,#1650);
#1245=LINE('',#9777,#1651);
#1246=LINE('',#9779,#1652);
#1247=LINE('',#9781,#1653);
#1248=LINE('',#9782,#1654);
#1249=LINE('',#9786,#1655);
#1250=LINE('',#9790,#1656);
#1251=LINE('',#9795,#1657);
#1252=LINE('',#9796,#1658);
#1253=LINE('',#9797,#1659);
#1254=LINE('',#9801,#1660);
#1255=LINE('',#9807,#1661);
#1256=LINE('',#9808,#1662);
#1257=LINE('',#9809,#1663);
#1258=LINE('',#9812,#1664);
#1259=LINE('',#9817,#1665);
#1260=LINE('',#9818,#1666);
#1261=LINE('',#9822,#1667);
#1262=LINE('',#9826,#1668);
#1263=LINE('',#9827,#1669);
#1264=LINE('',#9830,#1670);
#1265=LINE('',#9832,#1671);
#1266=LINE('',#9833,#1672);
#1267=LINE('',#9838,#1673);
#1268=LINE('',#9840,#1674);
#1269=LINE('',#9842,#1675);
#1270=LINE('',#9843,#1676);
#1271=LINE('',#9846,#1677);
#1272=LINE('',#9850,#1678);
#1273=LINE('',#9851,#1679);
#1274=LINE('',#9854,#1680);
#1275=LINE('',#9874,#1681);
#1276=LINE('',#9880,#1682);
#1277=LINE('',#9884,#1683);
#1278=LINE('',#9888,#1684);
#1279=LINE('',#9890,#1685);
#1280=LINE('',#9892,#1686);
#1281=LINE('',#9893,#1687);
#1282=LINE('',#9902,#1688);
#1283=LINE('',#9904,#1689);
#1284=LINE('',#9905,#1690);
#1285=LINE('',#9908,#1691);
#1286=LINE('',#9912,#1692);
#1287=LINE('',#9913,#1693);
#1288=LINE('',#9916,#1694);
#1289=LINE('',#9920,#1695);
#1290=LINE('',#9921,#1696);
#1291=LINE('',#9924,#1697);
#1292=LINE('',#9928,#1698);
#1293=LINE('',#9929,#1699);
#1294=LINE('',#9935,#1700);
#1295=LINE('',#9939,#1701);
#1296=LINE('',#9943,#1702);
#1297=LINE('',#9947,#1703);
#1298=LINE('',#9948,#1704);
#1299=LINE('',#9951,#1705);
#1300=LINE('',#9952,#1706);
#1301=LINE('',#9955,#1707);
#1302=LINE('',#9958,#1708);
#1303=LINE('',#9960,#1709);
#1304=LINE('',#9963,#1710);
#1305=LINE('',#9965,#1711);
#1306=LINE('',#9967,#1712);
#1307=LINE('',#9975,#1713);
#1308=LINE('',#9981,#1714);
#1309=LINE('',#9986,#1715);
#1310=LINE('',#9987,#1716);
#1311=LINE('',#9988,#1717);
#1312=LINE('',#9991,#1718);
#1313=LINE('',#9994,#1719);
#1314=LINE('',#9997,#1720);
#1315=LINE('',#10000,#1721);
#1316=LINE('',#10002,#1722);
#1317=LINE('',#10009,#1723);
#1318=LINE('',#10017,#1724);
#1319=LINE('',#10025,#1725);
#1320=LINE('',#10033,#1726);
#1321=LINE('',#10035,#1727);
#1322=LINE('',#10036,#1728);
#1323=LINE('',#10039,#1729);
#1324=LINE('',#10042,#1730);
#1325=LINE('',#10046,#1731);
#1326=LINE('',#10048,#1732);
#1327=LINE('',#10081,#1733);
#1328=LINE('',#10090,#1734);
#1329=LINE('',#10133,#1735);
#1330=LINE('',#10136,#1736);
#1331=LINE('',#10139,#1737);
#1332=LINE('',#10141,#1738);
#1333=LINE('',#10149,#1739);
#1334=LINE('',#10157,#1740);
#1335=LINE('',#10165,#1741);
#1336=LINE('',#10173,#1742);
#1337=LINE('',#10181,#1743);
#1338=LINE('',#10182,#1744);
#1339=LINE('',#10184,#1745);
#1340=LINE('',#10185,#1746);
#1341=LINE('',#10187,#1747);
#1342=LINE('',#10188,#1748);
#1343=LINE('',#10190,#1749);
#1344=LINE('',#10191,#1750);
#1345=LINE('',#10193,#1751);
#1346=LINE('',#10194,#1752);
#1347=LINE('',#10196,#1753);
#1348=LINE('',#10197,#1754);
#1349=LINE('',#10204,#1755);
#1350=LINE('',#10205,#1756);
#1351=LINE('',#10208,#1757);
#1352=LINE('',#10209,#1758);
#1353=LINE('',#10212,#1759);
#1354=LINE('',#10213,#1760);
#1355=LINE('',#10216,#1761);
#1356=LINE('',#10217,#1762);
#1357=LINE('',#10220,#1763);
#1358=VECTOR('',#5552,10.);
#1359=VECTOR('',#5553,10.);
#1360=VECTOR('',#5554,10.);
#1361=VECTOR('',#5555,10.);
#1362=VECTOR('',#5556,10.);
#1363=VECTOR('',#5557,10.);
#1364=VECTOR('',#5558,10.);
#1365=VECTOR('',#5559,10.);
#1366=VECTOR('',#5560,10.);
#1367=VECTOR('',#5563,10.);
#1368=VECTOR('',#5564,10.);
#1369=VECTOR('',#5565,10.);
#1370=VECTOR('',#5566,10.);
#1371=VECTOR('',#5567,10.);
#1372=VECTOR('',#5568,10.);
#1373=VECTOR('',#5569,10.);
#1374=VECTOR('',#5570,10.);
#1375=VECTOR('',#5571,10.);
#1376=VECTOR('',#5572,10.);
#1377=VECTOR('',#5573,10.);
#1378=VECTOR('',#5574,10.);
#1379=VECTOR('',#5575,10.);
#1380=VECTOR('',#5576,10.);
#1381=VECTOR('',#5577,10.);
#1382=VECTOR('',#5578,10.);
#1383=VECTOR('',#5579,10.);
#1384=VECTOR('',#5580,10.);
#1385=VECTOR('',#5581,10.);
#1386=VECTOR('',#5582,10.);
#1387=VECTOR('',#5583,10.);
#1388=VECTOR('',#5586,10.);
#1389=VECTOR('',#5587,10.);
#1390=VECTOR('',#5590,10.);
#1391=VECTOR('',#5591,10.);
#1392=VECTOR('',#5592,10.);
#1393=VECTOR('',#5593,10.);
#1394=VECTOR('',#5594,10.);
#1395=VECTOR('',#5597,10.);
#1396=VECTOR('',#5598,10.);
#1397=VECTOR('',#5601,10.);
#1398=VECTOR('',#5602,10.);
#1399=VECTOR('',#5605,10.);
#1400=VECTOR('',#5606,10.);
#1401=VECTOR('',#5607,10.);
#1402=VECTOR('',#5608,10.);
#1403=VECTOR('',#5609,10.);
#1404=VECTOR('',#5610,10.);
#1405=VECTOR('',#5611,10.);
#1406=VECTOR('',#5612,10.);
#1407=VECTOR('',#5613,10.);
#1408=VECTOR('',#5614,10.);
#1409=VECTOR('',#5615,10.);
#1410=VECTOR('',#5616,10.);
#1411=VECTOR('',#5617,10.);
#1412=VECTOR('',#5620,10.);
#1413=VECTOR('',#5621,10.);
#1414=VECTOR('',#5622,10.);
#1415=VECTOR('',#5623,10.);
#1416=VECTOR('',#5626,10.);
#1417=VECTOR('',#5627,10.);
#1418=VECTOR('',#5630,10.);
#1419=VECTOR('',#5631,10.);
#1420=VECTOR('',#5632,10.);
#1421=VECTOR('',#5633,10.);
#1422=VECTOR('',#5634,10.);
#1423=VECTOR('',#5635,10.);
#1424=VECTOR('',#5636,10.);
#1425=VECTOR('',#5637,10.);
#1426=VECTOR('',#5638,10.);
#1427=VECTOR('',#5639,10.);
#1428=VECTOR('',#5642,10.);
#1429=VECTOR('',#5643,10.);
#1430=VECTOR('',#5644,10.);
#1431=VECTOR('',#5645,10.);
#1432=VECTOR('',#5646,10.);
#1433=VECTOR('',#5647,10.);
#1434=VECTOR('',#5648,10.);
#1435=VECTOR('',#5649,10.);
#1436=VECTOR('',#5650,10.);
#1437=VECTOR('',#5651,10.);
#1438=VECTOR('',#5652,10.);
#1439=VECTOR('',#5653,10.);
#1440=VECTOR('',#5654,10.);
#1441=VECTOR('',#5655,10.);
#1442=VECTOR('',#5658,10.);
#1443=VECTOR('',#5659,10.);
#1444=VECTOR('',#5662,10.);
#1445=VECTOR('',#5663,10.);
#1446=VECTOR('',#5664,10.);
#1447=VECTOR('',#5665,10.);
#1448=VECTOR('',#5668,10.);
#1449=VECTOR('',#5669,10.);
#1450=VECTOR('',#5670,10.);
#1451=VECTOR('',#5671,10.);
#1452=VECTOR('',#5686,10.);
#1453=VECTOR('',#5687,10.);
#1454=VECTOR('',#5688,10.);
#1455=VECTOR('',#5689,10.);
#1456=VECTOR('',#5692,10.);
#1457=VECTOR('',#5699,10.);
#1458=VECTOR('',#5700,10.);
#1459=VECTOR('',#5703,10.);
#1460=VECTOR('',#5710,10.);
#1461=VECTOR('',#5711,10.);
#1462=VECTOR('',#5712,10.);
#1463=VECTOR('',#5715,10.);
#1464=VECTOR('',#5722,10.);
#1465=VECTOR('',#5723,10.);
#1466=VECTOR('',#5724,10.);
#1467=VECTOR('',#5733,10.);
#1468=VECTOR('',#5736,10.);
#1469=VECTOR('',#5737,10.);
#1470=VECTOR('',#5740,10.);
#1471=VECTOR('',#5741,10.);
#1472=VECTOR('',#5744,10.);
#1473=VECTOR('',#5749,10.);
#1474=VECTOR('',#5750,10.);
#1475=VECTOR('',#5753,10.);
#1476=VECTOR('',#5754,10.);
#1477=VECTOR('',#5755,10.);
#1478=VECTOR('',#5756,10.);
#1479=VECTOR('',#5761,10.);
#1480=VECTOR('',#5762,10.);
#1481=VECTOR('',#5763,10.);
#1482=VECTOR('',#5766,10.);
#1483=VECTOR('',#5771,10.);
#1484=VECTOR('',#5772,10.);
#1485=VECTOR('',#5775,10.);
#1486=VECTOR('',#5780,10.);
#1487=VECTOR('',#5781,10.);
#1488=VECTOR('',#5782,10.);
#1489=VECTOR('',#5785,10.);
#1490=VECTOR('',#5792,10.);
#1491=VECTOR('',#5793,10.);
#1492=VECTOR('',#5802,10.);
#1493=VECTOR('',#5811,1.8);
#1494=VECTOR('',#5816,1.7);
#1495=VECTOR('',#5821,10.);
#1496=VECTOR('',#5822,10.);
#1497=VECTOR('',#5825,10.);
#1498=VECTOR('',#5828,10.);
#1499=VECTOR('',#5829,10.);
#1500=VECTOR('',#5832,10.);
#1501=VECTOR('',#5833,10.);
#1502=VECTOR('',#5838,10.);
#1503=VECTOR('',#5845,10.);
#1504=VECTOR('',#5852,10.);
#1505=VECTOR('',#5853,10.);
#1506=VECTOR('',#5854,10.);
#1507=VECTOR('',#5859,10.);
#1508=VECTOR('',#5862,10.);
#1509=VECTOR('',#5863,10.);
#1510=VECTOR('',#5864,10.);
#1511=VECTOR('',#5865,10.);
#1512=VECTOR('',#5868,10.);
#1513=VECTOR('',#5869,10.);
#1514=VECTOR('',#5872,10.);
#1515=VECTOR('',#5875,10.);
#1516=VECTOR('',#5876,10.);
#1517=VECTOR('',#5877,10.);
#1518=VECTOR('',#5882,10.);
#1519=VECTOR('',#5883,10.);
#1520=VECTOR('',#5886,10.);
#1521=VECTOR('',#5887,10.);
#1522=VECTOR('',#5888,10.);
#1523=VECTOR('',#5895,10.);
#1524=VECTOR('',#5902,10.);
#1525=VECTOR('',#5909,10.);
#1526=VECTOR('',#5918,10.);
#1527=VECTOR('',#5921,10.);
#1528=VECTOR('',#5928,10.);
#1529=VECTOR('',#5933,10.);
#1530=VECTOR('',#5934,10.);
#1531=VECTOR('',#5935,10.);
#1532=VECTOR('',#5938,2.225);
#1533=VECTOR('',#5943,1.9625);
#1534=VECTOR('',#5950,10.);
#1535=VECTOR('',#5957,10.);
#1536=VECTOR('',#5964,10.);
#1537=VECTOR('',#5971,10.);
#1538=VECTOR('',#5972,10.);
#1539=VECTOR('',#5975,10.);
#1540=VECTOR('',#5976,10.);
#1541=VECTOR('',#5983,10.);
#1542=VECTOR('',#5988,10.);
#1543=VECTOR('',#5989,10.);
#1544=VECTOR('',#5992,10.);
#1545=VECTOR('',#5993,10.);
#1546=VECTOR('',#5996,10.);
#1547=VECTOR('',#5997,10.);
#1548=VECTOR('',#6000,10.);
#1549=VECTOR('',#6001,10.);
#1550=VECTOR('',#6004,10.);
#1551=VECTOR('',#6005,10.);
#1552=VECTOR('',#6018,10.);
#1553=VECTOR('',#6019,10.);
#1554=VECTOR('',#6024,10.);
#1555=VECTOR('',#6025,10.);
#1556=VECTOR('',#6030,10.);
#1557=VECTOR('',#6031,10.);
#1558=VECTOR('',#6036,10.);
#1559=VECTOR('',#6037,10.);
#1560=VECTOR('',#6042,10.);
#1561=VECTOR('',#6057,10.);
#1562=VECTOR('',#6058,10.);
#1563=VECTOR('',#6059,10.);
#1564=VECTOR('',#6060,10.);
#1565=VECTOR('',#6061,10.);
#1566=VECTOR('',#6062,10.);
#1567=VECTOR('',#6063,10.);
#1568=VECTOR('',#6064,10.);
#1569=VECTOR('',#6065,10.);
#1570=VECTOR('',#6068,10.);
#1571=VECTOR('',#6069,10.);
#1572=VECTOR('',#6070,10.);
#1573=VECTOR('',#6071,10.);
#1574=VECTOR('',#6072,10.);
#1575=VECTOR('',#6073,10.);
#1576=VECTOR('',#6074,10.);
#1577=VECTOR('',#6075,10.);
#1578=VECTOR('',#6076,10.);
#1579=VECTOR('',#6077,10.);
#1580=VECTOR('',#6078,10.);
#1581=VECTOR('',#6079,10.);
#1582=VECTOR('',#6080,10.);
#1583=VECTOR('',#6081,10.);
#1584=VECTOR('',#6082,10.);
#1585=VECTOR('',#6083,10.);
#1586=VECTOR('',#6084,10.);
#1587=VECTOR('',#6085,10.);
#1588=VECTOR('',#6086,10.);
#1589=VECTOR('',#6087,10.);
#1590=VECTOR('',#6088,10.);
#1591=VECTOR('',#6091,10.);
#1592=VECTOR('',#6092,10.);
#1593=VECTOR('',#6095,10.);
#1594=VECTOR('',#6096,10.);
#1595=VECTOR('',#6097,10.);
#1596=VECTOR('',#6098,10.);
#1597=VECTOR('',#6099,10.);
#1598=VECTOR('',#6102,10.);
#1599=VECTOR('',#6103,10.);
#1600=VECTOR('',#6106,10.);
#1601=VECTOR('',#6107,10.);
#1602=VECTOR('',#6110,10.);
#1603=VECTOR('',#6111,10.);
#1604=VECTOR('',#6112,10.);
#1605=VECTOR('',#6113,10.);
#1606=VECTOR('',#6114,10.);
#1607=VECTOR('',#6115,10.);
#1608=VECTOR('',#6116,10.);
#1609=VECTOR('',#6117,10.);
#1610=VECTOR('',#6118,10.);
#1611=VECTOR('',#6119,10.);
#1612=VECTOR('',#6120,10.);
#1613=VECTOR('',#6121,10.);
#1614=VECTOR('',#6122,10.);
#1615=VECTOR('',#6125,10.);
#1616=VECTOR('',#6126,10.);
#1617=VECTOR('',#6127,10.);
#1618=VECTOR('',#6128,10.);
#1619=VECTOR('',#6131,10.);
#1620=VECTOR('',#6132,10.);
#1621=VECTOR('',#6135,10.);
#1622=VECTOR('',#6136,10.);
#1623=VECTOR('',#6137,10.);
#1624=VECTOR('',#6138,10.);
#1625=VECTOR('',#6139,10.);
#1626=VECTOR('',#6140,10.);
#1627=VECTOR('',#6141,10.);
#1628=VECTOR('',#6142,10.);
#1629=VECTOR('',#6143,10.);
#1630=VECTOR('',#6144,10.);
#1631=VECTOR('',#6147,10.);
#1632=VECTOR('',#6148,10.);
#1633=VECTOR('',#6149,10.);
#1634=VECTOR('',#6150,10.);
#1635=VECTOR('',#6151,10.);
#1636=VECTOR('',#6152,10.);
#1637=VECTOR('',#6153,10.);
#1638=VECTOR('',#6154,10.);
#1639=VECTOR('',#6155,10.);
#1640=VECTOR('',#6156,10.);
#1641=VECTOR('',#6157,10.);
#1642=VECTOR('',#6158,10.);
#1643=VECTOR('',#6159,10.);
#1644=VECTOR('',#6160,10.);
#1645=VECTOR('',#6163,10.);
#1646=VECTOR('',#6164,10.);
#1647=VECTOR('',#6167,10.);
#1648=VECTOR('',#6168,10.);
#1649=VECTOR('',#6169,10.);
#1650=VECTOR('',#6170,10.);
#1651=VECTOR('',#6173,10.);
#1652=VECTOR('',#6174,10.);
#1653=VECTOR('',#6175,10.);
#1654=VECTOR('',#6176,10.);
#1655=VECTOR('',#6179,10.);
#1656=VECTOR('',#6182,10.);
#1657=VECTOR('',#6187,10.);
#1658=VECTOR('',#6188,10.);
#1659=VECTOR('',#6189,10.);
#1660=VECTOR('',#6192,10.);
#1661=VECTOR('',#6199,10.);
#1662=VECTOR('',#6200,10.);
#1663=VECTOR('',#6201,10.);
#1664=VECTOR('',#6204,10.);
#1665=VECTOR('',#6211,10.);
#1666=VECTOR('',#6212,10.);
#1667=VECTOR('',#6215,10.);
#1668=VECTOR('',#6222,10.);
#1669=VECTOR('',#6223,10.);
#1670=VECTOR('',#6226,10.);
#1671=VECTOR('',#6227,10.);
#1672=VECTOR('',#6228,10.);
#1673=VECTOR('',#6231,10.);
#1674=VECTOR('',#6232,10.);
#1675=VECTOR('',#6233,10.);
#1676=VECTOR('',#6234,10.);
#1677=VECTOR('',#6237,10.);
#1678=VECTOR('',#6242,10.);
#1679=VECTOR('',#6243,10.);
#1680=VECTOR('',#6246,10.);
#1681=VECTOR('',#6247,10.);
#1682=VECTOR('',#6256,10.);
#1683=VECTOR('',#6263,10.);
#1684=VECTOR('',#6266,10.);
#1685=VECTOR('',#6267,10.);
#1686=VECTOR('',#6268,10.);
#1687=VECTOR('',#6269,10.);
#1688=VECTOR('',#6280,10.);
#1689=VECTOR('',#6281,10.);
#1690=VECTOR('',#6282,10.);
#1691=VECTOR('',#6285,10.);
#1692=VECTOR('',#6290,10.);
#1693=VECTOR('',#6291,10.);
#1694=VECTOR('',#6294,10.);
#1695=VECTOR('',#6299,10.);
#1696=VECTOR('',#6300,10.);
#1697=VECTOR('',#6303,10.);
#1698=VECTOR('',#6308,10.);
#1699=VECTOR('',#6309,10.);
#1700=VECTOR('',#6318,1.8);
#1701=VECTOR('',#6323,1.7);
#1702=VECTOR('',#6328,10.);
#1703=VECTOR('',#6331,10.);
#1704=VECTOR('',#6332,10.);
#1705=VECTOR('',#6335,10.);
#1706=VECTOR('',#6336,10.);
#1707=VECTOR('',#6339,10.);
#1708=VECTOR('',#6342,10.);
#1709=VECTOR('',#6345,10.);
#1710=VECTOR('',#6348,10.);
#1711=VECTOR('',#6349,10.);
#1712=VECTOR('',#6350,10.);
#1713=VECTOR('',#6357,10.);
#1714=VECTOR('',#6364,10.);
#1715=VECTOR('',#6369,10.);
#1716=VECTOR('',#6370,10.);
#1717=VECTOR('',#6371,10.);
#1718=VECTOR('',#6374,10.);
#1719=VECTOR('',#6377,10.);
#1720=VECTOR('',#6380,10.);
#1721=VECTOR('',#6383,10.);
#1722=VECTOR('',#6386,10.);
#1723=VECTOR('',#6393,10.);
#1724=VECTOR('',#6400,10.);
#1725=VECTOR('',#6407,10.);
#1726=VECTOR('',#6414,10.);
#1727=VECTOR('',#6415,10.);
#1728=VECTOR('',#6416,10.);
#1729=VECTOR('',#6419,10.);
#1730=VECTOR('',#6422,10.);
#1731=VECTOR('',#6427,10.);
#1732=VECTOR('',#6428,10.);
#1733=VECTOR('',#6433,10.);
#1734=VECTOR('',#6434,10.);
#1735=VECTOR('',#6437,2.225);
#1736=VECTOR('',#6442,1.9625);
#1737=VECTOR('',#6445,10.);
#1738=VECTOR('',#6446,10.);
#1739=VECTOR('',#6453,10.);
#1740=VECTOR('',#6460,10.);
#1741=VECTOR('',#6467,10.);
#1742=VECTOR('',#6476,10.);
#1743=VECTOR('',#6483,10.);
#1744=VECTOR('',#6484,10.);
#1745=VECTOR('',#6487,10.);
#1746=VECTOR('',#6488,10.);
#1747=VECTOR('',#6491,10.);
#1748=VECTOR('',#6492,10.);
#1749=VECTOR('',#6495,10.);
#1750=VECTOR('',#6496,10.);
#1751=VECTOR('',#6499,10.);
#1752=VECTOR('',#6500,10.);
#1753=VECTOR('',#6503,10.);
#1754=VECTOR('',#6504,10.);
#1755=VECTOR('',#6517,10.);
#1756=VECTOR('',#6518,10.);
#1757=VECTOR('',#6523,10.);
#1758=VECTOR('',#6524,10.);
#1759=VECTOR('',#6529,10.);
#1760=VECTOR('',#6530,10.);
#1761=VECTOR('',#6535,10.);
#1762=VECTOR('',#6536,10.);
#1763=VECTOR('',#6541,10.);
#1764=B_SPLINE_CURVE_WITH_KNOTS('',3,(#6561,#6562,#6563,#6564,#6565),
 .UNSPECIFIED.,.F.,.F.,(4,1,4),(0.,0.00788827498521634,0.0154037887780756),
 .UNSPECIFIED.);
#1765=B_SPLINE_CURVE_WITH_KNOTS('',3,(#6567,#6568,#6569,#6570,#6571),
 .UNSPECIFIED.,.F.,.F.,(4,1,4),(0.,0.00753656495694932,0.0153000341596004),
 .UNSPECIFIED.);
#1766=B_SPLINE_CURVE_WITH_KNOTS('',3,(#6573,#6574,#6575,#6576,#6577),
 .UNSPECIFIED.,.F.,.F.,(4,1,4),(0.,0.00791323803233332,0.0154920832873835),
 .UNSPECIFIED.);
#1767=B_SPLINE_CURVE_WITH_KNOTS('',3,(#6581,#6582,#6583,#6584,#6585),
 .UNSPECIFIED.,.F.,.F.,(4,1,4),(0.,0.0153771893734433,0.0276699759245582),
 .UNSPECIFIED.);
#1768=B_SPLINE_CURVE_WITH_KNOTS('',3,(#6587,#6588,#6589,#6590,#6591),
 .UNSPECIFIED.,.F.,.F.,(4,1,4),(0.,0.0130475741701576,0.0286736144628889),
 .UNSPECIFIED.);
#1769=B_SPLINE_CURVE_WITH_KNOTS('',3,(#6593,#6594,#6595,#6596,#6597),
 .UNSPECIFIED.,.F.,.F.,(4,1,4),(0.,0.0403046577105932,0.0690010023674036),
 .UNSPECIFIED.);
#1770=B_SPLINE_CURVE_WITH_KNOTS('',3,(#6599,#6600,#6601,#6602,#6603),
 .UNSPECIFIED.,.F.,.F.,(4,1,4),(0.,0.0288484384863883,0.0692036138784514),
 .UNSPECIFIED.);
#1771=B_SPLINE_CURVE_WITH_KNOTS('',3,(#6605,#6606,#6607,#6608,#6609),
 .UNSPECIFIED.,.F.,.F.,(4,1,4),(0.,0.0118860870969329,0.0203115257723766),
 .UNSPECIFIED.);
#1772=B_SPLINE_CURVE_WITH_KNOTS('',3,(#6611,#6612,#6613,#6614,#6615),
 .UNSPECIFIED.,.F.,.F.,(4,1,4),(0.,0.00842540950797301,0.0203114966049059),
 .UNSPECIFIED.);
#1773=B_SPLINE_CURVE_WITH_KNOTS('',3,(#6617,#6618,#6619,#6620,#6621),
 .UNSPECIFIED.,.F.,.F.,(4,1,4),(0.,0.00814508954995545,0.0139632920336088),
 .UNSPECIFIED.);
#1774=B_SPLINE_CURVE_WITH_KNOTS('',3,(#6623,#6624,#6625,#6626,#6627),
 .UNSPECIFIED.,.F.,.F.,(4,1,4),(0.,0.00581817428177211,0.0139632638317276),
 .UNSPECIFIED.);
#1775=B_SPLINE_CURVE_WITH_KNOTS('',3,(#6629,#6630,#6631,#6632,#6633),
 .UNSPECIFIED.,.F.,.F.,(4,1,4),(0.,0.0109224147152218,0.0231274187909235),
 .UNSPECIFIED.);
#1776=B_SPLINE_CURVE_WITH_KNOTS('',3,(#6635,#6636,#6637,#6638,#6639),
 .UNSPECIFIED.,.F.,.F.,(4,1,4),(0.,0.0220970798587911,0.0393430416195645),
 .UNSPECIFIED.);
#1777=B_SPLINE_CURVE_WITH_KNOTS('',3,(#6641,#6642,#6643,#6644,#6645),
 .UNSPECIFIED.,.F.,.F.,(4,1,4),(0.,0.01662405188346,0.0397280688687421),
 .UNSPECIFIED.);
#1778=B_SPLINE_CURVE_WITH_KNOTS('',3,(#6647,#6648,#6649,#6650,#6651),
 .UNSPECIFIED.,.F.,.F.,(4,1,4),(0.,0.0114214205279217,0.029581048441201),
 .UNSPECIFIED.);
#1779=B_SPLINE_CURVE_WITH_KNOTS('',3,(#6653,#6654,#6655,#6656,#6657),
 .UNSPECIFIED.,.F.,.F.,(4,1,4),(0.,0.00793838880856282,0.0155465102171656),
 .UNSPECIFIED.);
#1780=B_SPLINE_CURVE_WITH_KNOTS('',3,(#6659,#6660,#6661,#6662,#6663),
 .UNSPECIFIED.,.F.,.F.,(4,1,4),(0.,0.00773747665739363,0.0156984096765763),
 .UNSPECIFIED.);
#1781=B_SPLINE_CURVE_WITH_KNOTS('',3,(#6665,#6666,#6667,#6668,#6669),
 .UNSPECIFIED.,.F.,.F.,(4,1,4),(0.,0.0273296856818582,0.0408357546546164),
 .UNSPECIFIED.);
#1782=B_SPLINE_CURVE_WITH_KNOTS('',3,(#6671,#6672,#6673,#6674,#6675),
 .UNSPECIFIED.,.F.,.F.,(4,1,4),(0.,0.0456369432281176,0.0786855131670789),
 .UNSPECIFIED.);
#1783=B_SPLINE_CURVE_WITH_KNOTS('',3,(#6677,#6678,#6679,#6680,#6681),
 .UNSPECIFIED.,.F.,.F.,(4,1,4),(0.,0.0324972708795718,0.0785035091474209),
 .UNSPECIFIED.);
#1784=B_SPLINE_CURVE_WITH_KNOTS('',3,(#6683,#6684,#6685,#6686,#6687),
 .UNSPECIFIED.,.F.,.F.,(4,1,4),(0.,0.0167449159723919,0.0286776365567039),
 .UNSPECIFIED.);
#1785=B_SPLINE_CURVE_WITH_KNOTS('',3,(#6689,#6690,#6691,#6692,#6693),
 .UNSPECIFIED.,.F.,.F.,(4,1,4),(0.,0.0120848526162691,0.0288803386244238),
 .UNSPECIFIED.);
#1786=B_SPLINE_CURVE_WITH_KNOTS('',3,(#6699,#6700,#6701,#6702,#6703),
 .UNSPECIFIED.,.F.,.F.,(4,1,4),(0.,0.0173169421084316,0.0417608179358203),
 .UNSPECIFIED.);
#1787=B_SPLINE_CURVE_WITH_KNOTS('',3,(#6705,#6706,#6707,#6708,#6709),
 .UNSPECIFIED.,.F.,.F.,(4,1,4),(0.,0.00962177917603007,0.0197025460377484),
 .UNSPECIFIED.);
#1788=B_SPLINE_CURVE_WITH_KNOTS('',3,(#6711,#6712,#6713,#6714,#6715),
 .UNSPECIFIED.,.F.,.F.,(4,1,4),(0.,0.0120857546170276,0.0200195633469828),
 .UNSPECIFIED.);
#1789=B_SPLINE_CURVE_WITH_KNOTS('',3,(#6720,#6721,#6722,#6723,#6724),
 .UNSPECIFIED.,.F.,.F.,(4,1,4),(0.,0.00753704297606027,0.0154458721623848),
 .UNSPECIFIED.);
#1790=B_SPLINE_CURVE_WITH_KNOTS('',3,(#6738,#6739,#6740,#6741,#6742),
 .UNSPECIFIED.,.F.,.F.,(4,1,4),(0.,0.00788827498521634,0.0154037887780756),
 .UNSPECIFIED.);
#1791=B_SPLINE_CURVE_WITH_KNOTS('',3,(#6755,#6756,#6757,#6758,#6759),
 .UNSPECIFIED.,.F.,.F.,(4,1,4),(0.,0.00753656495694932,0.0153000341596004),
 .UNSPECIFIED.);
#1792=B_SPLINE_CURVE_WITH_KNOTS('',3,(#6772,#6773,#6774,#6775,#6776),
 .UNSPECIFIED.,.F.,.F.,(4,1,4),(0.,0.00791323803233332,0.0154920832873835),
 .UNSPECIFIED.);
#1793=B_SPLINE_CURVE_WITH_KNOTS('',3,(#6793,#6794,#6795,#6796,#6797),
 .UNSPECIFIED.,.F.,.F.,(4,1,4),(0.,0.0153771893734433,0.0276699759245582),
 .UNSPECIFIED.);
#1794=B_SPLINE_CURVE_WITH_KNOTS('',3,(#6810,#6811,#6812,#6813,#6814),
 .UNSPECIFIED.,.F.,.F.,(4,1,4),(0.,0.0130475741701576,0.0286736144628889),
 .UNSPECIFIED.);
#1795=B_SPLINE_CURVE_WITH_KNOTS('',3,(#6827,#6828,#6829,#6830,#6831),
 .UNSPECIFIED.,.F.,.F.,(4,1,4),(0.,0.0403046577105932,0.0690010023674036),
 .UNSPECIFIED.);
#1796=B_SPLINE_CURVE_WITH_KNOTS('',3,(#6844,#6845,#6846,#6847,#6848),
 .UNSPECIFIED.,.F.,.F.,(4,1,4),(0.,0.0288484384863883,0.0692036138784514),
 .UNSPECIFIED.);
#1797=B_SPLINE_CURVE_WITH_KNOTS('',3,(#6861,#6862,#6863,#6864,#6865),
 .UNSPECIFIED.,.F.,.F.,(4,1,4),(0.,0.0118860870969329,0.0203115257723766),
 .UNSPECIFIED.);
#1798=B_SPLINE_CURVE_WITH_KNOTS('',3,(#6878,#6879,#6880,#6881,#6882),
 .UNSPECIFIED.,.F.,.F.,(4,1,4),(0.,0.00842540950797301,0.0203114966049059),
 .UNSPECIFIED.);
#1799=B_SPLINE_CURVE_WITH_KNOTS('',3,(#6895,#6896,#6897,#6898,#6899),
 .UNSPECIFIED.,.F.,.F.,(4,1,4),(0.,0.00814508954995545,0.0139632920336088),
 .UNSPECIFIED.);
#1800=B_SPLINE_CURVE_WITH_KNOTS('',3,(#6912,#6913,#6914,#6915,#6916),
 .UNSPECIFIED.,.F.,.F.,(4,1,4),(0.,0.00581817428177211,0.0139632638317276),
 .UNSPECIFIED.);
#1801=B_SPLINE_CURVE_WITH_KNOTS('',3,(#6929,#6930,#6931,#6932,#6933),
 .UNSPECIFIED.,.F.,.F.,(4,1,4),(0.,0.0109224147152218,0.0231274187909235),
 .UNSPECIFIED.);
#1802=B_SPLINE_CURVE_WITH_KNOTS('',3,(#6946,#6947,#6948,#6949,#6950),
 .UNSPECIFIED.,.F.,.F.,(4,1,4),(0.,0.0220970798587911,0.0393430416195645),
 .UNSPECIFIED.);
#1803=B_SPLINE_CURVE_WITH_KNOTS('',3,(#6963,#6964,#6965,#6966,#6967),
 .UNSPECIFIED.,.F.,.F.,(4,1,4),(0.,0.01662405188346,0.0397280688687421),
 .UNSPECIFIED.);
#1804=B_SPLINE_CURVE_WITH_KNOTS('',3,(#6980,#6981,#6982,#6983,#6984),
 .UNSPECIFIED.,.F.,.F.,(4,1,4),(0.,0.0114214205279217,0.029581048441201),
 .UNSPECIFIED.);
#1805=B_SPLINE_CURVE_WITH_KNOTS('',3,(#6997,#6998,#6999,#7000,#7001),
 .UNSPECIFIED.,.F.,.F.,(4,1,4),(0.,0.00793838880856282,0.0155465102171656),
 .UNSPECIFIED.);
#1806=B_SPLINE_CURVE_WITH_KNOTS('',3,(#7014,#7015,#7016,#7017,#7018),
 .UNSPECIFIED.,.F.,.F.,(4,1,4),(0.,0.00773747665739363,0.0156984096765763),
 .UNSPECIFIED.);
#1807=B_SPLINE_CURVE_WITH_KNOTS('',3,(#7031,#7032,#7033,#7034,#7035),
 .UNSPECIFIED.,.F.,.F.,(4,1,4),(0.,0.0273296856818582,0.0408357546546164),
 .UNSPECIFIED.);
#1808=B_SPLINE_CURVE_WITH_KNOTS('',3,(#7048,#7049,#7050,#7051,#7052),
 .UNSPECIFIED.,.F.,.F.,(4,1,4),(0.,0.0456369432281176,0.0786855131670789),
 .UNSPECIFIED.);
#1809=B_SPLINE_CURVE_WITH_KNOTS('',3,(#7065,#7066,#7067,#7068,#7069),
 .UNSPECIFIED.,.F.,.F.,(4,1,4),(0.,0.0324972708795718,0.0785035091474209),
 .UNSPECIFIED.);
#1810=B_SPLINE_CURVE_WITH_KNOTS('',3,(#7082,#7083,#7084,#7085,#7086),
 .UNSPECIFIED.,.F.,.F.,(4,1,4),(0.,0.0167449159723919,0.0286776365567039),
 .UNSPECIFIED.);
#1811=B_SPLINE_CURVE_WITH_KNOTS('',3,(#7099,#7100,#7101,#7102,#7103),
 .UNSPECIFIED.,.F.,.F.,(4,1,4),(0.,0.0120848526162691,0.0288803386244238),
 .UNSPECIFIED.);
#1812=B_SPLINE_CURVE_WITH_KNOTS('',3,(#7124,#7125,#7126,#7127,#7128),
 .UNSPECIFIED.,.F.,.F.,(4,1,4),(0.,0.0173169421084316,0.0417608179358203),
 .UNSPECIFIED.);
#1813=B_SPLINE_CURVE_WITH_KNOTS('',3,(#7141,#7142,#7143,#7144,#7145),
 .UNSPECIFIED.,.F.,.F.,(4,1,4),(0.,0.00962177917603007,0.0197025460377484),
 .UNSPECIFIED.);
#1814=B_SPLINE_CURVE_WITH_KNOTS('',3,(#7158,#7159,#7160,#7161,#7162),
 .UNSPECIFIED.,.F.,.F.,(4,1,4),(0.,0.0120857546170276,0.0200195633469828),
 .UNSPECIFIED.);
#1815=B_SPLINE_CURVE_WITH_KNOTS('',3,(#7182,#7183,#7184,#7185,#7186),
 .UNSPECIFIED.,.F.,.F.,(4,1,4),(0.,0.00753704297606027,0.0154458721623848),
 .UNSPECIFIED.);
#1816=B_SPLINE_CURVE_WITH_KNOTS('',3,(#7190,#7191,#7192,#7193,#7194),
 .UNSPECIFIED.,.F.,.F.,(4,1,4),(0.,0.00811575759315334,0.0163914633994364),
 .UNSPECIFIED.);
#1817=B_SPLINE_CURVE_WITH_KNOTS('',3,(#7196,#7197,#7198,#7199,#7200),
 .UNSPECIFIED.,.F.,.F.,(4,1,4),(0.,0.00778027602192949,0.0150059659382404),
 .UNSPECIFIED.);
#1818=B_SPLINE_CURVE_WITH_KNOTS('',3,(#7202,#7203,#7204,#7205,#7206),
 .UNSPECIFIED.,.F.,.F.,(4,1,4),(0.,0.0652249018839437,0.11889907777897),
 .UNSPECIFIED.);
#1819=B_SPLINE_CURVE_WITH_KNOTS('',3,(#7208,#7209,#7210,#7211,#7212),
 .UNSPECIFIED.,.F.,.F.,(4,1,4),(0.,0.0303856814843972,0.0636207332765285),
 .UNSPECIFIED.);
#1820=B_SPLINE_CURVE_WITH_KNOTS('',3,(#7214,#7215,#7216,#7217,#7218),
 .UNSPECIFIED.,.F.,.F.,(4,1,4),(0.,0.0299078303884238,0.0629658748032083),
 .UNSPECIFIED.);
#1821=B_SPLINE_CURVE_WITH_KNOTS('',3,(#7220,#7221,#7222,#7223,#7224),
 .UNSPECIFIED.,.F.,.F.,(4,1,4),(0.,0.0784199626719745,0.140049704913805),
 .UNSPECIFIED.);
#1822=B_SPLINE_CURVE_WITH_KNOTS('',3,(#7226,#7227,#7228,#7229,#7230),
 .UNSPECIFIED.,.F.,.F.,(4,1,4),(0.,0.0261333454958283,0.0490217592132043),
 .UNSPECIFIED.);
#1823=B_SPLINE_CURVE_WITH_KNOTS('',3,(#7234,#7235,#7236,#7237,#7238),
 .UNSPECIFIED.,.F.,.F.,(4,1,4),(0.,0.012059317268421,0.0243395293093509),
 .UNSPECIFIED.);
#1824=B_SPLINE_CURVE_WITH_KNOTS('',3,(#7240,#7241,#7242,#7243,#7244),
 .UNSPECIFIED.,.F.,.F.,(4,1,4),(0.,0.0109799869639174,0.0216014493594877),
 .UNSPECIFIED.);
#1825=B_SPLINE_CURVE_WITH_KNOTS('',3,(#7246,#7247,#7248,#7249,#7250),
 .UNSPECIFIED.,.F.,.F.,(4,1,4),(0.,0.0178698564863814,0.0307172079541881),
 .UNSPECIFIED.);
#1826=B_SPLINE_CURVE_WITH_KNOTS('',3,(#7252,#7253,#7254,#7255,#7256),
 .UNSPECIFIED.,.F.,.F.,(4,1,4),(0.,0.0128473216864719,0.0307171775698753),
 .UNSPECIFIED.);
#1827=B_SPLINE_CURVE_WITH_KNOTS('',3,(#7258,#7259,#7260,#7261,#7262),
 .UNSPECIFIED.,.F.,.F.,(4,1,4),(0.,0.0324671786550903,0.055578107214382),
 .UNSPECIFIED.);
#1828=B_SPLINE_CURVE_WITH_KNOTS('',3,(#7264,#7265,#7266,#7267,#7268),
 .UNSPECIFIED.,.F.,.F.,(4,1,4),(0.,0.023263042703723,0.0557806920644786),
 .UNSPECIFIED.);
#1829=B_SPLINE_CURVE_WITH_KNOTS('',3,(#7270,#7271,#7272,#7273,#7274),
 .UNSPECIFIED.,.F.,.F.,(4,1,4),(0.,0.0278566310984908,0.047828081912309),
 .UNSPECIFIED.);
#1830=B_SPLINE_CURVE_WITH_KNOTS('',3,(#7276,#7277,#7278,#7279,#7280),
 .UNSPECIFIED.,.F.,.F.,(4,1,4),(0.,0.0199715402045502,0.0478281716084141),
 .UNSPECIFIED.);
#1831=B_SPLINE_CURVE_WITH_KNOTS('',3,(#7282,#7283,#7284,#7285,#7286),
 .UNSPECIFIED.,.F.,.F.,(4,1,4),(0.,0.00800194585144024,0.0163237365344209),
 .UNSPECIFIED.);
#1832=B_SPLINE_CURVE_WITH_KNOTS('',3,(#7288,#7289,#7290,#7291,#7292),
 .UNSPECIFIED.,.F.,.F.,(4,1,4),(0.,0.00813120095741974,0.0160486786921227),
 .UNSPECIFIED.);
#1833=B_SPLINE_CURVE_WITH_KNOTS('',3,(#7294,#7295,#7296,#7297,#7298),
 .UNSPECIFIED.,.F.,.F.,(4,1,4),(0.,0.00791747159859248,0.0160486798792412),
 .UNSPECIFIED.);
#1834=B_SPLINE_CURVE_WITH_KNOTS('',3,(#7300,#7301,#7302,#7303,#7304),
 .UNSPECIFIED.,.F.,.F.,(4,1,4),(0.,0.00832179068298065,0.0163237365344209),
 .UNSPECIFIED.);
#1835=B_SPLINE_CURVE_WITH_KNOTS('',3,(#7310,#7311,#7312,#7313,#7314),
 .UNSPECIFIED.,.F.,.F.,(4,1,4),(0.,0.0900798043075082,0.175500235798415),
 .UNSPECIFIED.);
#1836=B_SPLINE_CURVE_WITH_KNOTS('',3,(#7316,#7317,#7318,#7319,#7320),
 .UNSPECIFIED.,.F.,.F.,(4,1,4),(0.,0.0076340678282826,0.0161229396301437),
 .UNSPECIFIED.);
#1837=B_SPLINE_CURVE_WITH_KNOTS('',3,(#7321,#7322,#7323,#7324,#7325),
 .UNSPECIFIED.,.F.,.F.,(4,1,4),(0.,0.00821451117504902,0.0161609956446433),
 .UNSPECIFIED.);
#1838=B_SPLINE_CURVE_WITH_KNOTS('',3,(#7328,#7329,#7330,#7331,#7332),
 .UNSPECIFIED.,.F.,.F.,(4,1,4),(0.,0.0284046801769735,0.0633289867437882),
 .UNSPECIFIED.);
#1839=B_SPLINE_CURVE_WITH_KNOTS('',3,(#7334,#7335,#7336,#7337,#7338),
 .UNSPECIFIED.,.F.,.F.,(4,1,4),(0.,0.0132451221430173,0.0224266042603927),
 .UNSPECIFIED.);
#1840=B_SPLINE_CURVE_WITH_KNOTS('',3,(#7340,#7341,#7342,#7343,#7344),
 .UNSPECIFIED.,.F.,.F.,(4,1,4),(0.,0.0131451062768669,0.0268329938301326),
 .UNSPECIFIED.);
#1841=B_SPLINE_CURVE_WITH_KNOTS('',3,(#7346,#7347,#7348,#7349,#7350),
 .UNSPECIFIED.,.F.,.F.,(4,1,4),(0.,0.0453952059575695,0.0792881081585668),
 .UNSPECIFIED.);
#1842=B_SPLINE_CURVE_WITH_KNOTS('',3,(#7352,#7353,#7354,#7355,#7356),
 .UNSPECIFIED.,.F.,.F.,(4,1,4),(0.,0.00525423920701652,0.00903501897606162),
 .UNSPECIFIED.);
#1843=B_SPLINE_CURVE_WITH_KNOTS('',3,(#7358,#7359,#7360,#7361,#7362),
 .UNSPECIFIED.,.F.,.F.,(4,1,4),(0.,0.00362857206544719,0.00883208687891035),
 .UNSPECIFIED.);
#1844=B_SPLINE_CURVE_WITH_KNOTS('',3,(#7366,#7367,#7368,#7369,#7370),
 .UNSPECIFIED.,.F.,.F.,(4,1,4),(0.,0.018229116242592,0.0404925021838388),
 .UNSPECIFIED.);
#1845=B_SPLINE_CURVE_WITH_KNOTS('',3,(#7372,#7373,#7374,#7375,#7376),
 .UNSPECIFIED.,.F.,.F.,(4,1,4),(0.,0.0136917107990901,0.0246075260550789),
 .UNSPECIFIED.);
#1846=B_SPLINE_CURVE_WITH_KNOTS('',3,(#7381,#7382,#7383,#7384,#7385),
 .UNSPECIFIED.,.F.,.F.,(4,1,4),(0.,0.0349084053101778,0.0675115388319875),
 .UNSPECIFIED.);
#1847=B_SPLINE_CURVE_WITH_KNOTS('',3,(#7399,#7400,#7401,#7402,#7403),
 .UNSPECIFIED.,.F.,.F.,(4,1,4),(0.,0.0284046801769735,0.0633289867437882),
 .UNSPECIFIED.);
#1848=B_SPLINE_CURVE_WITH_KNOTS('',3,(#7416,#7417,#7418,#7419,#7420),
 .UNSPECIFIED.,.F.,.F.,(4,1,4),(0.,0.0132451221430173,0.0224266042603927),
 .UNSPECIFIED.);
#1849=B_SPLINE_CURVE_WITH_KNOTS('',3,(#7433,#7434,#7435,#7436,#7437),
 .UNSPECIFIED.,.F.,.F.,(4,1,4),(0.,0.0131451062768669,0.0268329938301326),
 .UNSPECIFIED.);
#1850=B_SPLINE_CURVE_WITH_KNOTS('',3,(#7450,#7451,#7452,#7453,#7454),
 .UNSPECIFIED.,.F.,.F.,(4,1,4),(0.,0.0453952059575695,0.0792881081585668),
 .UNSPECIFIED.);
#1851=B_SPLINE_CURVE_WITH_KNOTS('',3,(#7467,#7468,#7469,#7470,#7471),
 .UNSPECIFIED.,.F.,.F.,(4,1,4),(0.,0.00525423920701652,0.00903501897606162),
 .UNSPECIFIED.);
#1852=B_SPLINE_CURVE_WITH_KNOTS('',3,(#7484,#7485,#7486,#7487,#7488),
 .UNSPECIFIED.,.F.,.F.,(4,1,4),(0.,0.00362857206544719,0.00883208687891035),
 .UNSPECIFIED.);
#1853=B_SPLINE_CURVE_WITH_KNOTS('',3,(#7505,#7506,#7507,#7508,#7509),
 .UNSPECIFIED.,.F.,.F.,(4,1,4),(0.,0.018229116242592,0.0404925021838388),
 .UNSPECIFIED.);
#1854=B_SPLINE_CURVE_WITH_KNOTS('',3,(#7522,#7523,#7524,#7525,#7526),
 .UNSPECIFIED.,.F.,.F.,(4,1,4),(0.,0.0136917107990901,0.0246075260550789),
 .UNSPECIFIED.);
#1855=B_SPLINE_CURVE_WITH_KNOTS('',3,(#7546,#7547,#7548,#7549,#7550),
 .UNSPECIFIED.,.F.,.F.,(4,1,4),(0.,0.0349084053101778,0.0675115388319875),
 .UNSPECIFIED.);
#1856=B_SPLINE_CURVE_WITH_KNOTS('',3,(#7564,#7565,#7566,#7567,#7568),
 .UNSPECIFIED.,.F.,.F.,(4,1,4),(0.,0.00811575759315334,0.0163914633994364),
 .UNSPECIFIED.);
#1857=B_SPLINE_CURVE_WITH_KNOTS('',3,(#7581,#7582,#7583,#7584,#7585),
 .UNSPECIFIED.,.F.,.F.,(4,1,4),(0.,0.00778027602192949,0.0150059659382404),
 .UNSPECIFIED.);
#1858=B_SPLINE_CURVE_WITH_KNOTS('',3,(#7598,#7599,#7600,#7601,#7602),
 .UNSPECIFIED.,.F.,.F.,(4,1,4),(0.,0.0652249018839437,0.11889907777897),
 .UNSPECIFIED.);
#1859=B_SPLINE_CURVE_WITH_KNOTS('',3,(#7615,#7616,#7617,#7618,#7619),
 .UNSPECIFIED.,.F.,.F.,(4,1,4),(0.,0.0303856814843972,0.0636207332765285),
 .UNSPECIFIED.);
#1860=B_SPLINE_CURVE_WITH_KNOTS('',3,(#7632,#7633,#7634,#7635,#7636),
 .UNSPECIFIED.,.F.,.F.,(4,1,4),(0.,0.0299078303884238,0.0629658748032083),
 .UNSPECIFIED.);
#1861=B_SPLINE_CURVE_WITH_KNOTS('',3,(#7649,#7650,#7651,#7652,#7653),
 .UNSPECIFIED.,.F.,.F.,(4,1,4),(0.,0.0784199626719745,0.140049704913805),
 .UNSPECIFIED.);
#1862=B_SPLINE_CURVE_WITH_KNOTS('',3,(#7666,#7667,#7668,#7669,#7670),
 .UNSPECIFIED.,.F.,.F.,(4,1,4),(0.,0.0261333454958283,0.0490217592132043),
 .UNSPECIFIED.);
#1863=B_SPLINE_CURVE_WITH_KNOTS('',3,(#7687,#7688,#7689,#7690,#7691),
 .UNSPECIFIED.,.F.,.F.,(4,1,4),(0.,0.012059317268421,0.0243395293093509),
 .UNSPECIFIED.);
#1864=B_SPLINE_CURVE_WITH_KNOTS('',3,(#7704,#7705,#7706,#7707,#7708),
 .UNSPECIFIED.,.F.,.F.,(4,1,4),(0.,0.0109799869639174,0.0216014493594877),
 .UNSPECIFIED.);
#1865=B_SPLINE_CURVE_WITH_KNOTS('',3,(#7721,#7722,#7723,#7724,#7725),
 .UNSPECIFIED.,.F.,.F.,(4,1,4),(0.,0.0178698564863814,0.0307172079541881),
 .UNSPECIFIED.);
#1866=B_SPLINE_CURVE_WITH_KNOTS('',3,(#7738,#7739,#7740,#7741,#7742),
 .UNSPECIFIED.,.F.,.F.,(4,1,4),(0.,0.0128473216864719,0.0307171775698753),
 .UNSPECIFIED.);
#1867=B_SPLINE_CURVE_WITH_KNOTS('',3,(#7755,#7756,#7757,#7758,#7759),
 .UNSPECIFIED.,.F.,.F.,(4,1,4),(0.,0.0324671786550903,0.055578107214382),
 .UNSPECIFIED.);
#1868=B_SPLINE_CURVE_WITH_KNOTS('',3,(#7772,#7773,#7774,#7775,#7776),
 .UNSPECIFIED.,.F.,.F.,(4,1,4),(0.,0.023263042703723,0.0557806920644786),
 .UNSPECIFIED.);
#1869=B_SPLINE_CURVE_WITH_KNOTS('',3,(#7789,#7790,#7791,#7792,#7793),
 .UNSPECIFIED.,.F.,.F.,(4,1,4),(0.,0.0278566310984908,0.047828081912309),
 .UNSPECIFIED.);
#1870=B_SPLINE_CURVE_WITH_KNOTS('',3,(#7806,#7807,#7808,#7809,#7810),
 .UNSPECIFIED.,.F.,.F.,(4,1,4),(0.,0.0199715402045502,0.0478281716084141),
 .UNSPECIFIED.);
#1871=B_SPLINE_CURVE_WITH_KNOTS('',3,(#7823,#7824,#7825,#7826,#7827),
 .UNSPECIFIED.,.F.,.F.,(4,1,4),(0.,0.00800194585144024,0.0163237365344209),
 .UNSPECIFIED.);
#1872=B_SPLINE_CURVE_WITH_KNOTS('',3,(#7840,#7841,#7842,#7843,#7844),
 .UNSPECIFIED.,.F.,.F.,(4,1,4),(0.,0.00813120095741974,0.0160486786921227),
 .UNSPECIFIED.);
#1873=B_SPLINE_CURVE_WITH_KNOTS('',3,(#7857,#7858,#7859,#7860,#7861),
 .UNSPECIFIED.,.F.,.F.,(4,1,4),(0.,0.00791747159859248,0.0160486798792412),
 .UNSPECIFIED.);
#1874=B_SPLINE_CURVE_WITH_KNOTS('',3,(#7874,#7875,#7876,#7877,#7878),
 .UNSPECIFIED.,.F.,.F.,(4,1,4),(0.,0.00832179068298065,0.0163237365344209),
 .UNSPECIFIED.);
#1875=B_SPLINE_CURVE_WITH_KNOTS('',3,(#7899,#7900,#7901,#7902,#7903),
 .UNSPECIFIED.,.F.,.F.,(4,1,4),(0.,0.0900798043075082,0.175500235798415),
 .UNSPECIFIED.);
#1876=B_SPLINE_CURVE_WITH_KNOTS('',3,(#7916,#7917,#7918,#7919,#7920),
 .UNSPECIFIED.,.F.,.F.,(4,1,4),(0.,0.0076340678282826,0.0161229396301437),
 .UNSPECIFIED.);
#1877=B_SPLINE_CURVE_WITH_KNOTS('',3,(#7932,#7933,#7934,#7935,#7936),
 .UNSPECIFIED.,.F.,.F.,(4,1,4),(0.,0.00821451117504902,0.0161609956446433),
 .UNSPECIFIED.);
#1878=B_SPLINE_CURVE_WITH_KNOTS('',3,(#8009,#8010,#8011,#8012),
 .UNSPECIFIED.,.F.,.F.,(4,4),(-0.801005313684135,-0.719269114990351),
 .UNSPECIFIED.);
#1879=B_SPLINE_CURVE_WITH_KNOTS('',3,(#8014,#8015,#8016,#8017,#8018,#8019,
#8020),.UNSPECIFIED.,.F.,.F.,(4,1,1,1,4),(2.36886618683827,2.46291047704314,
2.55695476724801,2.62748798490166,2.69802120255531),.UNSPECIFIED.);
#1880=B_SPLINE_CURVE_WITH_KNOTS('',3,(#8022,#8023,#8024,#8025),
 .UNSPECIFIED.,.F.,.F.,(4,4),(-2.42232353859944,-2.34058733990566),
 .UNSPECIFIED.);
#1881=B_SPLINE_CURVE_WITH_KNOTS('',3,(#8252,#8253,#8254,#8255,#8256,#8257,
#8258),.UNSPECIFIED.,.F.,.F.,(4,1,1,1,4),(-2.69802120255531,-2.62748798490166,
-2.55695476724801,-2.46291047704314,-2.36886618683827),.UNSPECIFIED.);
#1882=B_SPLINE_CURVE_WITH_KNOTS('',3,(#8275,#8276,#8277,#8278),
 .UNSPECIFIED.,.F.,.F.,(4,4),(0.719269114990351,0.801005313684135),
 .UNSPECIFIED.);
#1883=B_SPLINE_CURVE_WITH_KNOTS('',3,(#8295,#8296,#8297,#8298),
 .UNSPECIFIED.,.F.,.F.,(4,4),(2.34058733990566,2.42232353859944),
 .UNSPECIFIED.);
#1884=B_SPLINE_CURVE_WITH_KNOTS('',3,(#8398,#8399,#8400,#8401,#8402),
 .UNSPECIFIED.,.F.,.F.,(4,1,4),(0.,0.00788827498521634,0.0154037887780756),
 .UNSPECIFIED.);
#1885=B_SPLINE_CURVE_WITH_KNOTS('',3,(#8404,#8405,#8406,#8407,#8408),
 .UNSPECIFIED.,.F.,.F.,(4,1,4),(0.,0.00753656495694932,0.0153000341596004),
 .UNSPECIFIED.);
#1886=B_SPLINE_CURVE_WITH_KNOTS('',3,(#8410,#8411,#8412,#8413,#8414),
 .UNSPECIFIED.,.F.,.F.,(4,1,4),(0.,0.00791326736760532,0.0154920629366907),
 .UNSPECIFIED.);
#1887=B_SPLINE_CURVE_WITH_KNOTS('',3,(#8418,#8419,#8420,#8421,#8422),
 .UNSPECIFIED.,.F.,.F.,(4,1,4),(0.,0.0153771893734433,0.0276699759245582),
 .UNSPECIFIED.);
#1888=B_SPLINE_CURVE_WITH_KNOTS('',3,(#8424,#8425,#8426,#8427,#8428),
 .UNSPECIFIED.,.F.,.F.,(4,1,4),(0.,0.0130475750974044,0.0286736130674123),
 .UNSPECIFIED.);
#1889=B_SPLINE_CURVE_WITH_KNOTS('',3,(#8430,#8431,#8432,#8433,#8434),
 .UNSPECIFIED.,.F.,.F.,(4,1,4),(0.,0.0403046577105932,0.0690010023674036),
 .UNSPECIFIED.);
#1890=B_SPLINE_CURVE_WITH_KNOTS('',3,(#8436,#8437,#8438,#8439,#8440),
 .UNSPECIFIED.,.F.,.F.,(4,1,4),(0.,0.0288484384863883,0.0692036138784514),
 .UNSPECIFIED.);
#1891=B_SPLINE_CURVE_WITH_KNOTS('',3,(#8442,#8443,#8444,#8445,#8446),
 .UNSPECIFIED.,.F.,.F.,(4,1,4),(0.,0.0118860870969329,0.0203115257723766),
 .UNSPECIFIED.);
#1892=B_SPLINE_CURVE_WITH_KNOTS('',3,(#8448,#8449,#8450,#8451,#8452),
 .UNSPECIFIED.,.F.,.F.,(4,1,4),(0.,0.00842540887974248,0.020311497312632),
 .UNSPECIFIED.);
#1893=B_SPLINE_CURVE_WITH_KNOTS('',3,(#8454,#8455,#8456,#8457,#8458),
 .UNSPECIFIED.,.F.,.F.,(4,1,4),(0.,0.00814508954995545,0.0139632920336088),
 .UNSPECIFIED.);
#1894=B_SPLINE_CURVE_WITH_KNOTS('',3,(#8460,#8461,#8462,#8463,#8464),
 .UNSPECIFIED.,.F.,.F.,(4,1,4),(0.,0.00581817428177211,0.0139632638317276),
 .UNSPECIFIED.);
#1895=B_SPLINE_CURVE_WITH_KNOTS('',3,(#8466,#8467,#8468,#8469,#8470),
 .UNSPECIFIED.,.F.,.F.,(4,1,4),(0.,0.0109224147152218,0.0231274187909235),
 .UNSPECIFIED.);
#1896=B_SPLINE_CURVE_WITH_KNOTS('',3,(#8472,#8473,#8474,#8475,#8476),
 .UNSPECIFIED.,.F.,.F.,(4,1,4),(0.,0.0220970798587911,0.0393430416195645),
 .UNSPECIFIED.);
#1897=B_SPLINE_CURVE_WITH_KNOTS('',3,(#8478,#8479,#8480,#8481,#8482),
 .UNSPECIFIED.,.F.,.F.,(4,1,4),(0.,0.01662405188346,0.0397280688687421),
 .UNSPECIFIED.);
#1898=B_SPLINE_CURVE_WITH_KNOTS('',3,(#8484,#8485,#8486,#8487,#8488),
 .UNSPECIFIED.,.F.,.F.,(4,1,4),(0.,0.0114214205279217,0.029581048441201),
 .UNSPECIFIED.);
#1899=B_SPLINE_CURVE_WITH_KNOTS('',3,(#8490,#8491,#8492,#8493,#8494),
 .UNSPECIFIED.,.F.,.F.,(4,1,4),(0.,0.00793837194891798,0.0155464992213521),
 .UNSPECIFIED.);
#1900=B_SPLINE_CURVE_WITH_KNOTS('',3,(#8496,#8497,#8498,#8499,#8500),
 .UNSPECIFIED.,.F.,.F.,(4,1,4),(0.,0.00773750587720524,0.0156984144858537),
 .UNSPECIFIED.);
#1901=B_SPLINE_CURVE_WITH_KNOTS('',3,(#8502,#8503,#8504,#8505,#8506),
 .UNSPECIFIED.,.F.,.F.,(4,1,4),(0.,0.0273296856818582,0.0408357546546164),
 .UNSPECIFIED.);
#1902=B_SPLINE_CURVE_WITH_KNOTS('',3,(#8508,#8509,#8510,#8511,#8512),
 .UNSPECIFIED.,.F.,.F.,(4,1,4),(0.,0.0456369432281176,0.0786855131670789),
 .UNSPECIFIED.);
#1903=B_SPLINE_CURVE_WITH_KNOTS('',3,(#8514,#8515,#8516,#8517,#8518),
 .UNSPECIFIED.,.F.,.F.,(4,1,4),(0.,0.0324972708795718,0.0785035091474209),
 .UNSPECIFIED.);
#1904=B_SPLINE_CURVE_WITH_KNOTS('',3,(#8520,#8521,#8522,#8523,#8524),
 .UNSPECIFIED.,.F.,.F.,(4,1,4),(0.,0.0167449136694017,0.0286776353310079),
 .UNSPECIFIED.);
#1905=B_SPLINE_CURVE_WITH_KNOTS('',3,(#8526,#8527,#8528,#8529,#8530),
 .UNSPECIFIED.,.F.,.F.,(4,1,4),(0.,0.0120848526162691,0.0288803386244238),
 .UNSPECIFIED.);
#1906=B_SPLINE_CURVE_WITH_KNOTS('',3,(#8536,#8537,#8538,#8539,#8540),
 .UNSPECIFIED.,.F.,.F.,(4,1,4),(0.,0.0173169558193321,0.0417608025068436),
 .UNSPECIFIED.);
#1907=B_SPLINE_CURVE_WITH_KNOTS('',3,(#8542,#8543,#8544,#8545,#8546),
 .UNSPECIFIED.,.F.,.F.,(4,1,4),(0.,0.00962175512830818,0.0197025296409488),
 .UNSPECIFIED.);
#1908=B_SPLINE_CURVE_WITH_KNOTS('',3,(#8548,#8549,#8550,#8551,#8552),
 .UNSPECIFIED.,.F.,.F.,(4,1,4),(0.,0.0120857843980651,0.0200195637734318),
 .UNSPECIFIED.);
#1909=B_SPLINE_CURVE_WITH_KNOTS('',3,(#8557,#8558,#8559,#8560,#8561),
 .UNSPECIFIED.,.F.,.F.,(4,1,4),(0.,0.00753701799539202,0.0154458471817165),
 .UNSPECIFIED.);
#1910=B_SPLINE_CURVE_WITH_KNOTS('',3,(#8575,#8576,#8577,#8578,#8579),
 .UNSPECIFIED.,.F.,.F.,(4,1,4),(0.,0.00788827498521634,0.0154037887780756),
 .UNSPECIFIED.);
#1911=B_SPLINE_CURVE_WITH_KNOTS('',3,(#8592,#8593,#8594,#8595,#8596),
 .UNSPECIFIED.,.F.,.F.,(4,1,4),(0.,0.00753656495694932,0.0153000341596004),
 .UNSPECIFIED.);
#1912=B_SPLINE_CURVE_WITH_KNOTS('',3,(#8609,#8610,#8611,#8612,#8613),
 .UNSPECIFIED.,.F.,.F.,(4,1,4),(0.,0.00791326736760532,0.0154920629366907),
 .UNSPECIFIED.);
#1913=B_SPLINE_CURVE_WITH_KNOTS('',3,(#8630,#8631,#8632,#8633,#8634),
 .UNSPECIFIED.,.F.,.F.,(4,1,4),(0.,0.0153771893734433,0.0276699759245582),
 .UNSPECIFIED.);
#1914=B_SPLINE_CURVE_WITH_KNOTS('',3,(#8647,#8648,#8649,#8650,#8651),
 .UNSPECIFIED.,.F.,.F.,(4,1,4),(0.,0.0130475750974044,0.0286736130674123),
 .UNSPECIFIED.);
#1915=B_SPLINE_CURVE_WITH_KNOTS('',3,(#8664,#8665,#8666,#8667,#8668),
 .UNSPECIFIED.,.F.,.F.,(4,1,4),(0.,0.0403046577105932,0.0690010023674036),
 .UNSPECIFIED.);
#1916=B_SPLINE_CURVE_WITH_KNOTS('',3,(#8681,#8682,#8683,#8684,#8685),
 .UNSPECIFIED.,.F.,.F.,(4,1,4),(0.,0.0288484384863883,0.0692036138784514),
 .UNSPECIFIED.);
#1917=B_SPLINE_CURVE_WITH_KNOTS('',3,(#8698,#8699,#8700,#8701,#8702),
 .UNSPECIFIED.,.F.,.F.,(4,1,4),(0.,0.0118860870969329,0.0203115257723766),
 .UNSPECIFIED.);
#1918=B_SPLINE_CURVE_WITH_KNOTS('',3,(#8715,#8716,#8717,#8718,#8719),
 .UNSPECIFIED.,.F.,.F.,(4,1,4),(0.,0.00842540887974248,0.020311497312632),
 .UNSPECIFIED.);
#1919=B_SPLINE_CURVE_WITH_KNOTS('',3,(#8732,#8733,#8734,#8735,#8736),
 .UNSPECIFIED.,.F.,.F.,(4,1,4),(0.,0.00814508954995545,0.0139632920336088),
 .UNSPECIFIED.);
#1920=B_SPLINE_CURVE_WITH_KNOTS('',3,(#8749,#8750,#8751,#8752,#8753),
 .UNSPECIFIED.,.F.,.F.,(4,1,4),(0.,0.00581817428177211,0.0139632638317276),
 .UNSPECIFIED.);
#1921=B_SPLINE_CURVE_WITH_KNOTS('',3,(#8766,#8767,#8768,#8769,#8770),
 .UNSPECIFIED.,.F.,.F.,(4,1,4),(0.,0.0109224147152218,0.0231274187909235),
 .UNSPECIFIED.);
#1922=B_SPLINE_CURVE_WITH_KNOTS('',3,(#8783,#8784,#8785,#8786,#8787),
 .UNSPECIFIED.,.F.,.F.,(4,1,4),(0.,0.0220970798587911,0.0393430416195645),
 .UNSPECIFIED.);
#1923=B_SPLINE_CURVE_WITH_KNOTS('',3,(#8800,#8801,#8802,#8803,#8804),
 .UNSPECIFIED.,.F.,.F.,(4,1,4),(0.,0.01662405188346,0.0397280688687421),
 .UNSPECIFIED.);
#1924=B_SPLINE_CURVE_WITH_KNOTS('',3,(#8817,#8818,#8819,#8820,#8821),
 .UNSPECIFIED.,.F.,.F.,(4,1,4),(0.,0.0114214205279217,0.029581048441201),
 .UNSPECIFIED.);
#1925=B_SPLINE_CURVE_WITH_KNOTS('',3,(#8834,#8835,#8836,#8837,#8838),
 .UNSPECIFIED.,.F.,.F.,(4,1,4),(0.,0.00793837194891798,0.0155464992213521),
 .UNSPECIFIED.);
#1926=B_SPLINE_CURVE_WITH_KNOTS('',3,(#8851,#8852,#8853,#8854,#8855),
 .UNSPECIFIED.,.F.,.F.,(4,1,4),(0.,0.00773750587720524,0.0156984144858537),
 .UNSPECIFIED.);
#1927=B_SPLINE_CURVE_WITH_KNOTS('',3,(#8868,#8869,#8870,#8871,#8872),
 .UNSPECIFIED.,.F.,.F.,(4,1,4),(0.,0.0273296856818582,0.0408357546546164),
 .UNSPECIFIED.);
#1928=B_SPLINE_CURVE_WITH_KNOTS('',3,(#8885,#8886,#8887,#8888,#8889),
 .UNSPECIFIED.,.F.,.F.,(4,1,4),(0.,0.0456369432281176,0.0786855131670789),
 .UNSPECIFIED.);
#1929=B_SPLINE_CURVE_WITH_KNOTS('',3,(#8902,#8903,#8904,#8905,#8906),
 .UNSPECIFIED.,.F.,.F.,(4,1,4),(0.,0.0324972708795718,0.0785035091474209),
 .UNSPECIFIED.);
#1930=B_SPLINE_CURVE_WITH_KNOTS('',3,(#8919,#8920,#8921,#8922,#8923),
 .UNSPECIFIED.,.F.,.F.,(4,1,4),(0.,0.0167449136694017,0.0286776353310079),
 .UNSPECIFIED.);
#1931=B_SPLINE_CURVE_WITH_KNOTS('',3,(#8936,#8937,#8938,#8939,#8940),
 .UNSPECIFIED.,.F.,.F.,(4,1,4),(0.,0.0120848526162691,0.0288803386244238),
 .UNSPECIFIED.);
#1932=B_SPLINE_CURVE_WITH_KNOTS('',3,(#8961,#8962,#8963,#8964,#8965),
 .UNSPECIFIED.,.F.,.F.,(4,1,4),(0.,0.0173169558193321,0.0417608025068436),
 .UNSPECIFIED.);
#1933=B_SPLINE_CURVE_WITH_KNOTS('',3,(#8978,#8979,#8980,#8981,#8982),
 .UNSPECIFIED.,.F.,.F.,(4,1,4),(0.,0.00962175512830818,0.0197025296409488),
 .UNSPECIFIED.);
#1934=B_SPLINE_CURVE_WITH_KNOTS('',3,(#8995,#8996,#8997,#8998,#8999),
 .UNSPECIFIED.,.F.,.F.,(4,1,4),(0.,0.0120857843980651,0.0200195637734318),
 .UNSPECIFIED.);
#1935=B_SPLINE_CURVE_WITH_KNOTS('',3,(#9019,#9020,#9021,#9022,#9023),
 .UNSPECIFIED.,.F.,.F.,(4,1,4),(0.,0.00753701799539202,0.0154458471817165),
 .UNSPECIFIED.);
#1936=B_SPLINE_CURVE_WITH_KNOTS('',3,(#9027,#9028,#9029,#9030,#9031),
 .UNSPECIFIED.,.F.,.F.,(4,1,4),(0.,0.00811576327657958,0.0163914690828626),
 .UNSPECIFIED.);
#1937=B_SPLINE_CURVE_WITH_KNOTS('',3,(#9033,#9034,#9035,#9036,#9037),
 .UNSPECIFIED.,.F.,.F.,(4,1,4),(0.,0.00778027602192949,0.0150059659382404),
 .UNSPECIFIED.);
#1938=B_SPLINE_CURVE_WITH_KNOTS('',3,(#9039,#9040,#9041,#9042,#9043),
 .UNSPECIFIED.,.F.,.F.,(4,1,4),(0.,0.0652249018839437,0.11889907777897),
 .UNSPECIFIED.);
#1939=B_SPLINE_CURVE_WITH_KNOTS('',3,(#9045,#9046,#9047,#9048,#9049),
 .UNSPECIFIED.,.F.,.F.,(4,1,4),(0.,0.0303856690667748,0.0636207070032245),
 .UNSPECIFIED.);
#1940=B_SPLINE_CURVE_WITH_KNOTS('',3,(#9051,#9052,#9053,#9054,#9055),
 .UNSPECIFIED.,.F.,.F.,(4,1,4),(0.,0.0299078303884238,0.0629658937423369),
 .UNSPECIFIED.);
#1941=B_SPLINE_CURVE_WITH_KNOTS('',3,(#9057,#9058,#9059,#9060,#9061),
 .UNSPECIFIED.,.F.,.F.,(4,1,4),(0.,0.0784199626719745,0.140049704913805),
 .UNSPECIFIED.);
#1942=B_SPLINE_CURVE_WITH_KNOTS('',3,(#9063,#9064,#9065,#9066,#9067),
 .UNSPECIFIED.,.F.,.F.,(4,1,4),(0.,0.0261333454958283,0.0490217592132043),
 .UNSPECIFIED.);
#1943=B_SPLINE_CURVE_WITH_KNOTS('',3,(#9071,#9072,#9073,#9074,#9075),
 .UNSPECIFIED.,.F.,.F.,(4,1,4),(0.,0.0120593229429909,0.0243395349839208),
 .UNSPECIFIED.);
#1944=B_SPLINE_CURVE_WITH_KNOTS('',3,(#9077,#9078,#9079,#9080,#9081),
 .UNSPECIFIED.,.F.,.F.,(4,1,4),(0.,0.0109799858620627,0.0216014448404847),
 .UNSPECIFIED.);
#1945=B_SPLINE_CURVE_WITH_KNOTS('',3,(#9083,#9084,#9085,#9086,#9087),
 .UNSPECIFIED.,.F.,.F.,(4,1,4),(0.,0.0178698564863814,0.0307172079541881),
 .UNSPECIFIED.);
#1946=B_SPLINE_CURVE_WITH_KNOTS('',3,(#9089,#9090,#9091,#9092,#9093),
 .UNSPECIFIED.,.F.,.F.,(4,1,4),(0.,0.0128473216864719,0.0307171769669003),
 .UNSPECIFIED.);
#1947=B_SPLINE_CURVE_WITH_KNOTS('',3,(#9095,#9096,#9097,#9098,#9099),
 .UNSPECIFIED.,.F.,.F.,(4,1,4),(0.,0.0324671786550903,0.055578107214382),
 .UNSPECIFIED.);
#1948=B_SPLINE_CURVE_WITH_KNOTS('',3,(#9101,#9102,#9103,#9104,#9105),
 .UNSPECIFIED.,.F.,.F.,(4,1,4),(0.,0.023263042703723,0.0557806920644786),
 .UNSPECIFIED.);
#1949=B_SPLINE_CURVE_WITH_KNOTS('',3,(#9107,#9108,#9109,#9110,#9111),
 .UNSPECIFIED.,.F.,.F.,(4,1,4),(0.,0.0278566314038639,0.0478280822176822),
 .UNSPECIFIED.);
#1950=B_SPLINE_CURVE_WITH_KNOTS('',3,(#9113,#9114,#9115,#9116,#9117),
 .UNSPECIFIED.,.F.,.F.,(4,1,4),(0.,0.0199715400625713,0.0478281711610621),
 .UNSPECIFIED.);
#1951=B_SPLINE_CURVE_WITH_KNOTS('',3,(#9119,#9120,#9121,#9122,#9123),
 .UNSPECIFIED.,.F.,.F.,(4,1,4),(0.,0.00800194585144024,0.0163237378292299),
 .UNSPECIFIED.);
#1952=B_SPLINE_CURVE_WITH_KNOTS('',3,(#9125,#9126,#9127,#9128,#9129),
 .UNSPECIFIED.,.F.,.F.,(4,1,4),(0.,0.0081312082806487,0.0160486798792412),
 .UNSPECIFIED.);
#1953=B_SPLINE_CURVE_WITH_KNOTS('',3,(#9131,#9132,#9133,#9134,#9135),
 .UNSPECIFIED.,.F.,.F.,(4,1,4),(0.,0.00791747159859248,0.0160486798792412),
 .UNSPECIFIED.);
#1954=B_SPLINE_CURVE_WITH_KNOTS('',3,(#9137,#9138,#9139,#9140,#9141),
 .UNSPECIFIED.,.F.,.F.,(4,1,4),(0.,0.00832179197778971,0.0163237297498637),
 .UNSPECIFIED.);
#1955=B_SPLINE_CURVE_WITH_KNOTS('',3,(#9147,#9148,#9149,#9150,#9151),
 .UNSPECIFIED.,.F.,.F.,(4,1,4),(0.,0.0900797925724111,0.175500210378005),
 .UNSPECIFIED.);
#1956=B_SPLINE_CURVE_WITH_KNOTS('',3,(#9153,#9154,#9155,#9156,#9157),
 .UNSPECIFIED.,.F.,.F.,(4,1,4),(0.,0.00763409694862088,0.016122968750482),
 .UNSPECIFIED.);
#1957=B_SPLINE_CURVE_WITH_KNOTS('',3,(#9158,#9159,#9160,#9161,#9162),
 .UNSPECIFIED.,.F.,.F.,(4,1,4),(0.,0.00821448678163035,0.0161609712512246),
 .UNSPECIFIED.);
#1958=B_SPLINE_CURVE_WITH_KNOTS('',3,(#9165,#9166,#9167,#9168,#9169),
 .UNSPECIFIED.,.F.,.F.,(4,1,4),(0.,0.0284046843830206,0.0633289909498354),
 .UNSPECIFIED.);
#1959=B_SPLINE_CURVE_WITH_KNOTS('',3,(#9171,#9172,#9173,#9174,#9175),
 .UNSPECIFIED.,.F.,.F.,(4,1,4),(0.,0.0132451402972513,0.0224266224146267),
 .UNSPECIFIED.);
#1960=B_SPLINE_CURVE_WITH_KNOTS('',3,(#9177,#9178,#9179,#9180,#9181),
 .UNSPECIFIED.,.F.,.F.,(4,1,4),(0.,0.0131451062768669,0.0268329717332831),
 .UNSPECIFIED.);
#1961=B_SPLINE_CURVE_WITH_KNOTS('',3,(#9183,#9184,#9185,#9186,#9187),
 .UNSPECIFIED.,.F.,.F.,(4,1,4),(0.,0.0453952059575695,0.0792881223476796),
 .UNSPECIFIED.);
#1962=B_SPLINE_CURVE_WITH_KNOTS('',3,(#9189,#9190,#9191,#9192,#9193),
 .UNSPECIFIED.,.F.,.F.,(4,1,4),(0.,0.00525423920701652,0.00903501897606162),
 .UNSPECIFIED.);
#1963=B_SPLINE_CURVE_WITH_KNOTS('',3,(#9195,#9196,#9197,#9198,#9199),
 .UNSPECIFIED.,.F.,.F.,(4,1,4),(0.,0.00362857951529808,0.0088320868813697),
 .UNSPECIFIED.);
#1964=B_SPLINE_CURVE_WITH_KNOTS('',3,(#9203,#9204,#9205,#9206,#9207),
 .UNSPECIFIED.,.F.,.F.,(4,1,4),(0.,0.018229116242592,0.0404925021838388),
 .UNSPECIFIED.);
#1965=B_SPLINE_CURVE_WITH_KNOTS('',3,(#9209,#9210,#9211,#9212,#9213),
 .UNSPECIFIED.,.F.,.F.,(4,1,4),(0.,0.0136917107990901,0.0246075260550789),
 .UNSPECIFIED.);
#1966=B_SPLINE_CURVE_WITH_KNOTS('',3,(#9218,#9219,#9220,#9221,#9222),
 .UNSPECIFIED.,.F.,.F.,(4,1,4),(0.,0.0349083924435848,0.0675115403911316),
 .UNSPECIFIED.);
#1967=B_SPLINE_CURVE_WITH_KNOTS('',3,(#9236,#9237,#9238,#9239,#9240),
 .UNSPECIFIED.,.F.,.F.,(4,1,4),(0.,0.0284046843830206,0.0633289909498354),
 .UNSPECIFIED.);
#1968=B_SPLINE_CURVE_WITH_KNOTS('',3,(#9253,#9254,#9255,#9256,#9257),
 .UNSPECIFIED.,.F.,.F.,(4,1,4),(0.,0.0132451402972513,0.0224266224146267),
 .UNSPECIFIED.);
#1969=B_SPLINE_CURVE_WITH_KNOTS('',3,(#9270,#9271,#9272,#9273,#9274),
 .UNSPECIFIED.,.F.,.F.,(4,1,4),(0.,0.0131451062768669,0.0268329717332831),
 .UNSPECIFIED.);
#1970=B_SPLINE_CURVE_WITH_KNOTS('',3,(#9287,#9288,#9289,#9290,#9291),
 .UNSPECIFIED.,.F.,.F.,(4,1,4),(0.,0.0453952059575695,0.0792881223476796),
 .UNSPECIFIED.);
#1971=B_SPLINE_CURVE_WITH_KNOTS('',3,(#9304,#9305,#9306,#9307,#9308),
 .UNSPECIFIED.,.F.,.F.,(4,1,4),(0.,0.00525423920701652,0.00903501897606162),
 .UNSPECIFIED.);
#1972=B_SPLINE_CURVE_WITH_KNOTS('',3,(#9321,#9322,#9323,#9324,#9325),
 .UNSPECIFIED.,.F.,.F.,(4,1,4),(0.,0.00362857951529808,0.0088320868813697),
 .UNSPECIFIED.);
#1973=B_SPLINE_CURVE_WITH_KNOTS('',3,(#9342,#9343,#9344,#9345,#9346),
 .UNSPECIFIED.,.F.,.F.,(4,1,4),(0.,0.018229116242592,0.0404925021838388),
 .UNSPECIFIED.);
#1974=B_SPLINE_CURVE_WITH_KNOTS('',3,(#9359,#9360,#9361,#9362,#9363),
 .UNSPECIFIED.,.F.,.F.,(4,1,4),(0.,0.0136917107990901,0.0246075260550789),
 .UNSPECIFIED.);
#1975=B_SPLINE_CURVE_WITH_KNOTS('',3,(#9383,#9384,#9385,#9386,#9387),
 .UNSPECIFIED.,.F.,.F.,(4,1,4),(0.,0.0349083924435848,0.0675115403911316),
 .UNSPECIFIED.);
#1976=B_SPLINE_CURVE_WITH_KNOTS('',3,(#9401,#9402,#9403,#9404,#9405),
 .UNSPECIFIED.,.F.,.F.,(4,1,4),(0.,0.00811576327657958,0.0163914690828626),
 .UNSPECIFIED.);
#1977=B_SPLINE_CURVE_WITH_KNOTS('',3,(#9418,#9419,#9420,#9421,#9422),
 .UNSPECIFIED.,.F.,.F.,(4,1,4),(0.,0.00778027602192949,0.0150059659382404),
 .UNSPECIFIED.);
#1978=B_SPLINE_CURVE_WITH_KNOTS('',3,(#9435,#9436,#9437,#9438,#9439),
 .UNSPECIFIED.,.F.,.F.,(4,1,4),(0.,0.0652249018839437,0.11889907777897),
 .UNSPECIFIED.);
#1979=B_SPLINE_CURVE_WITH_KNOTS('',3,(#9452,#9453,#9454,#9455,#9456),
 .UNSPECIFIED.,.F.,.F.,(4,1,4),(0.,0.0303856690667748,0.0636207070032245),
 .UNSPECIFIED.);
#1980=B_SPLINE_CURVE_WITH_KNOTS('',3,(#9469,#9470,#9471,#9472,#9473),
 .UNSPECIFIED.,.F.,.F.,(4,1,4),(0.,0.0299078303884238,0.0629658937423369),
 .UNSPECIFIED.);
#1981=B_SPLINE_CURVE_WITH_KNOTS('',3,(#9486,#9487,#9488,#9489,#9490),
 .UNSPECIFIED.,.F.,.F.,(4,1,4),(0.,0.0784199626719745,0.140049704913805),
 .UNSPECIFIED.);
#1982=B_SPLINE_CURVE_WITH_KNOTS('',3,(#9503,#9504,#9505,#9506,#9507),
 .UNSPECIFIED.,.F.,.F.,(4,1,4),(0.,0.0261333454958283,0.0490217592132043),
 .UNSPECIFIED.);
#1983=B_SPLINE_CURVE_WITH_KNOTS('',3,(#9524,#9525,#9526,#9527,#9528),
 .UNSPECIFIED.,.F.,.F.,(4,1,4),(0.,0.0120593229429909,0.0243395349839208),
 .UNSPECIFIED.);
#1984=B_SPLINE_CURVE_WITH_KNOTS('',3,(#9541,#9542,#9543,#9544,#9545),
 .UNSPECIFIED.,.F.,.F.,(4,1,4),(0.,0.0109799858620627,0.0216014448404847),
 .UNSPECIFIED.);
#1985=B_SPLINE_CURVE_WITH_KNOTS('',3,(#9558,#9559,#9560,#9561,#9562),
 .UNSPECIFIED.,.F.,.F.,(4,1,4),(0.,0.0178698564863814,0.0307172079541881),
 .UNSPECIFIED.);
#1986=B_SPLINE_CURVE_WITH_KNOTS('',3,(#9575,#9576,#9577,#9578,#9579),
 .UNSPECIFIED.,.F.,.F.,(4,1,4),(0.,0.0128473216864719,0.0307171769669003),
 .UNSPECIFIED.);
#1987=B_SPLINE_CURVE_WITH_KNOTS('',3,(#9592,#9593,#9594,#9595,#9596),
 .UNSPECIFIED.,.F.,.F.,(4,1,4),(0.,0.0324671786550903,0.055578107214382),
 .UNSPECIFIED.);
#1988=B_SPLINE_CURVE_WITH_KNOTS('',3,(#9609,#9610,#9611,#9612,#9613),
 .UNSPECIFIED.,.F.,.F.,(4,1,4),(0.,0.023263042703723,0.0557806920644786),
 .UNSPECIFIED.);
#1989=B_SPLINE_CURVE_WITH_KNOTS('',3,(#9626,#9627,#9628,#9629,#9630),
 .UNSPECIFIED.,.F.,.F.,(4,1,4),(0.,0.0278566314038639,0.0478280822176822),
 .UNSPECIFIED.);
#1990=B_SPLINE_CURVE_WITH_KNOTS('',3,(#9643,#9644,#9645,#9646,#9647),
 .UNSPECIFIED.,.F.,.F.,(4,1,4),(0.,0.0199715400625713,0.0478281711610621),
 .UNSPECIFIED.);
#1991=B_SPLINE_CURVE_WITH_KNOTS('',3,(#9660,#9661,#9662,#9663,#9664),
 .UNSPECIFIED.,.F.,.F.,(4,1,4),(0.,0.00800194585144024,0.0163237378292299),
 .UNSPECIFIED.);
#1992=B_SPLINE_CURVE_WITH_KNOTS('',3,(#9677,#9678,#9679,#9680,#9681),
 .UNSPECIFIED.,.F.,.F.,(4,1,4),(0.,0.0081312082806487,0.0160486798792412),
 .UNSPECIFIED.);
#1993=B_SPLINE_CURVE_WITH_KNOTS('',3,(#9694,#9695,#9696,#9697,#9698),
 .UNSPECIFIED.,.F.,.F.,(4,1,4),(0.,0.00791747159859248,0.0160486798792412),
 .UNSPECIFIED.);
#1994=B_SPLINE_CURVE_WITH_KNOTS('',3,(#9711,#9712,#9713,#9714,#9715),
 .UNSPECIFIED.,.F.,.F.,(4,1,4),(0.,0.00832179197778971,0.0163237297498637),
 .UNSPECIFIED.);
#1995=B_SPLINE_CURVE_WITH_KNOTS('',3,(#9736,#9737,#9738,#9739,#9740),
 .UNSPECIFIED.,.F.,.F.,(4,1,4),(0.,0.0900797925724111,0.175500210378005),
 .UNSPECIFIED.);
#1996=B_SPLINE_CURVE_WITH_KNOTS('',3,(#9753,#9754,#9755,#9756,#9757),
 .UNSPECIFIED.,.F.,.F.,(4,1,4),(0.,0.00763409694862088,0.016122968750482),
 .UNSPECIFIED.);
#1997=B_SPLINE_CURVE_WITH_KNOTS('',3,(#9769,#9770,#9771,#9772,#9773),
 .UNSPECIFIED.,.F.,.F.,(4,1,4),(0.,0.00821448678163035,0.0161609712512246),
 .UNSPECIFIED.);
#1998=B_SPLINE_CURVE_WITH_KNOTS('',3,(#9856,#9857,#9858,#9859),
 .UNSPECIFIED.,.F.,.F.,(4,4),(-2.42232353859944,-2.34058733990566),
 .UNSPECIFIED.);
#1999=B_SPLINE_CURVE_WITH_KNOTS('',3,(#9861,#9862,#9863,#9864,#9865,#9866,
#9867),.UNSPECIFIED.,.F.,.F.,(4,1,1,1,4),(2.36886618683827,2.46291047704314,
2.55695476724801,2.62748798490166,2.69802120255531),.UNSPECIFIED.);
#2000=B_SPLINE_CURVE_WITH_KNOTS('',3,(#9869,#9870,#9871,#9872),
 .UNSPECIFIED.,.F.,.F.,(4,4),(-0.801005313684135,-0.719269114990351),
 .UNSPECIFIED.);
#2001=B_SPLINE_CURVE_WITH_KNOTS('',3,(#10083,#10084,#10085,#10086,#10087,
#10088,#10089),.UNSPECIFIED.,.F.,.F.,(4,1,1,1,4),(-2.69802120255531,-2.62748798490166,
-2.55695476724801,-2.46291047704314,-2.36886618683827),.UNSPECIFIED.);
#2002=B_SPLINE_CURVE_WITH_KNOTS('',3,(#10107,#10108,#10109,#10110),
 .UNSPECIFIED.,.F.,.F.,(4,4),(0.719269114990351,0.801005313684135),
 .UNSPECIFIED.);
#2003=B_SPLINE_CURVE_WITH_KNOTS('',3,(#10127,#10128,#10129,#10130),
 .UNSPECIFIED.,.F.,.F.,(4,4),(2.34058733990566,2.42232353859944),
 .UNSPECIFIED.);
#2004=VERTEX_POINT('',#6559);
#2005=VERTEX_POINT('',#6560);
#2006=VERTEX_POINT('',#6566);
#2007=VERTEX_POINT('',#6572);
#2008=VERTEX_POINT('',#6578);
#2009=VERTEX_POINT('',#6580);
#2010=VERTEX_POINT('',#6586);
#2011=VERTEX_POINT('',#6592);
#2012=VERTEX_POINT('',#6598);
#2013=VERTEX_POINT('',#6604);
#2014=VERTEX_POINT('',#6610);
#2015=VERTEX_POINT('',#6616);
#2016=VERTEX_POINT('',#6622);
#2017=VERTEX_POINT('',#6628);
#2018=VERTEX_POINT('',#6634);
#2019=VERTEX_POINT('',#6640);
#2020=VERTEX_POINT('',#6646);
#2021=VERTEX_POINT('',#6652);
#2022=VERTEX_POINT('',#6658);
#2023=VERTEX_POINT('',#6664);
#2024=VERTEX_POINT('',#6670);
#2025=VERTEX_POINT('',#6676);
#2026=VERTEX_POINT('',#6682);
#2027=VERTEX_POINT('',#6688);
#2028=VERTEX_POINT('',#6694);
#2029=VERTEX_POINT('',#6696);
#2030=VERTEX_POINT('',#6698);
#2031=VERTEX_POINT('',#6704);
#2032=VERTEX_POINT('',#6710);
#2033=VERTEX_POINT('',#6716);
#2034=VERTEX_POINT('',#6718);
#2035=VERTEX_POINT('',#6735);
#2036=VERTEX_POINT('',#6737);
#2037=VERTEX_POINT('',#6754);
#2038=VERTEX_POINT('',#6771);
#2039=VERTEX_POINT('',#6779);
#2040=VERTEX_POINT('',#6792);
#2041=VERTEX_POINT('',#6809);
#2042=VERTEX_POINT('',#6826);
#2043=VERTEX_POINT('',#6843);
#2044=VERTEX_POINT('',#6860);
#2045=VERTEX_POINT('',#6877);
#2046=VERTEX_POINT('',#6894);
#2047=VERTEX_POINT('',#6911);
#2048=VERTEX_POINT('',#6928);
#2049=VERTEX_POINT('',#6945);
#2050=VERTEX_POINT('',#6962);
#2051=VERTEX_POINT('',#6979);
#2052=VERTEX_POINT('',#6996);
#2053=VERTEX_POINT('',#7013);
#2054=VERTEX_POINT('',#7030);
#2055=VERTEX_POINT('',#7047);
#2056=VERTEX_POINT('',#7064);
#2057=VERTEX_POINT('',#7081);
#2058=VERTEX_POINT('',#7098);
#2059=VERTEX_POINT('',#7106);
#2060=VERTEX_POINT('',#7110);
#2061=VERTEX_POINT('',#7123);
#2062=VERTEX_POINT('',#7140);
#2063=VERTEX_POINT('',#7157);
#2064=VERTEX_POINT('',#7165);
#2065=VERTEX_POINT('',#7169);
#2066=VERTEX_POINT('',#7188);
#2067=VERTEX_POINT('',#7189);
#2068=VERTEX_POINT('',#7195);
#2069=VERTEX_POINT('',#7201);
#2070=VERTEX_POINT('',#7207);
#2071=VERTEX_POINT('',#7213);
#2072=VERTEX_POINT('',#7219);
#2073=VERTEX_POINT('',#7225);
#2074=VERTEX_POINT('',#7231);
#2075=VERTEX_POINT('',#7233);
#2076=VERTEX_POINT('',#7239);
#2077=VERTEX_POINT('',#7245);
#2078=VERTEX_POINT('',#7251);
#2079=VERTEX_POINT('',#7257);
#2080=VERTEX_POINT('',#7263);
#2081=VERTEX_POINT('',#7269);
#2082=VERTEX_POINT('',#7275);
#2083=VERTEX_POINT('',#7281);
#2084=VERTEX_POINT('',#7287);
#2085=VERTEX_POINT('',#7293);
#2086=VERTEX_POINT('',#7299);
#2087=VERTEX_POINT('',#7305);
#2088=VERTEX_POINT('',#7307);
#2089=VERTEX_POINT('',#7309);
#2090=VERTEX_POINT('',#7315);
#2091=VERTEX_POINT('',#7326);
#2092=VERTEX_POINT('',#7327);
#2093=VERTEX_POINT('',#7333);
#2094=VERTEX_POINT('',#7339);
#2095=VERTEX_POINT('',#7345);
#2096=VERTEX_POINT('',#7351);
#2097=VERTEX_POINT('',#7357);
#2098=VERTEX_POINT('',#7363);
#2099=VERTEX_POINT('',#7365);
#2100=VERTEX_POINT('',#7371);
#2101=VERTEX_POINT('',#7377);
#2102=VERTEX_POINT('',#7379);
#2103=VERTEX_POINT('',#7396);
#2104=VERTEX_POINT('',#7398);
#2105=VERTEX_POINT('',#7415);
#2106=VERTEX_POINT('',#7432);
#2107=VERTEX_POINT('',#7449);
#2108=VERTEX_POINT('',#7466);
#2109=VERTEX_POINT('',#7483);
#2110=VERTEX_POINT('',#7491);
#2111=VERTEX_POINT('',#7504);
#2112=VERTEX_POINT('',#7521);
#2113=VERTEX_POINT('',#7529);
#2114=VERTEX_POINT('',#7533);
#2115=VERTEX_POINT('',#7561);
#2116=VERTEX_POINT('',#7563);
#2117=VERTEX_POINT('',#7580);
#2118=VERTEX_POINT('',#7597);
#2119=VERTEX_POINT('',#7614);
#2120=VERTEX_POINT('',#7631);
#2121=VERTEX_POINT('',#7648);
#2122=VERTEX_POINT('',#7665);
#2123=VERTEX_POINT('',#7673);
#2124=VERTEX_POINT('',#7686);
#2125=VERTEX_POINT('',#7703);
#2126=VERTEX_POINT('',#7720);
#2127=VERTEX_POINT('',#7737);
#2128=VERTEX_POINT('',#7754);
#2129=VERTEX_POINT('',#7771);
#2130=VERTEX_POINT('',#7788);
#2131=VERTEX_POINT('',#7805);
#2132=VERTEX_POINT('',#7822);
#2133=VERTEX_POINT('',#7839);
#2134=VERTEX_POINT('',#7856);
#2135=VERTEX_POINT('',#7873);
#2136=VERTEX_POINT('',#7881);
#2137=VERTEX_POINT('',#7885);
#2138=VERTEX_POINT('',#7898);
#2139=VERTEX_POINT('',#7915);
#2140=VERTEX_POINT('',#7938);
#2141=VERTEX_POINT('',#7939);
#2142=VERTEX_POINT('',#7941);
#2143=VERTEX_POINT('',#7943);
#2144=VERTEX_POINT('',#7947);
#2145=VERTEX_POINT('',#7949);
#2146=VERTEX_POINT('',#7952);
#2147=VERTEX_POINT('',#7954);
#2148=VERTEX_POINT('',#7957);
#2149=VERTEX_POINT('',#7958);
#2150=VERTEX_POINT('',#7960);
#2151=VERTEX_POINT('',#7962);
#2152=VERTEX_POINT('',#7966);
#2153=VERTEX_POINT('',#7971);
#2154=VERTEX_POINT('',#7975);
#2155=VERTEX_POINT('',#7976);
#2156=VERTEX_POINT('',#7981);
#2157=VERTEX_POINT('',#7983);
#2158=VERTEX_POINT('',#7987);
#2159=VERTEX_POINT('',#7988);
#2160=VERTEX_POINT('',#7993);
#2161=VERTEX_POINT('',#7994);
#2162=VERTEX_POINT('',#8002);
#2163=VERTEX_POINT('',#8004);
#2164=VERTEX_POINT('',#8006);
#2165=VERTEX_POINT('',#8008);
#2166=VERTEX_POINT('',#8013);
#2167=VERTEX_POINT('',#8021);
#2168=VERTEX_POINT('',#8028);
#2169=VERTEX_POINT('',#8032);
#2170=VERTEX_POINT('',#8036);
#2171=VERTEX_POINT('',#8039);
#2172=VERTEX_POINT('',#8041);
#2173=VERTEX_POINT('',#8042);
#2174=VERTEX_POINT('',#8044);
#2175=VERTEX_POINT('',#8046);
#2176=VERTEX_POINT('',#8051);
#2177=VERTEX_POINT('',#8053);
#2178=VERTEX_POINT('',#8057);
#2179=VERTEX_POINT('',#8061);
#2180=VERTEX_POINT('',#8065);
#2181=VERTEX_POINT('',#8069);
#2182=VERTEX_POINT('',#8071);
#2183=VERTEX_POINT('',#8075);
#2184=VERTEX_POINT('',#8080);
#2185=VERTEX_POINT('',#8092);
#2186=VERTEX_POINT('',#8096);
#2187=VERTEX_POINT('',#8100);
#2188=VERTEX_POINT('',#8102);
#2189=VERTEX_POINT('',#8104);
#2190=VERTEX_POINT('',#8108);
#2191=VERTEX_POINT('',#8112);
#2192=VERTEX_POINT('',#8114);
#2193=VERTEX_POINT('',#8120);
#2194=VERTEX_POINT('',#8122);
#2195=VERTEX_POINT('',#8124);
#2196=VERTEX_POINT('',#8126);
#2197=VERTEX_POINT('',#8128);
#2198=VERTEX_POINT('',#8130);
#2199=VERTEX_POINT('',#8132);
#2200=VERTEX_POINT('',#8134);
#2201=VERTEX_POINT('',#8138);
#2202=VERTEX_POINT('',#8142);
#2203=VERTEX_POINT('',#8143);
#2204=VERTEX_POINT('',#8145);
#2205=VERTEX_POINT('',#8147);
#2206=VERTEX_POINT('',#8151);
#2207=VERTEX_POINT('',#8153);
#2208=VERTEX_POINT('',#8155);
#2209=VERTEX_POINT('',#8159);
#2210=VERTEX_POINT('',#8161);
#2211=VERTEX_POINT('',#8163);
#2212=VERTEX_POINT('',#8170);
#2213=VERTEX_POINT('',#8172);
#2214=VERTEX_POINT('',#8174);
#2215=VERTEX_POINT('',#8176);
#2216=VERTEX_POINT('',#8178);
#2217=VERTEX_POINT('',#8180);
#2218=VERTEX_POINT('',#8182);
#2219=VERTEX_POINT('',#8184);
#2220=VERTEX_POINT('',#8186);
#2221=VERTEX_POINT('',#8188);
#2222=VERTEX_POINT('',#8190);
#2223=VERTEX_POINT('',#8192);
#2224=VERTEX_POINT('',#8194);
#2225=VERTEX_POINT('',#8196);
#2226=VERTEX_POINT('',#8198);
#2227=VERTEX_POINT('',#8200);
#2228=VERTEX_POINT('',#8205);
#2229=VERTEX_POINT('',#8207);
#2230=VERTEX_POINT('',#8213);
#2231=VERTEX_POINT('',#8215);
#2232=VERTEX_POINT('',#8217);
#2233=VERTEX_POINT('',#8248);
#2234=VERTEX_POINT('',#8250);
#2235=VERTEX_POINT('',#8300);
#2236=VERTEX_POINT('',#8306);
#2237=VERTEX_POINT('',#8308);
#2238=VERTEX_POINT('',#8310);
#2239=VERTEX_POINT('',#8312);
#2240=VERTEX_POINT('',#8314);
#2241=VERTEX_POINT('',#8316);
#2242=VERTEX_POINT('',#8318);
#2243=VERTEX_POINT('',#8320);
#2244=VERTEX_POINT('',#8322);
#2245=VERTEX_POINT('',#8324);
#2246=VERTEX_POINT('',#8326);
#2247=VERTEX_POINT('',#8328);
#2248=VERTEX_POINT('',#8330);
#2249=VERTEX_POINT('',#8332);
#2250=VERTEX_POINT('',#8334);
#2251=VERTEX_POINT('',#8338);
#2252=VERTEX_POINT('',#8340);
#2253=VERTEX_POINT('',#8342);
#2254=VERTEX_POINT('',#8344);
#2255=VERTEX_POINT('',#8346);
#2256=VERTEX_POINT('',#8348);
#2257=VERTEX_POINT('',#8396);
#2258=VERTEX_POINT('',#8397);
#2259=VERTEX_POINT('',#8403);
#2260=VERTEX_POINT('',#8409);
#2261=VERTEX_POINT('',#8415);
#2262=VERTEX_POINT('',#8417);
#2263=VERTEX_POINT('',#8423);
#2264=VERTEX_POINT('',#8429);
#2265=VERTEX_POINT('',#8435);
#2266=VERTEX_POINT('',#8441);
#2267=VERTEX_POINT('',#8447);
#2268=VERTEX_POINT('',#8453);
#2269=VERTEX_POINT('',#8459);
#2270=VERTEX_POINT('',#8465);
#2271=VERTEX_POINT('',#8471);
#2272=VERTEX_POINT('',#8477);
#2273=VERTEX_POINT('',#8483);
#2274=VERTEX_POINT('',#8489);
#2275=VERTEX_POINT('',#8495);
#2276=VERTEX_POINT('',#8501);
#2277=VERTEX_POINT('',#8507);
#2278=VERTEX_POINT('',#8513);
#2279=VERTEX_POINT('',#8519);
#2280=VERTEX_POINT('',#8525);
#2281=VERTEX_POINT('',#8531);
#2282=VERTEX_POINT('',#8533);
#2283=VERTEX_POINT('',#8535);
#2284=VERTEX_POINT('',#8541);
#2285=VERTEX_POINT('',#8547);
#2286=VERTEX_POINT('',#8553);
#2287=VERTEX_POINT('',#8555);
#2288=VERTEX_POINT('',#8572);
#2289=VERTEX_POINT('',#8574);
#2290=VERTEX_POINT('',#8591);
#2291=VERTEX_POINT('',#8608);
#2292=VERTEX_POINT('',#8616);
#2293=VERTEX_POINT('',#8629);
#2294=VERTEX_POINT('',#8646);
#2295=VERTEX_POINT('',#8663);
#2296=VERTEX_POINT('',#8680);
#2297=VERTEX_POINT('',#8697);
#2298=VERTEX_POINT('',#8714);
#2299=VERTEX_POINT('',#8731);
#2300=VERTEX_POINT('',#8748);
#2301=VERTEX_POINT('',#8765);
#2302=VERTEX_POINT('',#8782);
#2303=VERTEX_POINT('',#8799);
#2304=VERTEX_POINT('',#8816);
#2305=VERTEX_POINT('',#8833);
#2306=VERTEX_POINT('',#8850);
#2307=VERTEX_POINT('',#8867);
#2308=VERTEX_POINT('',#8884);
#2309=VERTEX_POINT('',#8901);
#2310=VERTEX_POINT('',#8918);
#2311=VERTEX_POINT('',#8935);
#2312=VERTEX_POINT('',#8943);
#2313=VERTEX_POINT('',#8947);
#2314=VERTEX_POINT('',#8960);
#2315=VERTEX_POINT('',#8977);
#2316=VERTEX_POINT('',#8994);
#2317=VERTEX_POINT('',#9002);
#2318=VERTEX_POINT('',#9006);
#2319=VERTEX_POINT('',#9025);
#2320=VERTEX_POINT('',#9026);
#2321=VERTEX_POINT('',#9032);
#2322=VERTEX_POINT('',#9038);
#2323=VERTEX_POINT('',#9044);
#2324=VERTEX_POINT('',#9050);
#2325=VERTEX_POINT('',#9056);
#2326=VERTEX_POINT('',#9062);
#2327=VERTEX_POINT('',#9068);
#2328=VERTEX_POINT('',#9070);
#2329=VERTEX_POINT('',#9076);
#2330=VERTEX_POINT('',#9082);
#2331=VERTEX_POINT('',#9088);
#2332=VERTEX_POINT('',#9094);
#2333=VERTEX_POINT('',#9100);
#2334=VERTEX_POINT('',#9106);
#2335=VERTEX_POINT('',#9112);
#2336=VERTEX_POINT('',#9118);
#2337=VERTEX_POINT('',#9124);
#2338=VERTEX_POINT('',#9130);
#2339=VERTEX_POINT('',#9136);
#2340=VERTEX_POINT('',#9142);
#2341=VERTEX_POINT('',#9144);
#2342=VERTEX_POINT('',#9146);
#2343=VERTEX_POINT('',#9152);
#2344=VERTEX_POINT('',#9163);
#2345=VERTEX_POINT('',#9164);
#2346=VERTEX_POINT('',#9170);
#2347=VERTEX_POINT('',#9176);
#2348=VERTEX_POINT('',#9182);
#2349=VERTEX_POINT('',#9188);
#2350=VERTEX_POINT('',#9194);
#2351=VERTEX_POINT('',#9200);
#2352=VERTEX_POINT('',#9202);
#2353=VERTEX_POINT('',#9208);
#2354=VERTEX_POINT('',#9214);
#2355=VERTEX_POINT('',#9216);
#2356=VERTEX_POINT('',#9233);
#2357=VERTEX_POINT('',#9235);
#2358=VERTEX_POINT('',#9252);
#2359=VERTEX_POINT('',#9269);
#2360=VERTEX_POINT('',#9286);
#2361=VERTEX_POINT('',#9303);
#2362=VERTEX_POINT('',#9320);
#2363=VERTEX_POINT('',#9328);
#2364=VERTEX_POINT('',#9341);
#2365=VERTEX_POINT('',#9358);
#2366=VERTEX_POINT('',#9366);
#2367=VERTEX_POINT('',#9370);
#2368=VERTEX_POINT('',#9398);
#2369=VERTEX_POINT('',#9400);
#2370=VERTEX_POINT('',#9417);
#2371=VERTEX_POINT('',#9434);
#2372=VERTEX_POINT('',#9451);
#2373=VERTEX_POINT('',#9468);
#2374=VERTEX_POINT('',#9485);
#2375=VERTEX_POINT('',#9502);
#2376=VERTEX_POINT('',#9510);
#2377=VERTEX_POINT('',#9523);
#2378=VERTEX_POINT('',#9540);
#2379=VERTEX_POINT('',#9557);
#2380=VERTEX_POINT('',#9574);
#2381=VERTEX_POINT('',#9591);
#2382=VERTEX_POINT('',#9608);
#2383=VERTEX_POINT('',#9625);
#2384=VERTEX_POINT('',#9642);
#2385=VERTEX_POINT('',#9659);
#2386=VERTEX_POINT('',#9676);
#2387=VERTEX_POINT('',#9693);
#2388=VERTEX_POINT('',#9710);
#2389=VERTEX_POINT('',#9718);
#2390=VERTEX_POINT('',#9722);
#2391=VERTEX_POINT('',#9735);
#2392=VERTEX_POINT('',#9752);
#2393=VERTEX_POINT('',#9775);
#2394=VERTEX_POINT('',#9776);
#2395=VERTEX_POINT('',#9778);
#2396=VERTEX_POINT('',#9780);
#2397=VERTEX_POINT('',#9784);
#2398=VERTEX_POINT('',#9785);
#2399=VERTEX_POINT('',#9787);
#2400=VERTEX_POINT('',#9789);
#2401=VERTEX_POINT('',#9793);
#2402=VERTEX_POINT('',#9794);
#2403=VERTEX_POINT('',#9799);
#2404=VERTEX_POINT('',#9800);
#2405=VERTEX_POINT('',#9805);
#2406=VERTEX_POINT('',#9806);
#2407=VERTEX_POINT('',#9811);
#2408=VERTEX_POINT('',#9816);
#2409=VERTEX_POINT('',#9820);
#2410=VERTEX_POINT('',#9821);
#2411=VERTEX_POINT('',#9829);
#2412=VERTEX_POINT('',#9831);
#2413=VERTEX_POINT('',#9834);
#2414=VERTEX_POINT('',#9836);
#2415=VERTEX_POINT('',#9837);
#2416=VERTEX_POINT('',#9839);
#2417=VERTEX_POINT('',#9841);
#2418=VERTEX_POINT('',#9845);
#2419=VERTEX_POINT('',#9849);
#2420=VERTEX_POINT('',#9853);
#2421=VERTEX_POINT('',#9855);
#2422=VERTEX_POINT('',#9860);
#2423=VERTEX_POINT('',#9868);
#2424=VERTEX_POINT('',#9873);
#2425=VERTEX_POINT('',#9878);
#2426=VERTEX_POINT('',#9886);
#2427=VERTEX_POINT('',#9887);
#2428=VERTEX_POINT('',#9889);
#2429=VERTEX_POINT('',#9891);
#2430=VERTEX_POINT('',#9894);
#2431=VERTEX_POINT('',#9898);
#2432=VERTEX_POINT('',#9901);
#2433=VERTEX_POINT('',#9903);
#2434=VERTEX_POINT('',#9907);
#2435=VERTEX_POINT('',#9911);
#2436=VERTEX_POINT('',#9915);
#2437=VERTEX_POINT('',#9919);
#2438=VERTEX_POINT('',#9923);
#2439=VERTEX_POINT('',#9927);
#2440=VERTEX_POINT('',#9934);
#2441=VERTEX_POINT('',#9938);
#2442=VERTEX_POINT('',#9942);
#2443=VERTEX_POINT('',#9944);
#2444=VERTEX_POINT('',#9946);
#2445=VERTEX_POINT('',#9950);
#2446=VERTEX_POINT('',#9954);
#2447=VERTEX_POINT('',#9956);
#2448=VERTEX_POINT('',#9962);
#2449=VERTEX_POINT('',#9964);
#2450=VERTEX_POINT('',#9966);
#2451=VERTEX_POINT('',#9968);
#2452=VERTEX_POINT('',#9970);
#2453=VERTEX_POINT('',#9972);
#2454=VERTEX_POINT('',#9974);
#2455=VERTEX_POINT('',#9976);
#2456=VERTEX_POINT('',#9980);
#2457=VERTEX_POINT('',#9984);
#2458=VERTEX_POINT('',#9985);
#2459=VERTEX_POINT('',#9990);
#2460=VERTEX_POINT('',#9992);
#2461=VERTEX_POINT('',#9996);
#2462=VERTEX_POINT('',#9998);
#2463=VERTEX_POINT('',#10004);
#2464=VERTEX_POINT('',#10006);
#2465=VERTEX_POINT('',#10008);
#2466=VERTEX_POINT('',#10010);
#2467=VERTEX_POINT('',#10012);
#2468=VERTEX_POINT('',#10014);
#2469=VERTEX_POINT('',#10016);
#2470=VERTEX_POINT('',#10018);
#2471=VERTEX_POINT('',#10020);
#2472=VERTEX_POINT('',#10022);
#2473=VERTEX_POINT('',#10024);
#2474=VERTEX_POINT('',#10026);
#2475=VERTEX_POINT('',#10028);
#2476=VERTEX_POINT('',#10030);
#2477=VERTEX_POINT('',#10032);
#2478=VERTEX_POINT('',#10034);
#2479=VERTEX_POINT('',#10038);
#2480=VERTEX_POINT('',#10040);
#2481=VERTEX_POINT('',#10045);
#2482=VERTEX_POINT('',#10047);
#2483=VERTEX_POINT('',#10049);
#2484=VERTEX_POINT('',#10080);
#2485=VERTEX_POINT('',#10082);
#2486=VERTEX_POINT('',#10132);
#2487=VERTEX_POINT('',#10138);
#2488=VERTEX_POINT('',#10140);
#2489=VERTEX_POINT('',#10142);
#2490=VERTEX_POINT('',#10144);
#2491=VERTEX_POINT('',#10146);
#2492=VERTEX_POINT('',#10148);
#2493=VERTEX_POINT('',#10150);
#2494=VERTEX_POINT('',#10152);
#2495=VERTEX_POINT('',#10154);
#2496=VERTEX_POINT('',#10156);
#2497=VERTEX_POINT('',#10158);
#2498=VERTEX_POINT('',#10160);
#2499=VERTEX_POINT('',#10162);
#2500=VERTEX_POINT('',#10164);
#2501=VERTEX_POINT('',#10166);
#2502=VERTEX_POINT('',#10170);
#2503=VERTEX_POINT('',#10172);
#2504=VERTEX_POINT('',#10174);
#2505=VERTEX_POINT('',#10176);
#2506=VERTEX_POINT('',#10178);
#2507=VERTEX_POINT('',#10180);
#2508=EDGE_CURVE('',#2004,#2005,#1764,.T.);
#2509=EDGE_CURVE('',#2006,#2004,#1765,.T.);
#2510=EDGE_CURVE('',#2007,#2006,#1766,.T.);
#2511=EDGE_CURVE('',#2008,#2007,#952,.T.);
#2512=EDGE_CURVE('',#2009,#2008,#1767,.T.);
#2513=EDGE_CURVE('',#2010,#2009,#1768,.T.);
#2514=EDGE_CURVE('',#2011,#2010,#1769,.T.);
#2515=EDGE_CURVE('',#2012,#2011,#1770,.T.);
#2516=EDGE_CURVE('',#2013,#2012,#1771,.T.);
#2517=EDGE_CURVE('',#2014,#2013,#1772,.T.);
#2518=EDGE_CURVE('',#2015,#2014,#1773,.T.);
#2519=EDGE_CURVE('',#2016,#2015,#1774,.T.);
#2520=EDGE_CURVE('',#2017,#2016,#1775,.T.);
#2521=EDGE_CURVE('',#2018,#2017,#1776,.T.);
#2522=EDGE_CURVE('',#2019,#2018,#1777,.T.);
#2523=EDGE_CURVE('',#2020,#2019,#1778,.T.);
#2524=EDGE_CURVE('',#2021,#2020,#1779,.T.);
#2525=EDGE_CURVE('',#2022,#2021,#1780,.T.);
#2526=EDGE_CURVE('',#2023,#2022,#1781,.T.);
#2527=EDGE_CURVE('',#2024,#2023,#1782,.T.);
#2528=EDGE_CURVE('',#2025,#2024,#1783,.T.);
#2529=EDGE_CURVE('',#2026,#2025,#1784,.T.);
#2530=EDGE_CURVE('',#2027,#2026,#1785,.T.);
#2531=EDGE_CURVE('',#2028,#2027,#953,.T.);
#2532=EDGE_CURVE('',#2029,#2028,#954,.T.);
#2533=EDGE_CURVE('',#2030,#2029,#1786,.T.);
#2534=EDGE_CURVE('',#2031,#2030,#1787,.T.);
#2535=EDGE_CURVE('',#2032,#2031,#1788,.T.);
#2536=EDGE_CURVE('',#2033,#2032,#955,.T.);
#2537=EDGE_CURVE('',#2034,#2033,#956,.T.);
#2538=EDGE_CURVE('',#2005,#2034,#1789,.T.);
#2539=EDGE_CURVE('',#2005,#2035,#957,.T.);
#2540=EDGE_CURVE('',#2036,#2035,#1790,.T.);
#2541=EDGE_CURVE('',#2004,#2036,#958,.T.);
#2542=EDGE_CURVE('',#2037,#2036,#1791,.T.);
#2543=EDGE_CURVE('',#2006,#2037,#959,.T.);
#2544=EDGE_CURVE('',#2038,#2037,#1792,.T.);
#2545=EDGE_CURVE('',#2007,#2038,#960,.T.);
#2546=EDGE_CURVE('',#2039,#2038,#961,.T.);
#2547=EDGE_CURVE('',#2008,#2039,#962,.T.);
#2548=EDGE_CURVE('',#2040,#2039,#1793,.T.);
#2549=EDGE_CURVE('',#2009,#2040,#963,.T.);
#2550=EDGE_CURVE('',#2041,#2040,#1794,.T.);
#2551=EDGE_CURVE('',#2010,#2041,#964,.T.);
#2552=EDGE_CURVE('',#2042,#2041,#1795,.T.);
#2553=EDGE_CURVE('',#2011,#2042,#965,.T.);
#2554=EDGE_CURVE('',#2043,#2042,#1796,.T.);
#2555=EDGE_CURVE('',#2012,#2043,#966,.T.);
#2556=EDGE_CURVE('',#2044,#2043,#1797,.T.);
#2557=EDGE_CURVE('',#2013,#2044,#967,.T.);
#2558=EDGE_CURVE('',#2045,#2044,#1798,.T.);
#2559=EDGE_CURVE('',#2014,#2045,#968,.T.);
#2560=EDGE_CURVE('',#2046,#2045,#1799,.T.);
#2561=EDGE_CURVE('',#2015,#2046,#969,.T.);
#2562=EDGE_CURVE('',#2047,#2046,#1800,.T.);
#2563=EDGE_CURVE('',#2016,#2047,#970,.T.);
#2564=EDGE_CURVE('',#2048,#2047,#1801,.T.);
#2565=EDGE_CURVE('',#2017,#2048,#971,.T.);
#2566=EDGE_CURVE('',#2049,#2048,#1802,.T.);
#2567=EDGE_CURVE('',#2018,#2049,#972,.T.);
#2568=EDGE_CURVE('',#2050,#2049,#1803,.T.);
#2569=EDGE_CURVE('',#2019,#2050,#973,.T.);
#2570=EDGE_CURVE('',#2051,#2050,#1804,.T.);
#2571=EDGE_CURVE('',#2020,#2051,#974,.T.);
#2572=EDGE_CURVE('',#2052,#2051,#1805,.T.);
#2573=EDGE_CURVE('',#2021,#2052,#975,.T.);
#2574=EDGE_CURVE('',#2053,#2052,#1806,.T.);
#2575=EDGE_CURVE('',#2022,#2053,#976,.T.);
#2576=EDGE_CURVE('',#2054,#2053,#1807,.T.);
#2577=EDGE_CURVE('',#2023,#2054,#977,.T.);
#2578=EDGE_CURVE('',#2055,#2054,#1808,.T.);
#2579=EDGE_CURVE('',#2024,#2055,#978,.T.);
#2580=EDGE_CURVE('',#2056,#2055,#1809,.T.);
#2581=EDGE_CURVE('',#2025,#2056,#979,.T.);
#2582=EDGE_CURVE('',#2057,#2056,#1810,.T.);
#2583=EDGE_CURVE('',#2026,#2057,#980,.T.);
#2584=EDGE_CURVE('',#2058,#2057,#1811,.T.);
#2585=EDGE_CURVE('',#2027,#2058,#981,.T.);
#2586=EDGE_CURVE('',#2059,#2058,#982,.T.);
#2587=EDGE_CURVE('',#2028,#2059,#983,.T.);
#2588=EDGE_CURVE('',#2060,#2059,#984,.T.);
#2589=EDGE_CURVE('',#2029,#2060,#985,.T.);
#2590=EDGE_CURVE('',#2061,#2060,#1812,.T.);
#2591=EDGE_CURVE('',#2030,#2061,#986,.T.);
#2592=EDGE_CURVE('',#2062,#2061,#1813,.T.);
#2593=EDGE_CURVE('',#2031,#2062,#987,.T.);
#2594=EDGE_CURVE('',#2063,#2062,#1814,.T.);
#2595=EDGE_CURVE('',#2032,#2063,#988,.T.);
#2596=EDGE_CURVE('',#2064,#2063,#989,.T.);
#2597=EDGE_CURVE('',#2033,#2064,#990,.T.);
#2598=EDGE_CURVE('',#2065,#2064,#991,.T.);
#2599=EDGE_CURVE('',#2034,#2065,#992,.T.);
#2600=EDGE_CURVE('',#2035,#2065,#1815,.T.);
#2601=EDGE_CURVE('',#2066,#2067,#1816,.T.);
#2602=EDGE_CURVE('',#2068,#2066,#1817,.T.);
#2603=EDGE_CURVE('',#2069,#2068,#1818,.T.);
#2604=EDGE_CURVE('',#2070,#2069,#1819,.T.);
#2605=EDGE_CURVE('',#2071,#2070,#1820,.T.);
#2606=EDGE_CURVE('',#2072,#2071,#1821,.T.);
#2607=EDGE_CURVE('',#2073,#2072,#1822,.T.);
#2608=EDGE_CURVE('',#2074,#2073,#993,.T.);
#2609=EDGE_CURVE('',#2075,#2074,#1823,.T.);
#2610=EDGE_CURVE('',#2076,#2075,#1824,.T.);
#2611=EDGE_CURVE('',#2077,#2076,#1825,.T.);
#2612=EDGE_CURVE('',#2078,#2077,#1826,.T.);
#2613=EDGE_CURVE('',#2079,#2078,#1827,.T.);
#2614=EDGE_CURVE('',#2080,#2079,#1828,.T.);
#2615=EDGE_CURVE('',#2081,#2080,#1829,.T.);
#2616=EDGE_CURVE('',#2082,#2081,#1830,.T.);
#2617=EDGE_CURVE('',#2083,#2082,#1831,.T.);
#2618=EDGE_CURVE('',#2084,#2083,#1832,.T.);
#2619=EDGE_CURVE('',#2085,#2084,#1833,.T.);
#2620=EDGE_CURVE('',#2086,#2085,#1834,.T.);
#2621=EDGE_CURVE('',#2087,#2086,#994,.T.);
#2622=EDGE_CURVE('',#2088,#2087,#995,.T.);
#2623=EDGE_CURVE('',#2089,#2088,#1835,.T.);
#2624=EDGE_CURVE('',#2090,#2089,#1836,.T.);
#2625=EDGE_CURVE('',#2067,#2090,#1837,.T.);
#2626=EDGE_CURVE('',#2091,#2092,#1838,.T.);
#2627=EDGE_CURVE('',#2093,#2091,#1839,.T.);
#2628=EDGE_CURVE('',#2094,#2093,#1840,.T.);
#2629=EDGE_CURVE('',#2095,#2094,#1841,.T.);
#2630=EDGE_CURVE('',#2096,#2095,#1842,.T.);
#2631=EDGE_CURVE('',#2097,#2096,#1843,.T.);
#2632=EDGE_CURVE('',#2098,#2097,#996,.T.);
#2633=EDGE_CURVE('',#2099,#2098,#1844,.T.);
#2634=EDGE_CURVE('',#2100,#2099,#1845,.T.);
#2635=EDGE_CURVE('',#2101,#2100,#997,.T.);
#2636=EDGE_CURVE('',#2102,#2101,#998,.T.);
#2637=EDGE_CURVE('',#2092,#2102,#1846,.T.);
#2638=EDGE_CURVE('',#2092,#2103,#999,.T.);
#2639=EDGE_CURVE('',#2104,#2103,#1847,.T.);
#2640=EDGE_CURVE('',#2091,#2104,#1000,.T.);
#2641=EDGE_CURVE('',#2105,#2104,#1848,.T.);
#2642=EDGE_CURVE('',#2093,#2105,#1001,.T.);
#2643=EDGE_CURVE('',#2106,#2105,#1849,.T.);
#2644=EDGE_CURVE('',#2094,#2106,#1002,.T.);
#2645=EDGE_CURVE('',#2107,#2106,#1850,.T.);
#2646=EDGE_CURVE('',#2095,#2107,#1003,.T.);
#2647=EDGE_CURVE('',#2108,#2107,#1851,.T.);
#2648=EDGE_CURVE('',#2096,#2108,#1004,.T.);
#2649=EDGE_CURVE('',#2109,#2108,#1852,.T.);
#2650=EDGE_CURVE('',#2097,#2109,#1005,.T.);
#2651=EDGE_CURVE('',#2110,#2109,#1006,.T.);
#2652=EDGE_CURVE('',#2098,#2110,#1007,.T.);
#2653=EDGE_CURVE('',#2111,#2110,#1853,.T.);
#2654=EDGE_CURVE('',#2099,#2111,#1008,.T.);
#2655=EDGE_CURVE('',#2112,#2111,#1854,.T.);
#2656=EDGE_CURVE('',#2100,#2112,#1009,.T.);
#2657=EDGE_CURVE('',#2113,#2112,#1010,.T.);
#2658=EDGE_CURVE('',#2101,#2113,#1011,.T.);
#2659=EDGE_CURVE('',#2114,#2113,#1012,.T.);
#2660=EDGE_CURVE('',#2102,#2114,#1013,.T.);
#2661=EDGE_CURVE('',#2103,#2114,#1855,.T.);
#2662=EDGE_CURVE('',#2067,#2115,#1014,.T.);
#2663=EDGE_CURVE('',#2116,#2115,#1856,.T.);
#2664=EDGE_CURVE('',#2066,#2116,#1015,.T.);
#2665=EDGE_CURVE('',#2117,#2116,#1857,.T.);
#2666=EDGE_CURVE('',#2068,#2117,#1016,.T.);
#2667=EDGE_CURVE('',#2118,#2117,#1858,.T.);
#2668=EDGE_CURVE('',#2069,#2118,#1017,.T.);
#2669=EDGE_CURVE('',#2119,#2118,#1859,.T.);
#2670=EDGE_CURVE('',#2070,#2119,#1018,.T.);
#2671=EDGE_CURVE('',#2120,#2119,#1860,.T.);
#2672=EDGE_CURVE('',#2071,#2120,#1019,.T.);
#2673=EDGE_CURVE('',#2121,#2120,#1861,.T.);
#2674=EDGE_CURVE('',#2072,#2121,#1020,.T.);
#2675=EDGE_CURVE('',#2122,#2121,#1862,.T.);
#2676=EDGE_CURVE('',#2073,#2122,#1021,.T.);
#2677=EDGE_CURVE('',#2123,#2122,#1022,.T.);
#2678=EDGE_CURVE('',#2074,#2123,#1023,.T.);
#2679=EDGE_CURVE('',#2124,#2123,#1863,.T.);
#2680=EDGE_CURVE('',#2075,#2124,#1024,.T.);
#2681=EDGE_CURVE('',#2125,#2124,#1864,.T.);
#2682=EDGE_CURVE('',#2076,#2125,#1025,.T.);
#2683=EDGE_CURVE('',#2126,#2125,#1865,.T.);
#2684=EDGE_CURVE('',#2077,#2126,#1026,.T.);
#2685=EDGE_CURVE('',#2127,#2126,#1866,.T.);
#2686=EDGE_CURVE('',#2078,#2127,#1027,.T.);
#2687=EDGE_CURVE('',#2128,#2127,#1867,.T.);
#2688=EDGE_CURVE('',#2079,#2128,#1028,.T.);
#2689=EDGE_CURVE('',#2129,#2128,#1868,.T.);
#2690=EDGE_CURVE('',#2080,#2129,#1029,.T.);
#2691=EDGE_CURVE('',#2130,#2129,#1869,.T.);
#2692=EDGE_CURVE('',#2081,#2130,#1030,.T.);
#2693=EDGE_CURVE('',#2131,#2130,#1870,.T.);
#2694=EDGE_CURVE('',#2082,#2131,#1031,.T.);
#2695=EDGE_CURVE('',#2132,#2131,#1871,.T.);
#2696=EDGE_CURVE('',#2083,#2132,#1032,.T.);
#2697=EDGE_CURVE('',#2133,#2132,#1872,.T.);
#2698=EDGE_CURVE('',#2084,#2133,#1033,.T.);
#2699=EDGE_CURVE('',#2134,#2133,#1873,.T.);
#2700=EDGE_CURVE('',#2085,#2134,#1034,.T.);
#2701=EDGE_CURVE('',#2135,#2134,#1874,.T.);
#2702=EDGE_CURVE('',#2086,#2135,#1035,.T.);
#2703=EDGE_CURVE('',#2136,#2135,#1036,.T.);
#2704=EDGE_CURVE('',#2087,#2136,#1037,.T.);
#2705=EDGE_CURVE('',#2137,#2136,#1038,.T.);
#2706=EDGE_CURVE('',#2088,#2137,#1039,.T.);
#2707=EDGE_CURVE('',#2138,#2137,#1875,.T.);
#2708=EDGE_CURVE('',#2089,#2138,#1040,.T.);
#2709=EDGE_CURVE('',#2139,#2138,#1876,.T.);
#2710=EDGE_CURVE('',#2090,#2139,#1041,.T.);
#2711=EDGE_CURVE('',#2115,#2139,#1877,.T.);
#2712=EDGE_CURVE('',#2140,#2141,#1042,.T.);
#2713=EDGE_CURVE('',#2142,#2140,#1043,.T.);
#2714=EDGE_CURVE('',#2143,#2142,#1044,.T.);
#2715=EDGE_CURVE('',#2141,#2143,#1045,.T.);
#2716=EDGE_CURVE('',#2144,#2144,#105,.T.);
#2717=EDGE_CURVE('',#2144,#2145,#106,.T.);
#2718=EDGE_CURVE('',#2146,#2146,#107,.T.);
#2719=EDGE_CURVE('',#2146,#2147,#108,.T.);
#2720=EDGE_CURVE('',#2148,#2149,#1046,.T.);
#2721=EDGE_CURVE('',#2149,#2150,#1047,.T.);
#2722=EDGE_CURVE('',#2150,#2151,#1048,.T.);
#2723=EDGE_CURVE('',#2151,#2148,#1049,.T.);
#2724=EDGE_CURVE('',#2152,#2141,#1050,.T.);
#2725=EDGE_CURVE('',#2141,#2149,#109,.T.);
#2726=EDGE_CURVE('',#2148,#2152,#110,.T.);
#2727=EDGE_CURVE('',#2152,#2153,#1051,.T.);
#2728=EDGE_CURVE('',#2153,#2140,#1052,.T.);
#2729=EDGE_CURVE('',#2154,#2155,#1053,.T.);
#2730=EDGE_CURVE('',#2155,#2140,#111,.T.);
#2731=EDGE_CURVE('',#2153,#2154,#112,.T.);
#2732=EDGE_CURVE('',#2154,#2156,#1054,.T.);
#2733=EDGE_CURVE('',#2156,#2157,#1055,.T.);
#2734=EDGE_CURVE('',#2157,#2155,#1056,.T.);
#2735=EDGE_CURVE('',#2158,#2159,#1057,.T.);
#2736=EDGE_CURVE('',#2159,#2157,#113,.T.);
#2737=EDGE_CURVE('',#2156,#2158,#114,.T.);
#2738=EDGE_CURVE('',#2160,#2161,#1058,.T.);
#2739=EDGE_CURVE('',#2161,#2159,#1059,.T.);
#2740=EDGE_CURVE('',#2158,#2160,#1060,.T.);
#2741=EDGE_CURVE('',#2150,#2161,#115,.T.);
#2742=EDGE_CURVE('',#2160,#2151,#116,.T.);
#2743=EDGE_CURVE('',#2159,#2162,#1061,.T.);
#2744=EDGE_CURVE('',#2163,#2162,#117,.T.);
#2745=EDGE_CURVE('',#2163,#2164,#1062,.T.);
#2746=EDGE_CURVE('',#2165,#2164,#1878,.T.);
#2747=EDGE_CURVE('',#2166,#2165,#1879,.T.);
#2748=EDGE_CURVE('',#2167,#2166,#1880,.T.);
#2749=EDGE_CURVE('',#2167,#2157,#1063,.T.);
#2750=EDGE_CURVE('',#2168,#2161,#1064,.T.);
#2751=EDGE_CURVE('',#2162,#2168,#1065,.T.);
#2752=EDGE_CURVE('',#2150,#2169,#1066,.T.);
#2753=EDGE_CURVE('',#2168,#2169,#118,.T.);
#2754=EDGE_CURVE('',#2170,#2149,#1067,.T.);
#2755=EDGE_CURVE('',#2169,#2170,#1068,.T.);
#2756=EDGE_CURVE('',#2171,#2171,#119,.T.);
#2757=EDGE_CURVE('',#2172,#2173,#1069,.T.);
#2758=EDGE_CURVE('',#2174,#2172,#1070,.T.);
#2759=EDGE_CURVE('',#2175,#2174,#1071,.T.);
#2760=EDGE_CURVE('',#2173,#2175,#1072,.T.);
#2761=EDGE_CURVE('',#2176,#2169,#1073,.T.);
#2762=EDGE_CURVE('',#2170,#2177,#1074,.T.);
#2763=EDGE_CURVE('',#2177,#2176,#1075,.T.);
#2764=EDGE_CURVE('',#2178,#2168,#1076,.T.);
#2765=EDGE_CURVE('',#2176,#2178,#120,.T.);
#2766=EDGE_CURVE('',#2178,#2179,#1077,.T.);
#2767=EDGE_CURVE('',#2179,#2162,#1078,.T.);
#2768=EDGE_CURVE('',#2180,#2163,#1079,.T.);
#2769=EDGE_CURVE('',#2179,#2180,#121,.T.);
#2770=EDGE_CURVE('',#2180,#2181,#1080,.T.);
#2771=EDGE_CURVE('',#2181,#2182,#1081,.T.);
#2772=EDGE_CURVE('',#2182,#2163,#1082,.T.);
#2773=EDGE_CURVE('',#2183,#2142,#1083,.T.);
#2774=EDGE_CURVE('',#2142,#2182,#122,.T.);
#2775=EDGE_CURVE('',#2181,#2183,#123,.T.);
#2776=EDGE_CURVE('',#2184,#2143,#1084,.T.);
#2777=EDGE_CURVE('',#2183,#2184,#1085,.T.);
#2778=EDGE_CURVE('',#2170,#2143,#124,.T.);
#2779=EDGE_CURVE('',#2184,#2177,#125,.T.);
#2780=EDGE_CURVE('',#2155,#2182,#1086,.T.);
#2781=EDGE_CURVE('',#2171,#2185,#1087,.T.);
#2782=EDGE_CURVE('',#2185,#2185,#126,.T.);
#2783=EDGE_CURVE('',#2185,#2186,#1088,.T.);
#2784=EDGE_CURVE('',#2186,#2186,#127,.T.);
#2785=EDGE_CURVE('',#2173,#2187,#1089,.T.);
#2786=EDGE_CURVE('',#2187,#2188,#1090,.T.);
#2787=EDGE_CURVE('',#2188,#2189,#27,.T.);
#2788=EDGE_CURVE('',#2189,#2172,#1091,.T.);
#2789=EDGE_CURVE('',#2175,#2190,#1092,.T.);
#2790=EDGE_CURVE('',#2190,#2187,#1093,.T.);
#2791=EDGE_CURVE('',#2191,#2190,#1094,.T.);
#2792=EDGE_CURVE('',#2192,#2174,#1095,.T.);
#2793=EDGE_CURVE('',#2192,#2191,#28,.T.);
#2794=EDGE_CURVE('',#2192,#2189,#1096,.T.);
#2795=EDGE_CURVE('',#2191,#2193,#128,.T.);
#2796=EDGE_CURVE('',#2193,#2194,#129,.T.);
#2797=EDGE_CURVE('',#2195,#2194,#1097,.F.);
#2798=EDGE_CURVE('',#2195,#2196,#130,.T.);
#2799=EDGE_CURVE('',#2196,#2197,#131,.T.);
#2800=EDGE_CURVE('',#2197,#2198,#132,.T.);
#2801=EDGE_CURVE('',#2198,#2199,#1098,.T.);
#2802=EDGE_CURVE('',#2199,#2200,#1099,.T.);
#2803=EDGE_CURVE('',#2200,#2190,#1100,.T.);
#2804=EDGE_CURVE('',#2188,#2201,#133,.T.);
#2805=EDGE_CURVE('',#2193,#2201,#1101,.T.);
#2806=EDGE_CURVE('',#2202,#2203,#1102,.T.);
#2807=EDGE_CURVE('',#2203,#2204,#1103,.T.);
#2808=EDGE_CURVE('',#2204,#2205,#1104,.T.);
#2809=EDGE_CURVE('',#2205,#2202,#1105,.T.);
#2810=EDGE_CURVE('',#2206,#2204,#1106,.T.);
#2811=EDGE_CURVE('',#2203,#2207,#1107,.T.);
#2812=EDGE_CURVE('',#2207,#2208,#29,.T.);
#2813=EDGE_CURVE('',#2208,#2206,#1108,.T.);
#2814=EDGE_CURVE('',#2209,#2202,#1109,.T.);
#2815=EDGE_CURVE('',#2205,#2210,#1110,.T.);
#2816=EDGE_CURVE('',#2211,#2210,#1111,.T.);
#2817=EDGE_CURVE('',#2211,#2209,#30,.T.);
#2818=EDGE_CURVE('',#2210,#2206,#1112,.T.);
#2819=EDGE_CURVE('',#2208,#2211,#1113,.T.);
#2820=EDGE_CURVE('',#2203,#2212,#1114,.T.);
#2821=EDGE_CURVE('',#2212,#2213,#1115,.T.);
#2822=EDGE_CURVE('',#2213,#2214,#1116,.T.);
#2823=EDGE_CURVE('',#2214,#2215,#134,.T.);
#2824=EDGE_CURVE('',#2215,#2216,#135,.T.);
#2825=EDGE_CURVE('',#2216,#2217,#136,.T.);
#2826=EDGE_CURVE('',#2218,#2217,#1117,.F.);
#2827=EDGE_CURVE('',#2218,#2219,#137,.T.);
#2828=EDGE_CURVE('',#2219,#2220,#138,.T.);
#2829=EDGE_CURVE('',#2220,#2221,#139,.T.);
#2830=EDGE_CURVE('',#2222,#2221,#1118,.F.);
#2831=EDGE_CURVE('',#2222,#2223,#140,.T.);
#2832=EDGE_CURVE('',#2223,#2224,#141,.T.);
#2833=EDGE_CURVE('',#2224,#2225,#142,.T.);
#2834=EDGE_CURVE('',#2226,#2225,#1119,.F.);
#2835=EDGE_CURVE('',#2226,#2227,#143,.T.);
#2836=EDGE_CURVE('',#2227,#2207,#144,.T.);
#2837=EDGE_CURVE('',#2212,#2200,#145,.T.);
#2838=EDGE_CURVE('',#2202,#2228,#1120,.T.);
#2839=EDGE_CURVE('',#2229,#2228,#146,.T.);
#2840=EDGE_CURVE('',#2229,#2187,#1121,.T.);
#2841=EDGE_CURVE('',#2164,#2167,#147,.T.);
#2842=EDGE_CURVE('',#2167,#2230,#1122,.T.);
#2843=EDGE_CURVE('',#2230,#2231,#148,.T.);
#2844=EDGE_CURVE('',#2231,#2232,#149,.T.);
#2845=EDGE_CURVE('',#2232,#2164,#1123,.T.);
#2846=EDGE_CURVE('',#2233,#2166,#1124,.T.);
#2847=EDGE_CURVE('',#2165,#2234,#1125,.T.);
#2848=EDGE_CURVE('',#2234,#2233,#1881,.T.);
#2849=EDGE_CURVE('',#2232,#2234,#1882,.T.);
#2850=EDGE_CURVE('',#2233,#2230,#1883,.T.);
#2851=EDGE_CURVE('',#2231,#2235,#1126,.T.);
#2852=EDGE_CURVE('',#2235,#2235,#150,.T.);
#2853=EDGE_CURVE('',#2186,#2235,#1127,.T.);
#2854=EDGE_CURVE('',#2236,#2209,#151,.T.);
#2855=EDGE_CURVE('',#2237,#2236,#152,.T.);
#2856=EDGE_CURVE('',#2237,#2238,#1128,.T.);
#2857=EDGE_CURVE('',#2239,#2238,#153,.T.);
#2858=EDGE_CURVE('',#2240,#2239,#154,.T.);
#2859=EDGE_CURVE('',#2241,#2240,#155,.T.);
#2860=EDGE_CURVE('',#2241,#2242,#1129,.T.);
#2861=EDGE_CURVE('',#2243,#2242,#156,.T.);
#2862=EDGE_CURVE('',#2244,#2243,#157,.T.);
#2863=EDGE_CURVE('',#2245,#2244,#158,.T.);
#2864=EDGE_CURVE('',#2245,#2246,#1130,.T.);
#2865=EDGE_CURVE('',#2247,#2246,#159,.T.);
#2866=EDGE_CURVE('',#2248,#2247,#160,.T.);
#2867=EDGE_CURVE('',#2249,#2248,#161,.T.);
#2868=EDGE_CURVE('',#2249,#2250,#1131,.T.);
#2869=EDGE_CURVE('',#2250,#2228,#1132,.T.);
#2870=EDGE_CURVE('',#2229,#2251,#1133,.T.);
#2871=EDGE_CURVE('',#2251,#2252,#1134,.T.);
#2872=EDGE_CURVE('',#2253,#2252,#162,.T.);
#2873=EDGE_CURVE('',#2254,#2253,#163,.T.);
#2874=EDGE_CURVE('',#2255,#2254,#164,.T.);
#2875=EDGE_CURVE('',#2255,#2256,#1135,.T.);
#2876=EDGE_CURVE('',#2201,#2256,#165,.T.);
#2877=EDGE_CURVE('',#2241,#2222,#1136,.T.);
#2878=EDGE_CURVE('',#2223,#2240,#1137,.T.);
#2879=EDGE_CURVE('',#2245,#2218,#1138,.T.);
#2880=EDGE_CURVE('',#2219,#2244,#1139,.T.);
#2881=EDGE_CURVE('',#2237,#2226,#1140,.T.);
#2882=EDGE_CURVE('',#2227,#2236,#1141,.T.);
#2883=EDGE_CURVE('',#2249,#2214,#1142,.T.);
#2884=EDGE_CURVE('',#2215,#2248,#1143,.T.);
#2885=EDGE_CURVE('',#2255,#2195,#1144,.T.);
#2886=EDGE_CURVE('',#2196,#2254,#1145,.T.);
#2887=EDGE_CURVE('',#2199,#2213,#166,.T.);
#2888=EDGE_CURVE('',#2250,#2251,#167,.T.);
#2889=EDGE_CURVE('',#2225,#2238,#1146,.T.);
#2890=EDGE_CURVE('',#2224,#2239,#1147,.T.);
#2891=EDGE_CURVE('',#2221,#2242,#1148,.T.);
#2892=EDGE_CURVE('',#2220,#2243,#1149,.T.);
#2893=EDGE_CURVE('',#2217,#2246,#1150,.T.);
#2894=EDGE_CURVE('',#2216,#2247,#1151,.T.);
#2895=EDGE_CURVE('',#2198,#2252,#1152,.T.);
#2896=EDGE_CURVE('',#2197,#2253,#1153,.T.);
#2897=EDGE_CURVE('',#2194,#2256,#1154,.T.);
#2898=EDGE_CURVE('',#2257,#2258,#1884,.T.);
#2899=EDGE_CURVE('',#2259,#2257,#1885,.T.);
#2900=EDGE_CURVE('',#2260,#2259,#1886,.T.);
#2901=EDGE_CURVE('',#2261,#2260,#1155,.T.);
#2902=EDGE_CURVE('',#2262,#2261,#1887,.T.);
#2903=EDGE_CURVE('',#2263,#2262,#1888,.T.);
#2904=EDGE_CURVE('',#2264,#2263,#1889,.T.);
#2905=EDGE_CURVE('',#2265,#2264,#1890,.T.);
#2906=EDGE_CURVE('',#2266,#2265,#1891,.T.);
#2907=EDGE_CURVE('',#2267,#2266,#1892,.T.);
#2908=EDGE_CURVE('',#2268,#2267,#1893,.T.);
#2909=EDGE_CURVE('',#2269,#2268,#1894,.T.);
#2910=EDGE_CURVE('',#2270,#2269,#1895,.T.);
#2911=EDGE_CURVE('',#2271,#2270,#1896,.T.);
#2912=EDGE_CURVE('',#2272,#2271,#1897,.T.);
#2913=EDGE_CURVE('',#2273,#2272,#1898,.T.);
#2914=EDGE_CURVE('',#2274,#2273,#1899,.T.);
#2915=EDGE_CURVE('',#2275,#2274,#1900,.T.);
#2916=EDGE_CURVE('',#2276,#2275,#1901,.T.);
#2917=EDGE_CURVE('',#2277,#2276,#1902,.T.);
#2918=EDGE_CURVE('',#2278,#2277,#1903,.T.);
#2919=EDGE_CURVE('',#2279,#2278,#1904,.T.);
#2920=EDGE_CURVE('',#2280,#2279,#1905,.T.);
#2921=EDGE_CURVE('',#2281,#2280,#1156,.T.);
#2922=EDGE_CURVE('',#2282,#2281,#1157,.T.);
#2923=EDGE_CURVE('',#2283,#2282,#1906,.T.);
#2924=EDGE_CURVE('',#2284,#2283,#1907,.T.);
#2925=EDGE_CURVE('',#2285,#2284,#1908,.T.);
#2926=EDGE_CURVE('',#2286,#2285,#1158,.T.);
#2927=EDGE_CURVE('',#2287,#2286,#1159,.T.);
#2928=EDGE_CURVE('',#2258,#2287,#1909,.T.);
#2929=EDGE_CURVE('',#2258,#2288,#1160,.T.);
#2930=EDGE_CURVE('',#2289,#2288,#1910,.T.);
#2931=EDGE_CURVE('',#2257,#2289,#1161,.T.);
#2932=EDGE_CURVE('',#2290,#2289,#1911,.T.);
#2933=EDGE_CURVE('',#2259,#2290,#1162,.T.);
#2934=EDGE_CURVE('',#2291,#2290,#1912,.T.);
#2935=EDGE_CURVE('',#2260,#2291,#1163,.T.);
#2936=EDGE_CURVE('',#2292,#2291,#1164,.T.);
#2937=EDGE_CURVE('',#2261,#2292,#1165,.T.);
#2938=EDGE_CURVE('',#2293,#2292,#1913,.T.);
#2939=EDGE_CURVE('',#2262,#2293,#1166,.T.);
#2940=EDGE_CURVE('',#2294,#2293,#1914,.T.);
#2941=EDGE_CURVE('',#2263,#2294,#1167,.T.);
#2942=EDGE_CURVE('',#2295,#2294,#1915,.T.);
#2943=EDGE_CURVE('',#2264,#2295,#1168,.T.);
#2944=EDGE_CURVE('',#2296,#2295,#1916,.T.);
#2945=EDGE_CURVE('',#2265,#2296,#1169,.T.);
#2946=EDGE_CURVE('',#2297,#2296,#1917,.T.);
#2947=EDGE_CURVE('',#2266,#2297,#1170,.T.);
#2948=EDGE_CURVE('',#2298,#2297,#1918,.T.);
#2949=EDGE_CURVE('',#2267,#2298,#1171,.T.);
#2950=EDGE_CURVE('',#2299,#2298,#1919,.T.);
#2951=EDGE_CURVE('',#2268,#2299,#1172,.T.);
#2952=EDGE_CURVE('',#2300,#2299,#1920,.T.);
#2953=EDGE_CURVE('',#2269,#2300,#1173,.T.);
#2954=EDGE_CURVE('',#2301,#2300,#1921,.T.);
#2955=EDGE_CURVE('',#2270,#2301,#1174,.T.);
#2956=EDGE_CURVE('',#2302,#2301,#1922,.T.);
#2957=EDGE_CURVE('',#2271,#2302,#1175,.T.);
#2958=EDGE_CURVE('',#2303,#2302,#1923,.T.);
#2959=EDGE_CURVE('',#2272,#2303,#1176,.T.);
#2960=EDGE_CURVE('',#2304,#2303,#1924,.T.);
#2961=EDGE_CURVE('',#2273,#2304,#1177,.T.);
#2962=EDGE_CURVE('',#2305,#2304,#1925,.T.);
#2963=EDGE_CURVE('',#2274,#2305,#1178,.T.);
#2964=EDGE_CURVE('',#2306,#2305,#1926,.T.);
#2965=EDGE_CURVE('',#2275,#2306,#1179,.T.);
#2966=EDGE_CURVE('',#2307,#2306,#1927,.T.);
#2967=EDGE_CURVE('',#2276,#2307,#1180,.T.);
#2968=EDGE_CURVE('',#2308,#2307,#1928,.T.);
#2969=EDGE_CURVE('',#2277,#2308,#1181,.T.);
#2970=EDGE_CURVE('',#2309,#2308,#1929,.T.);
#2971=EDGE_CURVE('',#2278,#2309,#1182,.T.);
#2972=EDGE_CURVE('',#2310,#2309,#1930,.T.);
#2973=EDGE_CURVE('',#2279,#2310,#1183,.T.);
#2974=EDGE_CURVE('',#2311,#2310,#1931,.T.);
#2975=EDGE_CURVE('',#2280,#2311,#1184,.T.);
#2976=EDGE_CURVE('',#2312,#2311,#1185,.T.);
#2977=EDGE_CURVE('',#2281,#2312,#1186,.T.);
#2978=EDGE_CURVE('',#2313,#2312,#1187,.T.);
#2979=EDGE_CURVE('',#2282,#2313,#1188,.T.);
#2980=EDGE_CURVE('',#2314,#2313,#1932,.T.);
#2981=EDGE_CURVE('',#2283,#2314,#1189,.T.);
#2982=EDGE_CURVE('',#2315,#2314,#1933,.T.);
#2983=EDGE_CURVE('',#2284,#2315,#1190,.T.);
#2984=EDGE_CURVE('',#2316,#2315,#1934,.T.);
#2985=EDGE_CURVE('',#2285,#2316,#1191,.T.);
#2986=EDGE_CURVE('',#2317,#2316,#1192,.T.);
#2987=EDGE_CURVE('',#2286,#2317,#1193,.T.);
#2988=EDGE_CURVE('',#2318,#2317,#1194,.T.);
#2989=EDGE_CURVE('',#2287,#2318,#1195,.T.);
#2990=EDGE_CURVE('',#2288,#2318,#1935,.T.);
#2991=EDGE_CURVE('',#2319,#2320,#1936,.T.);
#2992=EDGE_CURVE('',#2321,#2319,#1937,.T.);
#2993=EDGE_CURVE('',#2322,#2321,#1938,.T.);
#2994=EDGE_CURVE('',#2323,#2322,#1939,.T.);
#2995=EDGE_CURVE('',#2324,#2323,#1940,.T.);
#2996=EDGE_CURVE('',#2325,#2324,#1941,.T.);
#2997=EDGE_CURVE('',#2326,#2325,#1942,.T.);
#2998=EDGE_CURVE('',#2327,#2326,#1196,.T.);
#2999=EDGE_CURVE('',#2328,#2327,#1943,.T.);
#3000=EDGE_CURVE('',#2329,#2328,#1944,.T.);
#3001=EDGE_CURVE('',#2330,#2329,#1945,.T.);
#3002=EDGE_CURVE('',#2331,#2330,#1946,.T.);
#3003=EDGE_CURVE('',#2332,#2331,#1947,.T.);
#3004=EDGE_CURVE('',#2333,#2332,#1948,.T.);
#3005=EDGE_CURVE('',#2334,#2333,#1949,.T.);
#3006=EDGE_CURVE('',#2335,#2334,#1950,.T.);
#3007=EDGE_CURVE('',#2336,#2335,#1951,.T.);
#3008=EDGE_CURVE('',#2337,#2336,#1952,.T.);
#3009=EDGE_CURVE('',#2338,#2337,#1953,.T.);
#3010=EDGE_CURVE('',#2339,#2338,#1954,.T.);
#3011=EDGE_CURVE('',#2340,#2339,#1197,.T.);
#3012=EDGE_CURVE('',#2341,#2340,#1198,.T.);
#3013=EDGE_CURVE('',#2342,#2341,#1955,.T.);
#3014=EDGE_CURVE('',#2343,#2342,#1956,.T.);
#3015=EDGE_CURVE('',#2320,#2343,#1957,.T.);
#3016=EDGE_CURVE('',#2344,#2345,#1958,.T.);
#3017=EDGE_CURVE('',#2346,#2344,#1959,.T.);
#3018=EDGE_CURVE('',#2347,#2346,#1960,.T.);
#3019=EDGE_CURVE('',#2348,#2347,#1961,.T.);
#3020=EDGE_CURVE('',#2349,#2348,#1962,.T.);
#3021=EDGE_CURVE('',#2350,#2349,#1963,.T.);
#3022=EDGE_CURVE('',#2351,#2350,#1199,.T.);
#3023=EDGE_CURVE('',#2352,#2351,#1964,.T.);
#3024=EDGE_CURVE('',#2353,#2352,#1965,.T.);
#3025=EDGE_CURVE('',#2354,#2353,#1200,.T.);
#3026=EDGE_CURVE('',#2355,#2354,#1201,.T.);
#3027=EDGE_CURVE('',#2345,#2355,#1966,.T.);
#3028=EDGE_CURVE('',#2345,#2356,#1202,.T.);
#3029=EDGE_CURVE('',#2357,#2356,#1967,.T.);
#3030=EDGE_CURVE('',#2344,#2357,#1203,.T.);
#3031=EDGE_CURVE('',#2358,#2357,#1968,.T.);
#3032=EDGE_CURVE('',#2346,#2358,#1204,.T.);
#3033=EDGE_CURVE('',#2359,#2358,#1969,.T.);
#3034=EDGE_CURVE('',#2347,#2359,#1205,.T.);
#3035=EDGE_CURVE('',#2360,#2359,#1970,.T.);
#3036=EDGE_CURVE('',#2348,#2360,#1206,.T.);
#3037=EDGE_CURVE('',#2361,#2360,#1971,.T.);
#3038=EDGE_CURVE('',#2349,#2361,#1207,.T.);
#3039=EDGE_CURVE('',#2362,#2361,#1972,.T.);
#3040=EDGE_CURVE('',#2350,#2362,#1208,.T.);
#3041=EDGE_CURVE('',#2363,#2362,#1209,.T.);
#3042=EDGE_CURVE('',#2351,#2363,#1210,.T.);
#3043=EDGE_CURVE('',#2364,#2363,#1973,.T.);
#3044=EDGE_CURVE('',#2352,#2364,#1211,.T.);
#3045=EDGE_CURVE('',#2365,#2364,#1974,.T.);
#3046=EDGE_CURVE('',#2353,#2365,#1212,.T.);
#3047=EDGE_CURVE('',#2366,#2365,#1213,.T.);
#3048=EDGE_CURVE('',#2354,#2366,#1214,.T.);
#3049=EDGE_CURVE('',#2367,#2366,#1215,.T.);
#3050=EDGE_CURVE('',#2355,#2367,#1216,.T.);
#3051=EDGE_CURVE('',#2356,#2367,#1975,.T.);
#3052=EDGE_CURVE('',#2320,#2368,#1217,.T.);
#3053=EDGE_CURVE('',#2369,#2368,#1976,.T.);
#3054=EDGE_CURVE('',#2319,#2369,#1218,.T.);
#3055=EDGE_CURVE('',#2370,#2369,#1977,.T.);
#3056=EDGE_CURVE('',#2321,#2370,#1219,.T.);
#3057=EDGE_CURVE('',#2371,#2370,#1978,.T.);
#3058=EDGE_CURVE('',#2322,#2371,#1220,.T.);
#3059=EDGE_CURVE('',#2372,#2371,#1979,.T.);
#3060=EDGE_CURVE('',#2323,#2372,#1221,.T.);
#3061=EDGE_CURVE('',#2373,#2372,#1980,.T.);
#3062=EDGE_CURVE('',#2324,#2373,#1222,.T.);
#3063=EDGE_CURVE('',#2374,#2373,#1981,.T.);
#3064=EDGE_CURVE('',#2325,#2374,#1223,.T.);
#3065=EDGE_CURVE('',#2375,#2374,#1982,.T.);
#3066=EDGE_CURVE('',#2326,#2375,#1224,.T.);
#3067=EDGE_CURVE('',#2376,#2375,#1225,.T.);
#3068=EDGE_CURVE('',#2327,#2376,#1226,.T.);
#3069=EDGE_CURVE('',#2377,#2376,#1983,.T.);
#3070=EDGE_CURVE('',#2328,#2377,#1227,.T.);
#3071=EDGE_CURVE('',#2378,#2377,#1984,.T.);
#3072=EDGE_CURVE('',#2329,#2378,#1228,.T.);
#3073=EDGE_CURVE('',#2379,#2378,#1985,.T.);
#3074=EDGE_CURVE('',#2330,#2379,#1229,.T.);
#3075=EDGE_CURVE('',#2380,#2379,#1986,.T.);
#3076=EDGE_CURVE('',#2331,#2380,#1230,.T.);
#3077=EDGE_CURVE('',#2381,#2380,#1987,.T.);
#3078=EDGE_CURVE('',#2332,#2381,#1231,.T.);
#3079=EDGE_CURVE('',#2382,#2381,#1988,.T.);
#3080=EDGE_CURVE('',#2333,#2382,#1232,.T.);
#3081=EDGE_CURVE('',#2383,#2382,#1989,.T.);
#3082=EDGE_CURVE('',#2334,#2383,#1233,.T.);
#3083=EDGE_CURVE('',#2384,#2383,#1990,.T.);
#3084=EDGE_CURVE('',#2335,#2384,#1234,.T.);
#3085=EDGE_CURVE('',#2385,#2384,#1991,.T.);
#3086=EDGE_CURVE('',#2336,#2385,#1235,.T.);
#3087=EDGE_CURVE('',#2386,#2385,#1992,.T.);
#3088=EDGE_CURVE('',#2337,#2386,#1236,.T.);
#3089=EDGE_CURVE('',#2387,#2386,#1993,.T.);
#3090=EDGE_CURVE('',#2338,#2387,#1237,.T.);
#3091=EDGE_CURVE('',#2388,#2387,#1994,.T.);
#3092=EDGE_CURVE('',#2339,#2388,#1238,.T.);
#3093=EDGE_CURVE('',#2389,#2388,#1239,.T.);
#3094=EDGE_CURVE('',#2340,#2389,#1240,.T.);
#3095=EDGE_CURVE('',#2390,#2389,#1241,.T.);
#3096=EDGE_CURVE('',#2341,#2390,#1242,.T.);
#3097=EDGE_CURVE('',#2391,#2390,#1995,.T.);
#3098=EDGE_CURVE('',#2342,#2391,#1243,.T.);
#3099=EDGE_CURVE('',#2392,#2391,#1996,.T.);
#3100=EDGE_CURVE('',#2343,#2392,#1244,.T.);
#3101=EDGE_CURVE('',#2368,#2392,#1997,.T.);
#3102=EDGE_CURVE('',#2393,#2394,#1245,.T.);
#3103=EDGE_CURVE('',#2393,#2395,#1246,.T.);
#3104=EDGE_CURVE('',#2395,#2396,#1247,.T.);
#3105=EDGE_CURVE('',#2396,#2394,#1248,.T.);
#3106=EDGE_CURVE('',#2397,#2398,#1249,.T.);
#3107=EDGE_CURVE('',#2398,#2399,#168,.T.);
#3108=EDGE_CURVE('',#2399,#2400,#1250,.T.);
#3109=EDGE_CURVE('',#2400,#2397,#169,.T.);
#3110=EDGE_CURVE('',#2401,#2402,#1251,.T.);
#3111=EDGE_CURVE('',#2402,#2398,#1252,.T.);
#3112=EDGE_CURVE('',#2397,#2401,#1253,.T.);
#3113=EDGE_CURVE('',#2403,#2404,#1254,.T.);
#3114=EDGE_CURVE('',#2404,#2402,#170,.T.);
#3115=EDGE_CURVE('',#2401,#2403,#171,.T.);
#3116=EDGE_CURVE('',#2405,#2406,#1255,.T.);
#3117=EDGE_CURVE('',#2406,#2404,#1256,.T.);
#3118=EDGE_CURVE('',#2403,#2405,#1257,.T.);
#3119=EDGE_CURVE('',#2393,#2407,#1258,.T.);
#3120=EDGE_CURVE('',#2407,#2406,#172,.T.);
#3121=EDGE_CURVE('',#2405,#2393,#173,.T.);
#3122=EDGE_CURVE('',#2394,#2408,#1259,.T.);
#3123=EDGE_CURVE('',#2408,#2407,#1260,.T.);
#3124=EDGE_CURVE('',#2409,#2410,#1261,.T.);
#3125=EDGE_CURVE('',#2410,#2408,#174,.T.);
#3126=EDGE_CURVE('',#2394,#2409,#175,.T.);
#3127=EDGE_CURVE('',#2399,#2410,#1262,.T.);
#3128=EDGE_CURVE('',#2409,#2400,#1263,.T.);
#3129=EDGE_CURVE('',#2403,#2411,#1264,.T.);
#3130=EDGE_CURVE('',#2411,#2412,#1265,.T.);
#3131=EDGE_CURVE('',#2412,#2405,#1266,.T.);
#3132=EDGE_CURVE('',#2413,#2413,#176,.T.);
#3133=EDGE_CURVE('',#2414,#2415,#1267,.T.);
#3134=EDGE_CURVE('',#2415,#2416,#1268,.T.);
#3135=EDGE_CURVE('',#2416,#2417,#1269,.T.);
#3136=EDGE_CURVE('',#2417,#2414,#1270,.T.);
#3137=EDGE_CURVE('',#2418,#2401,#1271,.T.);
#3138=EDGE_CURVE('',#2418,#2411,#177,.T.);
#3139=EDGE_CURVE('',#2397,#2419,#1272,.T.);
#3140=EDGE_CURVE('',#2419,#2418,#1273,.T.);
#3141=EDGE_CURVE('',#2420,#2400,#1274,.T.);
#3142=EDGE_CURVE('',#2420,#2421,#1998,.T.);
#3143=EDGE_CURVE('',#2421,#2422,#1999,.T.);
#3144=EDGE_CURVE('',#2422,#2423,#2000,.T.);
#3145=EDGE_CURVE('',#2424,#2423,#1275,.T.);
#3146=EDGE_CURVE('',#2424,#2419,#178,.T.);
#3147=EDGE_CURVE('',#2396,#2425,#179,.T.);
#3148=EDGE_CURVE('',#2409,#2425,#1276,.T.);
#3149=EDGE_CURVE('',#2412,#2395,#180,.T.);
#3150=EDGE_CURVE('',#2425,#2424,#1277,.T.);
#3151=EDGE_CURVE('',#2423,#2420,#181,.T.);
#3152=EDGE_CURVE('',#2426,#2427,#1278,.T.);
#3153=EDGE_CURVE('',#2427,#2428,#1279,.T.);
#3154=EDGE_CURVE('',#2428,#2429,#1280,.T.);
#3155=EDGE_CURVE('',#2429,#2426,#1281,.T.);
#3156=EDGE_CURVE('',#2430,#2430,#182,.T.);
#3157=EDGE_CURVE('',#2430,#2431,#183,.T.);
#3158=EDGE_CURVE('',#2432,#2411,#1282,.T.);
#3159=EDGE_CURVE('',#2433,#2432,#1283,.T.);
#3160=EDGE_CURVE('',#2412,#2433,#1284,.T.);
#3161=EDGE_CURVE('',#2434,#2418,#1285,.T.);
#3162=EDGE_CURVE('',#2432,#2434,#184,.T.);
#3163=EDGE_CURVE('',#2435,#2419,#1286,.T.);
#3164=EDGE_CURVE('',#2434,#2435,#1287,.T.);
#3165=EDGE_CURVE('',#2436,#2424,#1288,.T.);
#3166=EDGE_CURVE('',#2435,#2436,#185,.T.);
#3167=EDGE_CURVE('',#2437,#2425,#1289,.T.);
#3168=EDGE_CURVE('',#2436,#2437,#1290,.T.);
#3169=EDGE_CURVE('',#2438,#2396,#1291,.T.);
#3170=EDGE_CURVE('',#2437,#2438,#186,.T.);
#3171=EDGE_CURVE('',#2439,#2395,#1292,.T.);
#3172=EDGE_CURVE('',#2438,#2439,#1293,.T.);
#3173=EDGE_CURVE('',#2439,#2433,#187,.T.);
#3174=EDGE_CURVE('',#2413,#2440,#1294,.T.);
#3175=EDGE_CURVE('',#2440,#2440,#188,.T.);
#3176=EDGE_CURVE('',#2440,#2441,#1295,.T.);
#3177=EDGE_CURVE('',#2441,#2441,#189,.T.);
#3178=EDGE_CURVE('',#2442,#2414,#1296,.T.);
#3179=EDGE_CURVE('',#2443,#2442,#31,.T.);
#3180=EDGE_CURVE('',#2444,#2443,#1297,.T.);
#3181=EDGE_CURVE('',#2415,#2444,#1298,.T.);
#3182=EDGE_CURVE('',#2445,#2444,#1299,.T.);
#3183=EDGE_CURVE('',#2416,#2445,#1300,.T.);
#3184=EDGE_CURVE('',#2446,#2445,#1301,.T.);
#3185=EDGE_CURVE('',#2447,#2446,#32,.T.);
#3186=EDGE_CURVE('',#2447,#2417,#1302,.T.);
#3187=EDGE_CURVE('',#2447,#2442,#1303,.T.);
#3188=EDGE_CURVE('',#2448,#2445,#1304,.T.);
#3189=EDGE_CURVE('',#2449,#2448,#1305,.T.);
#3190=EDGE_CURVE('',#2450,#2449,#1306,.T.);
#3191=EDGE_CURVE('',#2451,#2450,#190,.T.);
#3192=EDGE_CURVE('',#2452,#2451,#191,.T.);
#3193=EDGE_CURVE('',#2453,#2452,#192,.T.);
#3194=EDGE_CURVE('',#2453,#2454,#1307,.F.);
#3195=EDGE_CURVE('',#2455,#2454,#193,.T.);
#3196=EDGE_CURVE('',#2446,#2455,#194,.T.);
#3197=EDGE_CURVE('',#2455,#2456,#1308,.T.);
#3198=EDGE_CURVE('',#2443,#2456,#195,.T.);
#3199=EDGE_CURVE('',#2457,#2458,#1309,.T.);
#3200=EDGE_CURVE('',#2427,#2457,#1310,.T.);
#3201=EDGE_CURVE('',#2458,#2426,#1311,.T.);
#3202=EDGE_CURVE('',#2459,#2429,#1312,.T.);
#3203=EDGE_CURVE('',#2460,#2459,#33,.T.);
#3204=EDGE_CURVE('',#2458,#2460,#1313,.T.);
#3205=EDGE_CURVE('',#2461,#2457,#1314,.T.);
#3206=EDGE_CURVE('',#2462,#2461,#34,.T.);
#3207=EDGE_CURVE('',#2462,#2428,#1315,.T.);
#3208=EDGE_CURVE('',#2459,#2462,#1316,.T.);
#3209=EDGE_CURVE('',#2463,#2460,#196,.T.);
#3210=EDGE_CURVE('',#2464,#2463,#197,.T.);
#3211=EDGE_CURVE('',#2464,#2465,#1317,.F.);
#3212=EDGE_CURVE('',#2466,#2465,#198,.T.);
#3213=EDGE_CURVE('',#2467,#2466,#199,.T.);
#3214=EDGE_CURVE('',#2468,#2467,#200,.T.);
#3215=EDGE_CURVE('',#2468,#2469,#1318,.F.);
#3216=EDGE_CURVE('',#2470,#2469,#201,.T.);
#3217=EDGE_CURVE('',#2471,#2470,#202,.T.);
#3218=EDGE_CURVE('',#2472,#2471,#203,.T.);
#3219=EDGE_CURVE('',#2472,#2473,#1319,.F.);
#3220=EDGE_CURVE('',#2474,#2473,#204,.T.);
#3221=EDGE_CURVE('',#2475,#2474,#205,.T.);
#3222=EDGE_CURVE('',#2476,#2475,#206,.T.);
#3223=EDGE_CURVE('',#2477,#2476,#1320,.T.);
#3224=EDGE_CURVE('',#2478,#2477,#1321,.T.);
#3225=EDGE_CURVE('',#2458,#2478,#1322,.T.);
#3226=EDGE_CURVE('',#2479,#2444,#1323,.T.);
#3227=EDGE_CURVE('',#2479,#2480,#207,.T.);
#3228=EDGE_CURVE('',#2457,#2480,#1324,.T.);
#3229=EDGE_CURVE('',#2478,#2448,#208,.T.);
#3230=EDGE_CURVE('',#2420,#2481,#1325,.T.);
#3231=EDGE_CURVE('',#2482,#2423,#1326,.T.);
#3232=EDGE_CURVE('',#2483,#2482,#209,.T.);
#3233=EDGE_CURVE('',#2481,#2483,#210,.T.);
#3234=EDGE_CURVE('',#2484,#2421,#1327,.T.);
#3235=EDGE_CURVE('',#2485,#2484,#2001,.T.);
#3236=EDGE_CURVE('',#2422,#2485,#1328,.T.);
#3237=EDGE_CURVE('',#2482,#2485,#2002,.T.);
#3238=EDGE_CURVE('',#2484,#2481,#2003,.T.);
#3239=EDGE_CURVE('',#2483,#2486,#1329,.T.);
#3240=EDGE_CURVE('',#2486,#2486,#211,.T.);
#3241=EDGE_CURVE('',#2441,#2486,#1330,.T.);
#3242=EDGE_CURVE('',#2487,#2480,#1331,.T.);
#3243=EDGE_CURVE('',#2488,#2487,#1332,.T.);
#3244=EDGE_CURVE('',#2488,#2489,#212,.T.);
#3245=EDGE_CURVE('',#2489,#2490,#213,.T.);
#3246=EDGE_CURVE('',#2490,#2491,#214,.T.);
#3247=EDGE_CURVE('',#2492,#2491,#1333,.T.);
#3248=EDGE_CURVE('',#2492,#2493,#215,.T.);
#3249=EDGE_CURVE('',#2493,#2494,#216,.T.);
#3250=EDGE_CURVE('',#2494,#2495,#217,.T.);
#3251=EDGE_CURVE('',#2496,#2495,#1334,.T.);
#3252=EDGE_CURVE('',#2496,#2497,#218,.T.);
#3253=EDGE_CURVE('',#2497,#2498,#219,.T.);
#3254=EDGE_CURVE('',#2498,#2499,#220,.T.);
#3255=EDGE_CURVE('',#2500,#2499,#1335,.T.);
#3256=EDGE_CURVE('',#2500,#2501,#221,.T.);
#3257=EDGE_CURVE('',#2501,#2461,#222,.T.);
#3258=EDGE_CURVE('',#2456,#2502,#223,.T.);
#3259=EDGE_CURVE('',#2503,#2502,#1336,.T.);
#3260=EDGE_CURVE('',#2503,#2504,#224,.T.);
#3261=EDGE_CURVE('',#2504,#2505,#225,.T.);
#3262=EDGE_CURVE('',#2505,#2506,#226,.T.);
#3263=EDGE_CURVE('',#2507,#2506,#1337,.T.);
#3264=EDGE_CURVE('',#2479,#2507,#1338,.T.);
#3265=EDGE_CURVE('',#2496,#2468,#1339,.T.);
#3266=EDGE_CURVE('',#2467,#2497,#1340,.T.);
#3267=EDGE_CURVE('',#2492,#2472,#1341,.T.);
#3268=EDGE_CURVE('',#2471,#2493,#1342,.T.);
#3269=EDGE_CURVE('',#2500,#2464,#1343,.T.);
#3270=EDGE_CURVE('',#2463,#2501,#1344,.T.);
#3271=EDGE_CURVE('',#2488,#2476,#1345,.T.);
#3272=EDGE_CURVE('',#2475,#2489,#1346,.T.);
#3273=EDGE_CURVE('',#2503,#2453,#1347,.T.);
#3274=EDGE_CURVE('',#2452,#2504,#1348,.T.);
#3275=EDGE_CURVE('',#2449,#2477,#227,.T.);
#3276=EDGE_CURVE('',#2487,#2507,#228,.T.);
#3277=EDGE_CURVE('',#2465,#2499,#1349,.T.);
#3278=EDGE_CURVE('',#2466,#2498,#1350,.T.);
#3279=EDGE_CURVE('',#2469,#2495,#1351,.T.);
#3280=EDGE_CURVE('',#2470,#2494,#1352,.T.);
#3281=EDGE_CURVE('',#2473,#2491,#1353,.T.);
#3282=EDGE_CURVE('',#2474,#2490,#1354,.T.);
#3283=EDGE_CURVE('',#2450,#2506,#1355,.T.);
#3284=EDGE_CURVE('',#2451,#2505,#1356,.T.);
#3285=EDGE_CURVE('',#2454,#2502,#1357,.T.);
#3286=ORIENTED_EDGE('',*,*,#2508,.F.);
#3287=ORIENTED_EDGE('',*,*,#2509,.F.);
#3288=ORIENTED_EDGE('',*,*,#2510,.F.);
#3289=ORIENTED_EDGE('',*,*,#2511,.F.);
#3290=ORIENTED_EDGE('',*,*,#2512,.F.);
#3291=ORIENTED_EDGE('',*,*,#2513,.F.);
#3292=ORIENTED_EDGE('',*,*,#2514,.F.);
#3293=ORIENTED_EDGE('',*,*,#2515,.F.);
#3294=ORIENTED_EDGE('',*,*,#2516,.F.);
#3295=ORIENTED_EDGE('',*,*,#2517,.F.);
#3296=ORIENTED_EDGE('',*,*,#2518,.F.);
#3297=ORIENTED_EDGE('',*,*,#2519,.F.);
#3298=ORIENTED_EDGE('',*,*,#2520,.F.);
#3299=ORIENTED_EDGE('',*,*,#2521,.F.);
#3300=ORIENTED_EDGE('',*,*,#2522,.F.);
#3301=ORIENTED_EDGE('',*,*,#2523,.F.);
#3302=ORIENTED_EDGE('',*,*,#2524,.F.);
#3303=ORIENTED_EDGE('',*,*,#2525,.F.);
#3304=ORIENTED_EDGE('',*,*,#2526,.F.);
#3305=ORIENTED_EDGE('',*,*,#2527,.F.);
#3306=ORIENTED_EDGE('',*,*,#2528,.F.);
#3307=ORIENTED_EDGE('',*,*,#2529,.F.);
#3308=ORIENTED_EDGE('',*,*,#2530,.F.);
#3309=ORIENTED_EDGE('',*,*,#2531,.F.);
#3310=ORIENTED_EDGE('',*,*,#2532,.F.);
#3311=ORIENTED_EDGE('',*,*,#2533,.F.);
#3312=ORIENTED_EDGE('',*,*,#2534,.F.);
#3313=ORIENTED_EDGE('',*,*,#2535,.F.);
#3314=ORIENTED_EDGE('',*,*,#2536,.F.);
#3315=ORIENTED_EDGE('',*,*,#2537,.F.);
#3316=ORIENTED_EDGE('',*,*,#2538,.F.);
#3317=ORIENTED_EDGE('',*,*,#2508,.T.);
#3318=ORIENTED_EDGE('',*,*,#2539,.T.);
#3319=ORIENTED_EDGE('',*,*,#2540,.F.);
#3320=ORIENTED_EDGE('',*,*,#2541,.F.);
#3321=ORIENTED_EDGE('',*,*,#2509,.T.);
#3322=ORIENTED_EDGE('',*,*,#2541,.T.);
#3323=ORIENTED_EDGE('',*,*,#2542,.F.);
#3324=ORIENTED_EDGE('',*,*,#2543,.F.);
#3325=ORIENTED_EDGE('',*,*,#2510,.T.);
#3326=ORIENTED_EDGE('',*,*,#2543,.T.);
#3327=ORIENTED_EDGE('',*,*,#2544,.F.);
#3328=ORIENTED_EDGE('',*,*,#2545,.F.);
#3329=ORIENTED_EDGE('',*,*,#2511,.T.);
#3330=ORIENTED_EDGE('',*,*,#2545,.T.);
#3331=ORIENTED_EDGE('',*,*,#2546,.F.);
#3332=ORIENTED_EDGE('',*,*,#2547,.F.);
#3333=ORIENTED_EDGE('',*,*,#2512,.T.);
#3334=ORIENTED_EDGE('',*,*,#2547,.T.);
#3335=ORIENTED_EDGE('',*,*,#2548,.F.);
#3336=ORIENTED_EDGE('',*,*,#2549,.F.);
#3337=ORIENTED_EDGE('',*,*,#2513,.T.);
#3338=ORIENTED_EDGE('',*,*,#2549,.T.);
#3339=ORIENTED_EDGE('',*,*,#2550,.F.);
#3340=ORIENTED_EDGE('',*,*,#2551,.F.);
#3341=ORIENTED_EDGE('',*,*,#2514,.T.);
#3342=ORIENTED_EDGE('',*,*,#2551,.T.);
#3343=ORIENTED_EDGE('',*,*,#2552,.F.);
#3344=ORIENTED_EDGE('',*,*,#2553,.F.);
#3345=ORIENTED_EDGE('',*,*,#2515,.T.);
#3346=ORIENTED_EDGE('',*,*,#2553,.T.);
#3347=ORIENTED_EDGE('',*,*,#2554,.F.);
#3348=ORIENTED_EDGE('',*,*,#2555,.F.);
#3349=ORIENTED_EDGE('',*,*,#2516,.T.);
#3350=ORIENTED_EDGE('',*,*,#2555,.T.);
#3351=ORIENTED_EDGE('',*,*,#2556,.F.);
#3352=ORIENTED_EDGE('',*,*,#2557,.F.);
#3353=ORIENTED_EDGE('',*,*,#2517,.T.);
#3354=ORIENTED_EDGE('',*,*,#2557,.T.);
#3355=ORIENTED_EDGE('',*,*,#2558,.F.);
#3356=ORIENTED_EDGE('',*,*,#2559,.F.);
#3357=ORIENTED_EDGE('',*,*,#2518,.T.);
#3358=ORIENTED_EDGE('',*,*,#2559,.T.);
#3359=ORIENTED_EDGE('',*,*,#2560,.F.);
#3360=ORIENTED_EDGE('',*,*,#2561,.F.);
#3361=ORIENTED_EDGE('',*,*,#2519,.T.);
#3362=ORIENTED_EDGE('',*,*,#2561,.T.);
#3363=ORIENTED_EDGE('',*,*,#2562,.F.);
#3364=ORIENTED_EDGE('',*,*,#2563,.F.);
#3365=ORIENTED_EDGE('',*,*,#2520,.T.);
#3366=ORIENTED_EDGE('',*,*,#2563,.T.);
#3367=ORIENTED_EDGE('',*,*,#2564,.F.);
#3368=ORIENTED_EDGE('',*,*,#2565,.F.);
#3369=ORIENTED_EDGE('',*,*,#2521,.T.);
#3370=ORIENTED_EDGE('',*,*,#2565,.T.);
#3371=ORIENTED_EDGE('',*,*,#2566,.F.);
#3372=ORIENTED_EDGE('',*,*,#2567,.F.);
#3373=ORIENTED_EDGE('',*,*,#2522,.T.);
#3374=ORIENTED_EDGE('',*,*,#2567,.T.);
#3375=ORIENTED_EDGE('',*,*,#2568,.F.);
#3376=ORIENTED_EDGE('',*,*,#2569,.F.);
#3377=ORIENTED_EDGE('',*,*,#2523,.T.);
#3378=ORIENTED_EDGE('',*,*,#2569,.T.);
#3379=ORIENTED_EDGE('',*,*,#2570,.F.);
#3380=ORIENTED_EDGE('',*,*,#2571,.F.);
#3381=ORIENTED_EDGE('',*,*,#2524,.T.);
#3382=ORIENTED_EDGE('',*,*,#2571,.T.);
#3383=ORIENTED_EDGE('',*,*,#2572,.F.);
#3384=ORIENTED_EDGE('',*,*,#2573,.F.);
#3385=ORIENTED_EDGE('',*,*,#2525,.T.);
#3386=ORIENTED_EDGE('',*,*,#2573,.T.);
#3387=ORIENTED_EDGE('',*,*,#2574,.F.);
#3388=ORIENTED_EDGE('',*,*,#2575,.F.);
#3389=ORIENTED_EDGE('',*,*,#2526,.T.);
#3390=ORIENTED_EDGE('',*,*,#2575,.T.);
#3391=ORIENTED_EDGE('',*,*,#2576,.F.);
#3392=ORIENTED_EDGE('',*,*,#2577,.F.);
#3393=ORIENTED_EDGE('',*,*,#2527,.T.);
#3394=ORIENTED_EDGE('',*,*,#2577,.T.);
#3395=ORIENTED_EDGE('',*,*,#2578,.F.);
#3396=ORIENTED_EDGE('',*,*,#2579,.F.);
#3397=ORIENTED_EDGE('',*,*,#2528,.T.);
#3398=ORIENTED_EDGE('',*,*,#2579,.T.);
#3399=ORIENTED_EDGE('',*,*,#2580,.F.);
#3400=ORIENTED_EDGE('',*,*,#2581,.F.);
#3401=ORIENTED_EDGE('',*,*,#2529,.T.);
#3402=ORIENTED_EDGE('',*,*,#2581,.T.);
#3403=ORIENTED_EDGE('',*,*,#2582,.F.);
#3404=ORIENTED_EDGE('',*,*,#2583,.F.);
#3405=ORIENTED_EDGE('',*,*,#2530,.T.);
#3406=ORIENTED_EDGE('',*,*,#2583,.T.);
#3407=ORIENTED_EDGE('',*,*,#2584,.F.);
#3408=ORIENTED_EDGE('',*,*,#2585,.F.);
#3409=ORIENTED_EDGE('',*,*,#2531,.T.);
#3410=ORIENTED_EDGE('',*,*,#2585,.T.);
#3411=ORIENTED_EDGE('',*,*,#2586,.F.);
#3412=ORIENTED_EDGE('',*,*,#2587,.F.);
#3413=ORIENTED_EDGE('',*,*,#2532,.T.);
#3414=ORIENTED_EDGE('',*,*,#2587,.T.);
#3415=ORIENTED_EDGE('',*,*,#2588,.F.);
#3416=ORIENTED_EDGE('',*,*,#2589,.F.);
#3417=ORIENTED_EDGE('',*,*,#2533,.T.);
#3418=ORIENTED_EDGE('',*,*,#2589,.T.);
#3419=ORIENTED_EDGE('',*,*,#2590,.F.);
#3420=ORIENTED_EDGE('',*,*,#2591,.F.);
#3421=ORIENTED_EDGE('',*,*,#2534,.T.);
#3422=ORIENTED_EDGE('',*,*,#2591,.T.);
#3423=ORIENTED_EDGE('',*,*,#2592,.F.);
#3424=ORIENTED_EDGE('',*,*,#2593,.F.);
#3425=ORIENTED_EDGE('',*,*,#2535,.T.);
#3426=ORIENTED_EDGE('',*,*,#2593,.T.);
#3427=ORIENTED_EDGE('',*,*,#2594,.F.);
#3428=ORIENTED_EDGE('',*,*,#2595,.F.);
#3429=ORIENTED_EDGE('',*,*,#2536,.T.);
#3430=ORIENTED_EDGE('',*,*,#2595,.T.);
#3431=ORIENTED_EDGE('',*,*,#2596,.F.);
#3432=ORIENTED_EDGE('',*,*,#2597,.F.);
#3433=ORIENTED_EDGE('',*,*,#2537,.T.);
#3434=ORIENTED_EDGE('',*,*,#2597,.T.);
#3435=ORIENTED_EDGE('',*,*,#2598,.F.);
#3436=ORIENTED_EDGE('',*,*,#2599,.F.);
#3437=ORIENTED_EDGE('',*,*,#2538,.T.);
#3438=ORIENTED_EDGE('',*,*,#2599,.T.);
#3439=ORIENTED_EDGE('',*,*,#2600,.F.);
#3440=ORIENTED_EDGE('',*,*,#2539,.F.);
#3441=ORIENTED_EDGE('',*,*,#2601,.F.);
#3442=ORIENTED_EDGE('',*,*,#2602,.F.);
#3443=ORIENTED_EDGE('',*,*,#2603,.F.);
#3444=ORIENTED_EDGE('',*,*,#2604,.F.);
#3445=ORIENTED_EDGE('',*,*,#2605,.F.);
#3446=ORIENTED_EDGE('',*,*,#2606,.F.);
#3447=ORIENTED_EDGE('',*,*,#2607,.F.);
#3448=ORIENTED_EDGE('',*,*,#2608,.F.);
#3449=ORIENTED_EDGE('',*,*,#2609,.F.);
#3450=ORIENTED_EDGE('',*,*,#2610,.F.);
#3451=ORIENTED_EDGE('',*,*,#2611,.F.);
#3452=ORIENTED_EDGE('',*,*,#2612,.F.);
#3453=ORIENTED_EDGE('',*,*,#2613,.F.);
#3454=ORIENTED_EDGE('',*,*,#2614,.F.);
#3455=ORIENTED_EDGE('',*,*,#2615,.F.);
#3456=ORIENTED_EDGE('',*,*,#2616,.F.);
#3457=ORIENTED_EDGE('',*,*,#2617,.F.);
#3458=ORIENTED_EDGE('',*,*,#2618,.F.);
#3459=ORIENTED_EDGE('',*,*,#2619,.F.);
#3460=ORIENTED_EDGE('',*,*,#2620,.F.);
#3461=ORIENTED_EDGE('',*,*,#2621,.F.);
#3462=ORIENTED_EDGE('',*,*,#2622,.F.);
#3463=ORIENTED_EDGE('',*,*,#2623,.F.);
#3464=ORIENTED_EDGE('',*,*,#2624,.F.);
#3465=ORIENTED_EDGE('',*,*,#2625,.F.);
#3466=ORIENTED_EDGE('',*,*,#2626,.F.);
#3467=ORIENTED_EDGE('',*,*,#2627,.F.);
#3468=ORIENTED_EDGE('',*,*,#2628,.F.);
#3469=ORIENTED_EDGE('',*,*,#2629,.F.);
#3470=ORIENTED_EDGE('',*,*,#2630,.F.);
#3471=ORIENTED_EDGE('',*,*,#2631,.F.);
#3472=ORIENTED_EDGE('',*,*,#2632,.F.);
#3473=ORIENTED_EDGE('',*,*,#2633,.F.);
#3474=ORIENTED_EDGE('',*,*,#2634,.F.);
#3475=ORIENTED_EDGE('',*,*,#2635,.F.);
#3476=ORIENTED_EDGE('',*,*,#2636,.F.);
#3477=ORIENTED_EDGE('',*,*,#2637,.F.);
#3478=ORIENTED_EDGE('',*,*,#2626,.T.);
#3479=ORIENTED_EDGE('',*,*,#2638,.T.);
#3480=ORIENTED_EDGE('',*,*,#2639,.F.);
#3481=ORIENTED_EDGE('',*,*,#2640,.F.);
#3482=ORIENTED_EDGE('',*,*,#2627,.T.);
#3483=ORIENTED_EDGE('',*,*,#2640,.T.);
#3484=ORIENTED_EDGE('',*,*,#2641,.F.);
#3485=ORIENTED_EDGE('',*,*,#2642,.F.);
#3486=ORIENTED_EDGE('',*,*,#2628,.T.);
#3487=ORIENTED_EDGE('',*,*,#2642,.T.);
#3488=ORIENTED_EDGE('',*,*,#2643,.F.);
#3489=ORIENTED_EDGE('',*,*,#2644,.F.);
#3490=ORIENTED_EDGE('',*,*,#2629,.T.);
#3491=ORIENTED_EDGE('',*,*,#2644,.T.);
#3492=ORIENTED_EDGE('',*,*,#2645,.F.);
#3493=ORIENTED_EDGE('',*,*,#2646,.F.);
#3494=ORIENTED_EDGE('',*,*,#2630,.T.);
#3495=ORIENTED_EDGE('',*,*,#2646,.T.);
#3496=ORIENTED_EDGE('',*,*,#2647,.F.);
#3497=ORIENTED_EDGE('',*,*,#2648,.F.);
#3498=ORIENTED_EDGE('',*,*,#2631,.T.);
#3499=ORIENTED_EDGE('',*,*,#2648,.T.);
#3500=ORIENTED_EDGE('',*,*,#2649,.F.);
#3501=ORIENTED_EDGE('',*,*,#2650,.F.);
#3502=ORIENTED_EDGE('',*,*,#2632,.T.);
#3503=ORIENTED_EDGE('',*,*,#2650,.T.);
#3504=ORIENTED_EDGE('',*,*,#2651,.F.);
#3505=ORIENTED_EDGE('',*,*,#2652,.F.);
#3506=ORIENTED_EDGE('',*,*,#2633,.T.);
#3507=ORIENTED_EDGE('',*,*,#2652,.T.);
#3508=ORIENTED_EDGE('',*,*,#2653,.F.);
#3509=ORIENTED_EDGE('',*,*,#2654,.F.);
#3510=ORIENTED_EDGE('',*,*,#2634,.T.);
#3511=ORIENTED_EDGE('',*,*,#2654,.T.);
#3512=ORIENTED_EDGE('',*,*,#2655,.F.);
#3513=ORIENTED_EDGE('',*,*,#2656,.F.);
#3514=ORIENTED_EDGE('',*,*,#2635,.T.);
#3515=ORIENTED_EDGE('',*,*,#2656,.T.);
#3516=ORIENTED_EDGE('',*,*,#2657,.F.);
#3517=ORIENTED_EDGE('',*,*,#2658,.F.);
#3518=ORIENTED_EDGE('',*,*,#2636,.T.);
#3519=ORIENTED_EDGE('',*,*,#2658,.T.);
#3520=ORIENTED_EDGE('',*,*,#2659,.F.);
#3521=ORIENTED_EDGE('',*,*,#2660,.F.);
#3522=ORIENTED_EDGE('',*,*,#2637,.T.);
#3523=ORIENTED_EDGE('',*,*,#2660,.T.);
#3524=ORIENTED_EDGE('',*,*,#2661,.F.);
#3525=ORIENTED_EDGE('',*,*,#2638,.F.);
#3526=ORIENTED_EDGE('',*,*,#2601,.T.);
#3527=ORIENTED_EDGE('',*,*,#2662,.T.);
#3528=ORIENTED_EDGE('',*,*,#2663,.F.);
#3529=ORIENTED_EDGE('',*,*,#2664,.F.);
#3530=ORIENTED_EDGE('',*,*,#2602,.T.);
#3531=ORIENTED_EDGE('',*,*,#2664,.T.);
#3532=ORIENTED_EDGE('',*,*,#2665,.F.);
#3533=ORIENTED_EDGE('',*,*,#2666,.F.);
#3534=ORIENTED_EDGE('',*,*,#2603,.T.);
#3535=ORIENTED_EDGE('',*,*,#2666,.T.);
#3536=ORIENTED_EDGE('',*,*,#2667,.F.);
#3537=ORIENTED_EDGE('',*,*,#2668,.F.);
#3538=ORIENTED_EDGE('',*,*,#2604,.T.);
#3539=ORIENTED_EDGE('',*,*,#2668,.T.);
#3540=ORIENTED_EDGE('',*,*,#2669,.F.);
#3541=ORIENTED_EDGE('',*,*,#2670,.F.);
#3542=ORIENTED_EDGE('',*,*,#2605,.T.);
#3543=ORIENTED_EDGE('',*,*,#2670,.T.);
#3544=ORIENTED_EDGE('',*,*,#2671,.F.);
#3545=ORIENTED_EDGE('',*,*,#2672,.F.);
#3546=ORIENTED_EDGE('',*,*,#2606,.T.);
#3547=ORIENTED_EDGE('',*,*,#2672,.T.);
#3548=ORIENTED_EDGE('',*,*,#2673,.F.);
#3549=ORIENTED_EDGE('',*,*,#2674,.F.);
#3550=ORIENTED_EDGE('',*,*,#2607,.T.);
#3551=ORIENTED_EDGE('',*,*,#2674,.T.);
#3552=ORIENTED_EDGE('',*,*,#2675,.F.);
#3553=ORIENTED_EDGE('',*,*,#2676,.F.);
#3554=ORIENTED_EDGE('',*,*,#2608,.T.);
#3555=ORIENTED_EDGE('',*,*,#2676,.T.);
#3556=ORIENTED_EDGE('',*,*,#2677,.F.);
#3557=ORIENTED_EDGE('',*,*,#2678,.F.);
#3558=ORIENTED_EDGE('',*,*,#2609,.T.);
#3559=ORIENTED_EDGE('',*,*,#2678,.T.);
#3560=ORIENTED_EDGE('',*,*,#2679,.F.);
#3561=ORIENTED_EDGE('',*,*,#2680,.F.);
#3562=ORIENTED_EDGE('',*,*,#2610,.T.);
#3563=ORIENTED_EDGE('',*,*,#2680,.T.);
#3564=ORIENTED_EDGE('',*,*,#2681,.F.);
#3565=ORIENTED_EDGE('',*,*,#2682,.F.);
#3566=ORIENTED_EDGE('',*,*,#2611,.T.);
#3567=ORIENTED_EDGE('',*,*,#2682,.T.);
#3568=ORIENTED_EDGE('',*,*,#2683,.F.);
#3569=ORIENTED_EDGE('',*,*,#2684,.F.);
#3570=ORIENTED_EDGE('',*,*,#2612,.T.);
#3571=ORIENTED_EDGE('',*,*,#2684,.T.);
#3572=ORIENTED_EDGE('',*,*,#2685,.F.);
#3573=ORIENTED_EDGE('',*,*,#2686,.F.);
#3574=ORIENTED_EDGE('',*,*,#2613,.T.);
#3575=ORIENTED_EDGE('',*,*,#2686,.T.);
#3576=ORIENTED_EDGE('',*,*,#2687,.F.);
#3577=ORIENTED_EDGE('',*,*,#2688,.F.);
#3578=ORIENTED_EDGE('',*,*,#2614,.T.);
#3579=ORIENTED_EDGE('',*,*,#2688,.T.);
#3580=ORIENTED_EDGE('',*,*,#2689,.F.);
#3581=ORIENTED_EDGE('',*,*,#2690,.F.);
#3582=ORIENTED_EDGE('',*,*,#2615,.T.);
#3583=ORIENTED_EDGE('',*,*,#2690,.T.);
#3584=ORIENTED_EDGE('',*,*,#2691,.F.);
#3585=ORIENTED_EDGE('',*,*,#2692,.F.);
#3586=ORIENTED_EDGE('',*,*,#2616,.T.);
#3587=ORIENTED_EDGE('',*,*,#2692,.T.);
#3588=ORIENTED_EDGE('',*,*,#2693,.F.);
#3589=ORIENTED_EDGE('',*,*,#2694,.F.);
#3590=ORIENTED_EDGE('',*,*,#2617,.T.);
#3591=ORIENTED_EDGE('',*,*,#2694,.T.);
#3592=ORIENTED_EDGE('',*,*,#2695,.F.);
#3593=ORIENTED_EDGE('',*,*,#2696,.F.);
#3594=ORIENTED_EDGE('',*,*,#2618,.T.);
#3595=ORIENTED_EDGE('',*,*,#2696,.T.);
#3596=ORIENTED_EDGE('',*,*,#2697,.F.);
#3597=ORIENTED_EDGE('',*,*,#2698,.F.);
#3598=ORIENTED_EDGE('',*,*,#2619,.T.);
#3599=ORIENTED_EDGE('',*,*,#2698,.T.);
#3600=ORIENTED_EDGE('',*,*,#2699,.F.);
#3601=ORIENTED_EDGE('',*,*,#2700,.F.);
#3602=ORIENTED_EDGE('',*,*,#2620,.T.);
#3603=ORIENTED_EDGE('',*,*,#2700,.T.);
#3604=ORIENTED_EDGE('',*,*,#2701,.F.);
#3605=ORIENTED_EDGE('',*,*,#2702,.F.);
#3606=ORIENTED_EDGE('',*,*,#2621,.T.);
#3607=ORIENTED_EDGE('',*,*,#2702,.T.);
#3608=ORIENTED_EDGE('',*,*,#2703,.F.);
#3609=ORIENTED_EDGE('',*,*,#2704,.F.);
#3610=ORIENTED_EDGE('',*,*,#2622,.T.);
#3611=ORIENTED_EDGE('',*,*,#2704,.T.);
#3612=ORIENTED_EDGE('',*,*,#2705,.F.);
#3613=ORIENTED_EDGE('',*,*,#2706,.F.);
#3614=ORIENTED_EDGE('',*,*,#2623,.T.);
#3615=ORIENTED_EDGE('',*,*,#2706,.T.);
#3616=ORIENTED_EDGE('',*,*,#2707,.F.);
#3617=ORIENTED_EDGE('',*,*,#2708,.F.);
#3618=ORIENTED_EDGE('',*,*,#2624,.T.);
#3619=ORIENTED_EDGE('',*,*,#2708,.T.);
#3620=ORIENTED_EDGE('',*,*,#2709,.F.);
#3621=ORIENTED_EDGE('',*,*,#2710,.F.);
#3622=ORIENTED_EDGE('',*,*,#2625,.T.);
#3623=ORIENTED_EDGE('',*,*,#2710,.T.);
#3624=ORIENTED_EDGE('',*,*,#2711,.F.);
#3625=ORIENTED_EDGE('',*,*,#2662,.F.);
#3626=ORIENTED_EDGE('',*,*,#2712,.F.);
#3627=ORIENTED_EDGE('',*,*,#2713,.F.);
#3628=ORIENTED_EDGE('',*,*,#2714,.F.);
#3629=ORIENTED_EDGE('',*,*,#2715,.F.);
#3630=ORIENTED_EDGE('',*,*,#2663,.T.);
#3631=ORIENTED_EDGE('',*,*,#2711,.T.);
#3632=ORIENTED_EDGE('',*,*,#2709,.T.);
#3633=ORIENTED_EDGE('',*,*,#2707,.T.);
#3634=ORIENTED_EDGE('',*,*,#2705,.T.);
#3635=ORIENTED_EDGE('',*,*,#2703,.T.);
#3636=ORIENTED_EDGE('',*,*,#2701,.T.);
#3637=ORIENTED_EDGE('',*,*,#2699,.T.);
#3638=ORIENTED_EDGE('',*,*,#2697,.T.);
#3639=ORIENTED_EDGE('',*,*,#2695,.T.);
#3640=ORIENTED_EDGE('',*,*,#2693,.T.);
#3641=ORIENTED_EDGE('',*,*,#2691,.T.);
#3642=ORIENTED_EDGE('',*,*,#2689,.T.);
#3643=ORIENTED_EDGE('',*,*,#2687,.T.);
#3644=ORIENTED_EDGE('',*,*,#2685,.T.);
#3645=ORIENTED_EDGE('',*,*,#2683,.T.);
#3646=ORIENTED_EDGE('',*,*,#2681,.T.);
#3647=ORIENTED_EDGE('',*,*,#2679,.T.);
#3648=ORIENTED_EDGE('',*,*,#2677,.T.);
#3649=ORIENTED_EDGE('',*,*,#2675,.T.);
#3650=ORIENTED_EDGE('',*,*,#2673,.T.);
#3651=ORIENTED_EDGE('',*,*,#2671,.T.);
#3652=ORIENTED_EDGE('',*,*,#2669,.T.);
#3653=ORIENTED_EDGE('',*,*,#2667,.T.);
#3654=ORIENTED_EDGE('',*,*,#2665,.T.);
#3655=ORIENTED_EDGE('',*,*,#2540,.T.);
#3656=ORIENTED_EDGE('',*,*,#2600,.T.);
#3657=ORIENTED_EDGE('',*,*,#2598,.T.);
#3658=ORIENTED_EDGE('',*,*,#2596,.T.);
#3659=ORIENTED_EDGE('',*,*,#2594,.T.);
#3660=ORIENTED_EDGE('',*,*,#2592,.T.);
#3661=ORIENTED_EDGE('',*,*,#2590,.T.);
#3662=ORIENTED_EDGE('',*,*,#2588,.T.);
#3663=ORIENTED_EDGE('',*,*,#2586,.T.);
#3664=ORIENTED_EDGE('',*,*,#2584,.T.);
#3665=ORIENTED_EDGE('',*,*,#2582,.T.);
#3666=ORIENTED_EDGE('',*,*,#2580,.T.);
#3667=ORIENTED_EDGE('',*,*,#2578,.T.);
#3668=ORIENTED_EDGE('',*,*,#2576,.T.);
#3669=ORIENTED_EDGE('',*,*,#2574,.T.);
#3670=ORIENTED_EDGE('',*,*,#2572,.T.);
#3671=ORIENTED_EDGE('',*,*,#2570,.T.);
#3672=ORIENTED_EDGE('',*,*,#2568,.T.);
#3673=ORIENTED_EDGE('',*,*,#2566,.T.);
#3674=ORIENTED_EDGE('',*,*,#2564,.T.);
#3675=ORIENTED_EDGE('',*,*,#2562,.T.);
#3676=ORIENTED_EDGE('',*,*,#2560,.T.);
#3677=ORIENTED_EDGE('',*,*,#2558,.T.);
#3678=ORIENTED_EDGE('',*,*,#2556,.T.);
#3679=ORIENTED_EDGE('',*,*,#2554,.T.);
#3680=ORIENTED_EDGE('',*,*,#2552,.T.);
#3681=ORIENTED_EDGE('',*,*,#2550,.T.);
#3682=ORIENTED_EDGE('',*,*,#2548,.T.);
#3683=ORIENTED_EDGE('',*,*,#2546,.T.);
#3684=ORIENTED_EDGE('',*,*,#2544,.T.);
#3685=ORIENTED_EDGE('',*,*,#2542,.T.);
#3686=ORIENTED_EDGE('',*,*,#2716,.F.);
#3687=ORIENTED_EDGE('',*,*,#2717,.T.);
#3688=ORIENTED_EDGE('',*,*,#2717,.F.);
#3689=ORIENTED_EDGE('',*,*,#2718,.F.);
#3690=ORIENTED_EDGE('',*,*,#2719,.T.);
#3691=ORIENTED_EDGE('',*,*,#2719,.F.);
#3692=ORIENTED_EDGE('',*,*,#2720,.T.);
#3693=ORIENTED_EDGE('',*,*,#2721,.T.);
#3694=ORIENTED_EDGE('',*,*,#2722,.T.);
#3695=ORIENTED_EDGE('',*,*,#2723,.T.);
#3696=ORIENTED_EDGE('',*,*,#2724,.T.);
#3697=ORIENTED_EDGE('',*,*,#2725,.T.);
#3698=ORIENTED_EDGE('',*,*,#2720,.F.);
#3699=ORIENTED_EDGE('',*,*,#2726,.T.);
#3700=ORIENTED_EDGE('',*,*,#2724,.F.);
#3701=ORIENTED_EDGE('',*,*,#2727,.T.);
#3702=ORIENTED_EDGE('',*,*,#2728,.T.);
#3703=ORIENTED_EDGE('',*,*,#2712,.T.);
#3704=ORIENTED_EDGE('',*,*,#2729,.T.);
#3705=ORIENTED_EDGE('',*,*,#2730,.T.);
#3706=ORIENTED_EDGE('',*,*,#2728,.F.);
#3707=ORIENTED_EDGE('',*,*,#2731,.T.);
#3708=ORIENTED_EDGE('',*,*,#2729,.F.);
#3709=ORIENTED_EDGE('',*,*,#2732,.T.);
#3710=ORIENTED_EDGE('',*,*,#2733,.T.);
#3711=ORIENTED_EDGE('',*,*,#2734,.T.);
#3712=ORIENTED_EDGE('',*,*,#2735,.T.);
#3713=ORIENTED_EDGE('',*,*,#2736,.T.);
#3714=ORIENTED_EDGE('',*,*,#2733,.F.);
#3715=ORIENTED_EDGE('',*,*,#2737,.T.);
#3716=ORIENTED_EDGE('',*,*,#2738,.T.);
#3717=ORIENTED_EDGE('',*,*,#2739,.T.);
#3718=ORIENTED_EDGE('',*,*,#2735,.F.);
#3719=ORIENTED_EDGE('',*,*,#2740,.T.);
#3720=ORIENTED_EDGE('',*,*,#2722,.F.);
#3721=ORIENTED_EDGE('',*,*,#2741,.T.);
#3722=ORIENTED_EDGE('',*,*,#2738,.F.);
#3723=ORIENTED_EDGE('',*,*,#2742,.T.);
#3724=ORIENTED_EDGE('',*,*,#2736,.F.);
#3725=ORIENTED_EDGE('',*,*,#2743,.T.);
#3726=ORIENTED_EDGE('',*,*,#2744,.F.);
#3727=ORIENTED_EDGE('',*,*,#2745,.T.);
#3728=ORIENTED_EDGE('',*,*,#2746,.F.);
#3729=ORIENTED_EDGE('',*,*,#2747,.F.);
#3730=ORIENTED_EDGE('',*,*,#2748,.F.);
#3731=ORIENTED_EDGE('',*,*,#2749,.T.);
#3732=ORIENTED_EDGE('',*,*,#2739,.F.);
#3733=ORIENTED_EDGE('',*,*,#2750,.F.);
#3734=ORIENTED_EDGE('',*,*,#2751,.F.);
#3735=ORIENTED_EDGE('',*,*,#2743,.F.);
#3736=ORIENTED_EDGE('',*,*,#2741,.F.);
#3737=ORIENTED_EDGE('',*,*,#2752,.T.);
#3738=ORIENTED_EDGE('',*,*,#2753,.F.);
#3739=ORIENTED_EDGE('',*,*,#2750,.T.);
#3740=ORIENTED_EDGE('',*,*,#2721,.F.);
#3741=ORIENTED_EDGE('',*,*,#2754,.F.);
#3742=ORIENTED_EDGE('',*,*,#2755,.F.);
#3743=ORIENTED_EDGE('',*,*,#2752,.F.);
#3744=ORIENTED_EDGE('',*,*,#2756,.F.);
#3745=ORIENTED_EDGE('',*,*,#2757,.F.);
#3746=ORIENTED_EDGE('',*,*,#2758,.F.);
#3747=ORIENTED_EDGE('',*,*,#2759,.F.);
#3748=ORIENTED_EDGE('',*,*,#2760,.F.);
#3749=ORIENTED_EDGE('',*,*,#2723,.F.);
#3750=ORIENTED_EDGE('',*,*,#2742,.F.);
#3751=ORIENTED_EDGE('',*,*,#2740,.F.);
#3752=ORIENTED_EDGE('',*,*,#2737,.F.);
#3753=ORIENTED_EDGE('',*,*,#2732,.F.);
#3754=ORIENTED_EDGE('',*,*,#2731,.F.);
#3755=ORIENTED_EDGE('',*,*,#2727,.F.);
#3756=ORIENTED_EDGE('',*,*,#2726,.F.);
#3757=ORIENTED_EDGE('',*,*,#2761,.T.);
#3758=ORIENTED_EDGE('',*,*,#2755,.T.);
#3759=ORIENTED_EDGE('',*,*,#2762,.T.);
#3760=ORIENTED_EDGE('',*,*,#2763,.T.);
#3761=ORIENTED_EDGE('',*,*,#2764,.T.);
#3762=ORIENTED_EDGE('',*,*,#2753,.T.);
#3763=ORIENTED_EDGE('',*,*,#2761,.F.);
#3764=ORIENTED_EDGE('',*,*,#2765,.T.);
#3765=ORIENTED_EDGE('',*,*,#2764,.F.);
#3766=ORIENTED_EDGE('',*,*,#2766,.T.);
#3767=ORIENTED_EDGE('',*,*,#2767,.T.);
#3768=ORIENTED_EDGE('',*,*,#2751,.T.);
#3769=ORIENTED_EDGE('',*,*,#2768,.T.);
#3770=ORIENTED_EDGE('',*,*,#2744,.T.);
#3771=ORIENTED_EDGE('',*,*,#2767,.F.);
#3772=ORIENTED_EDGE('',*,*,#2769,.T.);
#3773=ORIENTED_EDGE('',*,*,#2768,.F.);
#3774=ORIENTED_EDGE('',*,*,#2770,.T.);
#3775=ORIENTED_EDGE('',*,*,#2771,.T.);
#3776=ORIENTED_EDGE('',*,*,#2772,.T.);
#3777=ORIENTED_EDGE('',*,*,#2773,.T.);
#3778=ORIENTED_EDGE('',*,*,#2774,.T.);
#3779=ORIENTED_EDGE('',*,*,#2771,.F.);
#3780=ORIENTED_EDGE('',*,*,#2775,.T.);
#3781=ORIENTED_EDGE('',*,*,#2776,.T.);
#3782=ORIENTED_EDGE('',*,*,#2714,.T.);
#3783=ORIENTED_EDGE('',*,*,#2773,.F.);
#3784=ORIENTED_EDGE('',*,*,#2777,.T.);
#3785=ORIENTED_EDGE('',*,*,#2762,.F.);
#3786=ORIENTED_EDGE('',*,*,#2778,.T.);
#3787=ORIENTED_EDGE('',*,*,#2776,.F.);
#3788=ORIENTED_EDGE('',*,*,#2779,.T.);
#3789=ORIENTED_EDGE('',*,*,#2730,.F.);
#3790=ORIENTED_EDGE('',*,*,#2780,.T.);
#3791=ORIENTED_EDGE('',*,*,#2774,.F.);
#3792=ORIENTED_EDGE('',*,*,#2713,.T.);
#3793=ORIENTED_EDGE('',*,*,#2639,.T.);
#3794=ORIENTED_EDGE('',*,*,#2661,.T.);
#3795=ORIENTED_EDGE('',*,*,#2659,.T.);
#3796=ORIENTED_EDGE('',*,*,#2657,.T.);
#3797=ORIENTED_EDGE('',*,*,#2655,.T.);
#3798=ORIENTED_EDGE('',*,*,#2653,.T.);
#3799=ORIENTED_EDGE('',*,*,#2651,.T.);
#3800=ORIENTED_EDGE('',*,*,#2649,.T.);
#3801=ORIENTED_EDGE('',*,*,#2647,.T.);
#3802=ORIENTED_EDGE('',*,*,#2645,.T.);
#3803=ORIENTED_EDGE('',*,*,#2643,.T.);
#3804=ORIENTED_EDGE('',*,*,#2641,.T.);
#3805=ORIENTED_EDGE('',*,*,#2725,.F.);
#3806=ORIENTED_EDGE('',*,*,#2715,.T.);
#3807=ORIENTED_EDGE('',*,*,#2778,.F.);
#3808=ORIENTED_EDGE('',*,*,#2754,.T.);
#3809=ORIENTED_EDGE('',*,*,#2763,.F.);
#3810=ORIENTED_EDGE('',*,*,#2779,.F.);
#3811=ORIENTED_EDGE('',*,*,#2777,.F.);
#3812=ORIENTED_EDGE('',*,*,#2775,.F.);
#3813=ORIENTED_EDGE('',*,*,#2770,.F.);
#3814=ORIENTED_EDGE('',*,*,#2769,.F.);
#3815=ORIENTED_EDGE('',*,*,#2766,.F.);
#3816=ORIENTED_EDGE('',*,*,#2765,.F.);
#3817=ORIENTED_EDGE('',*,*,#2756,.T.);
#3818=ORIENTED_EDGE('',*,*,#2781,.T.);
#3819=ORIENTED_EDGE('',*,*,#2782,.T.);
#3820=ORIENTED_EDGE('',*,*,#2781,.F.);
#3821=ORIENTED_EDGE('',*,*,#2782,.F.);
#3822=ORIENTED_EDGE('',*,*,#2783,.T.);
#3823=ORIENTED_EDGE('',*,*,#2784,.F.);
#3824=ORIENTED_EDGE('',*,*,#2783,.F.);
#3825=ORIENTED_EDGE('',*,*,#2757,.T.);
#3826=ORIENTED_EDGE('',*,*,#2785,.T.);
#3827=ORIENTED_EDGE('',*,*,#2786,.T.);
#3828=ORIENTED_EDGE('',*,*,#2787,.T.);
#3829=ORIENTED_EDGE('',*,*,#2788,.T.);
#3830=ORIENTED_EDGE('',*,*,#2760,.T.);
#3831=ORIENTED_EDGE('',*,*,#2789,.T.);
#3832=ORIENTED_EDGE('',*,*,#2790,.T.);
#3833=ORIENTED_EDGE('',*,*,#2785,.F.);
#3834=ORIENTED_EDGE('',*,*,#2791,.T.);
#3835=ORIENTED_EDGE('',*,*,#2789,.F.);
#3836=ORIENTED_EDGE('',*,*,#2759,.T.);
#3837=ORIENTED_EDGE('',*,*,#2792,.F.);
#3838=ORIENTED_EDGE('',*,*,#2793,.T.);
#3839=ORIENTED_EDGE('',*,*,#2758,.T.);
#3840=ORIENTED_EDGE('',*,*,#2788,.F.);
#3841=ORIENTED_EDGE('',*,*,#2794,.F.);
#3842=ORIENTED_EDGE('',*,*,#2792,.T.);
#3843=ORIENTED_EDGE('',*,*,#2791,.F.);
#3844=ORIENTED_EDGE('',*,*,#2795,.T.);
#3845=ORIENTED_EDGE('',*,*,#2796,.T.);
#3846=ORIENTED_EDGE('',*,*,#2797,.F.);
#3847=ORIENTED_EDGE('',*,*,#2798,.T.);
#3848=ORIENTED_EDGE('',*,*,#2799,.T.);
#3849=ORIENTED_EDGE('',*,*,#2800,.T.);
#3850=ORIENTED_EDGE('',*,*,#2801,.T.);
#3851=ORIENTED_EDGE('',*,*,#2802,.T.);
#3852=ORIENTED_EDGE('',*,*,#2803,.T.);
#3853=ORIENTED_EDGE('',*,*,#2794,.T.);
#3854=ORIENTED_EDGE('',*,*,#2787,.F.);
#3855=ORIENTED_EDGE('',*,*,#2804,.T.);
#3856=ORIENTED_EDGE('',*,*,#2805,.F.);
#3857=ORIENTED_EDGE('',*,*,#2795,.F.);
#3858=ORIENTED_EDGE('',*,*,#2793,.F.);
#3859=ORIENTED_EDGE('',*,*,#2806,.T.);
#3860=ORIENTED_EDGE('',*,*,#2807,.T.);
#3861=ORIENTED_EDGE('',*,*,#2808,.T.);
#3862=ORIENTED_EDGE('',*,*,#2809,.T.);
#3863=ORIENTED_EDGE('',*,*,#2810,.T.);
#3864=ORIENTED_EDGE('',*,*,#2807,.F.);
#3865=ORIENTED_EDGE('',*,*,#2811,.T.);
#3866=ORIENTED_EDGE('',*,*,#2812,.T.);
#3867=ORIENTED_EDGE('',*,*,#2813,.T.);
#3868=ORIENTED_EDGE('',*,*,#2814,.T.);
#3869=ORIENTED_EDGE('',*,*,#2809,.F.);
#3870=ORIENTED_EDGE('',*,*,#2815,.T.);
#3871=ORIENTED_EDGE('',*,*,#2816,.F.);
#3872=ORIENTED_EDGE('',*,*,#2817,.T.);
#3873=ORIENTED_EDGE('',*,*,#2818,.T.);
#3874=ORIENTED_EDGE('',*,*,#2813,.F.);
#3875=ORIENTED_EDGE('',*,*,#2819,.T.);
#3876=ORIENTED_EDGE('',*,*,#2816,.T.);
#3877=ORIENTED_EDGE('',*,*,#2811,.F.);
#3878=ORIENTED_EDGE('',*,*,#2820,.T.);
#3879=ORIENTED_EDGE('',*,*,#2821,.T.);
#3880=ORIENTED_EDGE('',*,*,#2822,.T.);
#3881=ORIENTED_EDGE('',*,*,#2823,.T.);
#3882=ORIENTED_EDGE('',*,*,#2824,.T.);
#3883=ORIENTED_EDGE('',*,*,#2825,.T.);
#3884=ORIENTED_EDGE('',*,*,#2826,.F.);
#3885=ORIENTED_EDGE('',*,*,#2827,.T.);
#3886=ORIENTED_EDGE('',*,*,#2828,.T.);
#3887=ORIENTED_EDGE('',*,*,#2829,.T.);
#3888=ORIENTED_EDGE('',*,*,#2830,.F.);
#3889=ORIENTED_EDGE('',*,*,#2831,.T.);
#3890=ORIENTED_EDGE('',*,*,#2832,.T.);
#3891=ORIENTED_EDGE('',*,*,#2833,.T.);
#3892=ORIENTED_EDGE('',*,*,#2834,.F.);
#3893=ORIENTED_EDGE('',*,*,#2835,.T.);
#3894=ORIENTED_EDGE('',*,*,#2836,.T.);
#3895=ORIENTED_EDGE('',*,*,#2790,.F.);
#3896=ORIENTED_EDGE('',*,*,#2803,.F.);
#3897=ORIENTED_EDGE('',*,*,#2837,.F.);
#3898=ORIENTED_EDGE('',*,*,#2820,.F.);
#3899=ORIENTED_EDGE('',*,*,#2806,.F.);
#3900=ORIENTED_EDGE('',*,*,#2838,.T.);
#3901=ORIENTED_EDGE('',*,*,#2839,.F.);
#3902=ORIENTED_EDGE('',*,*,#2840,.T.);
#3903=ORIENTED_EDGE('',*,*,#2734,.F.);
#3904=ORIENTED_EDGE('',*,*,#2749,.F.);
#3905=ORIENTED_EDGE('',*,*,#2841,.F.);
#3906=ORIENTED_EDGE('',*,*,#2745,.F.);
#3907=ORIENTED_EDGE('',*,*,#2772,.F.);
#3908=ORIENTED_EDGE('',*,*,#2780,.F.);
#3909=ORIENTED_EDGE('',*,*,#2716,.T.);
#3910=ORIENTED_EDGE('',*,*,#2718,.T.);
#3911=ORIENTED_EDGE('',*,*,#2808,.F.);
#3912=ORIENTED_EDGE('',*,*,#2810,.F.);
#3913=ORIENTED_EDGE('',*,*,#2818,.F.);
#3914=ORIENTED_EDGE('',*,*,#2815,.F.);
#3915=ORIENTED_EDGE('',*,*,#2842,.T.);
#3916=ORIENTED_EDGE('',*,*,#2843,.T.);
#3917=ORIENTED_EDGE('',*,*,#2844,.T.);
#3918=ORIENTED_EDGE('',*,*,#2845,.T.);
#3919=ORIENTED_EDGE('',*,*,#2841,.T.);
#3920=ORIENTED_EDGE('',*,*,#2846,.T.);
#3921=ORIENTED_EDGE('',*,*,#2747,.T.);
#3922=ORIENTED_EDGE('',*,*,#2847,.T.);
#3923=ORIENTED_EDGE('',*,*,#2848,.T.);
#3924=ORIENTED_EDGE('',*,*,#2847,.F.);
#3925=ORIENTED_EDGE('',*,*,#2746,.T.);
#3926=ORIENTED_EDGE('',*,*,#2845,.F.);
#3927=ORIENTED_EDGE('',*,*,#2849,.T.);
#3928=ORIENTED_EDGE('',*,*,#2842,.F.);
#3929=ORIENTED_EDGE('',*,*,#2748,.T.);
#3930=ORIENTED_EDGE('',*,*,#2846,.F.);
#3931=ORIENTED_EDGE('',*,*,#2850,.T.);
#3932=ORIENTED_EDGE('',*,*,#2848,.F.);
#3933=ORIENTED_EDGE('',*,*,#2849,.F.);
#3934=ORIENTED_EDGE('',*,*,#2844,.F.);
#3935=ORIENTED_EDGE('',*,*,#2851,.T.);
#3936=ORIENTED_EDGE('',*,*,#2852,.T.);
#3937=ORIENTED_EDGE('',*,*,#2851,.F.);
#3938=ORIENTED_EDGE('',*,*,#2843,.F.);
#3939=ORIENTED_EDGE('',*,*,#2850,.F.);
#3940=ORIENTED_EDGE('',*,*,#2784,.T.);
#3941=ORIENTED_EDGE('',*,*,#2853,.T.);
#3942=ORIENTED_EDGE('',*,*,#2852,.F.);
#3943=ORIENTED_EDGE('',*,*,#2853,.F.);
#3944=ORIENTED_EDGE('',*,*,#2814,.F.);
#3945=ORIENTED_EDGE('',*,*,#2854,.F.);
#3946=ORIENTED_EDGE('',*,*,#2855,.F.);
#3947=ORIENTED_EDGE('',*,*,#2856,.T.);
#3948=ORIENTED_EDGE('',*,*,#2857,.F.);
#3949=ORIENTED_EDGE('',*,*,#2858,.F.);
#3950=ORIENTED_EDGE('',*,*,#2859,.F.);
#3951=ORIENTED_EDGE('',*,*,#2860,.T.);
#3952=ORIENTED_EDGE('',*,*,#2861,.F.);
#3953=ORIENTED_EDGE('',*,*,#2862,.F.);
#3954=ORIENTED_EDGE('',*,*,#2863,.F.);
#3955=ORIENTED_EDGE('',*,*,#2864,.T.);
#3956=ORIENTED_EDGE('',*,*,#2865,.F.);
#3957=ORIENTED_EDGE('',*,*,#2866,.F.);
#3958=ORIENTED_EDGE('',*,*,#2867,.F.);
#3959=ORIENTED_EDGE('',*,*,#2868,.T.);
#3960=ORIENTED_EDGE('',*,*,#2869,.T.);
#3961=ORIENTED_EDGE('',*,*,#2838,.F.);
#3962=ORIENTED_EDGE('',*,*,#2786,.F.);
#3963=ORIENTED_EDGE('',*,*,#2840,.F.);
#3964=ORIENTED_EDGE('',*,*,#2870,.T.);
#3965=ORIENTED_EDGE('',*,*,#2871,.T.);
#3966=ORIENTED_EDGE('',*,*,#2872,.F.);
#3967=ORIENTED_EDGE('',*,*,#2873,.F.);
#3968=ORIENTED_EDGE('',*,*,#2874,.F.);
#3969=ORIENTED_EDGE('',*,*,#2875,.T.);
#3970=ORIENTED_EDGE('',*,*,#2876,.F.);
#3971=ORIENTED_EDGE('',*,*,#2804,.F.);
#3972=ORIENTED_EDGE('',*,*,#2877,.F.);
#3973=ORIENTED_EDGE('',*,*,#2859,.T.);
#3974=ORIENTED_EDGE('',*,*,#2878,.F.);
#3975=ORIENTED_EDGE('',*,*,#2831,.F.);
#3976=ORIENTED_EDGE('',*,*,#2879,.F.);
#3977=ORIENTED_EDGE('',*,*,#2863,.T.);
#3978=ORIENTED_EDGE('',*,*,#2880,.F.);
#3979=ORIENTED_EDGE('',*,*,#2827,.F.);
#3980=ORIENTED_EDGE('',*,*,#2881,.F.);
#3981=ORIENTED_EDGE('',*,*,#2855,.T.);
#3982=ORIENTED_EDGE('',*,*,#2882,.F.);
#3983=ORIENTED_EDGE('',*,*,#2835,.F.);
#3984=ORIENTED_EDGE('',*,*,#2883,.F.);
#3985=ORIENTED_EDGE('',*,*,#2867,.T.);
#3986=ORIENTED_EDGE('',*,*,#2884,.F.);
#3987=ORIENTED_EDGE('',*,*,#2823,.F.);
#3988=ORIENTED_EDGE('',*,*,#2885,.F.);
#3989=ORIENTED_EDGE('',*,*,#2874,.T.);
#3990=ORIENTED_EDGE('',*,*,#2886,.F.);
#3991=ORIENTED_EDGE('',*,*,#2798,.F.);
#3992=ORIENTED_EDGE('',*,*,#2837,.T.);
#3993=ORIENTED_EDGE('',*,*,#2802,.F.);
#3994=ORIENTED_EDGE('',*,*,#2887,.T.);
#3995=ORIENTED_EDGE('',*,*,#2821,.F.);
#3996=ORIENTED_EDGE('',*,*,#2839,.T.);
#3997=ORIENTED_EDGE('',*,*,#2869,.F.);
#3998=ORIENTED_EDGE('',*,*,#2888,.T.);
#3999=ORIENTED_EDGE('',*,*,#2870,.F.);
#4000=ORIENTED_EDGE('',*,*,#2819,.F.);
#4001=ORIENTED_EDGE('',*,*,#2812,.F.);
#4002=ORIENTED_EDGE('',*,*,#2836,.F.);
#4003=ORIENTED_EDGE('',*,*,#2882,.T.);
#4004=ORIENTED_EDGE('',*,*,#2854,.T.);
#4005=ORIENTED_EDGE('',*,*,#2817,.F.);
#4006=ORIENTED_EDGE('',*,*,#2889,.F.);
#4007=ORIENTED_EDGE('',*,*,#2833,.F.);
#4008=ORIENTED_EDGE('',*,*,#2890,.T.);
#4009=ORIENTED_EDGE('',*,*,#2857,.T.);
#4010=ORIENTED_EDGE('',*,*,#2832,.F.);
#4011=ORIENTED_EDGE('',*,*,#2878,.T.);
#4012=ORIENTED_EDGE('',*,*,#2858,.T.);
#4013=ORIENTED_EDGE('',*,*,#2890,.F.);
#4014=ORIENTED_EDGE('',*,*,#2891,.F.);
#4015=ORIENTED_EDGE('',*,*,#2829,.F.);
#4016=ORIENTED_EDGE('',*,*,#2892,.T.);
#4017=ORIENTED_EDGE('',*,*,#2861,.T.);
#4018=ORIENTED_EDGE('',*,*,#2828,.F.);
#4019=ORIENTED_EDGE('',*,*,#2880,.T.);
#4020=ORIENTED_EDGE('',*,*,#2862,.T.);
#4021=ORIENTED_EDGE('',*,*,#2892,.F.);
#4022=ORIENTED_EDGE('',*,*,#2893,.F.);
#4023=ORIENTED_EDGE('',*,*,#2825,.F.);
#4024=ORIENTED_EDGE('',*,*,#2894,.T.);
#4025=ORIENTED_EDGE('',*,*,#2865,.T.);
#4026=ORIENTED_EDGE('',*,*,#2824,.F.);
#4027=ORIENTED_EDGE('',*,*,#2884,.T.);
#4028=ORIENTED_EDGE('',*,*,#2866,.T.);
#4029=ORIENTED_EDGE('',*,*,#2894,.F.);
#4030=ORIENTED_EDGE('',*,*,#2895,.F.);
#4031=ORIENTED_EDGE('',*,*,#2800,.F.);
#4032=ORIENTED_EDGE('',*,*,#2896,.T.);
#4033=ORIENTED_EDGE('',*,*,#2872,.T.);
#4034=ORIENTED_EDGE('',*,*,#2799,.F.);
#4035=ORIENTED_EDGE('',*,*,#2886,.T.);
#4036=ORIENTED_EDGE('',*,*,#2873,.T.);
#4037=ORIENTED_EDGE('',*,*,#2896,.F.);
#4038=ORIENTED_EDGE('',*,*,#2897,.F.);
#4039=ORIENTED_EDGE('',*,*,#2796,.F.);
#4040=ORIENTED_EDGE('',*,*,#2805,.T.);
#4041=ORIENTED_EDGE('',*,*,#2876,.T.);
#4042=ORIENTED_EDGE('',*,*,#2897,.T.);
#4043=ORIENTED_EDGE('',*,*,#2875,.F.);
#4044=ORIENTED_EDGE('',*,*,#2885,.T.);
#4045=ORIENTED_EDGE('',*,*,#2797,.T.);
#4046=ORIENTED_EDGE('',*,*,#2883,.T.);
#4047=ORIENTED_EDGE('',*,*,#2822,.F.);
#4048=ORIENTED_EDGE('',*,*,#2887,.F.);
#4049=ORIENTED_EDGE('',*,*,#2801,.F.);
#4050=ORIENTED_EDGE('',*,*,#2895,.T.);
#4051=ORIENTED_EDGE('',*,*,#2871,.F.);
#4052=ORIENTED_EDGE('',*,*,#2888,.F.);
#4053=ORIENTED_EDGE('',*,*,#2868,.F.);
#4054=ORIENTED_EDGE('',*,*,#2879,.T.);
#4055=ORIENTED_EDGE('',*,*,#2826,.T.);
#4056=ORIENTED_EDGE('',*,*,#2893,.T.);
#4057=ORIENTED_EDGE('',*,*,#2864,.F.);
#4058=ORIENTED_EDGE('',*,*,#2889,.T.);
#4059=ORIENTED_EDGE('',*,*,#2856,.F.);
#4060=ORIENTED_EDGE('',*,*,#2881,.T.);
#4061=ORIENTED_EDGE('',*,*,#2834,.T.);
#4062=ORIENTED_EDGE('',*,*,#2877,.T.);
#4063=ORIENTED_EDGE('',*,*,#2830,.T.);
#4064=ORIENTED_EDGE('',*,*,#2891,.T.);
#4065=ORIENTED_EDGE('',*,*,#2860,.F.);
#4066=ORIENTED_EDGE('',*,*,#2898,.F.);
#4067=ORIENTED_EDGE('',*,*,#2899,.F.);
#4068=ORIENTED_EDGE('',*,*,#2900,.F.);
#4069=ORIENTED_EDGE('',*,*,#2901,.F.);
#4070=ORIENTED_EDGE('',*,*,#2902,.F.);
#4071=ORIENTED_EDGE('',*,*,#2903,.F.);
#4072=ORIENTED_EDGE('',*,*,#2904,.F.);
#4073=ORIENTED_EDGE('',*,*,#2905,.F.);
#4074=ORIENTED_EDGE('',*,*,#2906,.F.);
#4075=ORIENTED_EDGE('',*,*,#2907,.F.);
#4076=ORIENTED_EDGE('',*,*,#2908,.F.);
#4077=ORIENTED_EDGE('',*,*,#2909,.F.);
#4078=ORIENTED_EDGE('',*,*,#2910,.F.);
#4079=ORIENTED_EDGE('',*,*,#2911,.F.);
#4080=ORIENTED_EDGE('',*,*,#2912,.F.);
#4081=ORIENTED_EDGE('',*,*,#2913,.F.);
#4082=ORIENTED_EDGE('',*,*,#2914,.F.);
#4083=ORIENTED_EDGE('',*,*,#2915,.F.);
#4084=ORIENTED_EDGE('',*,*,#2916,.F.);
#4085=ORIENTED_EDGE('',*,*,#2917,.F.);
#4086=ORIENTED_EDGE('',*,*,#2918,.F.);
#4087=ORIENTED_EDGE('',*,*,#2919,.F.);
#4088=ORIENTED_EDGE('',*,*,#2920,.F.);
#4089=ORIENTED_EDGE('',*,*,#2921,.F.);
#4090=ORIENTED_EDGE('',*,*,#2922,.F.);
#4091=ORIENTED_EDGE('',*,*,#2923,.F.);
#4092=ORIENTED_EDGE('',*,*,#2924,.F.);
#4093=ORIENTED_EDGE('',*,*,#2925,.F.);
#4094=ORIENTED_EDGE('',*,*,#2926,.F.);
#4095=ORIENTED_EDGE('',*,*,#2927,.F.);
#4096=ORIENTED_EDGE('',*,*,#2928,.F.);
#4097=ORIENTED_EDGE('',*,*,#2898,.T.);
#4098=ORIENTED_EDGE('',*,*,#2929,.T.);
#4099=ORIENTED_EDGE('',*,*,#2930,.F.);
#4100=ORIENTED_EDGE('',*,*,#2931,.F.);
#4101=ORIENTED_EDGE('',*,*,#2899,.T.);
#4102=ORIENTED_EDGE('',*,*,#2931,.T.);
#4103=ORIENTED_EDGE('',*,*,#2932,.F.);
#4104=ORIENTED_EDGE('',*,*,#2933,.F.);
#4105=ORIENTED_EDGE('',*,*,#2900,.T.);
#4106=ORIENTED_EDGE('',*,*,#2933,.T.);
#4107=ORIENTED_EDGE('',*,*,#2934,.F.);
#4108=ORIENTED_EDGE('',*,*,#2935,.F.);
#4109=ORIENTED_EDGE('',*,*,#2901,.T.);
#4110=ORIENTED_EDGE('',*,*,#2935,.T.);
#4111=ORIENTED_EDGE('',*,*,#2936,.F.);
#4112=ORIENTED_EDGE('',*,*,#2937,.F.);
#4113=ORIENTED_EDGE('',*,*,#2902,.T.);
#4114=ORIENTED_EDGE('',*,*,#2937,.T.);
#4115=ORIENTED_EDGE('',*,*,#2938,.F.);
#4116=ORIENTED_EDGE('',*,*,#2939,.F.);
#4117=ORIENTED_EDGE('',*,*,#2903,.T.);
#4118=ORIENTED_EDGE('',*,*,#2939,.T.);
#4119=ORIENTED_EDGE('',*,*,#2940,.F.);
#4120=ORIENTED_EDGE('',*,*,#2941,.F.);
#4121=ORIENTED_EDGE('',*,*,#2904,.T.);
#4122=ORIENTED_EDGE('',*,*,#2941,.T.);
#4123=ORIENTED_EDGE('',*,*,#2942,.F.);
#4124=ORIENTED_EDGE('',*,*,#2943,.F.);
#4125=ORIENTED_EDGE('',*,*,#2905,.T.);
#4126=ORIENTED_EDGE('',*,*,#2943,.T.);
#4127=ORIENTED_EDGE('',*,*,#2944,.F.);
#4128=ORIENTED_EDGE('',*,*,#2945,.F.);
#4129=ORIENTED_EDGE('',*,*,#2906,.T.);
#4130=ORIENTED_EDGE('',*,*,#2945,.T.);
#4131=ORIENTED_EDGE('',*,*,#2946,.F.);
#4132=ORIENTED_EDGE('',*,*,#2947,.F.);
#4133=ORIENTED_EDGE('',*,*,#2907,.T.);
#4134=ORIENTED_EDGE('',*,*,#2947,.T.);
#4135=ORIENTED_EDGE('',*,*,#2948,.F.);
#4136=ORIENTED_EDGE('',*,*,#2949,.F.);
#4137=ORIENTED_EDGE('',*,*,#2908,.T.);
#4138=ORIENTED_EDGE('',*,*,#2949,.T.);
#4139=ORIENTED_EDGE('',*,*,#2950,.F.);
#4140=ORIENTED_EDGE('',*,*,#2951,.F.);
#4141=ORIENTED_EDGE('',*,*,#2909,.T.);
#4142=ORIENTED_EDGE('',*,*,#2951,.T.);
#4143=ORIENTED_EDGE('',*,*,#2952,.F.);
#4144=ORIENTED_EDGE('',*,*,#2953,.F.);
#4145=ORIENTED_EDGE('',*,*,#2910,.T.);
#4146=ORIENTED_EDGE('',*,*,#2953,.T.);
#4147=ORIENTED_EDGE('',*,*,#2954,.F.);
#4148=ORIENTED_EDGE('',*,*,#2955,.F.);
#4149=ORIENTED_EDGE('',*,*,#2911,.T.);
#4150=ORIENTED_EDGE('',*,*,#2955,.T.);
#4151=ORIENTED_EDGE('',*,*,#2956,.F.);
#4152=ORIENTED_EDGE('',*,*,#2957,.F.);
#4153=ORIENTED_EDGE('',*,*,#2912,.T.);
#4154=ORIENTED_EDGE('',*,*,#2957,.T.);
#4155=ORIENTED_EDGE('',*,*,#2958,.F.);
#4156=ORIENTED_EDGE('',*,*,#2959,.F.);
#4157=ORIENTED_EDGE('',*,*,#2913,.T.);
#4158=ORIENTED_EDGE('',*,*,#2959,.T.);
#4159=ORIENTED_EDGE('',*,*,#2960,.F.);
#4160=ORIENTED_EDGE('',*,*,#2961,.F.);
#4161=ORIENTED_EDGE('',*,*,#2914,.T.);
#4162=ORIENTED_EDGE('',*,*,#2961,.T.);
#4163=ORIENTED_EDGE('',*,*,#2962,.F.);
#4164=ORIENTED_EDGE('',*,*,#2963,.F.);
#4165=ORIENTED_EDGE('',*,*,#2915,.T.);
#4166=ORIENTED_EDGE('',*,*,#2963,.T.);
#4167=ORIENTED_EDGE('',*,*,#2964,.F.);
#4168=ORIENTED_EDGE('',*,*,#2965,.F.);
#4169=ORIENTED_EDGE('',*,*,#2916,.T.);
#4170=ORIENTED_EDGE('',*,*,#2965,.T.);
#4171=ORIENTED_EDGE('',*,*,#2966,.F.);
#4172=ORIENTED_EDGE('',*,*,#2967,.F.);
#4173=ORIENTED_EDGE('',*,*,#2917,.T.);
#4174=ORIENTED_EDGE('',*,*,#2967,.T.);
#4175=ORIENTED_EDGE('',*,*,#2968,.F.);
#4176=ORIENTED_EDGE('',*,*,#2969,.F.);
#4177=ORIENTED_EDGE('',*,*,#2918,.T.);
#4178=ORIENTED_EDGE('',*,*,#2969,.T.);
#4179=ORIENTED_EDGE('',*,*,#2970,.F.);
#4180=ORIENTED_EDGE('',*,*,#2971,.F.);
#4181=ORIENTED_EDGE('',*,*,#2919,.T.);
#4182=ORIENTED_EDGE('',*,*,#2971,.T.);
#4183=ORIENTED_EDGE('',*,*,#2972,.F.);
#4184=ORIENTED_EDGE('',*,*,#2973,.F.);
#4185=ORIENTED_EDGE('',*,*,#2920,.T.);
#4186=ORIENTED_EDGE('',*,*,#2973,.T.);
#4187=ORIENTED_EDGE('',*,*,#2974,.F.);
#4188=ORIENTED_EDGE('',*,*,#2975,.F.);
#4189=ORIENTED_EDGE('',*,*,#2921,.T.);
#4190=ORIENTED_EDGE('',*,*,#2975,.T.);
#4191=ORIENTED_EDGE('',*,*,#2976,.F.);
#4192=ORIENTED_EDGE('',*,*,#2977,.F.);
#4193=ORIENTED_EDGE('',*,*,#2922,.T.);
#4194=ORIENTED_EDGE('',*,*,#2977,.T.);
#4195=ORIENTED_EDGE('',*,*,#2978,.F.);
#4196=ORIENTED_EDGE('',*,*,#2979,.F.);
#4197=ORIENTED_EDGE('',*,*,#2923,.T.);
#4198=ORIENTED_EDGE('',*,*,#2979,.T.);
#4199=ORIENTED_EDGE('',*,*,#2980,.F.);
#4200=ORIENTED_EDGE('',*,*,#2981,.F.);
#4201=ORIENTED_EDGE('',*,*,#2924,.T.);
#4202=ORIENTED_EDGE('',*,*,#2981,.T.);
#4203=ORIENTED_EDGE('',*,*,#2982,.F.);
#4204=ORIENTED_EDGE('',*,*,#2983,.F.);
#4205=ORIENTED_EDGE('',*,*,#2925,.T.);
#4206=ORIENTED_EDGE('',*,*,#2983,.T.);
#4207=ORIENTED_EDGE('',*,*,#2984,.F.);
#4208=ORIENTED_EDGE('',*,*,#2985,.F.);
#4209=ORIENTED_EDGE('',*,*,#2926,.T.);
#4210=ORIENTED_EDGE('',*,*,#2985,.T.);
#4211=ORIENTED_EDGE('',*,*,#2986,.F.);
#4212=ORIENTED_EDGE('',*,*,#2987,.F.);
#4213=ORIENTED_EDGE('',*,*,#2927,.T.);
#4214=ORIENTED_EDGE('',*,*,#2987,.T.);
#4215=ORIENTED_EDGE('',*,*,#2988,.F.);
#4216=ORIENTED_EDGE('',*,*,#2989,.F.);
#4217=ORIENTED_EDGE('',*,*,#2928,.T.);
#4218=ORIENTED_EDGE('',*,*,#2989,.T.);
#4219=ORIENTED_EDGE('',*,*,#2990,.F.);
#4220=ORIENTED_EDGE('',*,*,#2929,.F.);
#4221=ORIENTED_EDGE('',*,*,#2991,.F.);
#4222=ORIENTED_EDGE('',*,*,#2992,.F.);
#4223=ORIENTED_EDGE('',*,*,#2993,.F.);
#4224=ORIENTED_EDGE('',*,*,#2994,.F.);
#4225=ORIENTED_EDGE('',*,*,#2995,.F.);
#4226=ORIENTED_EDGE('',*,*,#2996,.F.);
#4227=ORIENTED_EDGE('',*,*,#2997,.F.);
#4228=ORIENTED_EDGE('',*,*,#2998,.F.);
#4229=ORIENTED_EDGE('',*,*,#2999,.F.);
#4230=ORIENTED_EDGE('',*,*,#3000,.F.);
#4231=ORIENTED_EDGE('',*,*,#3001,.F.);
#4232=ORIENTED_EDGE('',*,*,#3002,.F.);
#4233=ORIENTED_EDGE('',*,*,#3003,.F.);
#4234=ORIENTED_EDGE('',*,*,#3004,.F.);
#4235=ORIENTED_EDGE('',*,*,#3005,.F.);
#4236=ORIENTED_EDGE('',*,*,#3006,.F.);
#4237=ORIENTED_EDGE('',*,*,#3007,.F.);
#4238=ORIENTED_EDGE('',*,*,#3008,.F.);
#4239=ORIENTED_EDGE('',*,*,#3009,.F.);
#4240=ORIENTED_EDGE('',*,*,#3010,.F.);
#4241=ORIENTED_EDGE('',*,*,#3011,.F.);
#4242=ORIENTED_EDGE('',*,*,#3012,.F.);
#4243=ORIENTED_EDGE('',*,*,#3013,.F.);
#4244=ORIENTED_EDGE('',*,*,#3014,.F.);
#4245=ORIENTED_EDGE('',*,*,#3015,.F.);
#4246=ORIENTED_EDGE('',*,*,#3016,.F.);
#4247=ORIENTED_EDGE('',*,*,#3017,.F.);
#4248=ORIENTED_EDGE('',*,*,#3018,.F.);
#4249=ORIENTED_EDGE('',*,*,#3019,.F.);
#4250=ORIENTED_EDGE('',*,*,#3020,.F.);
#4251=ORIENTED_EDGE('',*,*,#3021,.F.);
#4252=ORIENTED_EDGE('',*,*,#3022,.F.);
#4253=ORIENTED_EDGE('',*,*,#3023,.F.);
#4254=ORIENTED_EDGE('',*,*,#3024,.F.);
#4255=ORIENTED_EDGE('',*,*,#3025,.F.);
#4256=ORIENTED_EDGE('',*,*,#3026,.F.);
#4257=ORIENTED_EDGE('',*,*,#3027,.F.);
#4258=ORIENTED_EDGE('',*,*,#3016,.T.);
#4259=ORIENTED_EDGE('',*,*,#3028,.T.);
#4260=ORIENTED_EDGE('',*,*,#3029,.F.);
#4261=ORIENTED_EDGE('',*,*,#3030,.F.);
#4262=ORIENTED_EDGE('',*,*,#3017,.T.);
#4263=ORIENTED_EDGE('',*,*,#3030,.T.);
#4264=ORIENTED_EDGE('',*,*,#3031,.F.);
#4265=ORIENTED_EDGE('',*,*,#3032,.F.);
#4266=ORIENTED_EDGE('',*,*,#3018,.T.);
#4267=ORIENTED_EDGE('',*,*,#3032,.T.);
#4268=ORIENTED_EDGE('',*,*,#3033,.F.);
#4269=ORIENTED_EDGE('',*,*,#3034,.F.);
#4270=ORIENTED_EDGE('',*,*,#3019,.T.);
#4271=ORIENTED_EDGE('',*,*,#3034,.T.);
#4272=ORIENTED_EDGE('',*,*,#3035,.F.);
#4273=ORIENTED_EDGE('',*,*,#3036,.F.);
#4274=ORIENTED_EDGE('',*,*,#3020,.T.);
#4275=ORIENTED_EDGE('',*,*,#3036,.T.);
#4276=ORIENTED_EDGE('',*,*,#3037,.F.);
#4277=ORIENTED_EDGE('',*,*,#3038,.F.);
#4278=ORIENTED_EDGE('',*,*,#3021,.T.);
#4279=ORIENTED_EDGE('',*,*,#3038,.T.);
#4280=ORIENTED_EDGE('',*,*,#3039,.F.);
#4281=ORIENTED_EDGE('',*,*,#3040,.F.);
#4282=ORIENTED_EDGE('',*,*,#3022,.T.);
#4283=ORIENTED_EDGE('',*,*,#3040,.T.);
#4284=ORIENTED_EDGE('',*,*,#3041,.F.);
#4285=ORIENTED_EDGE('',*,*,#3042,.F.);
#4286=ORIENTED_EDGE('',*,*,#3023,.T.);
#4287=ORIENTED_EDGE('',*,*,#3042,.T.);
#4288=ORIENTED_EDGE('',*,*,#3043,.F.);
#4289=ORIENTED_EDGE('',*,*,#3044,.F.);
#4290=ORIENTED_EDGE('',*,*,#3024,.T.);
#4291=ORIENTED_EDGE('',*,*,#3044,.T.);
#4292=ORIENTED_EDGE('',*,*,#3045,.F.);
#4293=ORIENTED_EDGE('',*,*,#3046,.F.);
#4294=ORIENTED_EDGE('',*,*,#3025,.T.);
#4295=ORIENTED_EDGE('',*,*,#3046,.T.);
#4296=ORIENTED_EDGE('',*,*,#3047,.F.);
#4297=ORIENTED_EDGE('',*,*,#3048,.F.);
#4298=ORIENTED_EDGE('',*,*,#3026,.T.);
#4299=ORIENTED_EDGE('',*,*,#3048,.T.);
#4300=ORIENTED_EDGE('',*,*,#3049,.F.);
#4301=ORIENTED_EDGE('',*,*,#3050,.F.);
#4302=ORIENTED_EDGE('',*,*,#3027,.T.);
#4303=ORIENTED_EDGE('',*,*,#3050,.T.);
#4304=ORIENTED_EDGE('',*,*,#3051,.F.);
#4305=ORIENTED_EDGE('',*,*,#3028,.F.);
#4306=ORIENTED_EDGE('',*,*,#2991,.T.);
#4307=ORIENTED_EDGE('',*,*,#3052,.T.);
#4308=ORIENTED_EDGE('',*,*,#3053,.F.);
#4309=ORIENTED_EDGE('',*,*,#3054,.F.);
#4310=ORIENTED_EDGE('',*,*,#2992,.T.);
#4311=ORIENTED_EDGE('',*,*,#3054,.T.);
#4312=ORIENTED_EDGE('',*,*,#3055,.F.);
#4313=ORIENTED_EDGE('',*,*,#3056,.F.);
#4314=ORIENTED_EDGE('',*,*,#2993,.T.);
#4315=ORIENTED_EDGE('',*,*,#3056,.T.);
#4316=ORIENTED_EDGE('',*,*,#3057,.F.);
#4317=ORIENTED_EDGE('',*,*,#3058,.F.);
#4318=ORIENTED_EDGE('',*,*,#2994,.T.);
#4319=ORIENTED_EDGE('',*,*,#3058,.T.);
#4320=ORIENTED_EDGE('',*,*,#3059,.F.);
#4321=ORIENTED_EDGE('',*,*,#3060,.F.);
#4322=ORIENTED_EDGE('',*,*,#2995,.T.);
#4323=ORIENTED_EDGE('',*,*,#3060,.T.);
#4324=ORIENTED_EDGE('',*,*,#3061,.F.);
#4325=ORIENTED_EDGE('',*,*,#3062,.F.);
#4326=ORIENTED_EDGE('',*,*,#2996,.T.);
#4327=ORIENTED_EDGE('',*,*,#3062,.T.);
#4328=ORIENTED_EDGE('',*,*,#3063,.F.);
#4329=ORIENTED_EDGE('',*,*,#3064,.F.);
#4330=ORIENTED_EDGE('',*,*,#2997,.T.);
#4331=ORIENTED_EDGE('',*,*,#3064,.T.);
#4332=ORIENTED_EDGE('',*,*,#3065,.F.);
#4333=ORIENTED_EDGE('',*,*,#3066,.F.);
#4334=ORIENTED_EDGE('',*,*,#2998,.T.);
#4335=ORIENTED_EDGE('',*,*,#3066,.T.);
#4336=ORIENTED_EDGE('',*,*,#3067,.F.);
#4337=ORIENTED_EDGE('',*,*,#3068,.F.);
#4338=ORIENTED_EDGE('',*,*,#2999,.T.);
#4339=ORIENTED_EDGE('',*,*,#3068,.T.);
#4340=ORIENTED_EDGE('',*,*,#3069,.F.);
#4341=ORIENTED_EDGE('',*,*,#3070,.F.);
#4342=ORIENTED_EDGE('',*,*,#3000,.T.);
#4343=ORIENTED_EDGE('',*,*,#3070,.T.);
#4344=ORIENTED_EDGE('',*,*,#3071,.F.);
#4345=ORIENTED_EDGE('',*,*,#3072,.F.);
#4346=ORIENTED_EDGE('',*,*,#3001,.T.);
#4347=ORIENTED_EDGE('',*,*,#3072,.T.);
#4348=ORIENTED_EDGE('',*,*,#3073,.F.);
#4349=ORIENTED_EDGE('',*,*,#3074,.F.);
#4350=ORIENTED_EDGE('',*,*,#3002,.T.);
#4351=ORIENTED_EDGE('',*,*,#3074,.T.);
#4352=ORIENTED_EDGE('',*,*,#3075,.F.);
#4353=ORIENTED_EDGE('',*,*,#3076,.F.);
#4354=ORIENTED_EDGE('',*,*,#3003,.T.);
#4355=ORIENTED_EDGE('',*,*,#3076,.T.);
#4356=ORIENTED_EDGE('',*,*,#3077,.F.);
#4357=ORIENTED_EDGE('',*,*,#3078,.F.);
#4358=ORIENTED_EDGE('',*,*,#3004,.T.);
#4359=ORIENTED_EDGE('',*,*,#3078,.T.);
#4360=ORIENTED_EDGE('',*,*,#3079,.F.);
#4361=ORIENTED_EDGE('',*,*,#3080,.F.);
#4362=ORIENTED_EDGE('',*,*,#3005,.T.);
#4363=ORIENTED_EDGE('',*,*,#3080,.T.);
#4364=ORIENTED_EDGE('',*,*,#3081,.F.);
#4365=ORIENTED_EDGE('',*,*,#3082,.F.);
#4366=ORIENTED_EDGE('',*,*,#3006,.T.);
#4367=ORIENTED_EDGE('',*,*,#3082,.T.);
#4368=ORIENTED_EDGE('',*,*,#3083,.F.);
#4369=ORIENTED_EDGE('',*,*,#3084,.F.);
#4370=ORIENTED_EDGE('',*,*,#3007,.T.);
#4371=ORIENTED_EDGE('',*,*,#3084,.T.);
#4372=ORIENTED_EDGE('',*,*,#3085,.F.);
#4373=ORIENTED_EDGE('',*,*,#3086,.F.);
#4374=ORIENTED_EDGE('',*,*,#3008,.T.);
#4375=ORIENTED_EDGE('',*,*,#3086,.T.);
#4376=ORIENTED_EDGE('',*,*,#3087,.F.);
#4377=ORIENTED_EDGE('',*,*,#3088,.F.);
#4378=ORIENTED_EDGE('',*,*,#3009,.T.);
#4379=ORIENTED_EDGE('',*,*,#3088,.T.);
#4380=ORIENTED_EDGE('',*,*,#3089,.F.);
#4381=ORIENTED_EDGE('',*,*,#3090,.F.);
#4382=ORIENTED_EDGE('',*,*,#3010,.T.);
#4383=ORIENTED_EDGE('',*,*,#3090,.T.);
#4384=ORIENTED_EDGE('',*,*,#3091,.F.);
#4385=ORIENTED_EDGE('',*,*,#3092,.F.);
#4386=ORIENTED_EDGE('',*,*,#3011,.T.);
#4387=ORIENTED_EDGE('',*,*,#3092,.T.);
#4388=ORIENTED_EDGE('',*,*,#3093,.F.);
#4389=ORIENTED_EDGE('',*,*,#3094,.F.);
#4390=ORIENTED_EDGE('',*,*,#3012,.T.);
#4391=ORIENTED_EDGE('',*,*,#3094,.T.);
#4392=ORIENTED_EDGE('',*,*,#3095,.F.);
#4393=ORIENTED_EDGE('',*,*,#3096,.F.);
#4394=ORIENTED_EDGE('',*,*,#3013,.T.);
#4395=ORIENTED_EDGE('',*,*,#3096,.T.);
#4396=ORIENTED_EDGE('',*,*,#3097,.F.);
#4397=ORIENTED_EDGE('',*,*,#3098,.F.);
#4398=ORIENTED_EDGE('',*,*,#3014,.T.);
#4399=ORIENTED_EDGE('',*,*,#3098,.T.);
#4400=ORIENTED_EDGE('',*,*,#3099,.F.);
#4401=ORIENTED_EDGE('',*,*,#3100,.F.);
#4402=ORIENTED_EDGE('',*,*,#3015,.T.);
#4403=ORIENTED_EDGE('',*,*,#3100,.T.);
#4404=ORIENTED_EDGE('',*,*,#3101,.F.);
#4405=ORIENTED_EDGE('',*,*,#3052,.F.);
#4406=ORIENTED_EDGE('',*,*,#3102,.F.);
#4407=ORIENTED_EDGE('',*,*,#3103,.T.);
#4408=ORIENTED_EDGE('',*,*,#3104,.T.);
#4409=ORIENTED_EDGE('',*,*,#3105,.T.);
#4410=ORIENTED_EDGE('',*,*,#3053,.T.);
#4411=ORIENTED_EDGE('',*,*,#3101,.T.);
#4412=ORIENTED_EDGE('',*,*,#3099,.T.);
#4413=ORIENTED_EDGE('',*,*,#3097,.T.);
#4414=ORIENTED_EDGE('',*,*,#3095,.T.);
#4415=ORIENTED_EDGE('',*,*,#3093,.T.);
#4416=ORIENTED_EDGE('',*,*,#3091,.T.);
#4417=ORIENTED_EDGE('',*,*,#3089,.T.);
#4418=ORIENTED_EDGE('',*,*,#3087,.T.);
#4419=ORIENTED_EDGE('',*,*,#3085,.T.);
#4420=ORIENTED_EDGE('',*,*,#3083,.T.);
#4421=ORIENTED_EDGE('',*,*,#3081,.T.);
#4422=ORIENTED_EDGE('',*,*,#3079,.T.);
#4423=ORIENTED_EDGE('',*,*,#3077,.T.);
#4424=ORIENTED_EDGE('',*,*,#3075,.T.);
#4425=ORIENTED_EDGE('',*,*,#3073,.T.);
#4426=ORIENTED_EDGE('',*,*,#3071,.T.);
#4427=ORIENTED_EDGE('',*,*,#3069,.T.);
#4428=ORIENTED_EDGE('',*,*,#3067,.T.);
#4429=ORIENTED_EDGE('',*,*,#3065,.T.);
#4430=ORIENTED_EDGE('',*,*,#3063,.T.);
#4431=ORIENTED_EDGE('',*,*,#3061,.T.);
#4432=ORIENTED_EDGE('',*,*,#3059,.T.);
#4433=ORIENTED_EDGE('',*,*,#3057,.T.);
#4434=ORIENTED_EDGE('',*,*,#3055,.T.);
#4435=ORIENTED_EDGE('',*,*,#2930,.T.);
#4436=ORIENTED_EDGE('',*,*,#2990,.T.);
#4437=ORIENTED_EDGE('',*,*,#2988,.T.);
#4438=ORIENTED_EDGE('',*,*,#2986,.T.);
#4439=ORIENTED_EDGE('',*,*,#2984,.T.);
#4440=ORIENTED_EDGE('',*,*,#2982,.T.);
#4441=ORIENTED_EDGE('',*,*,#2980,.T.);
#4442=ORIENTED_EDGE('',*,*,#2978,.T.);
#4443=ORIENTED_EDGE('',*,*,#2976,.T.);
#4444=ORIENTED_EDGE('',*,*,#2974,.T.);
#4445=ORIENTED_EDGE('',*,*,#2972,.T.);
#4446=ORIENTED_EDGE('',*,*,#2970,.T.);
#4447=ORIENTED_EDGE('',*,*,#2968,.T.);
#4448=ORIENTED_EDGE('',*,*,#2966,.T.);
#4449=ORIENTED_EDGE('',*,*,#2964,.T.);
#4450=ORIENTED_EDGE('',*,*,#2962,.T.);
#4451=ORIENTED_EDGE('',*,*,#2960,.T.);
#4452=ORIENTED_EDGE('',*,*,#2958,.T.);
#4453=ORIENTED_EDGE('',*,*,#2956,.T.);
#4454=ORIENTED_EDGE('',*,*,#2954,.T.);
#4455=ORIENTED_EDGE('',*,*,#2952,.T.);
#4456=ORIENTED_EDGE('',*,*,#2950,.T.);
#4457=ORIENTED_EDGE('',*,*,#2948,.T.);
#4458=ORIENTED_EDGE('',*,*,#2946,.T.);
#4459=ORIENTED_EDGE('',*,*,#2944,.T.);
#4460=ORIENTED_EDGE('',*,*,#2942,.T.);
#4461=ORIENTED_EDGE('',*,*,#2940,.T.);
#4462=ORIENTED_EDGE('',*,*,#2938,.T.);
#4463=ORIENTED_EDGE('',*,*,#2936,.T.);
#4464=ORIENTED_EDGE('',*,*,#2934,.T.);
#4465=ORIENTED_EDGE('',*,*,#2932,.T.);
#4466=ORIENTED_EDGE('',*,*,#3106,.T.);
#4467=ORIENTED_EDGE('',*,*,#3107,.T.);
#4468=ORIENTED_EDGE('',*,*,#3108,.T.);
#4469=ORIENTED_EDGE('',*,*,#3109,.T.);
#4470=ORIENTED_EDGE('',*,*,#3110,.T.);
#4471=ORIENTED_EDGE('',*,*,#3111,.T.);
#4472=ORIENTED_EDGE('',*,*,#3106,.F.);
#4473=ORIENTED_EDGE('',*,*,#3112,.T.);
#4474=ORIENTED_EDGE('',*,*,#3113,.T.);
#4475=ORIENTED_EDGE('',*,*,#3114,.T.);
#4476=ORIENTED_EDGE('',*,*,#3110,.F.);
#4477=ORIENTED_EDGE('',*,*,#3115,.T.);
#4478=ORIENTED_EDGE('',*,*,#3116,.T.);
#4479=ORIENTED_EDGE('',*,*,#3117,.T.);
#4480=ORIENTED_EDGE('',*,*,#3113,.F.);
#4481=ORIENTED_EDGE('',*,*,#3118,.T.);
#4482=ORIENTED_EDGE('',*,*,#3119,.T.);
#4483=ORIENTED_EDGE('',*,*,#3120,.T.);
#4484=ORIENTED_EDGE('',*,*,#3116,.F.);
#4485=ORIENTED_EDGE('',*,*,#3121,.T.);
#4486=ORIENTED_EDGE('',*,*,#3122,.T.);
#4487=ORIENTED_EDGE('',*,*,#3123,.T.);
#4488=ORIENTED_EDGE('',*,*,#3119,.F.);
#4489=ORIENTED_EDGE('',*,*,#3102,.T.);
#4490=ORIENTED_EDGE('',*,*,#3124,.T.);
#4491=ORIENTED_EDGE('',*,*,#3125,.T.);
#4492=ORIENTED_EDGE('',*,*,#3122,.F.);
#4493=ORIENTED_EDGE('',*,*,#3126,.T.);
#4494=ORIENTED_EDGE('',*,*,#3108,.F.);
#4495=ORIENTED_EDGE('',*,*,#3127,.T.);
#4496=ORIENTED_EDGE('',*,*,#3124,.F.);
#4497=ORIENTED_EDGE('',*,*,#3128,.T.);
#4498=ORIENTED_EDGE('',*,*,#3118,.F.);
#4499=ORIENTED_EDGE('',*,*,#3129,.T.);
#4500=ORIENTED_EDGE('',*,*,#3130,.T.);
#4501=ORIENTED_EDGE('',*,*,#3131,.T.);
#4502=ORIENTED_EDGE('',*,*,#3132,.T.);
#4503=ORIENTED_EDGE('',*,*,#3133,.T.);
#4504=ORIENTED_EDGE('',*,*,#3134,.T.);
#4505=ORIENTED_EDGE('',*,*,#3135,.T.);
#4506=ORIENTED_EDGE('',*,*,#3136,.T.);
#4507=ORIENTED_EDGE('',*,*,#3115,.F.);
#4508=ORIENTED_EDGE('',*,*,#3137,.F.);
#4509=ORIENTED_EDGE('',*,*,#3138,.T.);
#4510=ORIENTED_EDGE('',*,*,#3129,.F.);
#4511=ORIENTED_EDGE('',*,*,#3112,.F.);
#4512=ORIENTED_EDGE('',*,*,#3139,.T.);
#4513=ORIENTED_EDGE('',*,*,#3140,.T.);
#4514=ORIENTED_EDGE('',*,*,#3137,.T.);
#4515=ORIENTED_EDGE('',*,*,#3109,.F.);
#4516=ORIENTED_EDGE('',*,*,#3141,.F.);
#4517=ORIENTED_EDGE('',*,*,#3142,.T.);
#4518=ORIENTED_EDGE('',*,*,#3143,.T.);
#4519=ORIENTED_EDGE('',*,*,#3144,.T.);
#4520=ORIENTED_EDGE('',*,*,#3145,.F.);
#4521=ORIENTED_EDGE('',*,*,#3146,.T.);
#4522=ORIENTED_EDGE('',*,*,#3139,.F.);
#4523=ORIENTED_EDGE('',*,*,#3107,.F.);
#4524=ORIENTED_EDGE('',*,*,#3111,.F.);
#4525=ORIENTED_EDGE('',*,*,#3114,.F.);
#4526=ORIENTED_EDGE('',*,*,#3117,.F.);
#4527=ORIENTED_EDGE('',*,*,#3120,.F.);
#4528=ORIENTED_EDGE('',*,*,#3123,.F.);
#4529=ORIENTED_EDGE('',*,*,#3125,.F.);
#4530=ORIENTED_EDGE('',*,*,#3127,.F.);
#4531=ORIENTED_EDGE('',*,*,#3126,.F.);
#4532=ORIENTED_EDGE('',*,*,#3105,.F.);
#4533=ORIENTED_EDGE('',*,*,#3147,.T.);
#4534=ORIENTED_EDGE('',*,*,#3148,.F.);
#4535=ORIENTED_EDGE('',*,*,#3121,.F.);
#4536=ORIENTED_EDGE('',*,*,#3131,.F.);
#4537=ORIENTED_EDGE('',*,*,#3149,.T.);
#4538=ORIENTED_EDGE('',*,*,#3103,.F.);
#4539=ORIENTED_EDGE('',*,*,#3128,.F.);
#4540=ORIENTED_EDGE('',*,*,#3148,.T.);
#4541=ORIENTED_EDGE('',*,*,#3150,.T.);
#4542=ORIENTED_EDGE('',*,*,#3145,.T.);
#4543=ORIENTED_EDGE('',*,*,#3151,.T.);
#4544=ORIENTED_EDGE('',*,*,#3141,.T.);
#4545=ORIENTED_EDGE('',*,*,#3152,.T.);
#4546=ORIENTED_EDGE('',*,*,#3153,.T.);
#4547=ORIENTED_EDGE('',*,*,#3154,.T.);
#4548=ORIENTED_EDGE('',*,*,#3155,.T.);
#4549=ORIENTED_EDGE('',*,*,#3156,.T.);
#4550=ORIENTED_EDGE('',*,*,#3029,.T.);
#4551=ORIENTED_EDGE('',*,*,#3051,.T.);
#4552=ORIENTED_EDGE('',*,*,#3049,.T.);
#4553=ORIENTED_EDGE('',*,*,#3047,.T.);
#4554=ORIENTED_EDGE('',*,*,#3045,.T.);
#4555=ORIENTED_EDGE('',*,*,#3043,.T.);
#4556=ORIENTED_EDGE('',*,*,#3041,.T.);
#4557=ORIENTED_EDGE('',*,*,#3039,.T.);
#4558=ORIENTED_EDGE('',*,*,#3037,.T.);
#4559=ORIENTED_EDGE('',*,*,#3035,.T.);
#4560=ORIENTED_EDGE('',*,*,#3033,.T.);
#4561=ORIENTED_EDGE('',*,*,#3031,.T.);
#4562=ORIENTED_EDGE('',*,*,#3156,.F.);
#4563=ORIENTED_EDGE('',*,*,#3157,.T.);
#4564=ORIENTED_EDGE('',*,*,#3157,.F.);
#4565=ORIENTED_EDGE('',*,*,#3158,.F.);
#4566=ORIENTED_EDGE('',*,*,#3159,.F.);
#4567=ORIENTED_EDGE('',*,*,#3160,.F.);
#4568=ORIENTED_EDGE('',*,*,#3130,.F.);
#4569=ORIENTED_EDGE('',*,*,#3161,.F.);
#4570=ORIENTED_EDGE('',*,*,#3162,.F.);
#4571=ORIENTED_EDGE('',*,*,#3158,.T.);
#4572=ORIENTED_EDGE('',*,*,#3138,.F.);
#4573=ORIENTED_EDGE('',*,*,#3161,.T.);
#4574=ORIENTED_EDGE('',*,*,#3140,.F.);
#4575=ORIENTED_EDGE('',*,*,#3163,.F.);
#4576=ORIENTED_EDGE('',*,*,#3164,.F.);
#4577=ORIENTED_EDGE('',*,*,#3165,.F.);
#4578=ORIENTED_EDGE('',*,*,#3166,.F.);
#4579=ORIENTED_EDGE('',*,*,#3163,.T.);
#4580=ORIENTED_EDGE('',*,*,#3146,.F.);
#4581=ORIENTED_EDGE('',*,*,#3165,.T.);
#4582=ORIENTED_EDGE('',*,*,#3150,.F.);
#4583=ORIENTED_EDGE('',*,*,#3167,.F.);
#4584=ORIENTED_EDGE('',*,*,#3168,.F.);
#4585=ORIENTED_EDGE('',*,*,#3169,.F.);
#4586=ORIENTED_EDGE('',*,*,#3170,.F.);
#4587=ORIENTED_EDGE('',*,*,#3167,.T.);
#4588=ORIENTED_EDGE('',*,*,#3147,.F.);
#4589=ORIENTED_EDGE('',*,*,#3171,.F.);
#4590=ORIENTED_EDGE('',*,*,#3172,.F.);
#4591=ORIENTED_EDGE('',*,*,#3169,.T.);
#4592=ORIENTED_EDGE('',*,*,#3104,.F.);
#4593=ORIENTED_EDGE('',*,*,#3160,.T.);
#4594=ORIENTED_EDGE('',*,*,#3173,.F.);
#4595=ORIENTED_EDGE('',*,*,#3171,.T.);
#4596=ORIENTED_EDGE('',*,*,#3149,.F.);
#4597=ORIENTED_EDGE('',*,*,#3159,.T.);
#4598=ORIENTED_EDGE('',*,*,#3162,.T.);
#4599=ORIENTED_EDGE('',*,*,#3164,.T.);
#4600=ORIENTED_EDGE('',*,*,#3166,.T.);
#4601=ORIENTED_EDGE('',*,*,#3168,.T.);
#4602=ORIENTED_EDGE('',*,*,#3170,.T.);
#4603=ORIENTED_EDGE('',*,*,#3172,.T.);
#4604=ORIENTED_EDGE('',*,*,#3173,.T.);
#4605=ORIENTED_EDGE('',*,*,#3132,.F.);
#4606=ORIENTED_EDGE('',*,*,#3174,.T.);
#4607=ORIENTED_EDGE('',*,*,#3175,.F.);
#4608=ORIENTED_EDGE('',*,*,#3174,.F.);
#4609=ORIENTED_EDGE('',*,*,#3175,.T.);
#4610=ORIENTED_EDGE('',*,*,#3176,.T.);
#4611=ORIENTED_EDGE('',*,*,#3177,.T.);
#4612=ORIENTED_EDGE('',*,*,#3176,.F.);
#4613=ORIENTED_EDGE('',*,*,#3133,.F.);
#4614=ORIENTED_EDGE('',*,*,#3178,.F.);
#4615=ORIENTED_EDGE('',*,*,#3179,.F.);
#4616=ORIENTED_EDGE('',*,*,#3180,.F.);
#4617=ORIENTED_EDGE('',*,*,#3181,.F.);
#4618=ORIENTED_EDGE('',*,*,#3134,.F.);
#4619=ORIENTED_EDGE('',*,*,#3181,.T.);
#4620=ORIENTED_EDGE('',*,*,#3182,.F.);
#4621=ORIENTED_EDGE('',*,*,#3183,.F.);
#4622=ORIENTED_EDGE('',*,*,#3184,.F.);
#4623=ORIENTED_EDGE('',*,*,#3185,.F.);
#4624=ORIENTED_EDGE('',*,*,#3186,.T.);
#4625=ORIENTED_EDGE('',*,*,#3135,.F.);
#4626=ORIENTED_EDGE('',*,*,#3183,.T.);
#4627=ORIENTED_EDGE('',*,*,#3136,.F.);
#4628=ORIENTED_EDGE('',*,*,#3186,.F.);
#4629=ORIENTED_EDGE('',*,*,#3187,.T.);
#4630=ORIENTED_EDGE('',*,*,#3178,.T.);
#4631=ORIENTED_EDGE('',*,*,#3184,.T.);
#4632=ORIENTED_EDGE('',*,*,#3188,.F.);
#4633=ORIENTED_EDGE('',*,*,#3189,.F.);
#4634=ORIENTED_EDGE('',*,*,#3190,.F.);
#4635=ORIENTED_EDGE('',*,*,#3191,.F.);
#4636=ORIENTED_EDGE('',*,*,#3192,.F.);
#4637=ORIENTED_EDGE('',*,*,#3193,.F.);
#4638=ORIENTED_EDGE('',*,*,#3194,.T.);
#4639=ORIENTED_EDGE('',*,*,#3195,.F.);
#4640=ORIENTED_EDGE('',*,*,#3196,.F.);
#4641=ORIENTED_EDGE('',*,*,#3187,.F.);
#4642=ORIENTED_EDGE('',*,*,#3185,.T.);
#4643=ORIENTED_EDGE('',*,*,#3196,.T.);
#4644=ORIENTED_EDGE('',*,*,#3197,.T.);
#4645=ORIENTED_EDGE('',*,*,#3198,.F.);
#4646=ORIENTED_EDGE('',*,*,#3179,.T.);
#4647=ORIENTED_EDGE('',*,*,#3199,.F.);
#4648=ORIENTED_EDGE('',*,*,#3200,.F.);
#4649=ORIENTED_EDGE('',*,*,#3152,.F.);
#4650=ORIENTED_EDGE('',*,*,#3201,.F.);
#4651=ORIENTED_EDGE('',*,*,#3155,.F.);
#4652=ORIENTED_EDGE('',*,*,#3202,.F.);
#4653=ORIENTED_EDGE('',*,*,#3203,.F.);
#4654=ORIENTED_EDGE('',*,*,#3204,.F.);
#4655=ORIENTED_EDGE('',*,*,#3201,.T.);
#4656=ORIENTED_EDGE('',*,*,#3205,.F.);
#4657=ORIENTED_EDGE('',*,*,#3206,.F.);
#4658=ORIENTED_EDGE('',*,*,#3207,.T.);
#4659=ORIENTED_EDGE('',*,*,#3153,.F.);
#4660=ORIENTED_EDGE('',*,*,#3200,.T.);
#4661=ORIENTED_EDGE('',*,*,#3154,.F.);
#4662=ORIENTED_EDGE('',*,*,#3207,.F.);
#4663=ORIENTED_EDGE('',*,*,#3208,.F.);
#4664=ORIENTED_EDGE('',*,*,#3202,.T.);
#4665=ORIENTED_EDGE('',*,*,#3204,.T.);
#4666=ORIENTED_EDGE('',*,*,#3209,.F.);
#4667=ORIENTED_EDGE('',*,*,#3210,.F.);
#4668=ORIENTED_EDGE('',*,*,#3211,.T.);
#4669=ORIENTED_EDGE('',*,*,#3212,.F.);
#4670=ORIENTED_EDGE('',*,*,#3213,.F.);
#4671=ORIENTED_EDGE('',*,*,#3214,.F.);
#4672=ORIENTED_EDGE('',*,*,#3215,.T.);
#4673=ORIENTED_EDGE('',*,*,#3216,.F.);
#4674=ORIENTED_EDGE('',*,*,#3217,.F.);
#4675=ORIENTED_EDGE('',*,*,#3218,.F.);
#4676=ORIENTED_EDGE('',*,*,#3219,.T.);
#4677=ORIENTED_EDGE('',*,*,#3220,.F.);
#4678=ORIENTED_EDGE('',*,*,#3221,.F.);
#4679=ORIENTED_EDGE('',*,*,#3222,.F.);
#4680=ORIENTED_EDGE('',*,*,#3223,.F.);
#4681=ORIENTED_EDGE('',*,*,#3224,.F.);
#4682=ORIENTED_EDGE('',*,*,#3225,.F.);
#4683=ORIENTED_EDGE('',*,*,#3182,.T.);
#4684=ORIENTED_EDGE('',*,*,#3226,.F.);
#4685=ORIENTED_EDGE('',*,*,#3227,.T.);
#4686=ORIENTED_EDGE('',*,*,#3228,.F.);
#4687=ORIENTED_EDGE('',*,*,#3199,.T.);
#4688=ORIENTED_EDGE('',*,*,#3225,.T.);
#4689=ORIENTED_EDGE('',*,*,#3229,.T.);
#4690=ORIENTED_EDGE('',*,*,#3188,.T.);
#4691=ORIENTED_EDGE('',*,*,#3230,.F.);
#4692=ORIENTED_EDGE('',*,*,#3151,.F.);
#4693=ORIENTED_EDGE('',*,*,#3231,.F.);
#4694=ORIENTED_EDGE('',*,*,#3232,.F.);
#4695=ORIENTED_EDGE('',*,*,#3233,.F.);
#4696=ORIENTED_EDGE('',*,*,#3234,.F.);
#4697=ORIENTED_EDGE('',*,*,#3235,.F.);
#4698=ORIENTED_EDGE('',*,*,#3236,.F.);
#4699=ORIENTED_EDGE('',*,*,#3143,.F.);
#4700=ORIENTED_EDGE('',*,*,#3236,.T.);
#4701=ORIENTED_EDGE('',*,*,#3237,.F.);
#4702=ORIENTED_EDGE('',*,*,#3231,.T.);
#4703=ORIENTED_EDGE('',*,*,#3144,.F.);
#4704=ORIENTED_EDGE('',*,*,#3230,.T.);
#4705=ORIENTED_EDGE('',*,*,#3238,.F.);
#4706=ORIENTED_EDGE('',*,*,#3234,.T.);
#4707=ORIENTED_EDGE('',*,*,#3142,.F.);
#4708=ORIENTED_EDGE('',*,*,#3235,.T.);
#4709=ORIENTED_EDGE('',*,*,#3238,.T.);
#4710=ORIENTED_EDGE('',*,*,#3233,.T.);
#4711=ORIENTED_EDGE('',*,*,#3239,.T.);
#4712=ORIENTED_EDGE('',*,*,#3240,.F.);
#4713=ORIENTED_EDGE('',*,*,#3239,.F.);
#4714=ORIENTED_EDGE('',*,*,#3232,.T.);
#4715=ORIENTED_EDGE('',*,*,#3237,.T.);
#4716=ORIENTED_EDGE('',*,*,#3177,.F.);
#4717=ORIENTED_EDGE('',*,*,#3241,.T.);
#4718=ORIENTED_EDGE('',*,*,#3240,.T.);
#4719=ORIENTED_EDGE('',*,*,#3241,.F.);
#4720=ORIENTED_EDGE('',*,*,#3205,.T.);
#4721=ORIENTED_EDGE('',*,*,#3228,.T.);
#4722=ORIENTED_EDGE('',*,*,#3242,.F.);
#4723=ORIENTED_EDGE('',*,*,#3243,.F.);
#4724=ORIENTED_EDGE('',*,*,#3244,.T.);
#4725=ORIENTED_EDGE('',*,*,#3245,.T.);
#4726=ORIENTED_EDGE('',*,*,#3246,.T.);
#4727=ORIENTED_EDGE('',*,*,#3247,.F.);
#4728=ORIENTED_EDGE('',*,*,#3248,.T.);
#4729=ORIENTED_EDGE('',*,*,#3249,.T.);
#4730=ORIENTED_EDGE('',*,*,#3250,.T.);
#4731=ORIENTED_EDGE('',*,*,#3251,.F.);
#4732=ORIENTED_EDGE('',*,*,#3252,.T.);
#4733=ORIENTED_EDGE('',*,*,#3253,.T.);
#4734=ORIENTED_EDGE('',*,*,#3254,.T.);
#4735=ORIENTED_EDGE('',*,*,#3255,.F.);
#4736=ORIENTED_EDGE('',*,*,#3256,.T.);
#4737=ORIENTED_EDGE('',*,*,#3257,.T.);
#4738=ORIENTED_EDGE('',*,*,#3180,.T.);
#4739=ORIENTED_EDGE('',*,*,#3198,.T.);
#4740=ORIENTED_EDGE('',*,*,#3258,.T.);
#4741=ORIENTED_EDGE('',*,*,#3259,.F.);
#4742=ORIENTED_EDGE('',*,*,#3260,.T.);
#4743=ORIENTED_EDGE('',*,*,#3261,.T.);
#4744=ORIENTED_EDGE('',*,*,#3262,.T.);
#4745=ORIENTED_EDGE('',*,*,#3263,.F.);
#4746=ORIENTED_EDGE('',*,*,#3264,.F.);
#4747=ORIENTED_EDGE('',*,*,#3226,.T.);
#4748=ORIENTED_EDGE('',*,*,#3265,.T.);
#4749=ORIENTED_EDGE('',*,*,#3214,.T.);
#4750=ORIENTED_EDGE('',*,*,#3266,.T.);
#4751=ORIENTED_EDGE('',*,*,#3252,.F.);
#4752=ORIENTED_EDGE('',*,*,#3267,.T.);
#4753=ORIENTED_EDGE('',*,*,#3218,.T.);
#4754=ORIENTED_EDGE('',*,*,#3268,.T.);
#4755=ORIENTED_EDGE('',*,*,#3248,.F.);
#4756=ORIENTED_EDGE('',*,*,#3269,.T.);
#4757=ORIENTED_EDGE('',*,*,#3210,.T.);
#4758=ORIENTED_EDGE('',*,*,#3270,.T.);
#4759=ORIENTED_EDGE('',*,*,#3256,.F.);
#4760=ORIENTED_EDGE('',*,*,#3271,.T.);
#4761=ORIENTED_EDGE('',*,*,#3222,.T.);
#4762=ORIENTED_EDGE('',*,*,#3272,.T.);
#4763=ORIENTED_EDGE('',*,*,#3244,.F.);
#4764=ORIENTED_EDGE('',*,*,#3273,.T.);
#4765=ORIENTED_EDGE('',*,*,#3193,.T.);
#4766=ORIENTED_EDGE('',*,*,#3274,.T.);
#4767=ORIENTED_EDGE('',*,*,#3260,.F.);
#4768=ORIENTED_EDGE('',*,*,#3229,.F.);
#4769=ORIENTED_EDGE('',*,*,#3224,.T.);
#4770=ORIENTED_EDGE('',*,*,#3275,.F.);
#4771=ORIENTED_EDGE('',*,*,#3189,.T.);
#4772=ORIENTED_EDGE('',*,*,#3227,.F.);
#4773=ORIENTED_EDGE('',*,*,#3264,.T.);
#4774=ORIENTED_EDGE('',*,*,#3276,.F.);
#4775=ORIENTED_EDGE('',*,*,#3242,.T.);
#4776=ORIENTED_EDGE('',*,*,#3208,.T.);
#4777=ORIENTED_EDGE('',*,*,#3206,.T.);
#4778=ORIENTED_EDGE('',*,*,#3257,.F.);
#4779=ORIENTED_EDGE('',*,*,#3270,.F.);
#4780=ORIENTED_EDGE('',*,*,#3209,.T.);
#4781=ORIENTED_EDGE('',*,*,#3203,.T.);
#4782=ORIENTED_EDGE('',*,*,#3277,.T.);
#4783=ORIENTED_EDGE('',*,*,#3254,.F.);
#4784=ORIENTED_EDGE('',*,*,#3278,.F.);
#4785=ORIENTED_EDGE('',*,*,#3212,.T.);
#4786=ORIENTED_EDGE('',*,*,#3213,.T.);
#4787=ORIENTED_EDGE('',*,*,#3278,.T.);
#4788=ORIENTED_EDGE('',*,*,#3253,.F.);
#4789=ORIENTED_EDGE('',*,*,#3266,.F.);
#4790=ORIENTED_EDGE('',*,*,#3279,.T.);
#4791=ORIENTED_EDGE('',*,*,#3250,.F.);
#4792=ORIENTED_EDGE('',*,*,#3280,.F.);
#4793=ORIENTED_EDGE('',*,*,#3216,.T.);
#4794=ORIENTED_EDGE('',*,*,#3217,.T.);
#4795=ORIENTED_EDGE('',*,*,#3280,.T.);
#4796=ORIENTED_EDGE('',*,*,#3249,.F.);
#4797=ORIENTED_EDGE('',*,*,#3268,.F.);
#4798=ORIENTED_EDGE('',*,*,#3281,.T.);
#4799=ORIENTED_EDGE('',*,*,#3246,.F.);
#4800=ORIENTED_EDGE('',*,*,#3282,.F.);
#4801=ORIENTED_EDGE('',*,*,#3220,.T.);
#4802=ORIENTED_EDGE('',*,*,#3221,.T.);
#4803=ORIENTED_EDGE('',*,*,#3282,.T.);
#4804=ORIENTED_EDGE('',*,*,#3245,.F.);
#4805=ORIENTED_EDGE('',*,*,#3272,.F.);
#4806=ORIENTED_EDGE('',*,*,#3283,.T.);
#4807=ORIENTED_EDGE('',*,*,#3262,.F.);
#4808=ORIENTED_EDGE('',*,*,#3284,.F.);
#4809=ORIENTED_EDGE('',*,*,#3191,.T.);
#4810=ORIENTED_EDGE('',*,*,#3192,.T.);
#4811=ORIENTED_EDGE('',*,*,#3284,.T.);
#4812=ORIENTED_EDGE('',*,*,#3261,.F.);
#4813=ORIENTED_EDGE('',*,*,#3274,.F.);
#4814=ORIENTED_EDGE('',*,*,#3285,.T.);
#4815=ORIENTED_EDGE('',*,*,#3258,.F.);
#4816=ORIENTED_EDGE('',*,*,#3197,.F.);
#4817=ORIENTED_EDGE('',*,*,#3195,.T.);
#4818=ORIENTED_EDGE('',*,*,#3285,.F.);
#4819=ORIENTED_EDGE('',*,*,#3194,.F.);
#4820=ORIENTED_EDGE('',*,*,#3273,.F.);
#4821=ORIENTED_EDGE('',*,*,#3259,.T.);
#4822=ORIENTED_EDGE('',*,*,#3271,.F.);
#4823=ORIENTED_EDGE('',*,*,#3243,.T.);
#4824=ORIENTED_EDGE('',*,*,#3276,.T.);
#4825=ORIENTED_EDGE('',*,*,#3263,.T.);
#4826=ORIENTED_EDGE('',*,*,#3283,.F.);
#4827=ORIENTED_EDGE('',*,*,#3190,.T.);
#4828=ORIENTED_EDGE('',*,*,#3275,.T.);
#4829=ORIENTED_EDGE('',*,*,#3223,.T.);
#4830=ORIENTED_EDGE('',*,*,#3267,.F.);
#4831=ORIENTED_EDGE('',*,*,#3247,.T.);
#4832=ORIENTED_EDGE('',*,*,#3281,.F.);
#4833=ORIENTED_EDGE('',*,*,#3219,.F.);
#4834=ORIENTED_EDGE('',*,*,#3277,.F.);
#4835=ORIENTED_EDGE('',*,*,#3211,.F.);
#4836=ORIENTED_EDGE('',*,*,#3269,.F.);
#4837=ORIENTED_EDGE('',*,*,#3255,.T.);
#4838=ORIENTED_EDGE('',*,*,#3265,.F.);
#4839=ORIENTED_EDGE('',*,*,#3251,.T.);
#4840=ORIENTED_EDGE('',*,*,#3279,.F.);
#4841=ORIENTED_EDGE('',*,*,#3215,.F.);
#4842=PLANE('',#5246);
#4843=PLANE('',#5247);
#4844=PLANE('',#5248);
#4845=PLANE('',#5249);
#4846=PLANE('',#5250);
#4847=PLANE('',#5251);
#4848=PLANE('',#5252);
#4849=PLANE('',#5253);
#4850=PLANE('',#5254);
#4851=PLANE('',#5255);
#4852=PLANE('',#5256);
#4853=PLANE('',#5257);
#4854=PLANE('',#5258);
#4855=PLANE('',#5259);
#4856=PLANE('',#5266);
#4857=PLANE('',#5270);
#4858=PLANE('',#5274);
#4859=PLANE('',#5278);
#4860=PLANE('',#5284);
#4861=PLANE('',#5287);
#4862=PLANE('',#5289);
#4863=PLANE('',#5290);
#4864=PLANE('',#5293);
#4865=PLANE('',#5296);
#4866=PLANE('',#5300);
#4867=PLANE('',#5305);
#4868=PLANE('',#5307);
#4869=PLANE('',#5312);
#4870=PLANE('',#5314);
#4871=PLANE('',#5315);
#4872=PLANE('',#5317);
#4873=PLANE('',#5318);
#4874=PLANE('',#5326);
#4875=PLANE('',#5327);
#4876=PLANE('',#5329);
#4877=PLANE('',#5331);
#4878=PLANE('',#5332);
#4879=PLANE('',#5344);
#4880=PLANE('',#5347);
#4881=PLANE('',#5355);
#4882=PLANE('',#5367);
#4883=PLANE('',#5391);
#4884=PLANE('',#5392);
#4885=PLANE('',#5393);
#4886=PLANE('',#5394);
#4887=PLANE('',#5395);
#4888=PLANE('',#5397);
#4889=PLANE('',#5398);
#4890=PLANE('',#5399);
#4891=PLANE('',#5400);
#4892=PLANE('',#5401);
#4893=PLANE('',#5402);
#4894=PLANE('',#5403);
#4895=PLANE('',#5404);
#4896=PLANE('',#5405);
#4897=PLANE('',#5406);
#4898=PLANE('',#5407);
#4899=PLANE('',#5408);
#4900=PLANE('',#5409);
#4901=PLANE('',#5410);
#4902=PLANE('',#5414);
#4903=PLANE('',#5418);
#4904=PLANE('',#5422);
#4905=PLANE('',#5426);
#4906=PLANE('',#5427);
#4907=PLANE('',#5431);
#4908=PLANE('',#5434);
#4909=PLANE('',#5439);
#4910=PLANE('',#5442);
#4911=PLANE('',#5445);
#4912=PLANE('',#5448);
#4913=PLANE('',#5451);
#4914=PLANE('',#5454);
#4915=PLANE('',#5457);
#4916=PLANE('',#5462);
#4917=PLANE('',#5464);
#4918=PLANE('',#5465);
#4919=PLANE('',#5467);
#4920=PLANE('',#5468);
#4921=PLANE('',#5476);
#4922=PLANE('',#5477);
#4923=PLANE('',#5479);
#4924=PLANE('',#5481);
#4925=PLANE('',#5482);
#4926=PLANE('',#5494);
#4927=PLANE('',#5503);
#4928=PLANE('',#5515);
#4929=PLANE('',#5539);
#4930=PLANE('',#5540);
#4931=PLANE('',#5541);
#4932=PLANE('',#5542);
#4933=PLANE('',#5543);
#4934=ADVANCED_FACE('',(#367),#4842,.T.);
#4935=ADVANCED_FACE('',(#368),#247,.T.);
#4936=ADVANCED_FACE('',(#369),#248,.T.);
#4937=ADVANCED_FACE('',(#370),#249,.T.);
#4938=ADVANCED_FACE('',(#371),#4843,.T.);
#4939=ADVANCED_FACE('',(#372),#250,.T.);
#4940=ADVANCED_FACE('',(#373),#251,.T.);
#4941=ADVANCED_FACE('',(#374),#252,.T.);
#4942=ADVANCED_FACE('',(#375),#253,.T.);
#4943=ADVANCED_FACE('',(#376),#254,.T.);
#4944=ADVANCED_FACE('',(#377),#255,.T.);
#4945=ADVANCED_FACE('',(#378),#256,.T.);
#4946=ADVANCED_FACE('',(#379),#257,.T.);
#4947=ADVANCED_FACE('',(#380),#258,.T.);
#4948=ADVANCED_FACE('',(#381),#259,.T.);
#4949=ADVANCED_FACE('',(#382),#260,.T.);
#4950=ADVANCED_FACE('',(#383),#261,.T.);
#4951=ADVANCED_FACE('',(#384),#262,.T.);
#4952=ADVANCED_FACE('',(#385),#263,.T.);
#4953=ADVANCED_FACE('',(#386),#264,.T.);
#4954=ADVANCED_FACE('',(#387),#265,.T.);
#4955=ADVANCED_FACE('',(#388),#266,.T.);
#4956=ADVANCED_FACE('',(#389),#267,.T.);
#4957=ADVANCED_FACE('',(#390),#268,.T.);
#4958=ADVANCED_FACE('',(#391),#4844,.T.);
#4959=ADVANCED_FACE('',(#392),#4845,.T.);
#4960=ADVANCED_FACE('',(#393),#269,.T.);
#4961=ADVANCED_FACE('',(#394),#270,.T.);
#4962=ADVANCED_FACE('',(#395),#271,.T.);
#4963=ADVANCED_FACE('',(#396),#4846,.T.);
#4964=ADVANCED_FACE('',(#397),#4847,.T.);
#4965=ADVANCED_FACE('',(#398),#272,.T.);
#4966=ADVANCED_FACE('',(#399,#232),#4848,.T.);
#4967=ADVANCED_FACE('',(#400),#273,.T.);
#4968=ADVANCED_FACE('',(#401),#274,.T.);
#4969=ADVANCED_FACE('',(#402),#275,.T.);
#4970=ADVANCED_FACE('',(#403),#276,.T.);
#4971=ADVANCED_FACE('',(#404),#277,.T.);
#4972=ADVANCED_FACE('',(#405),#278,.T.);
#4973=ADVANCED_FACE('',(#406),#4849,.T.);
#4974=ADVANCED_FACE('',(#407),#279,.T.);
#4975=ADVANCED_FACE('',(#408),#280,.T.);
#4976=ADVANCED_FACE('',(#409),#4850,.T.);
#4977=ADVANCED_FACE('',(#410),#4851,.T.);
#4978=ADVANCED_FACE('',(#411),#281,.T.);
#4979=ADVANCED_FACE('',(#412),#282,.T.);
#4980=ADVANCED_FACE('',(#413),#283,.T.);
#4981=ADVANCED_FACE('',(#414),#284,.T.);
#4982=ADVANCED_FACE('',(#415),#285,.T.);
#4983=ADVANCED_FACE('',(#416),#286,.T.);
#4984=ADVANCED_FACE('',(#417),#287,.T.);
#4985=ADVANCED_FACE('',(#418),#288,.T.);
#4986=ADVANCED_FACE('',(#419),#4852,.T.);
#4987=ADVANCED_FACE('',(#420),#289,.T.);
#4988=ADVANCED_FACE('',(#421),#290,.T.);
#4989=ADVANCED_FACE('',(#422),#291,.T.);
#4990=ADVANCED_FACE('',(#423),#292,.T.);
#4991=ADVANCED_FACE('',(#424),#293,.T.);
#4992=ADVANCED_FACE('',(#425),#294,.T.);
#4993=ADVANCED_FACE('',(#426),#295,.T.);
#4994=ADVANCED_FACE('',(#427),#296,.T.);
#4995=ADVANCED_FACE('',(#428),#297,.T.);
#4996=ADVANCED_FACE('',(#429),#298,.T.);
#4997=ADVANCED_FACE('',(#430),#299,.T.);
#4998=ADVANCED_FACE('',(#431),#300,.T.);
#4999=ADVANCED_FACE('',(#432),#4853,.T.);
#5000=ADVANCED_FACE('',(#433),#4854,.T.);
#5001=ADVANCED_FACE('',(#434),#301,.T.);
#5002=ADVANCED_FACE('',(#435),#302,.T.);
#5003=ADVANCED_FACE('',(#436),#303,.T.);
#5004=ADVANCED_FACE('',(#437,#233,#234),#4855,.T.);
#5005=ADVANCED_FACE('',(#438),#229,.F.);
#5006=ADVANCED_FACE('',(#439),#230,.F.);
#5007=ADVANCED_FACE('',(#440),#4856,.T.);
#5008=ADVANCED_FACE('',(#441),#83,.T.);
#5009=ADVANCED_FACE('',(#442),#4857,.T.);
#5010=ADVANCED_FACE('',(#443),#84,.T.);
#5011=ADVANCED_FACE('',(#444),#4858,.T.);
#5012=ADVANCED_FACE('',(#445),#85,.T.);
#5013=ADVANCED_FACE('',(#446),#4859,.T.);
#5014=ADVANCED_FACE('',(#447),#86,.T.);
#5015=ADVANCED_FACE('',(#448),#35,.T.);
#5016=ADVANCED_FACE('',(#449),#4860,.T.);
#5017=ADVANCED_FACE('',(#450),#36,.T.);
#5018=ADVANCED_FACE('',(#451,#235,#236),#4861,.T.);
#5019=ADVANCED_FACE('',(#452),#4862,.T.);
#5020=ADVANCED_FACE('',(#453),#4863,.T.);
#5021=ADVANCED_FACE('',(#454),#87,.T.);
#5022=ADVANCED_FACE('',(#455),#4864,.T.);
#5023=ADVANCED_FACE('',(#456),#88,.T.);
#5024=ADVANCED_FACE('',(#457),#4865,.T.);
#5025=ADVANCED_FACE('',(#458),#89,.T.);
#5026=ADVANCED_FACE('',(#459),#4866,.T.);
#5027=ADVANCED_FACE('',(#460),#90,.T.);
#5028=ADVANCED_FACE('',(#461),#37,.T.);
#5029=ADVANCED_FACE('',(#462),#4867,.T.);
#5030=ADVANCED_FACE('',(#463),#38,.T.);
#5031=ADVANCED_FACE('',(#464),#4868,.T.);
#5032=ADVANCED_FACE('',(#465),#91,.F.);
#5033=ADVANCED_FACE('',(#466),#39,.F.);
#5034=ADVANCED_FACE('',(#467),#4869,.T.);
#5035=ADVANCED_FACE('',(#468),#4870,.T.);
#5036=ADVANCED_FACE('',(#469),#4871,.T.);
#5037=ADVANCED_FACE('',(#470),#4872,.T.);
#5038=ADVANCED_FACE('',(#471),#4873,.T.);
#5039=ADVANCED_FACE('',(#472),#40,.F.);
#5040=ADVANCED_FACE('',(#473),#4874,.T.);
#5041=ADVANCED_FACE('',(#474),#4875,.T.);
#5042=ADVANCED_FACE('',(#475),#4876,.T.);
#5043=ADVANCED_FACE('',(#476),#4877,.T.);
#5044=ADVANCED_FACE('',(#477),#4878,.T.);
#5045=ADVANCED_FACE('',(#478),#4879,.T.);
#5046=ADVANCED_FACE('',(#479,#237,#238,#239),#4880,.F.);
#5047=ADVANCED_FACE('',(#480),#92,.F.);
#5048=ADVANCED_FACE('',(#481),#304,.T.);
#5049=ADVANCED_FACE('',(#482),#305,.T.);
#5050=ADVANCED_FACE('',(#483),#306,.T.);
#5051=ADVANCED_FACE('',(#484),#41,.F.);
#5052=ADVANCED_FACE('',(#485),#93,.F.);
#5053=ADVANCED_FACE('',(#486),#4881,.T.);
#5054=ADVANCED_FACE('',(#487),#4882,.T.);
#5055=ADVANCED_FACE('',(#488),#42,.F.);
#5056=ADVANCED_FACE('',(#489),#43,.F.);
#5057=ADVANCED_FACE('',(#490),#44,.F.);
#5058=ADVANCED_FACE('',(#491),#45,.F.);
#5059=ADVANCED_FACE('',(#492),#46,.F.);
#5060=ADVANCED_FACE('',(#493),#47,.F.);
#5061=ADVANCED_FACE('',(#494),#48,.F.);
#5062=ADVANCED_FACE('',(#495),#49,.F.);
#5063=ADVANCED_FACE('',(#496),#50,.F.);
#5064=ADVANCED_FACE('',(#497),#51,.F.);
#5065=ADVANCED_FACE('',(#498),#52,.F.);
#5066=ADVANCED_FACE('',(#499),#53,.F.);
#5067=ADVANCED_FACE('',(#500),#54,.F.);
#5068=ADVANCED_FACE('',(#501),#55,.F.);
#5069=ADVANCED_FACE('',(#502),#56,.F.);
#5070=ADVANCED_FACE('',(#503),#57,.F.);
#5071=ADVANCED_FACE('',(#504),#58,.F.);
#5072=ADVANCED_FACE('',(#505),#4883,.T.);
#5073=ADVANCED_FACE('',(#506),#4884,.T.);
#5074=ADVANCED_FACE('',(#507),#4885,.T.);
#5075=ADVANCED_FACE('',(#508),#4886,.T.);
#5076=ADVANCED_FACE('',(#509),#4887,.T.);
#5077=ADVANCED_FACE('',(#510),#4888,.F.);
#5078=ADVANCED_FACE('',(#511),#307,.T.);
#5079=ADVANCED_FACE('',(#512),#308,.T.);
#5080=ADVANCED_FACE('',(#513),#309,.T.);
#5081=ADVANCED_FACE('',(#514),#4889,.T.);
#5082=ADVANCED_FACE('',(#515),#310,.T.);
#5083=ADVANCED_FACE('',(#516),#311,.T.);
#5084=ADVANCED_FACE('',(#517),#312,.T.);
#5085=ADVANCED_FACE('',(#518),#313,.T.);
#5086=ADVANCED_FACE('',(#519),#314,.T.);
#5087=ADVANCED_FACE('',(#520),#315,.T.);
#5088=ADVANCED_FACE('',(#521),#316,.T.);
#5089=ADVANCED_FACE('',(#522),#317,.T.);
#5090=ADVANCED_FACE('',(#523),#318,.T.);
#5091=ADVANCED_FACE('',(#524),#319,.T.);
#5092=ADVANCED_FACE('',(#525),#320,.T.);
#5093=ADVANCED_FACE('',(#526),#321,.T.);
#5094=ADVANCED_FACE('',(#527),#322,.T.);
#5095=ADVANCED_FACE('',(#528),#323,.T.);
#5096=ADVANCED_FACE('',(#529),#324,.T.);
#5097=ADVANCED_FACE('',(#530),#325,.T.);
#5098=ADVANCED_FACE('',(#531),#326,.T.);
#5099=ADVANCED_FACE('',(#532),#327,.T.);
#5100=ADVANCED_FACE('',(#533),#328,.T.);
#5101=ADVANCED_FACE('',(#534),#4890,.T.);
#5102=ADVANCED_FACE('',(#535),#4891,.T.);
#5103=ADVANCED_FACE('',(#536),#329,.T.);
#5104=ADVANCED_FACE('',(#537),#330,.T.);
#5105=ADVANCED_FACE('',(#538),#331,.T.);
#5106=ADVANCED_FACE('',(#539),#4892,.T.);
#5107=ADVANCED_FACE('',(#540),#4893,.T.);
#5108=ADVANCED_FACE('',(#541),#332,.T.);
#5109=ADVANCED_FACE('',(#542,#240),#4894,.F.);
#5110=ADVANCED_FACE('',(#543),#333,.T.);
#5111=ADVANCED_FACE('',(#544),#334,.T.);
#5112=ADVANCED_FACE('',(#545),#335,.T.);
#5113=ADVANCED_FACE('',(#546),#336,.T.);
#5114=ADVANCED_FACE('',(#547),#337,.T.);
#5115=ADVANCED_FACE('',(#548),#338,.T.);
#5116=ADVANCED_FACE('',(#549),#4895,.T.);
#5117=ADVANCED_FACE('',(#550),#339,.T.);
#5118=ADVANCED_FACE('',(#551),#340,.T.);
#5119=ADVANCED_FACE('',(#552),#4896,.T.);
#5120=ADVANCED_FACE('',(#553),#4897,.T.);
#5121=ADVANCED_FACE('',(#554),#341,.T.);
#5122=ADVANCED_FACE('',(#555),#342,.T.);
#5123=ADVANCED_FACE('',(#556),#343,.T.);
#5124=ADVANCED_FACE('',(#557),#344,.T.);
#5125=ADVANCED_FACE('',(#558),#345,.T.);
#5126=ADVANCED_FACE('',(#559),#346,.T.);
#5127=ADVANCED_FACE('',(#560),#347,.T.);
#5128=ADVANCED_FACE('',(#561),#348,.T.);
#5129=ADVANCED_FACE('',(#562),#4898,.T.);
#5130=ADVANCED_FACE('',(#563),#349,.T.);
#5131=ADVANCED_FACE('',(#564),#350,.T.);
#5132=ADVANCED_FACE('',(#565),#351,.T.);
#5133=ADVANCED_FACE('',(#566),#352,.T.);
#5134=ADVANCED_FACE('',(#567),#353,.T.);
#5135=ADVANCED_FACE('',(#568),#354,.T.);
#5136=ADVANCED_FACE('',(#569),#355,.T.);
#5137=ADVANCED_FACE('',(#570),#356,.T.);
#5138=ADVANCED_FACE('',(#571),#357,.T.);
#5139=ADVANCED_FACE('',(#572),#358,.T.);
#5140=ADVANCED_FACE('',(#573),#359,.T.);
#5141=ADVANCED_FACE('',(#574),#360,.T.);
#5142=ADVANCED_FACE('',(#575),#4899,.T.);
#5143=ADVANCED_FACE('',(#576),#4900,.T.);
#5144=ADVANCED_FACE('',(#577),#361,.T.);
#5145=ADVANCED_FACE('',(#578),#362,.T.);
#5146=ADVANCED_FACE('',(#579),#363,.T.);
#5147=ADVANCED_FACE('',(#580,#241,#242),#4901,.F.);
#5148=ADVANCED_FACE('',(#581),#94,.T.);
#5149=ADVANCED_FACE('',(#582),#4902,.T.);
#5150=ADVANCED_FACE('',(#583),#95,.T.);
#5151=ADVANCED_FACE('',(#584),#4903,.T.);
#5152=ADVANCED_FACE('',(#585),#96,.T.);
#5153=ADVANCED_FACE('',(#586),#4904,.T.);
#5154=ADVANCED_FACE('',(#587),#97,.T.);
#5155=ADVANCED_FACE('',(#588),#4905,.T.);
#5156=ADVANCED_FACE('',(#589,#243,#244),#4906,.F.);
#5157=ADVANCED_FACE('',(#590),#59,.T.);
#5158=ADVANCED_FACE('',(#591),#4907,.F.);
#5159=ADVANCED_FACE('',(#592),#60,.T.);
#5160=ADVANCED_FACE('',(#593),#4908,.F.);
#5161=ADVANCED_FACE('',(#594),#61,.T.);
#5162=ADVANCED_FACE('',(#595),#62,.T.);
#5163=ADVANCED_FACE('',(#596,#245,#246),#4909,.T.);
#5164=ADVANCED_FACE('',(#597),#4910,.F.);
#5165=ADVANCED_FACE('',(#598),#231,.F.);
#5166=ADVANCED_FACE('',(#599),#4911,.F.);
#5167=ADVANCED_FACE('',(#600),#98,.T.);
#5168=ADVANCED_FACE('',(#601),#4912,.F.);
#5169=ADVANCED_FACE('',(#602),#99,.T.);
#5170=ADVANCED_FACE('',(#603),#4913,.F.);
#5171=ADVANCED_FACE('',(#604),#100,.T.);
#5172=ADVANCED_FACE('',(#605),#4914,.F.);
#5173=ADVANCED_FACE('',(#606),#101,.T.);
#5174=ADVANCED_FACE('',(#607),#4915,.F.);
#5175=ADVANCED_FACE('',(#608),#102,.F.);
#5176=ADVANCED_FACE('',(#609),#63,.F.);
#5177=ADVANCED_FACE('',(#610),#4916,.F.);
#5178=ADVANCED_FACE('',(#611),#4917,.F.);
#5179=ADVANCED_FACE('',(#612),#4918,.F.);
#5180=ADVANCED_FACE('',(#613),#4919,.F.);
#5181=ADVANCED_FACE('',(#614),#4920,.F.);
#5182=ADVANCED_FACE('',(#615),#64,.F.);
#5183=ADVANCED_FACE('',(#616),#4921,.F.);
#5184=ADVANCED_FACE('',(#617),#4922,.F.);
#5185=ADVANCED_FACE('',(#618),#4923,.F.);
#5186=ADVANCED_FACE('',(#619),#4924,.F.);
#5187=ADVANCED_FACE('',(#620),#4925,.F.);
#5188=ADVANCED_FACE('',(#621),#4926,.F.);
#5189=ADVANCED_FACE('',(#622),#103,.F.);
#5190=ADVANCED_FACE('',(#623),#364,.F.);
#5191=ADVANCED_FACE('',(#624),#365,.F.);
#5192=ADVANCED_FACE('',(#625),#366,.F.);
#5193=ADVANCED_FACE('',(#626),#65,.F.);
#5194=ADVANCED_FACE('',(#627),#104,.F.);
#5195=ADVANCED_FACE('',(#628),#4927,.F.);
#5196=ADVANCED_FACE('',(#629),#4928,.F.);
#5197=ADVANCED_FACE('',(#630),#66,.F.);
#5198=ADVANCED_FACE('',(#631),#67,.F.);
#5199=ADVANCED_FACE('',(#632),#68,.F.);
#5200=ADVANCED_FACE('',(#633),#69,.F.);
#5201=ADVANCED_FACE('',(#634),#70,.F.);
#5202=ADVANCED_FACE('',(#635),#71,.F.);
#5203=ADVANCED_FACE('',(#636),#72,.F.);
#5204=ADVANCED_FACE('',(#637),#73,.F.);
#5205=ADVANCED_FACE('',(#638),#74,.F.);
#5206=ADVANCED_FACE('',(#639),#75,.F.);
#5207=ADVANCED_FACE('',(#640),#76,.F.);
#5208=ADVANCED_FACE('',(#641),#77,.F.);
#5209=ADVANCED_FACE('',(#642),#78,.F.);
#5210=ADVANCED_FACE('',(#643),#79,.F.);
#5211=ADVANCED_FACE('',(#644),#80,.F.);
#5212=ADVANCED_FACE('',(#645),#81,.F.);
#5213=ADVANCED_FACE('',(#646),#82,.F.);
#5214=ADVANCED_FACE('',(#647),#4929,.F.);
#5215=ADVANCED_FACE('',(#648),#4930,.F.);
#5216=ADVANCED_FACE('',(#649),#4931,.F.);
#5217=ADVANCED_FACE('',(#650),#4932,.F.);
#5218=ADVANCED_FACE('',(#651),#4933,.F.);
#5219=CLOSED_SHELL('',(#4934,#4935,#4936,#4937,#4938,#4939,#4940,#4941,
#4942,#4943,#4944,#4945,#4946,#4947,#4948,#4949,#4950,#4951,#4952,#4953,
#4954,#4955,#4956,#4957,#4958,#4959,#4960,#4961,#4962,#4963,#4964,#4965,
#4966,#4967,#4968,#4969,#4970,#4971,#4972,#4973,#4974,#4975,#4976,#4977,
#4978,#4979,#4980,#4981,#4982,#4983,#4984,#4985,#4986,#4987,#4988,#4989,
#4990,#4991,#4992,#4993,#4994,#4995,#4996,#4997,#4998,#4999,#5000,#5001,
#5002,#5003,#5004,#5005,#5006,#5007,#5008,#5009,#5010,#5011,#5012,#5013,
#5014,#5015,#5016,#5017,#5018,#5019,#5020,#5021,#5022,#5023,#5024,#5025,
#5026,#5027,#5028,#5029,#5030,#5031,#5032,#5033,#5034,#5035,#5036,#5037,
#5038,#5039,#5040,#5041,#5042,#5043,#5044,#5045,#5046,#5047,#5048,#5049,
#5050,#5051,#5052,#5053,#5054,#5055,#5056,#5057,#5058,#5059,#5060,#5061,
#5062,#5063,#5064,#5065,#5066,#5067,#5068,#5069,#5070,#5071,#5072,#5073,
#5074,#5075,#5076));
#5220=CLOSED_SHELL('',(#5077,#5078,#5079,#5080,#5081,#5082,#5083,#5084,
#5085,#5086,#5087,#5088,#5089,#5090,#5091,#5092,#5093,#5094,#5095,#5096,
#5097,#5098,#5099,#5100,#5101,#5102,#5103,#5104,#5105,#5106,#5107,#5108,
#5109,#5110,#5111,#5112,#5113,#5114,#5115,#5116,#5117,#5118,#5119,#5120,
#5121,#5122,#5123,#5124,#5125,#5126,#5127,#5128,#5129,#5130,#5131,#5132,
#5133,#5134,#5135,#5136,#5137,#5138,#5139,#5140,#5141,#5142,#5143,#5144,
#5145,#5146,#5147,#5148,#5149,#5150,#5151,#5152,#5153,#5154,#5155,#5156,
#5157,#5158,#5159,#5160,#5161,#5162,#5163,#5164,#5165,#5166,#5167,#5168,
#5169,#5170,#5171,#5172,#5173,#5174,#5175,#5176,#5177,#5178,#5179,#5180,
#5181,#5182,#5183,#5184,#5185,#5186,#5187,#5188,#5189,#5190,#5191,#5192,
#5193,#5194,#5195,#5196,#5197,#5198,#5199,#5200,#5201,#5202,#5203,#5204,
#5205,#5206,#5207,#5208,#5209,#5210,#5211,#5212,#5213,#5214,#5215,#5216,
#5217,#5218));
#5221=DERIVED_UNIT_ELEMENT(#5225,1.);
#5222=DERIVED_UNIT_ELEMENT(#10237,-3.);
#5223=DERIVED_UNIT_ELEMENT(#5225,1.);
#5224=DERIVED_UNIT_ELEMENT(#10237,-3.);
#5225=(
MASS_UNIT()
NAMED_UNIT(*)
SI_UNIT(.KILO.,.GRAM.)
);
#5226=DERIVED_UNIT((#5221,#5222));
#5227=DERIVED_UNIT((#5223,#5224));
#5228=MEASURE_REPRESENTATION_ITEM('density measure',
POSITIVE_RATIO_MEASURE(7850.),#5226);
#5229=MEASURE_REPRESENTATION_ITEM('density measure',
POSITIVE_RATIO_MEASURE(7850.),#5227);
#5230=PROPERTY_DEFINITION_REPRESENTATION(#5240,#5234);
#5231=PROPERTY_DEFINITION_REPRESENTATION(#5241,#5235);
#5232=PROPERTY_DEFINITION_REPRESENTATION(#5242,#5236);
#5233=PROPERTY_DEFINITION_REPRESENTATION(#5243,#5237);
#5234=REPRESENTATION('material name',(#5238),#10233);
#5235=REPRESENTATION('density',(#5228),#10233);
#5236=REPRESENTATION('material name',(#5239),#10234);
#5237=REPRESENTATION('density',(#5229),#10234);
#5238=DESCRIPTIVE_REPRESENTATION_ITEM('Steel','Steel');
#5239=DESCRIPTIVE_REPRESENTATION_ITEM('Steel','Steel');
#5240=PROPERTY_DEFINITION('material property','material name',#10253);
#5241=PROPERTY_DEFINITION('material property','density of part',#10253);
#5242=PROPERTY_DEFINITION('material property','material name',#10254);
#5243=PROPERTY_DEFINITION('material property','density of part',#10254);
#5244=AXIS2_PLACEMENT_3D('',#6556,#5546,#5547);
#5245=AXIS2_PLACEMENT_3D('',#6557,#5548,#5549);
#5246=AXIS2_PLACEMENT_3D('',#6558,#5550,#5551);
#5247=AXIS2_PLACEMENT_3D('',#6778,#5561,#5562);
#5248=AXIS2_PLACEMENT_3D('',#7105,#5584,#5585);
#5249=AXIS2_PLACEMENT_3D('',#7109,#5588,#5589);
#5250=AXIS2_PLACEMENT_3D('',#7164,#5595,#5596);
#5251=AXIS2_PLACEMENT_3D('',#7168,#5599,#5600);
#5252=AXIS2_PLACEMENT_3D('',#7187,#5603,#5604);
#5253=AXIS2_PLACEMENT_3D('',#7490,#5618,#5619);
#5254=AXIS2_PLACEMENT_3D('',#7528,#5624,#5625);
#5255=AXIS2_PLACEMENT_3D('',#7532,#5628,#5629);
#5256=AXIS2_PLACEMENT_3D('',#7672,#5640,#5641);
#5257=AXIS2_PLACEMENT_3D('',#7880,#5656,#5657);
#5258=AXIS2_PLACEMENT_3D('',#7884,#5660,#5661);
#5259=AXIS2_PLACEMENT_3D('',#7937,#5666,#5667);
#5260=AXIS2_PLACEMENT_3D('',#7946,#5672,#5673);
#5261=AXIS2_PLACEMENT_3D('',#7948,#5674,#5675);
#5262=AXIS2_PLACEMENT_3D('',#7950,#5676,#5677);
#5263=AXIS2_PLACEMENT_3D('',#7951,#5678,#5679);
#5264=AXIS2_PLACEMENT_3D('',#7953,#5680,#5681);
#5265=AXIS2_PLACEMENT_3D('',#7955,#5682,#5683);
#5266=AXIS2_PLACEMENT_3D('',#7956,#5684,#5685);
#5267=AXIS2_PLACEMENT_3D('',#7965,#5690,#5691);
#5268=AXIS2_PLACEMENT_3D('',#7968,#5693,#5694);
#5269=AXIS2_PLACEMENT_3D('',#7969,#5695,#5696);
#5270=AXIS2_PLACEMENT_3D('',#7970,#5697,#5698);
#5271=AXIS2_PLACEMENT_3D('',#7974,#5701,#5702);
#5272=AXIS2_PLACEMENT_3D('',#7978,#5704,#5705);
#5273=AXIS2_PLACEMENT_3D('',#7979,#5706,#5707);
#5274=AXIS2_PLACEMENT_3D('',#7980,#5708,#5709);
#5275=AXIS2_PLACEMENT_3D('',#7986,#5713,#5714);
#5276=AXIS2_PLACEMENT_3D('',#7990,#5716,#5717);
#5277=AXIS2_PLACEMENT_3D('',#7991,#5718,#5719);
#5278=AXIS2_PLACEMENT_3D('',#7992,#5720,#5721);
#5279=AXIS2_PLACEMENT_3D('',#7998,#5725,#5726);
#5280=AXIS2_PLACEMENT_3D('',#7999,#5727,#5728);
#5281=AXIS2_PLACEMENT_3D('',#8000,#5729,#5730);
#5282=AXIS2_PLACEMENT_3D('',#8001,#5731,#5732);
#5283=AXIS2_PLACEMENT_3D('',#8005,#5734,#5735);
#5284=AXIS2_PLACEMENT_3D('',#8027,#5738,#5739);
#5285=AXIS2_PLACEMENT_3D('',#8031,#5742,#5743);
#5286=AXIS2_PLACEMENT_3D('',#8034,#5745,#5746);
#5287=AXIS2_PLACEMENT_3D('',#8035,#5747,#5748);
#5288=AXIS2_PLACEMENT_3D('',#8040,#5751,#5752);
#5289=AXIS2_PLACEMENT_3D('',#8049,#5757,#5758);
#5290=AXIS2_PLACEMENT_3D('',#8050,#5759,#5760);
#5291=AXIS2_PLACEMENT_3D('',#8056,#5764,#5765);
#5292=AXIS2_PLACEMENT_3D('',#8059,#5767,#5768);
#5293=AXIS2_PLACEMENT_3D('',#8060,#5769,#5770);
#5294=AXIS2_PLACEMENT_3D('',#8064,#5773,#5774);
#5295=AXIS2_PLACEMENT_3D('',#8067,#5776,#5777);
#5296=AXIS2_PLACEMENT_3D('',#8068,#5778,#5779);
#5297=AXIS2_PLACEMENT_3D('',#8074,#5783,#5784);
#5298=AXIS2_PLACEMENT_3D('',#8077,#5786,#5787);
#5299=AXIS2_PLACEMENT_3D('',#8078,#5788,#5789);
#5300=AXIS2_PLACEMENT_3D('',#8079,#5790,#5791);
#5301=AXIS2_PLACEMENT_3D('',#8083,#5794,#5795);
#5302=AXIS2_PLACEMENT_3D('',#8084,#5796,#5797);
#5303=AXIS2_PLACEMENT_3D('',#8085,#5798,#5799);
#5304=AXIS2_PLACEMENT_3D('',#8086,#5800,#5801);
#5305=AXIS2_PLACEMENT_3D('',#8088,#5803,#5804);
#5306=AXIS2_PLACEMENT_3D('',#8089,#5805,#5806);
#5307=AXIS2_PLACEMENT_3D('',#8090,#5807,#5808);
#5308=AXIS2_PLACEMENT_3D('',#8091,#5809,#5810);
#5309=AXIS2_PLACEMENT_3D('',#8094,#5812,#5813);
#5310=AXIS2_PLACEMENT_3D('',#8095,#5814,#5815);
#5311=AXIS2_PLACEMENT_3D('',#8098,#5817,#5818);
#5312=AXIS2_PLACEMENT_3D('',#8099,#5819,#5820);
#5313=AXIS2_PLACEMENT_3D('',#8105,#5823,#5824);
#5314=AXIS2_PLACEMENT_3D('',#8107,#5826,#5827);
#5315=AXIS2_PLACEMENT_3D('',#8111,#5830,#5831);
#5316=AXIS2_PLACEMENT_3D('',#8116,#5834,#5835);
#5317=AXIS2_PLACEMENT_3D('',#8117,#5836,#5837);
#5318=AXIS2_PLACEMENT_3D('',#8119,#5839,#5840);
#5319=AXIS2_PLACEMENT_3D('',#8121,#5841,#5842);
#5320=AXIS2_PLACEMENT_3D('',#8123,#5843,#5844);
#5321=AXIS2_PLACEMENT_3D('',#8127,#5846,#5847);
#5322=AXIS2_PLACEMENT_3D('',#8129,#5848,#5849);
#5323=AXIS2_PLACEMENT_3D('',#8131,#5850,#5851);
#5324=AXIS2_PLACEMENT_3D('',#8137,#5855,#5856);
#5325=AXIS2_PLACEMENT_3D('',#8139,#5857,#5858);
#5326=AXIS2_PLACEMENT_3D('',#8141,#5860,#5861);
#5327=AXIS2_PLACEMENT_3D('',#8150,#5866,#5867);
#5328=AXIS2_PLACEMENT_3D('',#8156,#5870,#5871);
#5329=AXIS2_PLACEMENT_3D('',#8158,#5873,#5874);
#5330=AXIS2_PLACEMENT_3D('',#8165,#5878,#5879);
#5331=AXIS2_PLACEMENT_3D('',#8166,#5880,#5881);
#5332=AXIS2_PLACEMENT_3D('',#8169,#5884,#5885);
#5333=AXIS2_PLACEMENT_3D('',#8177,#5889,#5890);
#5334=AXIS2_PLACEMENT_3D('',#8179,#5891,#5892);
#5335=AXIS2_PLACEMENT_3D('',#8181,#5893,#5894);
#5336=AXIS2_PLACEMENT_3D('',#8185,#5896,#5897);
#5337=AXIS2_PLACEMENT_3D('',#8187,#5898,#5899);
#5338=AXIS2_PLACEMENT_3D('',#8189,#5900,#5901);
#5339=AXIS2_PLACEMENT_3D('',#8193,#5903,#5904);
#5340=AXIS2_PLACEMENT_3D('',#8195,#5905,#5906);
#5341=AXIS2_PLACEMENT_3D('',#8197,#5907,#5908);
#5342=AXIS2_PLACEMENT_3D('',#8201,#5910,#5911);
#5343=AXIS2_PLACEMENT_3D('',#8202,#5912,#5913);
#5344=AXIS2_PLACEMENT_3D('',#8203,#5914,#5915);
#5345=AXIS2_PLACEMENT_3D('',#8204,#5916,#5917);
#5346=AXIS2_PLACEMENT_3D('',#8208,#5919,#5920);
#5347=AXIS2_PLACEMENT_3D('',#8210,#5922,#5923);
#5348=AXIS2_PLACEMENT_3D('',#8211,#5924,#5925);
#5349=AXIS2_PLACEMENT_3D('',#8212,#5926,#5927);
#5350=AXIS2_PLACEMENT_3D('',#8216,#5929,#5930);
#5351=AXIS2_PLACEMENT_3D('',#8218,#5931,#5932);
#5352=AXIS2_PLACEMENT_3D('',#8299,#5936,#5937);
#5353=AXIS2_PLACEMENT_3D('',#8302,#5939,#5940);
#5354=AXIS2_PLACEMENT_3D('',#8303,#5941,#5942);
#5355=AXIS2_PLACEMENT_3D('',#8305,#5944,#5945);
#5356=AXIS2_PLACEMENT_3D('',#8307,#5946,#5947);
#5357=AXIS2_PLACEMENT_3D('',#8309,#5948,#5949);
#5358=AXIS2_PLACEMENT_3D('',#8313,#5951,#5952);
#5359=AXIS2_PLACEMENT_3D('',#8315,#5953,#5954);
#5360=AXIS2_PLACEMENT_3D('',#8317,#5955,#5956);
#5361=AXIS2_PLACEMENT_3D('',#8321,#5958,#5959);
#5362=AXIS2_PLACEMENT_3D('',#8323,#5960,#5961);
#5363=AXIS2_PLACEMENT_3D('',#8325,#5962,#5963);
#5364=AXIS2_PLACEMENT_3D('',#8329,#5965,#5966);
#5365=AXIS2_PLACEMENT_3D('',#8331,#5967,#5968);
#5366=AXIS2_PLACEMENT_3D('',#8333,#5969,#5970);
#5367=AXIS2_PLACEMENT_3D('',#8337,#5973,#5974);
#5368=AXIS2_PLACEMENT_3D('',#8343,#5977,#5978);
#5369=AXIS2_PLACEMENT_3D('',#8345,#5979,#5980);
#5370=AXIS2_PLACEMENT_3D('',#8347,#5981,#5982);
#5371=AXIS2_PLACEMENT_3D('',#8350,#5984,#5985);
#5372=AXIS2_PLACEMENT_3D('',#8351,#5986,#5987);
#5373=AXIS2_PLACEMENT_3D('',#8354,#5990,#5991);
#5374=AXIS2_PLACEMENT_3D('',#8357,#5994,#5995);
#5375=AXIS2_PLACEMENT_3D('',#8360,#5998,#5999);
#5376=AXIS2_PLACEMENT_3D('',#8363,#6002,#6003);
#5377=AXIS2_PLACEMENT_3D('',#8366,#6006,#6007);
#5378=AXIS2_PLACEMENT_3D('',#8367,#6008,#6009);
#5379=AXIS2_PLACEMENT_3D('',#8368,#6010,#6011);
#5380=AXIS2_PLACEMENT_3D('',#8369,#6012,#6013);
#5381=AXIS2_PLACEMENT_3D('',#8370,#6014,#6015);
#5382=AXIS2_PLACEMENT_3D('',#8371,#6016,#6017);
#5383=AXIS2_PLACEMENT_3D('',#8374,#6020,#6021);
#5384=AXIS2_PLACEMENT_3D('',#8375,#6022,#6023);
#5385=AXIS2_PLACEMENT_3D('',#8378,#6026,#6027);
#5386=AXIS2_PLACEMENT_3D('',#8379,#6028,#6029);
#5387=AXIS2_PLACEMENT_3D('',#8382,#6032,#6033);
#5388=AXIS2_PLACEMENT_3D('',#8383,#6034,#6035);
#5389=AXIS2_PLACEMENT_3D('',#8386,#6038,#6039);
#5390=AXIS2_PLACEMENT_3D('',#8387,#6040,#6041);
#5391=AXIS2_PLACEMENT_3D('',#8389,#6043,#6044);
#5392=AXIS2_PLACEMENT_3D('',#8390,#6045,#6046);
#5393=AXIS2_PLACEMENT_3D('',#8391,#6047,#6048);
#5394=AXIS2_PLACEMENT_3D('',#8392,#6049,#6050);
#5395=AXIS2_PLACEMENT_3D('',#8393,#6051,#6052);
#5396=AXIS2_PLACEMENT_3D('',#8394,#6053,#6054);
#5397=AXIS2_PLACEMENT_3D('',#8395,#6055,#6056);
#5398=AXIS2_PLACEMENT_3D('',#8615,#6066,#6067);
#5399=AXIS2_PLACEMENT_3D('',#8942,#6089,#6090);
#5400=AXIS2_PLACEMENT_3D('',#8946,#6093,#6094);
#5401=AXIS2_PLACEMENT_3D('',#9001,#6100,#6101);
#5402=AXIS2_PLACEMENT_3D('',#9005,#6104,#6105);
#5403=AXIS2_PLACEMENT_3D('',#9024,#6108,#6109);
#5404=AXIS2_PLACEMENT_3D('',#9327,#6123,#6124);
#5405=AXIS2_PLACEMENT_3D('',#9365,#6129,#6130);
#5406=AXIS2_PLACEMENT_3D('',#9369,#6133,#6134);
#5407=AXIS2_PLACEMENT_3D('',#9509,#6145,#6146);
#5408=AXIS2_PLACEMENT_3D('',#9717,#6161,#6162);
#5409=AXIS2_PLACEMENT_3D('',#9721,#6165,#6166);
#5410=AXIS2_PLACEMENT_3D('',#9774,#6171,#6172);
#5411=AXIS2_PLACEMENT_3D('',#9783,#6177,#6178);
#5412=AXIS2_PLACEMENT_3D('',#9788,#6180,#6181);
#5413=AXIS2_PLACEMENT_3D('',#9791,#6183,#6184);
#5414=AXIS2_PLACEMENT_3D('',#9792,#6185,#6186);
#5415=AXIS2_PLACEMENT_3D('',#9798,#6190,#6191);
#5416=AXIS2_PLACEMENT_3D('',#9802,#6193,#6194);
#5417=AXIS2_PLACEMENT_3D('',#9803,#6195,#6196);
#5418=AXIS2_PLACEMENT_3D('',#9804,#6197,#6198);
#5419=AXIS2_PLACEMENT_3D('',#9810,#6202,#6203);
#5420=AXIS2_PLACEMENT_3D('',#9813,#6205,#6206);
#5421=AXIS2_PLACEMENT_3D('',#9814,#6207,#6208);
#5422=AXIS2_PLACEMENT_3D('',#9815,#6209,#6210);
#5423=AXIS2_PLACEMENT_3D('',#9819,#6213,#6214);
#5424=AXIS2_PLACEMENT_3D('',#9823,#6216,#6217);
#5425=AXIS2_PLACEMENT_3D('',#9824,#6218,#6219);
#5426=AXIS2_PLACEMENT_3D('',#9825,#6220,#6221);
#5427=AXIS2_PLACEMENT_3D('',#9828,#6224,#6225);
#5428=AXIS2_PLACEMENT_3D('',#9835,#6229,#6230);
#5429=AXIS2_PLACEMENT_3D('',#9844,#6235,#6236);
#5430=AXIS2_PLACEMENT_3D('',#9847,#6238,#6239);
#5431=AXIS2_PLACEMENT_3D('',#9848,#6240,#6241);
#5432=AXIS2_PLACEMENT_3D('',#9852,#6244,#6245);
#5433=AXIS2_PLACEMENT_3D('',#9875,#6248,#6249);
#5434=AXIS2_PLACEMENT_3D('',#9876,#6250,#6251);
#5435=AXIS2_PLACEMENT_3D('',#9877,#6252,#6253);
#5436=AXIS2_PLACEMENT_3D('',#9879,#6254,#6255);
#5437=AXIS2_PLACEMENT_3D('',#9881,#6257,#6258);
#5438=AXIS2_PLACEMENT_3D('',#9882,#6259,#6260);
#5439=AXIS2_PLACEMENT_3D('',#9883,#6261,#6262);
#5440=AXIS2_PLACEMENT_3D('',#9885,#6264,#6265);
#5441=AXIS2_PLACEMENT_3D('',#9895,#6270,#6271);
#5442=AXIS2_PLACEMENT_3D('',#9896,#6272,#6273);
#5443=AXIS2_PLACEMENT_3D('',#9897,#6274,#6275);
#5444=AXIS2_PLACEMENT_3D('',#9899,#6276,#6277);
#5445=AXIS2_PLACEMENT_3D('',#9900,#6278,#6279);
#5446=AXIS2_PLACEMENT_3D('',#9906,#6283,#6284);
#5447=AXIS2_PLACEMENT_3D('',#9909,#6286,#6287);
#5448=AXIS2_PLACEMENT_3D('',#9910,#6288,#6289);
#5449=AXIS2_PLACEMENT_3D('',#9914,#6292,#6293);
#5450=AXIS2_PLACEMENT_3D('',#9917,#6295,#6296);
#5451=AXIS2_PLACEMENT_3D('',#9918,#6297,#6298);
#5452=AXIS2_PLACEMENT_3D('',#9922,#6301,#6302);
#5453=AXIS2_PLACEMENT_3D('',#9925,#6304,#6305);
#5454=AXIS2_PLACEMENT_3D('',#9926,#6306,#6307);
#5455=AXIS2_PLACEMENT_3D('',#9930,#6310,#6311);
#5456=AXIS2_PLACEMENT_3D('',#9931,#6312,#6313);
#5457=AXIS2_PLACEMENT_3D('',#9932,#6314,#6315);
#5458=AXIS2_PLACEMENT_3D('',#9933,#6316,#6317);
#5459=AXIS2_PLACEMENT_3D('',#9936,#6319,#6320);
#5460=AXIS2_PLACEMENT_3D('',#9937,#6321,#6322);
#5461=AXIS2_PLACEMENT_3D('',#9940,#6324,#6325);
#5462=AXIS2_PLACEMENT_3D('',#9941,#6326,#6327);
#5463=AXIS2_PLACEMENT_3D('',#9945,#6329,#6330);
#5464=AXIS2_PLACEMENT_3D('',#9949,#6333,#6334);
#5465=AXIS2_PLACEMENT_3D('',#9953,#6337,#6338);
#5466=AXIS2_PLACEMENT_3D('',#9957,#6340,#6341);
#5467=AXIS2_PLACEMENT_3D('',#9959,#6343,#6344);
#5468=AXIS2_PLACEMENT_3D('',#9961,#6346,#6347);
#5469=AXIS2_PLACEMENT_3D('',#9969,#6351,#6352);
#5470=AXIS2_PLACEMENT_3D('',#9971,#6353,#6354);
#5471=AXIS2_PLACEMENT_3D('',#9973,#6355,#6356);
#5472=AXIS2_PLACEMENT_3D('',#9977,#6358,#6359);
#5473=AXIS2_PLACEMENT_3D('',#9978,#6360,#6361);
#5474=AXIS2_PLACEMENT_3D('',#9979,#6362,#6363);
#5475=AXIS2_PLACEMENT_3D('',#9982,#6365,#6366);
#5476=AXIS2_PLACEMENT_3D('',#9983,#6367,#6368);
#5477=AXIS2_PLACEMENT_3D('',#9989,#6372,#6373);
#5478=AXIS2_PLACEMENT_3D('',#9993,#6375,#6376);
#5479=AXIS2_PLACEMENT_3D('',#9995,#6378,#6379);
#5480=AXIS2_PLACEMENT_3D('',#9999,#6381,#6382);
#5481=AXIS2_PLACEMENT_3D('',#10001,#6384,#6385);
#5482=AXIS2_PLACEMENT_3D('',#10003,#6387,#6388);
#5483=AXIS2_PLACEMENT_3D('',#10005,#6389,#6390);
#5484=AXIS2_PLACEMENT_3D('',#10007,#6391,#6392);
#5485=AXIS2_PLACEMENT_3D('',#10011,#6394,#6395);
#5486=AXIS2_PLACEMENT_3D('',#10013,#6396,#6397);
#5487=AXIS2_PLACEMENT_3D('',#10015,#6398,#6399);
#5488=AXIS2_PLACEMENT_3D('',#10019,#6401,#6402);
#5489=AXIS2_PLACEMENT_3D('',#10021,#6403,#6404);
#5490=AXIS2_PLACEMENT_3D('',#10023,#6405,#6406);
#5491=AXIS2_PLACEMENT_3D('',#10027,#6408,#6409);
#5492=AXIS2_PLACEMENT_3D('',#10029,#6410,#6411);
#5493=AXIS2_PLACEMENT_3D('',#10031,#6412,#6413);
#5494=AXIS2_PLACEMENT_3D('',#10037,#6417,#6418);
#5495=AXIS2_PLACEMENT_3D('',#10041,#6420,#6421);
#5496=AXIS2_PLACEMENT_3D('',#10043,#6423,#6424);
#5497=AXIS2_PLACEMENT_3D('',#10044,#6425,#6426);
#5498=AXIS2_PLACEMENT_3D('',#10050,#6429,#6430);
#5499=AXIS2_PLACEMENT_3D('',#10051,#6431,#6432);
#5500=AXIS2_PLACEMENT_3D('',#10131,#6435,#6436);
#5501=AXIS2_PLACEMENT_3D('',#10134,#6438,#6439);
#5502=AXIS2_PLACEMENT_3D('',#10135,#6440,#6441);
#5503=AXIS2_PLACEMENT_3D('',#10137,#6443,#6444);
#5504=AXIS2_PLACEMENT_3D('',#10143,#6447,#6448);
#5505=AXIS2_PLACEMENT_3D('',#10145,#6449,#6450);
#5506=AXIS2_PLACEMENT_3D('',#10147,#6451,#6452);
#5507=AXIS2_PLACEMENT_3D('',#10151,#6454,#6455);
#5508=AXIS2_PLACEMENT_3D('',#10153,#6456,#6457);
#5509=AXIS2_PLACEMENT_3D('',#10155,#6458,#6459);
#5510=AXIS2_PLACEMENT_3D('',#10159,#6461,#6462);
#5511=AXIS2_PLACEMENT_3D('',#10161,#6463,#6464);
#5512=AXIS2_PLACEMENT_3D('',#10163,#6465,#6466);
#5513=AXIS2_PLACEMENT_3D('',#10167,#6468,#6469);
#5514=AXIS2_PLACEMENT_3D('',#10168,#6470,#6471);
#5515=AXIS2_PLACEMENT_3D('',#10169,#6472,#6473);
#5516=AXIS2_PLACEMENT_3D('',#10171,#6474,#6475);
#5517=AXIS2_PLACEMENT_3D('',#10175,#6477,#6478);
#5518=AXIS2_PLACEMENT_3D('',#10177,#6479,#6480);
#5519=AXIS2_PLACEMENT_3D('',#10179,#6481,#6482);
#5520=AXIS2_PLACEMENT_3D('',#10183,#6485,#6486);
#5521=AXIS2_PLACEMENT_3D('',#10186,#6489,#6490);
#5522=AXIS2_PLACEMENT_3D('',#10189,#6493,#6494);
#5523=AXIS2_PLACEMENT_3D('',#10192,#6497,#6498);
#5524=AXIS2_PLACEMENT_3D('',#10195,#6501,#6502);
#5525=AXIS2_PLACEMENT_3D('',#10198,#6505,#6506);
#5526=AXIS2_PLACEMENT_3D('',#10199,#6507,#6508);
#5527=AXIS2_PLACEMENT_3D('',#10200,#6509,#6510);
#5528=AXIS2_PLACEMENT_3D('',#10201,#6511,#6512);
#5529=AXIS2_PLACEMENT_3D('',#10202,#6513,#6514);
#5530=AXIS2_PLACEMENT_3D('',#10203,#6515,#6516);
#5531=AXIS2_PLACEMENT_3D('',#10206,#6519,#6520);
#5532=AXIS2_PLACEMENT_3D('',#10207,#6521,#6522);
#5533=AXIS2_PLACEMENT_3D('',#10210,#6525,#6526);
#5534=AXIS2_PLACEMENT_3D('',#10211,#6527,#6528);
#5535=AXIS2_PLACEMENT_3D('',#10214,#6531,#6532);
#5536=AXIS2_PLACEMENT_3D('',#10215,#6533,#6534);
#5537=AXIS2_PLACEMENT_3D('',#10218,#6537,#6538);
#5538=AXIS2_PLACEMENT_3D('',#10219,#6539,#6540);
#5539=AXIS2_PLACEMENT_3D('',#10221,#6542,#6543);
#5540=AXIS2_PLACEMENT_3D('',#10222,#6544,#6545);
#5541=AXIS2_PLACEMENT_3D('',#10223,#6546,#6547);
#5542=AXIS2_PLACEMENT_3D('',#10224,#6548,#6549);
#5543=AXIS2_PLACEMENT_3D('',#10225,#6550,#6551);
#5544=AXIS2_PLACEMENT_3D('',#10226,#6552,#6553);
#5545=AXIS2_PLACEMENT_3D('',#10227,#6554,#6555);
#5546=DIRECTION('axis',(0.,0.,1.));
#5547=DIRECTION('refdir',(1.,0.,0.));
#5548=DIRECTION('axis',(0.,0.,1.));
#5549=DIRECTION('refdir',(1.,0.,0.));
#5550=DIRECTION('center_axis',(-5.84327907697451E-16,-1.,-1.22464679914735E-16));
#5551=DIRECTION('ref_axis',(-1.,5.84327907697451E-16,7.15595301814153E-32));
#5552=DIRECTION('',(0.999818631788983,-4.60946526922801E-16,0.0190447769114364));
#5553=DIRECTION('',(0.998812266212221,-4.52185592016395E-16,-0.0487242943920948));
#5554=DIRECTION('',(0.999783107142488,-4.56047421718779E-16,-0.020826393651131));
#5555=DIRECTION('',(-0.999987249355993,4.58073128888695E-16,0.00504986390266371));
#5556=DIRECTION('',(-1.,4.58697407542499E-16,2.92163953848725E-16));
#5557=DIRECTION('',(-5.84327907697451E-16,-1.,-1.22464679914735E-16));
#5558=DIRECTION('',(-5.84327907697451E-16,-1.,-1.22464679914735E-16));
#5559=DIRECTION('',(-5.84327907697451E-16,-1.,-1.22464679914735E-16));
#5560=DIRECTION('',(-5.84327907697451E-16,-1.,-1.22464679914735E-16));
#5561=DIRECTION('center_axis',(0.0190447769114364,1.11314074069602E-16,
-0.999818631788983));
#5562=DIRECTION('ref_axis',(-0.999818631788983,0.,-0.0190447769114364));
#5563=DIRECTION('',(0.999818631788983,-5.86554241698691E-16,0.0190447769114364));
#5564=DIRECTION('',(-5.84327907697451E-16,-1.,-1.22464679914735E-16));
#5565=DIRECTION('',(-5.84327907697451E-16,-1.,-1.22464679914735E-16));
#5566=DIRECTION('',(-5.84327907697451E-16,-1.,-1.22464679914735E-16));
#5567=DIRECTION('',(-5.84327907697451E-16,-1.,-1.22464679914735E-16));
#5568=DIRECTION('',(-5.84327907697451E-16,-1.,-1.22464679914735E-16));
#5569=DIRECTION('',(-5.84327907697451E-16,-1.,-1.22464679914735E-16));
#5570=DIRECTION('',(-5.84327907697451E-16,-1.,-1.22464679914735E-16));
#5571=DIRECTION('',(-5.84327907697451E-16,-1.,-1.22464679914735E-16));
#5572=DIRECTION('',(-5.84327907697451E-16,-1.,-1.22464679914735E-16));
#5573=DIRECTION('',(-5.84327907697451E-16,-1.,-1.22464679914735E-16));
#5574=DIRECTION('',(-5.84327907697451E-16,-1.,-1.22464679914735E-16));
#5575=DIRECTION('',(-5.84327907697451E-16,-1.,-1.22464679914735E-16));
#5576=DIRECTION('',(-5.84327907697451E-16,-1.,-1.22464679914735E-16));
#5577=DIRECTION('',(-5.84327907697451E-16,-1.,-1.22464679914735E-16));
#5578=DIRECTION('',(-5.84327907697451E-16,-1.,-1.22464679914735E-16));
#5579=DIRECTION('',(-5.84327907697451E-16,-1.,-1.22464679914735E-16));
#5580=DIRECTION('',(-5.84327907697451E-16,-1.,-1.22464679914735E-16));
#5581=DIRECTION('',(-5.84327907697451E-16,-1.,-1.22464679914735E-16));
#5582=DIRECTION('',(-5.84327907697451E-16,-1.,-1.22464679914735E-16));
#5583=DIRECTION('',(-5.84327907697451E-16,-1.,-1.22464679914735E-16));
#5584=DIRECTION('center_axis',(-0.0487242943920948,1.50790189472758E-16,
-0.998812266212221));
#5585=DIRECTION('ref_axis',(-0.998812266212221,0.,0.0487242943920948));
#5586=DIRECTION('',(0.998812266212221,-5.77666876581537E-16,-0.0487242943920948));
#5587=DIRECTION('',(-5.84327907697451E-16,-1.,-1.22464679914735E-16));
#5588=DIRECTION('center_axis',(-0.020826393651131,1.34607561227413E-16,
-0.999783107142488));
#5589=DIRECTION('ref_axis',(-0.999783107142488,0.,0.020826393651131));
#5590=DIRECTION('',(0.999783107142488,-5.81650673515562E-16,-0.020826393651131));
#5591=DIRECTION('',(-5.84327907697451E-16,-1.,-1.22464679914735E-16));
#5592=DIRECTION('',(-5.84327907697451E-16,-1.,-1.22464679914735E-16));
#5593=DIRECTION('',(-5.84327907697451E-16,-1.,-1.22464679914735E-16));
#5594=DIRECTION('',(-5.84327907697451E-16,-1.,-1.22464679914735E-16));
#5595=DIRECTION('center_axis',(0.00504986390266371,-1.25413894819599E-16,
0.999987249355993));
#5596=DIRECTION('ref_axis',(0.999987249355993,0.,-0.00504986390266371));
#5597=DIRECTION('',(-0.999987249355993,5.83702027173863E-16,0.00504986390266371));
#5598=DIRECTION('',(-5.84327907697451E-16,-1.,-1.22464679914735E-16));
#5599=DIRECTION('center_axis',(2.92163953848725E-16,-1.22464679914735E-16,
1.));
#5600=DIRECTION('ref_axis',(1.,0.,-2.92163953848725E-16));
#5601=DIRECTION('',(-1.,5.84327907697451E-16,2.92163953848725E-16));
#5602=DIRECTION('',(-5.84327907697451E-16,-1.,-1.22464679914735E-16));
#5603=DIRECTION('center_axis',(-5.84327907697451E-16,-1.,-1.22464679914735E-16));
#5604=DIRECTION('ref_axis',(-1.,5.84327907697451E-16,7.15595301814153E-32));
#5605=DIRECTION('',(0.996906671234206,-4.47653460499E-16,-0.0785944581299119));
#5606=DIRECTION('',(0.0253724216143216,1.10786990633437E-16,-0.9996780682907));
#5607=DIRECTION('',(0.0407825906378082,1.0365592610026E-16,-0.999168044075104));
#5608=DIRECTION('',(-0.104945098877541,1.69926476818967E-16,-0.994478016962458));
#5609=DIRECTION('',(0.082363806406524,8.4268520824587E-17,-0.996602329615092));
#5610=DIRECTION('',(-0.996729072332918,4.47299988580128E-16,0.0808155700738494));
#5611=DIRECTION('',(-5.84327907697451E-16,-1.,-1.22464679914735E-16));
#5612=DIRECTION('',(-5.84327907697451E-16,-1.,-1.22464679914735E-16));
#5613=DIRECTION('',(-5.84327907697451E-16,-1.,-1.22464679914735E-16));
#5614=DIRECTION('',(-5.84327907697451E-16,-1.,-1.22464679914735E-16));
#5615=DIRECTION('',(-5.84327907697451E-16,-1.,-1.22464679914735E-16));
#5616=DIRECTION('',(-5.84327907697451E-16,-1.,-1.22464679914735E-16));
#5617=DIRECTION('',(-5.84327907697451E-16,-1.,-1.22464679914735E-16));
#5618=DIRECTION('center_axis',(-0.994478016962458,5.68249190960125E-16,
0.104945098877541));
#5619=DIRECTION('ref_axis',(0.104945098877541,0.,0.994478016962458));
#5620=DIRECTION('',(-0.104945098877541,1.83110782079764E-16,-0.994478016962458));
#5621=DIRECTION('',(-5.84327907697451E-16,-1.,-1.22464679914735E-16));
#5622=DIRECTION('',(-5.84327907697451E-16,-1.,-1.22464679914735E-16));
#5623=DIRECTION('',(-5.84327907697451E-16,-1.,-1.22464679914735E-16));
#5624=DIRECTION('center_axis',(-0.996602329615092,5.92429211258526E-16,
-0.082363806406524));
#5625=DIRECTION('ref_axis',(-0.082363806406524,0.,0.996602329615092));
#5626=DIRECTION('',(0.082363806406524,7.39211146310697E-17,-0.996602329615092));
#5627=DIRECTION('',(-5.84327907697451E-16,-1.,-1.22464679914735E-16));
#5628=DIRECTION('center_axis',(0.0808155700738494,-1.69286899775591E-16,
0.996729072332918));
#5629=DIRECTION('ref_axis',(0.996729072332918,0.,-0.0808155700738494));
#5630=DIRECTION('',(-0.996729072332918,5.72519560456294E-16,0.0808155700738494));
#5631=DIRECTION('',(-5.84327907697451E-16,-1.,-1.22464679914735E-16));
#5632=DIRECTION('',(-5.84327907697451E-16,-1.,-1.22464679914735E-16));
#5633=DIRECTION('',(-5.84327907697451E-16,-1.,-1.22464679914735E-16));
#5634=DIRECTION('',(-5.84327907697451E-16,-1.,-1.22464679914735E-16));
#5635=DIRECTION('',(-5.84327907697451E-16,-1.,-1.22464679914735E-16));
#5636=DIRECTION('',(-5.84327907697451E-16,-1.,-1.22464679914735E-16));
#5637=DIRECTION('',(-5.84327907697451E-16,-1.,-1.22464679914735E-16));
#5638=DIRECTION('',(-5.84327907697451E-16,-1.,-1.22464679914735E-16));
#5639=DIRECTION('',(-5.84327907697451E-16,-1.,-1.22464679914735E-16));
#5640=DIRECTION('center_axis',(-0.0785944581299119,1.68010791673228E-16,
-0.996906671234206));
#5641=DIRECTION('ref_axis',(-0.996906671234206,0.,0.0785944581299119));
#5642=DIRECTION('',(0.996906671234206,-5.72895344213962E-16,-0.0785944581299119));
#5643=DIRECTION('',(-5.84327907697451E-16,-1.,-1.22464679914735E-16));
#5644=DIRECTION('',(-5.84327907697451E-16,-1.,-1.22464679914735E-16));
#5645=DIRECTION('',(-5.84327907697451E-16,-1.,-1.22464679914735E-16));
#5646=DIRECTION('',(-5.84327907697451E-16,-1.,-1.22464679914735E-16));
#5647=DIRECTION('',(-5.84327907697451E-16,-1.,-1.22464679914735E-16));
#5648=DIRECTION('',(-5.84327907697451E-16,-1.,-1.22464679914735E-16));
#5649=DIRECTION('',(-5.84327907697451E-16,-1.,-1.22464679914735E-16));
#5650=DIRECTION('',(-5.84327907697451E-16,-1.,-1.22464679914735E-16));
#5651=DIRECTION('',(-5.84327907697451E-16,-1.,-1.22464679914735E-16));
#5652=DIRECTION('',(-5.84327907697451E-16,-1.,-1.22464679914735E-16));
#5653=DIRECTION('',(-5.84327907697451E-16,-1.,-1.22464679914735E-16));
#5654=DIRECTION('',(-5.84327907697451E-16,-1.,-1.22464679914735E-16));
#5655=DIRECTION('',(-5.84327907697451E-16,-1.,-1.22464679914735E-16));
#5656=DIRECTION('center_axis',(-0.9996780682907,5.87247019506993E-16,-0.0253724216143216));
#5657=DIRECTION('ref_axis',(-0.0253724216143216,0.,0.9996780682907));
#5658=DIRECTION('',(0.0253724216143216,1.07599440615887E-16,-0.9996780682907));
#5659=DIRECTION('',(-5.84327907697451E-16,-1.,-1.22464679914735E-16));
#5660=DIRECTION('center_axis',(-0.999168044075104,5.88836199541112E-16,
-0.0407825906378082));
#5661=DIRECTION('ref_axis',(-0.0407825906378082,0.,0.999168044075104));
#5662=DIRECTION('',(0.0407825906378082,9.85323888408177E-17,-0.999168044075104));
#5663=DIRECTION('',(-5.84327907697451E-16,-1.,-1.22464679914735E-16));
#5664=DIRECTION('',(-5.84327907697451E-16,-1.,-1.22464679914735E-16));
#5665=DIRECTION('',(-5.84327907697451E-16,-1.,-1.22464679914735E-16));
#5666=DIRECTION('center_axis',(-5.84327907697451E-16,-1.,-1.22464679914735E-16));
#5667=DIRECTION('ref_axis',(-1.,5.84327907697451E-16,7.15595301814153E-32));
#5668=DIRECTION('',(0.,1.22464679914735E-16,-1.));
#5669=DIRECTION('',(1.,-5.84327907697451E-16,-7.15595301814153E-32));
#5670=DIRECTION('',(0.,-1.22464679914735E-16,1.));
#5671=DIRECTION('',(-1.,5.84327907697451E-16,7.15595301814153E-32));
#5672=DIRECTION('center_axis',(0.,0.,1.));
#5673=DIRECTION('ref_axis',(1.,0.,0.));
#5674=DIRECTION('center_axis',(0.,1.22464679914735E-16,-1.));
#5675=DIRECTION('ref_axis',(1.,0.,0.));
#5676=DIRECTION('center_axis',(0.,-1.,0.));
#5677=DIRECTION('ref_axis',(-1.,0.,0.));
#5678=DIRECTION('center_axis',(0.,0.,1.));
#5679=DIRECTION('ref_axis',(1.,0.,0.));
#5680=DIRECTION('center_axis',(0.,1.22464679914735E-16,-1.));
#5681=DIRECTION('ref_axis',(1.,0.,0.));
#5682=DIRECTION('center_axis',(0.,-1.,0.));
#5683=DIRECTION('ref_axis',(-1.,0.,0.));
#5684=DIRECTION('center_axis',(0.707106781186548,3.22109474426116E-16,-0.707106781186548));
#5685=DIRECTION('ref_axis',(0.707106781186548,-8.65956056235493E-17,0.707106781186548));
#5686=DIRECTION('',(-0.707106781186548,8.65956056235493E-17,-0.707106781186548));
#5687=DIRECTION('',(-3.33066907387547E-16,1.,1.22464679914735E-16));
#5688=DIRECTION('',(0.707106781186547,1.87601996773117E-15,0.707106781186548));
#5689=DIRECTION('',(3.33066907387547E-16,-1.,-1.22464679914735E-16));
#5690=DIRECTION('center_axis',(-1.,0.,0.));
#5691=DIRECTION('ref_axis',(9.42055475210265E-17,-0.707106781186547,-0.707106781186548));
#5692=DIRECTION('',(-0.70710678118661,-0.707106781186485,-8.65956056235416E-17));
#5693=DIRECTION('center_axis',(1.,3.33066907387547E-16,4.07889322034067E-32));
#5694=DIRECTION('ref_axis',(0.,-0.707106781186547,-0.707106781186548));
#5695=DIRECTION('center_axis',(-1.,-3.33066907387547E-16,-4.07889322034067E-32));
#5696=DIRECTION('ref_axis',(2.35513868802566E-16,-0.707106781186547,-0.707106781186548));
#5697=DIRECTION('center_axis',(0.707106781186548,-0.707106781186548,-8.65956056235493E-17));
#5698=DIRECTION('ref_axis',(0.,-1.22464679914735E-16,1.));
#5699=DIRECTION('',(0.,-1.22464679914735E-16,1.));
#5700=DIRECTION('',(-0.707106781186548,-0.707106781186548,-8.65956056235493E-17));
#5701=DIRECTION('center_axis',(-1.,0.,0.));
#5702=DIRECTION('ref_axis',(9.42055475210265E-17,-0.707106781186548,0.707106781186547));
#5703=DIRECTION('',(-0.707106781186609,-8.65956056235418E-17,0.707106781186486));
#5704=DIRECTION('center_axis',(1.,3.33066907387547E-16,4.07889322034067E-32));
#5705=DIRECTION('ref_axis',(0.,-0.707106781186548,0.707106781186547));
#5706=DIRECTION('center_axis',(-1.,-3.33066907387547E-16,-4.07889322034067E-32));
#5707=DIRECTION('ref_axis',(2.35513868802566E-16,-0.707106781186548,0.707106781186547));
#5708=DIRECTION('center_axis',(0.707106781186547,1.48918263179017E-16,0.707106781186548));
#5709=DIRECTION('ref_axis',(-0.707106781186548,-8.65956056235493E-17,0.707106781186547));
#5710=DIRECTION('',(-3.33066907387547E-16,1.,1.22464679914735E-16));
#5711=DIRECTION('',(-0.707106781186549,-8.65956056235492E-17,0.707106781186546));
#5712=DIRECTION('',(3.33066907387547E-16,-1.,-1.22464679914735E-16));
#5713=DIRECTION('center_axis',(-1.,0.,0.));
#5714=DIRECTION('ref_axis',(8.95228156267065E-17,0.707106781186547,0.707106781186548));
#5715=DIRECTION('',(-0.707106781186552,0.707106781186543,8.65956056235487E-17));
#5716=DIRECTION('center_axis',(1.,3.33066907387547E-16,4.07889322034067E-32));
#5717=DIRECTION('ref_axis',(3.92523114670944E-16,0.707106781186547,0.707106781186548));
#5718=DIRECTION('center_axis',(-1.,-3.33066907387547E-16,-4.07889322034067E-32));
#5719=DIRECTION('ref_axis',(-2.35513868802566E-16,0.707106781186547,0.707106781186548));
#5720=DIRECTION('center_axis',(0.707106781186547,0.707106781186548,8.65956056235494E-17));
#5721=DIRECTION('ref_axis',(0.,-1.22464679914735E-16,1.));
#5722=DIRECTION('',(-0.707106781186548,0.707106781186547,8.65956056235492E-17));
#5723=DIRECTION('',(0.,-1.22464679914735E-16,1.));
#5724=DIRECTION('',(0.,1.22464679914735E-16,-1.));
#5725=DIRECTION('center_axis',(-1.,0.,0.));
#5726=DIRECTION('ref_axis',(-9.42055475210266E-17,0.707106781186548,-0.707106781186547));
#5727=DIRECTION('center_axis',(1.,3.33066907387547E-16,4.07889322034067E-32));
#5728=DIRECTION('ref_axis',(0.,0.707106781186548,-0.707106781186547));
#5729=DIRECTION('center_axis',(-1.,-3.33066907387547E-16,-4.07889322034067E-32));
#5730=DIRECTION('ref_axis',(-2.35513868802566E-16,0.707106781186548,-0.707106781186547));
#5731=DIRECTION('center_axis',(1.,-5.25895116927706E-16,-6.44035771632738E-32));
#5732=DIRECTION('ref_axis',(3.92523114670944E-16,0.707106781186547,0.707106781186548));
#5733=DIRECTION('',(-1.,5.25895116927706E-16,6.44035771632738E-32));
#5734=DIRECTION('center_axis',(-1.,-8.32667268468868E-17,-1.01972330508517E-32));
#5735=DIRECTION('ref_axis',(3.92523114670944E-16,0.707106781186547,0.707106781186548));
#5736=DIRECTION('',(1.,-5.25895116927706E-16,-6.44035771632738E-32));
#5737=DIRECTION('',(1.,-5.25895116927706E-16,-6.44035771632738E-32));
#5738=DIRECTION('center_axis',(5.25895116927706E-16,1.,1.22464679914735E-16));
#5739=DIRECTION('ref_axis',(1.,-5.25895116927706E-16,-6.44035771632738E-32));
#5740=DIRECTION('',(1.,-5.25895116927706E-16,-6.44035771632738E-32));
#5741=DIRECTION('',(0.,1.22464679914735E-16,-1.));
#5742=DIRECTION('center_axis',(1.,-5.25895116927706E-16,-6.44035771632738E-32));
#5743=DIRECTION('ref_axis',(0.,0.707106781186548,-0.707106781186547));
#5744=DIRECTION('',(-1.,5.25895116927706E-16,6.44035771632738E-32));
#5745=DIRECTION('center_axis',(-1.,-8.32667268468868E-17,-1.01972330508517E-32));
#5746=DIRECTION('ref_axis',(0.,0.707106781186548,-0.707106781186547));
#5747=DIRECTION('center_axis',(0.,1.22464679914735E-16,-1.));
#5748=DIRECTION('ref_axis',(-1.,0.,0.));
#5749=DIRECTION('',(1.,-5.84327907697451E-16,-7.15595301814153E-32));
#5750=DIRECTION('',(8.32667268468868E-17,-1.,-1.22464679914735E-16));
#5751=DIRECTION('center_axis',(0.,1.22464679914735E-16,-1.));
#5752=DIRECTION('ref_axis',(-1.,0.,0.));
#5753=DIRECTION('',(9.29056924372516E-16,1.,1.22464679914735E-16));
#5754=DIRECTION('',(-1.,3.11666605316831E-17,3.81681510602378E-33));
#5755=DIRECTION('',(2.55490654202442E-15,-1.,-1.22464679914735E-16));
#5756=DIRECTION('',(1.,1.79068229778252E-16,2.19295334426918E-32));
#5757=DIRECTION('center_axis',(1.,3.33066907387547E-16,4.07889322034067E-32));
#5758=DIRECTION('ref_axis',(3.33066907387547E-16,-1.,-1.22464679914735E-16));
#5759=DIRECTION('center_axis',(-0.707106781186548,2.77171384229078E-17,
-0.707106781186548));
#5760=DIRECTION('ref_axis',(0.707106781186548,8.65956056235493E-17,-0.707106781186548));
#5761=DIRECTION('',(0.707106781186548,8.65956056235493E-17,-0.707106781186548));
#5762=DIRECTION('',(-0.707106781186547,-8.65956056235494E-17,0.707106781186548));
#5763=DIRECTION('',(-8.32667268468868E-17,1.,1.22464679914735E-16));
#5764=DIRECTION('center_axis',(1.,0.,0.));
#5765=DIRECTION('ref_axis',(-2.35513868802567E-17,0.707106781186548,-0.707106781186547));
#5766=DIRECTION('',(0.707106781186592,0.707106781186503,8.65956056235439E-17));
#5767=DIRECTION('center_axis',(1.,8.32667268468868E-17,1.01972330508517E-32));
#5768=DIRECTION('ref_axis',(-5.88784672006416E-17,0.707106781186548,-0.707106781186547));
#5769=DIRECTION('center_axis',(-0.707106781186547,0.707106781186548,8.65956056235494E-17));
#5770=DIRECTION('ref_axis',(0.,1.22464679914735E-16,-1.));
#5771=DIRECTION('',(0.,-1.22464679914735E-16,1.));
#5772=DIRECTION('',(0.70710678118655,0.707106781186545,8.65956056235491E-17));
#5773=DIRECTION('center_axis',(1.,0.,0.));
#5774=DIRECTION('ref_axis',(1.74741649732898E-16,0.707106781186547,0.707106781186548));
#5775=DIRECTION('',(0.707106781186587,-1.06790339230085E-15,0.707106781186508));
#5776=DIRECTION('center_axis',(1.,8.32667268468868E-17,1.01972330508517E-32));
#5777=DIRECTION('ref_axis',(-5.88784672006415E-17,0.707106781186547,0.707106781186548));
#5778=DIRECTION('center_axis',(-0.707106781186547,-1.45474072824191E-16,
0.707106781186548));
#5779=DIRECTION('ref_axis',(-0.707106781186548,8.65956056235493E-17,-0.707106781186547));
#5780=DIRECTION('',(8.32667268468868E-17,-1.,-1.22464679914735E-16));
#5781=DIRECTION('',(0.707106781186547,-8.65956056235494E-17,0.707106781186548));
#5782=DIRECTION('',(-8.32667268468868E-17,1.,1.22464679914735E-16));
#5783=DIRECTION('center_axis',(1.,0.,0.));
#5784=DIRECTION('ref_axis',(2.35513868802566E-17,-0.707106781186548,0.707106781186547));
#5785=DIRECTION('',(0.707106781186549,-0.707106781186546,-8.65956056235491E-17));
#5786=DIRECTION('center_axis',(-1.,-8.32667268468868E-17,-1.01972330508517E-32));
#5787=DIRECTION('ref_axis',(0.,-0.707106781186548,0.707106781186547));
#5788=DIRECTION('center_axis',(1.,8.32667268468868E-17,1.01972330508517E-32));
#5789=DIRECTION('ref_axis',(5.88784672006416E-17,-0.707106781186548,0.707106781186547));
#5790=DIRECTION('center_axis',(-0.707106781186548,-0.707106781186547,-8.65956056235492E-17));
#5791=DIRECTION('ref_axis',(0.,1.22464679914735E-16,-1.));
#5792=DIRECTION('',(0.707106781186549,-0.707106781186546,-8.65956056235491E-17));
#5793=DIRECTION('',(0.,1.22464679914735E-16,-1.));
#5794=DIRECTION('center_axis',(1.,0.,0.));
#5795=DIRECTION('ref_axis',(2.35513868802566E-17,-0.707106781186547,-0.707106781186548));
#5796=DIRECTION('center_axis',(-1.,-8.32667268468868E-17,-1.01972330508517E-32));
#5797=DIRECTION('ref_axis',(0.,-0.707106781186547,-0.707106781186548));
#5798=DIRECTION('center_axis',(1.,8.32667268468868E-17,1.01972330508517E-32));
#5799=DIRECTION('ref_axis',(5.88784672006416E-17,-0.707106781186547,-0.707106781186548));
#5800=DIRECTION('center_axis',(-1.,5.84327907697451E-16,7.15595301814153E-32));
#5801=DIRECTION('ref_axis',(0.,-0.707106781186548,0.707106781186547));
#5802=DIRECTION('',(-1.,5.84327907697451E-16,7.15595301814153E-32));
#5803=DIRECTION('center_axis',(-5.84327907697451E-16,-1.,-1.22464679914735E-16));
#5804=DIRECTION('ref_axis',(-1.,5.84327907697451E-16,7.15595301814153E-32));
#5805=DIRECTION('center_axis',(-1.,5.84327907697451E-16,7.15595301814153E-32));
#5806=DIRECTION('ref_axis',(0.,-0.707106781186547,-0.707106781186548));
#5807=DIRECTION('center_axis',(-1.,-8.32667268468868E-17,-1.01972330508517E-32));
#5808=DIRECTION('ref_axis',(-8.32667268468868E-17,1.,1.22464679914735E-16));
#5809=DIRECTION('center_axis',(0.,1.22464679914735E-16,-1.));
#5810=DIRECTION('ref_axis',(-1.,0.,0.));
#5811=DIRECTION('',(-0.707106781186548,1.71193772834421E-32,0.707106781186548));
#5812=DIRECTION('center_axis',(0.,-1.22464679914735E-16,1.));
#5813=DIRECTION('ref_axis',(-1.,0.,0.));
#5814=DIRECTION('center_axis',(0.,1.22464679914735E-16,-1.));
#5815=DIRECTION('ref_axis',(-1.,0.,0.));
#5816=DIRECTION('',(0.,-1.22464679914735E-16,1.));
#5817=DIRECTION('center_axis',(0.,1.22464679914735E-16,-1.));
#5818=DIRECTION('ref_axis',(-1.,0.,0.));
#5819=DIRECTION('center_axis',(0.707106781186548,-5.70346845708575E-16,
-0.707106781186547));
#5820=DIRECTION('ref_axis',(0.707106781186547,-8.65956056235494E-17,0.707106781186548));
#5821=DIRECTION('',(0.577350269189625,-0.577350269189625,0.577350269189627));
#5822=DIRECTION('',(-9.29056924372516E-16,-1.,-1.22464679914735E-16));
#5823=DIRECTION('center_axis',(0.707106781186548,-5.70346845708575E-16,
-0.707106781186547));
#5824=DIRECTION('ref_axis',(0.707106781186547,-4.38602924025784E-13,0.707106781186548));
#5825=DIRECTION('',(-0.467928385363794,-0.749723984104592,-0.467928385363797));
#5826=DIRECTION('center_axis',(1.26620359571273E-16,-0.707106781186548,
-0.707106781186547));
#5827=DIRECTION('ref_axis',(1.,-2.19295334426919E-32,1.79068229778252E-16));
#5828=DIRECTION('',(-0.577350269189625,-0.577350269189626,0.577350269189626));
#5829=DIRECTION('',(-1.,-1.79068229778252E-16,-2.19295334426918E-32));
#5830=DIRECTION('center_axis',(-0.707106781186548,-1.71999613553979E-15,
-0.707106781186547));
#5831=DIRECTION('ref_axis',(0.707106781186547,8.65956056235494E-17,-0.707106781186548));
#5832=DIRECTION('',(-2.55490654202442E-15,1.,1.22464679914735E-16));
#5833=DIRECTION('',(0.467928385363797,-0.749723984104591,-0.467928385363796));
#5834=DIRECTION('center_axis',(-0.707106781186548,-1.71999613553979E-15,
-0.707106781186547));
#5835=DIRECTION('ref_axis',(-0.707106781186547,-4.38558847711767E-13,0.707106781186548));
#5836=DIRECTION('center_axis',(1.65018327921113E-17,0.529470675093214,-0.848328240845686));
#5837=DIRECTION('ref_axis',(1.,-2.38220487494061E-33,1.9452179000502E-17));
#5838=DIRECTION('',(-1.,3.11666605316831E-17,3.81681510602378E-33));
#5839=DIRECTION('center_axis',(-1.,-2.55490654202442E-15,-3.12885811881084E-31));
#5840=DIRECTION('ref_axis',(-2.55490654202442E-15,1.,1.22464679914735E-16));
#5841=DIRECTION('center_axis',(-1.,3.11666605316831E-17,3.81681510602378E-33));
#5842=DIRECTION('ref_axis',(-3.11666605316831E-17,-1.,-6.20247036993228E-13));
#5843=DIRECTION('center_axis',(-1.,3.11666605316831E-17,3.81681510602378E-33));
#5844=DIRECTION('ref_axis',(-1.3657300682602E-17,-0.438202247196758,0.89887640449158));
#5845=DIRECTION('',(0.,-1.22464679914735E-16,1.));
#5846=DIRECTION('center_axis',(-1.,3.11666605316831E-17,3.81681510602378E-33));
#5847=DIRECTION('ref_axis',(-4.06521659093032E-18,-0.130434782603601,-0.991456891391225));
#5848=DIRECTION('center_axis',(-1.,3.11666605316831E-17,3.81681510602378E-33));
#5849=DIRECTION('ref_axis',(-1.3657300682339E-17,-0.438202247188319,-0.898876404495695));
#5850=DIRECTION('center_axis',(-1.,3.11666605316831E-17,3.81681510602378E-33));
#5851=DIRECTION('ref_axis',(-1.3657300682602E-17,-0.438202247196758,0.89887640449158));
#5852=DIRECTION('',(5.11736392803646E-28,-2.001730781849E-13,-1.));
#5853=DIRECTION('',(3.11666605316831E-17,1.,1.22464679914735E-16));
#5854=DIRECTION('',(0.,1.22464679914735E-16,-1.));
#5855=DIRECTION('center_axis',(-1.,3.11666605316831E-17,3.81681510602378E-33));
#5856=DIRECTION('ref_axis',(-3.11666605316831E-17,-1.,-6.20247036993228E-13));
#5857=DIRECTION('center_axis',(-1.,3.11666605316831E-17,3.81681510602378E-33));
#5858=DIRECTION('ref_axis',(-3.11666605316831E-17,-1.,-6.20247036993228E-13));
#5859=DIRECTION('',(-1.,3.11666605316831E-17,3.81681510602378E-33));
#5860=DIRECTION('center_axis',(1.26620359571273E-16,-0.707106781186548,
0.707106781186547));
#5861=DIRECTION('ref_axis',(-1.,-2.19295334426919E-32,1.79068229778252E-16));
#5862=DIRECTION('',(1.,1.79068229778252E-16,2.19295334426918E-32));
#5863=DIRECTION('',(0.577350269189625,0.577350269189626,0.577350269189626));
#5864=DIRECTION('',(-1.,-1.79068229778252E-16,-2.19295334426918E-32));
#5865=DIRECTION('',(0.577350269189625,-0.577350269189625,-0.577350269189627));
#5866=DIRECTION('center_axis',(-0.707106781186548,-1.89318734678689E-15,
0.707106781186547));
#5867=DIRECTION('ref_axis',(-0.707106781186547,8.65956056235494E-17,-0.707106781186548));
#5868=DIRECTION('',(-2.55490654202442E-15,1.,1.22464679914735E-16));
#5869=DIRECTION('',(2.55490654202442E-15,-1.,-1.22464679914735E-16));
#5870=DIRECTION('center_axis',(-0.707106781186548,-1.89318734678689E-15,
0.707106781186547));
#5871=DIRECTION('ref_axis',(-0.707106781186547,1.98732690414303E-15,-0.707106781186548));
#5872=DIRECTION('',(0.559033319173977,-0.612342629666313,0.559033319173975));
#5873=DIRECTION('center_axis',(0.707106781186548,-7.43538056955673E-16,
0.707106781186547));
#5874=DIRECTION('ref_axis',(-0.707106781186547,-8.65956056235494E-17,0.707106781186548));
#5875=DIRECTION('',(9.29056924372516E-16,1.,1.22464679914735E-16));
#5876=DIRECTION('',(-9.29056924372516E-16,-1.,-1.22464679914735E-16));
#5877=DIRECTION('',(-0.559033319173975,-0.612342629666314,0.559033319173976));
#5878=DIRECTION('center_axis',(0.707106781186548,-7.43538056955673E-16,
0.707106781186547));
#5879=DIRECTION('ref_axis',(0.707106781186547,7.05438353978731E-16,-0.707106781186548));
#5880=DIRECTION('center_axis',(2.10134508044905E-17,0.67422850077662,0.738522801774266));
#5881=DIRECTION('ref_axis',(-1.,-3.48453090479196E-33,2.84533541198819E-17));
#5882=DIRECTION('',(1.,-3.11666605316831E-17,-3.81681510602378E-33));
#5883=DIRECTION('',(-1.,3.11666605316831E-17,3.81681510602378E-33));
#5884=DIRECTION('center_axis',(-1.,-2.55490654202442E-15,-3.12885811881084E-31));
#5885=DIRECTION('ref_axis',(-2.55490654202442E-15,1.,1.22464679914735E-16));
#5886=DIRECTION('',(0.,1.22464679914735E-16,-1.));
#5887=DIRECTION('',(-3.11666605316831E-17,-1.,-1.22464679914735E-16));
#5888=DIRECTION('',(5.11736392803646E-28,-2.001730781849E-13,-1.));
#5889=DIRECTION('center_axis',(-1.,3.11666605316831E-17,3.81681510602378E-33));
#5890=DIRECTION('ref_axis',(-4.06521659093032E-18,-0.130434782603601,-0.991456891391225));
#5891=DIRECTION('center_axis',(-1.,3.11666605316831E-17,3.81681510602378E-33));
#5892=DIRECTION('ref_axis',(-1.3657300682339E-17,-0.438202247188319,-0.898876404495695));
#5893=DIRECTION('center_axis',(-1.,3.11666605316831E-17,3.81681510602378E-33));
#5894=DIRECTION('ref_axis',(-1.3657300682602E-17,-0.438202247196758,0.89887640449158));
#5895=DIRECTION('',(0.,-1.22464679914735E-16,1.));
#5896=DIRECTION('center_axis',(-1.,3.11666605316831E-17,3.81681510602378E-33));
#5897=DIRECTION('ref_axis',(-4.06521659093032E-18,-0.130434782603601,-0.991456891391225));
#5898=DIRECTION('center_axis',(-1.,3.11666605316831E-17,3.81681510602378E-33));
#5899=DIRECTION('ref_axis',(-1.3657300682339E-17,-0.438202247188319,-0.898876404495695));
#5900=DIRECTION('center_axis',(-1.,3.11666605316831E-17,3.81681510602378E-33));
#5901=DIRECTION('ref_axis',(-1.3657300682602E-17,-0.438202247196758,0.89887640449158));
#5902=DIRECTION('',(0.,-1.22464679914735E-16,1.));
#5903=DIRECTION('center_axis',(-1.,3.11666605316831E-17,3.81681510602378E-33));
#5904=DIRECTION('ref_axis',(-4.06521659093032E-18,-0.130434782603601,-0.991456891391225));
#5905=DIRECTION('center_axis',(-1.,3.11666605316831E-17,3.81681510602378E-33));
#5906=DIRECTION('ref_axis',(-1.3657300682339E-17,-0.438202247188319,-0.898876404495695));
#5907=DIRECTION('center_axis',(-1.,3.11666605316831E-17,3.81681510602378E-33));
#5908=DIRECTION('ref_axis',(-1.3657300682602E-17,-0.438202247196758,0.89887640449158));
#5909=DIRECTION('',(0.,-1.22464679914735E-16,1.));
#5910=DIRECTION('center_axis',(-1.,3.11666605316831E-17,3.81681510602378E-33));
#5911=DIRECTION('ref_axis',(-4.06521659093032E-18,-0.130434782603601,-0.991456891391225));
#5912=DIRECTION('center_axis',(-1.,3.11666605316831E-17,3.81681510602378E-33));
#5913=DIRECTION('ref_axis',(-1.3657300682339E-17,-0.438202247188319,-0.898876404495695));
#5914=DIRECTION('center_axis',(1.79068229778252E-16,-1.,-1.22464679914735E-16));
#5915=DIRECTION('ref_axis',(-1.,-1.79068229778252E-16,-2.19295334426918E-32));
#5916=DIRECTION('center_axis',(3.11666605316831E-17,1.,1.22464679914735E-16));
#5917=DIRECTION('ref_axis',(0.666666666666667,-1.12057556731822E-16,0.745355992499929));
#5918=DIRECTION('',(0.,1.22464679914735E-16,-1.));
#5919=DIRECTION('center_axis',(3.11666605316831E-17,1.,1.22464679914735E-16));
#5920=DIRECTION('ref_axis',(-0.666666666666666,1.12057556731823E-16,-0.74535599249993));
#5921=DIRECTION('',(0.,1.22464679914735E-16,-1.));
#5922=DIRECTION('center_axis',(0.,1.22464679914735E-16,-1.));
#5923=DIRECTION('ref_axis',(-1.,0.,0.));
#5924=DIRECTION('center_axis',(0.,-1.22464679914735E-16,1.));
#5925=DIRECTION('ref_axis',(-1.,0.,0.));
#5926=DIRECTION('center_axis',(0.,-1.22464679914735E-16,1.));
#5927=DIRECTION('ref_axis',(1.83697019872103E-16,-1.,-1.22464679914735E-16));
#5928=DIRECTION('',(-0.531947566252532,-0.465866704925355,-0.707106781186547));
#5929=DIRECTION('center_axis',(0.,1.22464679914735E-16,-1.));
#5930=DIRECTION('ref_axis',(-1.,0.,0.));
#5931=DIRECTION('center_axis',(0.,1.22464679914735E-16,-1.));
#5932=DIRECTION('ref_axis',(-1.,0.,0.));
#5933=DIRECTION('',(-0.531947566252532,0.465866704925355,0.707106781186547));
#5934=DIRECTION('',(0.496419246751935,0.512161597780004,0.70089830161991));
#5935=DIRECTION('',(0.496419246751934,-0.512161597780006,-0.70089830161991));
#5936=DIRECTION('center_axis',(0.,1.22464679914735E-16,-1.));
#5937=DIRECTION('ref_axis',(-1.,0.,0.));
#5938=DIRECTION('',(0.,1.22464679914735E-16,-1.));
#5939=DIRECTION('center_axis',(0.,1.22464679914735E-16,-1.));
#5940=DIRECTION('ref_axis',(-1.,0.,0.));
#5941=DIRECTION('center_axis',(0.,-1.22464679914735E-16,1.));
#5942=DIRECTION('ref_axis',(-1.,0.,0.));
#5943=DIRECTION('',(0.707106781186547,-1.73191211247099E-16,0.707106781186547));
#5944=DIRECTION('center_axis',(1.,-9.29056924372516E-16,-1.13776658865849E-31));
#5945=DIRECTION('ref_axis',(-9.29056924372516E-16,-1.,-1.22464679914735E-16));
#5946=DIRECTION('center_axis',(-1.,3.11666605316831E-17,3.81681510602378E-33));
#5947=DIRECTION('ref_axis',(-1.3657300682339E-17,-0.438202247188319,-0.898876404495695));
#5948=DIRECTION('center_axis',(-1.,3.11666605316831E-17,3.81681510602378E-33));
#5949=DIRECTION('ref_axis',(-4.06521659093032E-18,-0.130434782603601,-0.991456891391225));
#5950=DIRECTION('',(0.,1.22464679914735E-16,-1.));
#5951=DIRECTION('center_axis',(-1.,3.11666605316831E-17,3.81681510602378E-33));
#5952=DIRECTION('ref_axis',(-1.3657300682602E-17,-0.438202247196758,0.89887640449158));
#5953=DIRECTION('center_axis',(-1.,3.11666605316831E-17,3.81681510602378E-33));
#5954=DIRECTION('ref_axis',(-1.3657300682339E-17,-0.438202247188319,-0.898876404495695));
#5955=DIRECTION('center_axis',(-1.,3.11666605316831E-17,3.81681510602378E-33));
#5956=DIRECTION('ref_axis',(-4.06521659093032E-18,-0.130434782603601,-0.991456891391225));
#5957=DIRECTION('',(0.,1.22464679914735E-16,-1.));
#5958=DIRECTION('center_axis',(-1.,3.11666605316831E-17,3.81681510602378E-33));
#5959=DIRECTION('ref_axis',(-1.3657300682602E-17,-0.438202247196758,0.89887640449158));
#5960=DIRECTION('center_axis',(-1.,3.11666605316831E-17,3.81681510602378E-33));
#5961=DIRECTION('ref_axis',(-1.3657300682339E-17,-0.438202247188319,-0.898876404495695));
#5962=DIRECTION('center_axis',(-1.,3.11666605316831E-17,3.81681510602378E-33));
#5963=DIRECTION('ref_axis',(-4.06521659093032E-18,-0.130434782603601,-0.991456891391225));
#5964=DIRECTION('',(0.,1.22464679914735E-16,-1.));
#5965=DIRECTION('center_axis',(-1.,3.11666605316831E-17,3.81681510602378E-33));
#5966=DIRECTION('ref_axis',(-1.3657300682602E-17,-0.438202247196758,0.89887640449158));
#5967=DIRECTION('center_axis',(-1.,3.11666605316831E-17,3.81681510602378E-33));
#5968=DIRECTION('ref_axis',(-1.3657300682339E-17,-0.438202247188319,-0.898876404495695));
#5969=DIRECTION('center_axis',(-1.,3.11666605316831E-17,3.81681510602378E-33));
#5970=DIRECTION('ref_axis',(-4.06521659093032E-18,-0.130434782603601,-0.991456891391225));
#5971=DIRECTION('',(1.86085961019508E-28,2.001730781849E-13,1.));
#5972=DIRECTION('',(3.11666605316831E-17,1.,1.22464679914735E-16));
#5973=DIRECTION('center_axis',(1.,-9.29056924372516E-16,-1.13776658865849E-31));
#5974=DIRECTION('ref_axis',(-9.29056924372516E-16,-1.,-1.22464679914735E-16));
#5975=DIRECTION('',(-3.11666605316831E-17,-1.,-1.22464679914735E-16));
#5976=DIRECTION('',(1.86085961019508E-28,2.001730781849E-13,1.));
#5977=DIRECTION('center_axis',(-1.,3.11666605316831E-17,3.81681510602378E-33));
#5978=DIRECTION('ref_axis',(-1.3657300682602E-17,-0.438202247196758,0.89887640449158));
#5979=DIRECTION('center_axis',(-1.,3.11666605316831E-17,3.81681510602378E-33));
#5980=DIRECTION('ref_axis',(-1.3657300682339E-17,-0.438202247188319,-0.898876404495695));
#5981=DIRECTION('center_axis',(-1.,3.11666605316831E-17,3.81681510602378E-33));
#5982=DIRECTION('ref_axis',(-4.06521659093032E-18,-0.130434782603601,-0.991456891391225));
#5983=DIRECTION('',(0.,1.22464679914735E-16,-1.));
#5984=DIRECTION('center_axis',(-1.,3.11666605316831E-17,3.81681510602378E-33));
#5985=DIRECTION('ref_axis',(-1.3657300682602E-17,-0.438202247196758,0.89887640449158));
#5986=DIRECTION('center_axis',(-1.,3.11666605316831E-17,3.81681510602378E-33));
#5987=DIRECTION('ref_axis',(-4.06521659093032E-18,-0.130434782603601,-0.991456891391225));
#5988=DIRECTION('',(1.,-3.11666605316831E-17,-3.81681510602378E-33));
#5989=DIRECTION('',(-1.,3.11666605316831E-17,3.81681510602378E-33));
#5990=DIRECTION('center_axis',(-1.,3.11666605316831E-17,3.81681510602378E-33));
#5991=DIRECTION('ref_axis',(-4.06521659093032E-18,-0.130434782603601,-0.991456891391225));
#5992=DIRECTION('',(1.,-3.11666605316831E-17,-3.81681510602378E-33));
#5993=DIRECTION('',(-1.,3.11666605316831E-17,3.81681510602378E-33));
#5994=DIRECTION('center_axis',(-1.,3.11666605316831E-17,3.81681510602378E-33));
#5995=DIRECTION('ref_axis',(-4.06521659093032E-18,-0.130434782603601,-0.991456891391225));
#5996=DIRECTION('',(1.,-3.11666605316831E-17,-3.81681510602378E-33));
#5997=DIRECTION('',(-1.,3.11666605316831E-17,3.81681510602378E-33));
#5998=DIRECTION('center_axis',(-1.,3.11666605316831E-17,3.81681510602378E-33));
#5999=DIRECTION('ref_axis',(-4.06521659093032E-18,-0.130434782603601,-0.991456891391225));
#6000=DIRECTION('',(1.,-3.11666605316831E-17,-3.81681510602378E-33));
#6001=DIRECTION('',(-1.,3.11666605316831E-17,3.81681510602378E-33));
#6002=DIRECTION('center_axis',(-1.,3.11666605316831E-17,3.81681510602378E-33));
#6003=DIRECTION('ref_axis',(-4.06521659093032E-18,-0.130434782603601,-0.991456891391225));
#6004=DIRECTION('',(1.,-3.11666605316831E-17,-3.81681510602378E-33));
#6005=DIRECTION('',(-1.,3.11666605316831E-17,3.81681510602378E-33));
#6006=DIRECTION('center_axis',(-3.11666605316831E-17,-1.,-1.22464679914735E-16));
#6007=DIRECTION('ref_axis',(0.666666666666667,-1.12057556731822E-16,0.745355992499929));
#6008=DIRECTION('center_axis',(-3.11666605316831E-17,-1.,-1.22464679914735E-16));
#6009=DIRECTION('ref_axis',(0.666666666666667,-1.12057556731822E-16,0.745355992499929));
#6010=DIRECTION('center_axis',(-3.11666605316831E-17,-1.,-1.22464679914735E-16));
#6011=DIRECTION('ref_axis',(-0.666666666666666,1.12057556731823E-16,-0.74535599249993));
#6012=DIRECTION('center_axis',(-3.11666605316831E-17,-1.,-1.22464679914735E-16));
#6013=DIRECTION('ref_axis',(-0.666666666666666,1.12057556731823E-16,-0.74535599249993));
#6014=DIRECTION('center_axis',(-1.,3.11666605316831E-17,3.81681510602378E-33));
#6015=DIRECTION('ref_axis',(-1.3657300682339E-17,-0.438202247188319,-0.898876404495695));
#6016=DIRECTION('center_axis',(-1.,3.11666605316831E-17,3.81681510602378E-33));
#6017=DIRECTION('ref_axis',(-1.3657300682602E-17,-0.438202247196758,0.89887640449158));
#6018=DIRECTION('',(-1.,3.11666605316831E-17,3.81681510602378E-33));
#6019=DIRECTION('',(-1.,3.11666605316831E-17,3.81681510602378E-33));
#6020=DIRECTION('center_axis',(-1.,3.11666605316831E-17,3.81681510602378E-33));
#6021=DIRECTION('ref_axis',(-1.3657300682339E-17,-0.438202247188319,-0.898876404495695));
#6022=DIRECTION('center_axis',(-1.,3.11666605316831E-17,3.81681510602378E-33));
#6023=DIRECTION('ref_axis',(-1.3657300682602E-17,-0.438202247196758,0.89887640449158));
#6024=DIRECTION('',(-1.,3.11666605316831E-17,3.81681510602378E-33));
#6025=DIRECTION('',(-1.,3.11666605316831E-17,3.81681510602378E-33));
#6026=DIRECTION('center_axis',(-1.,3.11666605316831E-17,3.81681510602378E-33));
#6027=DIRECTION('ref_axis',(-1.3657300682339E-17,-0.438202247188319,-0.898876404495695));
#6028=DIRECTION('center_axis',(-1.,3.11666605316831E-17,3.81681510602378E-33));
#6029=DIRECTION('ref_axis',(-1.3657300682602E-17,-0.438202247196758,0.89887640449158));
#6030=DIRECTION('',(-1.,3.11666605316831E-17,3.81681510602378E-33));
#6031=DIRECTION('',(-1.,3.11666605316831E-17,3.81681510602378E-33));
#6032=DIRECTION('center_axis',(-1.,3.11666605316831E-17,3.81681510602378E-33));
#6033=DIRECTION('ref_axis',(-1.3657300682339E-17,-0.438202247188319,-0.898876404495695));
#6034=DIRECTION('center_axis',(-1.,3.11666605316831E-17,3.81681510602378E-33));
#6035=DIRECTION('ref_axis',(-1.3657300682602E-17,-0.438202247196758,0.89887640449158));
#6036=DIRECTION('',(-1.,3.11666605316831E-17,3.81681510602378E-33));
#6037=DIRECTION('',(-1.,3.11666605316831E-17,3.81681510602378E-33));
#6038=DIRECTION('center_axis',(-1.,3.11666605316831E-17,3.81681510602378E-33));
#6039=DIRECTION('ref_axis',(-1.3657300682339E-17,-0.438202247188319,-0.898876404495695));
#6040=DIRECTION('center_axis',(-1.,3.11666605316831E-17,3.81681510602378E-33));
#6041=DIRECTION('ref_axis',(-1.3657300682602E-17,-0.438202247196758,0.89887640449158));
#6042=DIRECTION('',(-1.,3.11666605316831E-17,3.81681510602378E-33));
#6043=DIRECTION('center_axis',(0.,1.,1.22464679914735E-16));
#6044=DIRECTION('ref_axis',(1.,0.,0.));
#6045=DIRECTION('center_axis',(0.,1.,1.22464679914735E-16));
#6046=DIRECTION('ref_axis',(1.,0.,0.));
#6047=DIRECTION('center_axis',(0.,1.,1.22464679914735E-16));
#6048=DIRECTION('ref_axis',(1.,0.,0.));
#6049=DIRECTION('center_axis',(0.,1.,1.22464679914735E-16));
#6050=DIRECTION('ref_axis',(1.,0.,0.));
#6051=DIRECTION('center_axis',(0.,1.,1.22464679914735E-16));
#6052=DIRECTION('ref_axis',(1.,0.,0.));
#6053=DIRECTION('axis',(0.,0.,1.));
#6054=DIRECTION('refdir',(1.,0.,0.));
#6055=DIRECTION('center_axis',(-7.50861361391224E-16,1.,1.22464679914735E-16));
#6056=DIRECTION('ref_axis',(1.,7.50861361391224E-16,9.19539962831187E-32));
#6057=DIRECTION('',(0.999818632296074,-1.04516845338171E-15,0.0190447502899983));
#6058=DIRECTION('',(0.998812266212221,-1.03581947371473E-15,-0.0487242943920943));
#6059=DIRECTION('',(0.999783107142488,-1.04024859286661E-15,-0.0208263936511304));
#6060=DIRECTION('',(-0.999987249355993,1.04239358602901E-15,0.00504986390266313));
#6061=DIRECTION('',(-1.,1.04302531523995E-15,-2.92163953848728E-16));
#6062=DIRECTION('',(7.50861361391224E-16,-1.,-1.22464679914735E-16));
#6063=DIRECTION('',(7.50861361391224E-16,-1.,-1.22464679914735E-16));
#6064=DIRECTION('',(7.50861361391224E-16,-1.,-1.22464679914735E-16));
#6065=DIRECTION('',(7.50861361391224E-16,-1.,-1.22464679914735E-16));
#6066=DIRECTION('center_axis',(0.0190447502899983,1.36742435907031E-16,
-0.999818632296074));
#6067=DIRECTION('ref_axis',(-0.999818632296074,0.,-0.0190447502899983));
#6068=DIRECTION('',(0.999818632296074,7.48392870141821E-16,0.0190447502899983));
#6069=DIRECTION('',(7.50861361391224E-16,-1.,-1.22464679914735E-16));
#6070=DIRECTION('',(7.50861361391224E-16,-1.,-1.22464679914735E-16));
#6071=DIRECTION('',(7.50861361391224E-16,-1.,-1.22464679914735E-16));
#6072=DIRECTION('',(7.50861361391224E-16,-1.,-1.22464679914735E-16));
#6073=DIRECTION('',(7.50861361391224E-16,-1.,-1.22464679914735E-16));
#6074=DIRECTION('',(7.50861361391224E-16,-1.,-1.22464679914735E-16));
#6075=DIRECTION('',(7.50861361391224E-16,-1.,-1.22464679914735E-16));
#6076=DIRECTION('',(7.50861361391224E-16,-1.,-1.22464679914735E-16));
#6077=DIRECTION('',(7.50861361391224E-16,-1.,-1.22464679914735E-16));
#6078=DIRECTION('',(7.50861361391224E-16,-1.,-1.22464679914735E-16));
#6079=DIRECTION('',(7.50861361391224E-16,-1.,-1.22464679914735E-16));
#6080=DIRECTION('',(7.50861361391224E-16,-1.,-1.22464679914735E-16));
#6081=DIRECTION('',(7.50861361391224E-16,-1.,-1.22464679914735E-16));
#6082=DIRECTION('',(7.50861361391224E-16,-1.,-1.22464679914735E-16));
#6083=DIRECTION('',(7.50861361391224E-16,-1.,-1.22464679914735E-16));
#6084=DIRECTION('',(7.50861361391224E-16,-1.,-1.22464679914735E-16));
#6085=DIRECTION('',(7.50861361391224E-16,-1.,-1.22464679914735E-16));
#6086=DIRECTION('',(7.50861361391224E-16,-1.,-1.22464679914735E-16));
#6087=DIRECTION('',(7.50861361391224E-16,-1.,-1.22464679914735E-16));
#6088=DIRECTION('',(7.50861361391224E-16,-1.,-1.22464679914735E-16));
#6089=DIRECTION('center_axis',(-0.0487242943920943,8.57340344565164E-17,
-0.998812266212221));
#6090=DIRECTION('ref_axis',(-0.998812266212221,0.,0.0487242943920943));
#6091=DIRECTION('',(0.998812266212221,7.55936543099161E-16,-0.0487242943920943));
#6092=DIRECTION('',(7.50861361391224E-16,-1.,-1.22464679914735E-16));
#6093=DIRECTION('center_axis',(-0.0208263936511304,1.06800383910607E-16,
-0.999783107142488));
#6094=DIRECTION('ref_axis',(-0.999783107142488,0.,0.0208263936511304));
#6095=DIRECTION('',(0.999783107142488,7.53249002557221E-16,-0.0208263936511304));
#6096=DIRECTION('',(7.50861361391224E-16,-1.,-1.22464679914735E-16));
#6097=DIRECTION('',(7.50861361391224E-16,-1.,-1.22464679914735E-16));
#6098=DIRECTION('',(7.50861361391224E-16,-1.,-1.22464679914735E-16));
#6099=DIRECTION('',(7.50861361391224E-16,-1.,-1.22464679914735E-16));
#6100=DIRECTION('center_axis',(0.00504986390266313,-1.18671370726404E-16,
0.999987249355993));
#6101=DIRECTION('ref_axis',(0.999987249355993,0.,-0.00504986390266313));
#6102=DIRECTION('',(-0.999987249355993,-7.51470217391759E-16,0.00504986390266313));
#6103=DIRECTION('',(7.50861361391224E-16,-1.,-1.22464679914735E-16));
#6104=DIRECTION('center_axis',(-2.92163953848728E-16,-1.22464679914736E-16,
1.));
#6105=DIRECTION('ref_axis',(1.,0.,2.92163953848728E-16));
#6106=DIRECTION('',(-1.,-7.50861361391224E-16,-2.92163953848728E-16));
#6107=DIRECTION('',(7.50861361391224E-16,-1.,-1.22464679914735E-16));
#6108=DIRECTION('center_axis',(-7.50861361391224E-16,1.,1.22464679914735E-16));
#6109=DIRECTION('ref_axis',(1.,7.50861361391224E-16,9.19539962831187E-32));
#6110=DIRECTION('',(0.996906671234206,-1.03017384987091E-15,-0.0785944581299113));
#6111=DIRECTION('',(0.0253722354667756,9.59613713335121E-17,-0.999678073015217));
#6112=DIRECTION('',(0.0407825906378087,7.98255202423875E-17,-0.999168044075104));
#6113=DIRECTION('',(-0.10494509887754,2.31248826869182E-16,-0.994478016962458));
#6114=DIRECTION('',(0.0823641066846282,3.61407339202669E-17,-0.996602304798681));
#6115=DIRECTION('',(-0.996729073947458,1.02971660608026E-15,0.0808155501611134));
#6116=DIRECTION('',(7.50861361391224E-16,-1.,-1.22464679914735E-16));
#6117=DIRECTION('',(7.50861361391224E-16,-1.,-1.22464679914735E-16));
#6118=DIRECTION('',(7.50861361391224E-16,-1.,-1.22464679914735E-16));
#6119=DIRECTION('',(7.50861361391224E-16,-1.,-1.22464679914735E-16));
#6120=DIRECTION('',(7.50861361391224E-16,-1.,-1.22464679914735E-16));
#6121=DIRECTION('',(7.50861361391224E-16,-1.,-1.22464679914735E-16));
#6122=DIRECTION('',(7.50861361391224E-16,-1.,-1.22464679914735E-16));
#6123=DIRECTION('center_axis',(-0.994478016962458,-7.59567185632735E-16,
0.10494509887754));
#6124=DIRECTION('ref_axis',(0.10494509887754,0.,0.994478016962458));
#6125=DIRECTION('',(-0.10494509887754,4.29892122150218E-17,-0.994478016962458));
#6126=DIRECTION('',(7.50861361391224E-16,-1.,-1.22464679914735E-16));
#6127=DIRECTION('',(7.50861361391224E-16,-1.,-1.22464679914735E-16));
#6128=DIRECTION('',(7.50861361391224E-16,-1.,-1.22464679914735E-16));
#6129=DIRECTION('center_axis',(-0.996602304798681,-7.38223469385173E-16,
-0.0823641066846282));
#6130=DIRECTION('ref_axis',(-0.0823641066846282,0.,0.996602304798681));
#6131=DIRECTION('',(0.0823641066846282,1.8389260753445E-16,-0.996602304798681));
#6132=DIRECTION('',(7.50861361391224E-16,-1.,-1.22464679914735E-16));
#6133=DIRECTION('center_axis',(0.0808155501611134,-6.13828329871316E-17,
0.996729073947458));
#6134=DIRECTION('ref_axis',(0.996729073947458,0.,-0.0808155501611134));
#6135=DIRECTION('',(-0.996729073947458,-7.58302399885016E-16,0.0808155501611134));
#6136=DIRECTION('',(7.50861361391224E-16,-1.,-1.22464679914735E-16));
#6137=DIRECTION('',(7.50861361391224E-16,-1.,-1.22464679914735E-16));
#6138=DIRECTION('',(7.50861361391224E-16,-1.,-1.22464679914735E-16));
#6139=DIRECTION('',(7.50861361391224E-16,-1.,-1.22464679914735E-16));
#6140=DIRECTION('',(7.50861361391224E-16,-1.,-1.22464679914735E-16));
#6141=DIRECTION('',(7.50861361391224E-16,-1.,-1.22464679914735E-16));
#6142=DIRECTION('',(7.50861361391224E-16,-1.,-1.22464679914735E-16));
#6143=DIRECTION('',(7.50861361391224E-16,-1.,-1.22464679914735E-16));
#6144=DIRECTION('',(7.50861361391224E-16,-1.,-1.22464679914735E-16));
#6145=DIRECTION('center_axis',(-0.0785944581299113,6.30723145683306E-17,
-0.996906671234206));
#6146=DIRECTION('ref_axis',(-0.996906671234206,0.,0.0785944581299113));
#6147=DIRECTION('',(0.996906671234206,7.58163745500861E-16,-0.0785944581299113));
#6148=DIRECTION('',(7.50861361391224E-16,-1.,-1.22464679914735E-16));
#6149=DIRECTION('',(7.50861361391224E-16,-1.,-1.22464679914735E-16));
#6150=DIRECTION('',(7.50861361391224E-16,-1.,-1.22464679914735E-16));
#6151=DIRECTION('',(7.50861361391224E-16,-1.,-1.22464679914735E-16));
#6152=DIRECTION('',(7.50861361391224E-16,-1.,-1.22464679914735E-16));
#6153=DIRECTION('',(7.50861361391224E-16,-1.,-1.22464679914735E-16));
#6154=DIRECTION('',(7.50861361391224E-16,-1.,-1.22464679914735E-16));
#6155=DIRECTION('',(7.50861361391224E-16,-1.,-1.22464679914735E-16));
#6156=DIRECTION('',(7.50861361391224E-16,-1.,-1.22464679914735E-16));
#6157=DIRECTION('',(7.50861361391224E-16,-1.,-1.22464679914735E-16));
#6158=DIRECTION('',(7.50861361391224E-16,-1.,-1.22464679914735E-16));
#6159=DIRECTION('',(7.50861361391224E-16,-1.,-1.22464679914735E-16));
#6160=DIRECTION('',(7.50861361391224E-16,-1.,-1.22464679914735E-16));
#6161=DIRECTION('center_axis',(-0.999678073015217,-7.47512436162002E-16,
-0.0253722354667757));
#6162=DIRECTION('ref_axis',(-0.0253722354667757,0.,0.999678073015217));
#6163=DIRECTION('',(0.0253722354667757,1.4147628649371E-16,-0.999678073015217));
#6164=DIRECTION('',(7.50861361391224E-16,-1.,-1.22464679914735E-16));
#6165=DIRECTION('center_axis',(-0.999168044075104,-7.45242250924286E-16,
-0.0407825906378087));
#6166=DIRECTION('ref_axis',(-0.0407825906378087,0.,0.999168044075104));
#6167=DIRECTION('',(0.0407825906378087,1.52984866226056E-16,-0.999168044075104));
#6168=DIRECTION('',(7.50861361391224E-16,-1.,-1.22464679914735E-16));
#6169=DIRECTION('',(7.50861361391224E-16,-1.,-1.22464679914735E-16));
#6170=DIRECTION('',(7.50861361391224E-16,-1.,-1.22464679914735E-16));
#6171=DIRECTION('center_axis',(-7.50861361391224E-16,1.,1.22464679914735E-16));
#6172=DIRECTION('ref_axis',(1.,7.50861361391224E-16,9.19539962831187E-32));
#6173=DIRECTION('',(-2.73691106313441E-48,-1.22464679914735E-16,1.));
#6174=DIRECTION('',(1.,7.50861361391224E-16,9.19539962831187E-32));
#6175=DIRECTION('',(0.,-1.22464679914735E-16,1.));
#6176=DIRECTION('',(-1.,-7.50861361391224E-16,-9.19539962831187E-32));
#6177=DIRECTION('center_axis',(1.,0.,0.));
#6178=DIRECTION('ref_axis',(-2.0727975002799E-16,0.707106781186547,0.707106781186548));
#6179=DIRECTION('',(-0.707106781186551,-0.707106781186544,1.96261557335473E-15));
#6180=DIRECTION('center_axis',(1.,-1.66533453693773E-16,-2.03944661017034E-32));
#6181=DIRECTION('ref_axis',(1.17756934401283E-16,0.707106781186547,0.707106781186548));
#6182=DIRECTION('',(0.707106781186551,0.,0.707106781186544));
#6183=DIRECTION('center_axis',(-1.,1.66533453693773E-16,2.03944661017034E-32));
#6184=DIRECTION('ref_axis',(-5.10280049072227E-16,0.707106781186547,0.707106781186548));
#6185=DIRECTION('center_axis',(-0.707106781186549,0.707106781186546,8.65956056235491E-17));
#6186=DIRECTION('ref_axis',(1.22464679914735E-16,0.,1.));
#6187=DIRECTION('',(-0.707106781186544,-0.70710678118655,0.));
#6188=DIRECTION('',(-2.73691106313441E-48,-1.22464679914735E-16,1.));
#6189=DIRECTION('',(2.73691106313441E-48,1.22464679914735E-16,-1.));
#6190=DIRECTION('center_axis',(1.,0.,0.));
#6191=DIRECTION('ref_axis',(-2.35513868802566E-17,0.707106781186548,-0.707106781186548));
#6192=DIRECTION('',(-0.70710678118655,0.,0.707106781186545));
#6193=DIRECTION('center_axis',(1.,-1.66533453693773E-16,-2.03944661017034E-32));
#6194=DIRECTION('ref_axis',(1.17756934401283E-16,0.707106781186548,-0.707106781186547));
#6195=DIRECTION('center_axis',(-1.,1.66533453693773E-16,2.03944661017034E-32));
#6196=DIRECTION('ref_axis',(-1.17756934401283E-16,0.707106781186548,-0.707106781186547));
#6197=DIRECTION('center_axis',(-0.707106781186546,2.04352540024832E-16,
-0.70710678118655));
#6198=DIRECTION('ref_axis',(-0.707106781186549,0.,0.707106781186545));
#6199=DIRECTION('',(-0.70710678118655,0.,0.707106781186545));
#6200=DIRECTION('',(1.66533453693773E-16,1.,1.22464679914735E-16));
#6201=DIRECTION('',(-1.66533453693773E-16,-1.,-1.22464679914735E-16));
#6202=DIRECTION('center_axis',(1.,0.,0.));
#6203=DIRECTION('ref_axis',(2.35513868802567E-17,-0.707106781186547,-0.707106781186548));
#6204=DIRECTION('',(-0.707106781186614,0.707106781186481,0.));
#6205=DIRECTION('center_axis',(1.,-1.66533453693773E-16,-2.03944661017034E-32));
#6206=DIRECTION('ref_axis',(-1.17756934401283E-16,-0.707106781186547,-0.707106781186548));
#6207=DIRECTION('center_axis',(-1.,1.66533453693773E-16,2.03944661017034E-32));
#6208=DIRECTION('ref_axis',(1.17756934401283E-16,-0.707106781186547,-0.707106781186548));
#6209=DIRECTION('center_axis',(-0.707106781186555,-0.70710678118654,-8.65956056235484E-17));
#6210=DIRECTION('ref_axis',(-1.22464679914733E-16,0.,1.));
#6211=DIRECTION('',(-0.707106781186548,0.707106781186548,0.));
#6212=DIRECTION('',(2.73691106313441E-48,1.22464679914735E-16,-1.));
#6213=DIRECTION('center_axis',(1.,0.,0.));
#6214=DIRECTION('ref_axis',(2.35513868802566E-17,-0.707106781186548,0.707106781186547));
#6215=DIRECTION('',(-0.707106781186607,0.,-0.707106781186488));
#6216=DIRECTION('center_axis',(1.,-1.66533453693773E-16,-2.03944661017034E-32));
#6217=DIRECTION('ref_axis',(-1.17756934401283E-16,-0.707106781186548,0.707106781186547));
#6218=DIRECTION('center_axis',(-1.,1.66533453693773E-16,2.03944661017034E-32));
#6219=DIRECTION('ref_axis',(1.17756934401283E-16,-0.707106781186548,0.707106781186547));
#6220=DIRECTION('center_axis',(-0.707106781186547,3.11613287777337E-17,
0.707106781186548));
#6221=DIRECTION('ref_axis',(0.707106781186548,0.,0.707106781186547));
#6222=DIRECTION('',(-1.66533453693773E-16,-1.,-1.22464679914735E-16));
#6223=DIRECTION('',(1.66533453693773E-16,1.,1.22464679914735E-16));
#6224=DIRECTION('center_axis',(0.,-1.22464679914735E-16,1.));
#6225=DIRECTION('ref_axis',(1.,1.66533453693774E-16,2.03944661017034E-32));
#6226=DIRECTION('',(1.,6.92428570621479E-16,8.47980432649772E-32));
#6227=DIRECTION('',(8.32667268468868E-17,-1.,-1.22464679914735E-16));
#6228=DIRECTION('',(-1.,-7.50861361391224E-16,-9.19539962831187E-32));
#6229=DIRECTION('center_axis',(0.,-1.22464679914735E-16,1.));
#6230=DIRECTION('ref_axis',(1.,1.66533453693773E-16,2.03944661017034E-32));
#6231=DIRECTION('',(-1.09559037806629E-15,1.,1.22464679914735E-16));
#6232=DIRECTION('',(-1.,1.2534776084478E-17,1.53506734098848E-33));
#6233=DIRECTION('',(-2.38837308833064E-15,-1.,-1.22464679914735E-16));
#6234=DIRECTION('',(1.,1.97700114225457E-16,2.42112812077272E-32));
#6235=DIRECTION('center_axis',(1.,6.92428570621479E-16,8.47980432649772E-32));
#6236=DIRECTION('ref_axis',(-1.17756934401283E-16,0.707106781186548,-0.707106781186547));
#6237=DIRECTION('',(-1.,-6.92428570621479E-16,-8.47980432649772E-32));
#6238=DIRECTION('center_axis',(-1.,-8.32667268468868E-17,-1.01972330508517E-32));
#6239=DIRECTION('ref_axis',(-1.17756934401283E-16,0.707106781186548,-0.707106781186547));
#6240=DIRECTION('center_axis',(6.92428570621479E-16,-1.,-1.22464679914735E-16));
#6241=DIRECTION('ref_axis',(-1.,-6.92428570621479E-16,-8.47980432649772E-32));
#6242=DIRECTION('',(1.,6.92428570621479E-16,8.47980432649772E-32));
#6243=DIRECTION('',(0.,1.22464679914735E-16,-1.));
#6244=DIRECTION('center_axis',(1.,6.92428570621479E-16,8.47980432649772E-32));
#6245=DIRECTION('ref_axis',(-5.10280049072227E-16,0.707106781186547,0.707106781186548));
#6246=DIRECTION('',(-1.,-6.92428570621479E-16,-8.47980432649772E-32));
#6247=DIRECTION('',(-1.,-6.92428570621479E-16,-8.47980432649772E-32));
#6248=DIRECTION('center_axis',(-1.,-8.32667268468868E-17,-1.01972330508517E-32));
#6249=DIRECTION('ref_axis',(-5.10280049072227E-16,0.707106781186547,0.707106781186548));
#6250=DIRECTION('center_axis',(1.,-1.66533453693773E-16,-2.03944661017034E-32));
#6251=DIRECTION('ref_axis',(-1.66533453693773E-16,-1.,-1.22464679914735E-16));
#6252=DIRECTION('center_axis',(-1.,-7.50861361391224E-16,-9.19539962831187E-32));
#6253=DIRECTION('ref_axis',(1.17756934401283E-16,-0.707106781186548,0.707106781186547));
#6254=DIRECTION('center_axis',(-1.,-8.32667268468868E-17,-1.01972330508517E-32));
#6255=DIRECTION('ref_axis',(1.17756934401283E-16,-0.707106781186548,0.707106781186547));
#6256=DIRECTION('',(1.,7.50861361391224E-16,9.19539962831187E-32));
#6257=DIRECTION('center_axis',(-1.,-7.50861361391224E-16,-9.19539962831187E-32));
#6258=DIRECTION('ref_axis',(1.17756934401283E-16,-0.707106781186547,-0.707106781186548));
#6259=DIRECTION('center_axis',(-1.,-8.32667268468868E-17,-1.01972330508517E-32));
#6260=DIRECTION('ref_axis',(1.17756934401283E-16,-0.707106781186547,-0.707106781186548));
#6261=DIRECTION('center_axis',(0.,-1.22464679914735E-16,1.));
#6262=DIRECTION('ref_axis',(1.,1.66533453693774E-16,2.03944661017034E-32));
#6263=DIRECTION('',(-8.32667268468868E-17,1.,1.22464679914735E-16));
#6264=DIRECTION('center_axis',(0.,1.22464679914735E-16,-1.));
#6265=DIRECTION('ref_axis',(1.,1.66533453693773E-16,2.03944661017034E-32));
#6266=DIRECTION('',(1.,-1.2534776084478E-17,-1.53506734098848E-33));
#6267=DIRECTION('',(1.09559037806629E-15,-1.,-1.22464679914735E-16));
#6268=DIRECTION('',(-1.,-1.97700114225457E-16,-2.42112812077272E-32));
#6269=DIRECTION('',(2.38837308833064E-15,1.,1.22464679914735E-16));
#6270=DIRECTION('center_axis',(0.,1.22464679914735E-16,-1.));
#6271=DIRECTION('ref_axis',(1.,0.,0.));
#6272=DIRECTION('center_axis',(-7.50861361391224E-16,1.,1.22464679914735E-16));
#6273=DIRECTION('ref_axis',(1.,7.50861361391224E-16,9.19539962831187E-32));
#6274=DIRECTION('center_axis',(0.,0.,1.));
#6275=DIRECTION('ref_axis',(1.,0.,0.));
#6276=DIRECTION('center_axis',(0.,-1.,0.));
#6277=DIRECTION('ref_axis',(-1.,0.,0.));
#6278=DIRECTION('center_axis',(-0.707106781186548,-1.45474072824191E-16,
0.707106781186548));
#6279=DIRECTION('ref_axis',(-0.707106781186548,-3.11613287777338E-17,-0.707106781186548));
#6280=DIRECTION('',(-0.707106781186548,-3.11613287777338E-17,-0.707106781186548));
#6281=DIRECTION('',(-8.32667268468868E-17,1.,1.22464679914735E-16));
#6282=DIRECTION('',(0.707106781186547,3.11613287777336E-17,0.707106781186548));
#6283=DIRECTION('center_axis',(-1.,-1.66533453693774E-16,-2.03944661017034E-32));
#6284=DIRECTION('ref_axis',(-9.42055475210265E-17,0.707106781186548,-0.707106781186547));
#6285=DIRECTION('',(-0.707106781186592,0.707106781186503,8.65956056235439E-17));
#6286=DIRECTION('center_axis',(1.,8.32667268468868E-17,1.01972330508517E-32));
#6287=DIRECTION('ref_axis',(-5.88784672006416E-17,0.707106781186548,-0.707106781186547));
#6288=DIRECTION('center_axis',(-0.707106781186546,-0.707106781186549,-8.65956056235495E-17));
#6289=DIRECTION('ref_axis',(0.,1.22464679914735E-16,-1.));
#6290=DIRECTION('',(-0.70710678118655,0.707106781186545,8.65956056235491E-17));
#6291=DIRECTION('',(0.,-1.22464679914735E-16,1.));
#6292=DIRECTION('center_axis',(-1.,-1.66533453693774E-16,-2.03944661017034E-32));
#6293=DIRECTION('ref_axis',(-2.92498584134181E-16,0.707106781186547,0.707106781186548));
#6294=DIRECTION('',(-0.707106781186587,-1.18566032670214E-15,0.707106781186508));
#6295=DIRECTION('center_axis',(1.,8.32667268468868E-17,1.01972330508517E-32));
#6296=DIRECTION('ref_axis',(-5.88784672006416E-17,0.707106781186547,0.707106781186548));
#6297=DIRECTION('center_axis',(-0.707106781186547,2.77171384229078E-17,
-0.707106781186548));
#6298=DIRECTION('ref_axis',(0.707106781186548,2.04352540024832E-16,-0.707106781186547));
#6299=DIRECTION('',(-0.707106781186547,-2.04352540024832E-16,0.707106781186548));
#6300=DIRECTION('',(8.32667268468868E-17,-1.,-1.22464679914735E-16));
#6301=DIRECTION('center_axis',(-1.,-1.66533453693774E-16,-2.03944661017034E-32));
#6302=DIRECTION('ref_axis',(9.42055475210266E-17,-0.707106781186548,0.707106781186547));
#6303=DIRECTION('',(-0.707106781186549,-0.707106781186546,-8.65956056235491E-17));
#6304=DIRECTION('center_axis',(1.,8.32667268468868E-17,1.01972330508517E-32));
#6305=DIRECTION('ref_axis',(5.88784672006416E-17,-0.707106781186548,0.707106781186547));
#6306=DIRECTION('center_axis',(-0.707106781186549,0.707106781186546,8.65956056235492E-17));
#6307=DIRECTION('ref_axis',(0.,1.22464679914735E-16,-1.));
#6308=DIRECTION('',(-0.707106781186549,-0.707106781186546,-8.65956056235491E-17));
#6309=DIRECTION('',(0.,1.22464679914735E-16,-1.));
#6310=DIRECTION('center_axis',(-1.,-1.66533453693774E-16,-2.03944661017034E-32));
#6311=DIRECTION('ref_axis',(9.42055475210265E-17,-0.707106781186547,-0.707106781186548));
#6312=DIRECTION('center_axis',(1.,8.32667268468868E-17,1.01972330508517E-32));
#6313=DIRECTION('ref_axis',(5.88784672006416E-17,-0.707106781186547,-0.707106781186548));
#6314=DIRECTION('center_axis',(-1.,-8.32667268468868E-17,-1.01972330508517E-32));
#6315=DIRECTION('ref_axis',(-8.32667268468868E-17,1.,1.22464679914735E-16));
#6316=DIRECTION('center_axis',(0.,1.22464679914735E-16,-1.));
#6317=DIRECTION('ref_axis',(1.,1.66533453693774E-16,2.03944661017034E-32));
#6318=DIRECTION('',(0.707106781186548,1.17756934401283E-16,0.707106781186548));
#6319=DIRECTION('center_axis',(0.,1.22464679914735E-16,-1.));
#6320=DIRECTION('ref_axis',(1.,1.66533453693773E-16,2.03944661017034E-32));
#6321=DIRECTION('center_axis',(0.,-1.22464679914735E-16,1.));
#6322=DIRECTION('ref_axis',(1.,1.66533453693773E-16,2.03944661017034E-32));
#6323=DIRECTION('',(0.,-1.22464679914735E-16,1.));
#6324=DIRECTION('center_axis',(0.,-1.22464679914735E-16,1.));
#6325=DIRECTION('ref_axis',(1.,1.66533453693773E-16,2.03944661017034E-32));
#6326=DIRECTION('center_axis',(0.707106781186548,6.88103780109858E-16,0.707106781186547));
#6327=DIRECTION('ref_axis',(-0.707106781186547,-2.04352540024832E-16,0.707106781186548));
#6328=DIRECTION('',(0.467928385363794,-0.749723984104592,-0.467928385363797));
#6329=DIRECTION('center_axis',(0.707106781186548,6.88103780109858E-16,0.707106781186547));
#6330=DIRECTION('ref_axis',(-0.707106781186547,-4.38720680960186E-13,0.707106781186548));
#6331=DIRECTION('',(1.09559037806629E-15,-1.,-1.22464679914735E-16));
#6332=DIRECTION('',(-0.577350269189625,-0.577350269189626,0.577350269189627));
#6333=DIRECTION('center_axis',(8.86342516998936E-18,0.707106781186548,0.707106781186547));
#6334=DIRECTION('ref_axis',(-1.,-1.66533453693774E-16,1.79068229778252E-16));
#6335=DIRECTION('',(1.,-1.2534776084478E-17,-1.53506734098848E-33));
#6336=DIRECTION('',(0.577350269189625,-0.577350269189626,0.577350269189626));
#6337=DIRECTION('center_axis',(-0.707106781186548,1.60223920113851E-15,
0.707106781186547));
#6338=DIRECTION('ref_axis',(-0.707106781186547,-3.11613287777336E-17,-0.707106781186548));
#6339=DIRECTION('',(2.38837308833064E-15,1.,1.22464679914735E-16));
#6340=DIRECTION('center_axis',(-0.707106781186548,1.60223920113851E-15,
0.707106781186547));
#6341=DIRECTION('ref_axis',(0.707106781186547,-4.38441090777365E-13,0.707106781186548));
#6342=DIRECTION('',(-0.467928385363797,-0.749723984104591,-0.467928385363796));
#6343=DIRECTION('center_axis',(1.04676412944958E-16,-0.529470675093214,
0.848328240845686));
#6344=DIRECTION('ref_axis',(-1.,-1.66533453693774E-16,1.9452179000502E-17));
#6345=DIRECTION('',(1.,1.97700114225457E-16,2.42112812077272E-32));
#6346=DIRECTION('center_axis',(-1.,2.38837308833064E-15,2.9249134577938E-31));
#6347=DIRECTION('ref_axis',(2.38837308833064E-15,1.,1.22464679914735E-16));
#6348=DIRECTION('',(0.,1.22464679914735E-16,-1.));
#6349=DIRECTION('',(-1.97700114225457E-16,1.,1.22464679914735E-16));
#6350=DIRECTION('',(-4.78380484290899E-28,-2.001730781849E-13,-1.));
#6351=DIRECTION('center_axis',(-1.,-1.97700114225457E-16,-2.42112812077272E-32));
#6352=DIRECTION('ref_axis',(8.66326343246509E-17,-0.438202247196758,0.89887640449158));
#6353=DIRECTION('center_axis',(-1.,-1.97700114225457E-16,-2.42112812077272E-32));
#6354=DIRECTION('ref_axis',(8.66326343229824E-17,-0.438202247188319,-0.898876404495695));
#6355=DIRECTION('center_axis',(-1.,-1.97700114225457E-16,-2.42112812077272E-32));
#6356=DIRECTION('ref_axis',(2.57869714197046E-17,-0.130434782603601,-0.991456891391225));
#6357=DIRECTION('',(0.,-1.22464679914735E-16,1.));
#6358=DIRECTION('center_axis',(-1.,-1.97700114225457E-16,-2.42112812077272E-32));
#6359=DIRECTION('ref_axis',(8.66326343246509E-17,-0.438202247196758,0.89887640449158));
#6360=DIRECTION('center_axis',(-1.,-1.97700114225457E-16,-2.42112812077272E-32));
#6361=DIRECTION('ref_axis',(1.97700114225457E-16,-1.,-6.20247036993228E-13));
#6362=DIRECTION('center_axis',(-1.,-1.97700114225457E-16,-2.42112812077272E-32));
#6363=DIRECTION('ref_axis',(1.97700114225457E-16,-1.,-6.20247036993228E-13));
#6364=DIRECTION('',(1.,1.97700114225457E-16,2.42112812077272E-32));
#6365=DIRECTION('center_axis',(-1.,-1.97700114225457E-16,-2.42112812077272E-32));
#6366=DIRECTION('ref_axis',(1.97700114225457E-16,-1.,-6.20247036993228E-13));
#6367=DIRECTION('center_axis',(8.86342516998937E-18,0.707106781186548,-0.707106781186547));
#6368=DIRECTION('ref_axis',(1.,1.66533453693773E-16,1.79068229778252E-16));
#6369=DIRECTION('',(-1.,1.2534776084478E-17,1.53506734098848E-33));
#6370=DIRECTION('',(-0.577350269189625,-0.577350269189625,-0.577350269189627));
#6371=DIRECTION('',(-0.577350269189625,0.577350269189626,0.577350269189626));
#6372=DIRECTION('center_axis',(-0.707106781186548,1.77543041238561E-15,
-0.707106781186547));
#6373=DIRECTION('ref_axis',(0.707106781186547,2.04352540024832E-16,-0.707106781186548));
#6374=DIRECTION('',(-0.559033319173977,-0.612342629666313,0.559033319173975));
#6375=DIRECTION('center_axis',(-0.707106781186548,1.77543041238561E-15,
-0.707106781186547));
#6376=DIRECTION('ref_axis',(0.707106781186547,2.10508383854432E-15,-0.707106781186548));
#6377=DIRECTION('',(-2.38837308833064E-15,-1.,-1.22464679914735E-16));
#6378=DIRECTION('center_axis',(0.707106781186548,8.61294991356957E-16,-0.707106781186547));
#6379=DIRECTION('ref_axis',(0.707106781186547,3.11613287777336E-17,0.707106781186548));
#6380=DIRECTION('',(-1.09559037806629E-15,1.,1.22464679914735E-16));
#6381=DIRECTION('center_axis',(0.707106781186548,8.61294991356957E-16,-0.707106781186547));
#6382=DIRECTION('ref_axis',(-0.707106781186547,5.87681419577448E-16,-0.707106781186548));
#6383=DIRECTION('',(0.559033319173975,-0.612342629666314,0.559033319173976));
#6384=DIRECTION('center_axis',(1.33295051617596E-16,-0.67422850077662,-0.738522801774266));
#6385=DIRECTION('ref_axis',(1.,1.66533453693774E-16,2.84533541198819E-17));
#6386=DIRECTION('',(1.,1.97700114225457E-16,2.42112812077272E-32));
#6387=DIRECTION('center_axis',(-1.,2.38837308833064E-15,2.9249134577938E-31));
#6388=DIRECTION('ref_axis',(2.38837308833064E-15,1.,1.22464679914735E-16));
#6389=DIRECTION('center_axis',(-1.,-1.97700114225457E-16,-2.42112812077272E-32));
#6390=DIRECTION('ref_axis',(8.66326343229824E-17,-0.438202247188319,-0.898876404495695));
#6391=DIRECTION('center_axis',(-1.,-1.97700114225457E-16,-2.42112812077272E-32));
#6392=DIRECTION('ref_axis',(2.57869714197046E-17,-0.130434782603601,-0.991456891391225));
#6393=DIRECTION('',(0.,-1.22464679914735E-16,1.));
#6394=DIRECTION('center_axis',(-1.,-1.97700114225457E-16,-2.42112812077272E-32));
#6395=DIRECTION('ref_axis',(8.66326343246509E-17,-0.438202247196758,0.89887640449158));
#6396=DIRECTION('center_axis',(-1.,-1.97700114225457E-16,-2.42112812077272E-32));
#6397=DIRECTION('ref_axis',(8.66326343229824E-17,-0.438202247188319,-0.898876404495695));
#6398=DIRECTION('center_axis',(-1.,-1.97700114225457E-16,-2.42112812077272E-32));
#6399=DIRECTION('ref_axis',(2.57869714197046E-17,-0.130434782603601,-0.991456891391225));
#6400=DIRECTION('',(0.,-1.22464679914735E-16,1.));
#6401=DIRECTION('center_axis',(-1.,-1.97700114225457E-16,-2.42112812077272E-32));
#6402=DIRECTION('ref_axis',(8.66326343246509E-17,-0.438202247196758,0.89887640449158));
#6403=DIRECTION('center_axis',(-1.,-1.97700114225457E-16,-2.42112812077272E-32));
#6404=DIRECTION('ref_axis',(8.66326343229824E-17,-0.438202247188319,-0.898876404495695));
#6405=DIRECTION('center_axis',(-1.,-1.97700114225457E-16,-2.42112812077272E-32));
#6406=DIRECTION('ref_axis',(2.57869714197046E-17,-0.130434782603601,-0.991456891391225));
#6407=DIRECTION('',(0.,-1.22464679914735E-16,1.));
#6408=DIRECTION('center_axis',(-1.,-1.97700114225457E-16,-2.42112812077272E-32));
#6409=DIRECTION('ref_axis',(8.66326343246509E-17,-0.438202247196758,0.89887640449158));
#6410=DIRECTION('center_axis',(-1.,-1.97700114225457E-16,-2.42112812077272E-32));
#6411=DIRECTION('ref_axis',(8.66326343229824E-17,-0.438202247188319,-0.898876404495695));
#6412=DIRECTION('center_axis',(-1.,-1.97700114225457E-16,-2.42112812077272E-32));
#6413=DIRECTION('ref_axis',(2.57869714197046E-17,-0.130434782603601,-0.991456891391225));
#6414=DIRECTION('',(-4.78380484290899E-28,-2.001730781849E-13,-1.));
#6415=DIRECTION('',(1.97700114225457E-16,-1.,-1.22464679914735E-16));
#6416=DIRECTION('',(0.,1.22464679914735E-16,-1.));
#6417=DIRECTION('center_axis',(1.2534776084478E-17,1.,1.22464679914735E-16));
#6418=DIRECTION('ref_axis',(1.,-1.2534776084478E-17,-1.53506734098848E-33));
#6419=DIRECTION('',(0.,1.22464679914735E-16,-1.));
#6420=DIRECTION('center_axis',(1.97700114225457E-16,-1.,-1.22464679914735E-16));
#6421=DIRECTION('ref_axis',(0.666666666666666,2.23079859194338E-16,-0.74535599249993));
#6422=DIRECTION('',(0.,1.22464679914735E-16,-1.));
#6423=DIRECTION('center_axis',(1.97700114225457E-16,-1.,-1.22464679914735E-16));
#6424=DIRECTION('ref_axis',(-0.666666666666667,-2.23079859194338E-16,0.745355992499929));
#6425=DIRECTION('center_axis',(0.,-1.22464679914735E-16,1.));
#6426=DIRECTION('ref_axis',(-1.71635661783295E-17,-1.,-1.22464679914735E-16));
#6427=DIRECTION('',(0.531947566252532,-0.465866704925355,-0.707106781186547));
#6428=DIRECTION('',(0.531947566252532,0.465866704925355,0.707106781186547));
#6429=DIRECTION('center_axis',(0.,-1.22464679914735E-16,1.));
#6430=DIRECTION('ref_axis',(1.,1.66533453693774E-16,2.03944661017034E-32));
#6431=DIRECTION('center_axis',(0.,-1.22464679914735E-16,1.));
#6432=DIRECTION('ref_axis',(1.,1.66533453693774E-16,2.03944661017034E-32));
#6433=DIRECTION('',(-0.496419246751936,0.512161597780004,0.70089830161991));
#6434=DIRECTION('',(-0.496419246751934,-0.512161597780006,-0.70089830161991));
#6435=DIRECTION('center_axis',(0.,-1.22464679914735E-16,1.));
#6436=DIRECTION('ref_axis',(1.,1.66533453693774E-16,2.03944661017034E-32));
#6437=DIRECTION('',(0.,1.22464679914735E-16,-1.));
#6438=DIRECTION('center_axis',(0.,-1.22464679914735E-16,1.));
#6439=DIRECTION('ref_axis',(1.,1.66533453693774E-16,2.03944661017034E-32));
#6440=DIRECTION('center_axis',(0.,-1.22464679914735E-16,1.));
#6441=DIRECTION('ref_axis',(1.,1.66533453693774E-16,2.03944661017034E-32));
#6442=DIRECTION('',(-0.707106781186547,-2.90948145648382E-16,0.707106781186547));
#6443=DIRECTION('center_axis',(1.,1.09559037806629E-15,1.34171124967552E-31));
#6444=DIRECTION('ref_axis',(1.09559037806629E-15,-1.,-1.22464679914735E-16));
#6445=DIRECTION('',(-1.97700114225457E-16,1.,1.22464679914735E-16));
#6446=DIRECTION('',(-2.19441869532255E-28,2.001730781849E-13,1.));
#6447=DIRECTION('center_axis',(-1.,-1.97700114225457E-16,-2.42112812077272E-32));
#6448=DIRECTION('ref_axis',(2.57869714197046E-17,-0.130434782603601,-0.991456891391225));
#6449=DIRECTION('center_axis',(-1.,-1.97700114225457E-16,-2.42112812077272E-32));
#6450=DIRECTION('ref_axis',(8.66326343229824E-17,-0.438202247188319,-0.898876404495695));
#6451=DIRECTION('center_axis',(-1.,-1.97700114225457E-16,-2.42112812077272E-32));
#6452=DIRECTION('ref_axis',(8.66326343246509E-17,-0.438202247196758,0.89887640449158));
#6453=DIRECTION('',(0.,1.22464679914735E-16,-1.));
#6454=DIRECTION('center_axis',(-1.,-1.97700114225457E-16,-2.42112812077272E-32));
#6455=DIRECTION('ref_axis',(2.57869714197046E-17,-0.130434782603601,-0.991456891391225));
#6456=DIRECTION('center_axis',(-1.,-1.97700114225457E-16,-2.42112812077272E-32));
#6457=DIRECTION('ref_axis',(8.66326343229824E-17,-0.438202247188319,-0.898876404495695));
#6458=DIRECTION('center_axis',(-1.,-1.97700114225457E-16,-2.42112812077272E-32));
#6459=DIRECTION('ref_axis',(8.66326343246509E-17,-0.438202247196758,0.89887640449158));
#6460=DIRECTION('',(0.,1.22464679914735E-16,-1.));
#6461=DIRECTION('center_axis',(-1.,-1.97700114225457E-16,-2.42112812077272E-32));
#6462=DIRECTION('ref_axis',(2.57869714197046E-17,-0.130434782603601,-0.991456891391225));
#6463=DIRECTION('center_axis',(-1.,-1.97700114225457E-16,-2.42112812077272E-32));
#6464=DIRECTION('ref_axis',(8.66326343229824E-17,-0.438202247188319,-0.898876404495695));
#6465=DIRECTION('center_axis',(-1.,-1.97700114225457E-16,-2.42112812077272E-32));
#6466=DIRECTION('ref_axis',(8.66326343246509E-17,-0.438202247196758,0.89887640449158));
#6467=DIRECTION('',(0.,1.22464679914735E-16,-1.));
#6468=DIRECTION('center_axis',(-1.,-1.97700114225457E-16,-2.42112812077272E-32));
#6469=DIRECTION('ref_axis',(2.57869714197046E-17,-0.130434782603601,-0.991456891391225));
#6470=DIRECTION('center_axis',(-1.,-1.97700114225457E-16,-2.42112812077272E-32));
#6471=DIRECTION('ref_axis',(8.66326343229824E-17,-0.438202247188319,-0.898876404495695));
#6472=DIRECTION('center_axis',(1.,1.09559037806629E-15,1.34171124967552E-31));
#6473=DIRECTION('ref_axis',(1.09559037806629E-15,-1.,-1.22464679914735E-16));
#6474=DIRECTION('center_axis',(-1.,-1.97700114225457E-16,-2.42112812077272E-32));
#6475=DIRECTION('ref_axis',(8.66326343246509E-17,-0.438202247196758,0.89887640449158));
#6476=DIRECTION('',(0.,1.22464679914735E-16,-1.));
#6477=DIRECTION('center_axis',(-1.,-1.97700114225457E-16,-2.42112812077272E-32));
#6478=DIRECTION('ref_axis',(2.57869714197046E-17,-0.130434782603601,-0.991456891391225));
#6479=DIRECTION('center_axis',(-1.,-1.97700114225457E-16,-2.42112812077272E-32));
#6480=DIRECTION('ref_axis',(8.66326343229824E-17,-0.438202247188319,-0.898876404495695));
#6481=DIRECTION('center_axis',(-1.,-1.97700114225457E-16,-2.42112812077272E-32));
#6482=DIRECTION('ref_axis',(8.66326343246509E-17,-0.438202247196758,0.89887640449158));
#6483=DIRECTION('',(-2.19441869532255E-28,2.001730781849E-13,1.));
#6484=DIRECTION('',(1.97700114225457E-16,-1.,-1.22464679914735E-16));
#6485=DIRECTION('center_axis',(-1.,-1.97700114225457E-16,-2.42112812077272E-32));
#6486=DIRECTION('ref_axis',(2.57869714197046E-17,-0.130434782603601,-0.991456891391225));
#6487=DIRECTION('',(-1.,-1.97700114225457E-16,-2.42112812077272E-32));
#6488=DIRECTION('',(1.,1.97700114225457E-16,2.42112812077272E-32));
#6489=DIRECTION('center_axis',(-1.,-1.97700114225457E-16,-2.42112812077272E-32));
#6490=DIRECTION('ref_axis',(2.57869714197046E-17,-0.130434782603601,-0.991456891391225));
#6491=DIRECTION('',(-1.,-1.97700114225457E-16,-2.42112812077272E-32));
#6492=DIRECTION('',(1.,1.97700114225457E-16,2.42112812077272E-32));
#6493=DIRECTION('center_axis',(-1.,-1.97700114225457E-16,-2.42112812077272E-32));
#6494=DIRECTION('ref_axis',(2.57869714197046E-17,-0.130434782603601,-0.991456891391225));
#6495=DIRECTION('',(-1.,-1.97700114225457E-16,-2.42112812077272E-32));
#6496=DIRECTION('',(1.,1.97700114225457E-16,2.42112812077272E-32));
#6497=DIRECTION('center_axis',(-1.,-1.97700114225457E-16,-2.42112812077272E-32));
#6498=DIRECTION('ref_axis',(2.57869714197046E-17,-0.130434782603601,-0.991456891391225));
#6499=DIRECTION('',(-1.,-1.97700114225457E-16,-2.42112812077272E-32));
#6500=DIRECTION('',(1.,1.97700114225457E-16,2.42112812077272E-32));
#6501=DIRECTION('center_axis',(-1.,-1.97700114225457E-16,-2.42112812077272E-32));
#6502=DIRECTION('ref_axis',(2.57869714197046E-17,-0.130434782603601,-0.991456891391225));
#6503=DIRECTION('',(-1.,-1.97700114225457E-16,-2.42112812077272E-32));
#6504=DIRECTION('',(1.,1.97700114225457E-16,2.42112812077272E-32));
#6505=DIRECTION('center_axis',(-1.97700114225457E-16,1.,1.22464679914735E-16));
#6506=DIRECTION('ref_axis',(-0.666666666666667,-2.23079859194338E-16,0.745355992499929));
#6507=DIRECTION('center_axis',(-1.97700114225457E-16,1.,1.22464679914735E-16));
#6508=DIRECTION('ref_axis',(-0.666666666666667,-2.23079859194338E-16,0.745355992499929));
#6509=DIRECTION('center_axis',(-1.97700114225457E-16,1.,1.22464679914735E-16));
#6510=DIRECTION('ref_axis',(0.666666666666666,2.23079859194338E-16,-0.74535599249993));
#6511=DIRECTION('center_axis',(-1.97700114225457E-16,1.,1.22464679914735E-16));
#6512=DIRECTION('ref_axis',(0.666666666666666,2.23079859194338E-16,-0.74535599249993));
#6513=DIRECTION('center_axis',(-1.,-1.97700114225457E-16,-2.42112812077272E-32));
#6514=DIRECTION('ref_axis',(8.66326343229824E-17,-0.438202247188319,-0.898876404495695));
#6515=DIRECTION('center_axis',(-1.,-1.97700114225457E-16,-2.42112812077272E-32));
#6516=DIRECTION('ref_axis',(8.66326343246509E-17,-0.438202247196758,0.89887640449158));
#6517=DIRECTION('',(1.,1.97700114225457E-16,2.42112812077272E-32));
#6518=DIRECTION('',(1.,1.97700114225457E-16,2.42112812077272E-32));
#6519=DIRECTION('center_axis',(-1.,-1.97700114225457E-16,-2.42112812077272E-32));
#6520=DIRECTION('ref_axis',(8.66326343229824E-17,-0.438202247188319,-0.898876404495695));
#6521=DIRECTION('center_axis',(-1.,-1.97700114225457E-16,-2.42112812077272E-32));
#6522=DIRECTION('ref_axis',(8.66326343246509E-17,-0.438202247196758,0.89887640449158));
#6523=DIRECTION('',(1.,1.97700114225457E-16,2.42112812077272E-32));
#6524=DIRECTION('',(1.,1.97700114225457E-16,2.42112812077272E-32));
#6525=DIRECTION('center_axis',(-1.,-1.97700114225457E-16,-2.42112812077272E-32));
#6526=DIRECTION('ref_axis',(8.66326343229824E-17,-0.438202247188319,-0.898876404495695));
#6527=DIRECTION('center_axis',(-1.,-1.97700114225457E-16,-2.42112812077272E-32));
#6528=DIRECTION('ref_axis',(8.66326343246509E-17,-0.438202247196758,0.89887640449158));
#6529=DIRECTION('',(1.,1.97700114225457E-16,2.42112812077272E-32));
#6530=DIRECTION('',(1.,1.97700114225457E-16,2.42112812077272E-32));
#6531=DIRECTION('center_axis',(-1.,-1.97700114225457E-16,-2.42112812077272E-32));
#6532=DIRECTION('ref_axis',(8.66326343229824E-17,-0.438202247188319,-0.898876404495695));
#6533=DIRECTION('center_axis',(-1.,-1.97700114225457E-16,-2.42112812077272E-32));
#6534=DIRECTION('ref_axis',(8.66326343246509E-17,-0.438202247196758,0.89887640449158));
#6535=DIRECTION('',(1.,1.97700114225457E-16,2.42112812077272E-32));
#6536=DIRECTION('',(1.,1.97700114225457E-16,2.42112812077272E-32));
#6537=DIRECTION('center_axis',(-1.,-1.97700114225457E-16,-2.42112812077272E-32));
#6538=DIRECTION('ref_axis',(8.66326343229824E-17,-0.438202247188319,-0.898876404495695));
#6539=DIRECTION('center_axis',(-1.,-1.97700114225457E-16,-2.42112812077272E-32));
#6540=DIRECTION('ref_axis',(8.66326343246509E-17,-0.438202247196758,0.89887640449158));
#6541=DIRECTION('',(1.,1.97700114225457E-16,2.42112812077272E-32));
#6542=DIRECTION('center_axis',(1.66533453693774E-16,-1.,-1.22464679914735E-16));
#6543=DIRECTION('ref_axis',(-1.,-1.66533453693774E-16,-2.03944661017034E-32));
#6544=DIRECTION('center_axis',(1.66533453693774E-16,-1.,-1.22464679914735E-16));
#6545=DIRECTION('ref_axis',(-1.,-1.66533453693774E-16,-2.03944661017034E-32));
#6546=DIRECTION('center_axis',(1.66533453693774E-16,-1.,-1.22464679914735E-16));
#6547=DIRECTION('ref_axis',(-1.,-1.66533453693774E-16,-2.03944661017034E-32));
#6548=DIRECTION('center_axis',(1.66533453693774E-16,-1.,-1.22464679914735E-16));
#6549=DIRECTION('ref_axis',(-1.,-1.66533453693774E-16,-2.03944661017034E-32));
#6550=DIRECTION('center_axis',(1.66533453693774E-16,-1.,-1.22464679914735E-16));
#6551=DIRECTION('ref_axis',(-1.,-1.66533453693774E-16,-2.03944661017034E-32));
#6552=DIRECTION('',(0.,0.,1.));
#6553=DIRECTION('',(1.,0.,0.));
#6554=DIRECTION('',(0.,0.,1.));
#6555=DIRECTION('',(1.,0.,0.));
#6556=CARTESIAN_POINT('',(0.,0.,0.));
#6557=CARTESIAN_POINT('',(0.,0.,0.));
#6558=CARTESIAN_POINT('Origin',(5.00000000000001,-24.1476749049815,0.0852157301896808));
#6559=CARTESIAN_POINT('',(2.50033840537075,-24.1476749049815,-6.30717232823372));
#6560=CARTESIAN_POINT('',(2.44451984763149,-24.1476749049815,-6.44722655415536));
#6561=CARTESIAN_POINT('Ctrl Pts',(2.50033840537075,-24.1476749049815,-6.30717232823372));
#6562=CARTESIAN_POINT('Ctrl Pts',(2.49824613523638,-24.1476749049815,-6.33408693304434));
#6563=CARTESIAN_POINT('Ctrl Pts',(2.49416046539387,-24.1476749049815,-6.38664429042919));
#6564=CARTESIAN_POINT('Ctrl Pts',(2.4607976006881,-24.1476749049815,-6.4273609043509));
#6565=CARTESIAN_POINT('Ctrl Pts',(2.44451984763149,-24.1476749049815,-6.44722655415536));
#6566=CARTESIAN_POINT('',(2.44451984763149,-24.1476749049815,-6.16813316941262));
#6567=CARTESIAN_POINT('Ctrl Pts',(2.44451984763149,-24.1476749049815,-6.16813316941262));
#6568=CARTESIAN_POINT('Ctrl Pts',(2.46079925220367,-24.1476749049815,-6.18808121415635));
#6569=CARTESIAN_POINT('Ctrl Pts',(2.49384818729214,-24.1476749049815,-6.22857788176816));
#6570=CARTESIAN_POINT('Ctrl Pts',(2.49815371524019,-24.1476749049815,-6.28071643577666));
#6571=CARTESIAN_POINT('Ctrl Pts',(2.50033840537075,-24.1476749049815,-6.30717232823372));
#6572=CARTESIAN_POINT('',(2.30345085263256,-24.1476749049815,-6.11231461167336));
#6573=CARTESIAN_POINT('Ctrl Pts',(2.30345085263256,-24.1476749049815,-6.11231461167336));
#6574=CARTESIAN_POINT('Ctrl Pts',(2.33043039058722,-24.1476749049815,-6.11443293504061));
#6575=CARTESIAN_POINT('Ctrl Pts',(2.38324938166784,-24.1476749049815,-6.11858006696069));
#6576=CARTESIAN_POINT('Ctrl Pts',(2.42439237944619,-24.1476749049815,-6.15185487811194));
#6577=CARTESIAN_POINT('Ctrl Pts',(2.44451984763149,-24.1476749049815,-6.16813316941262));
#6578=CARTESIAN_POINT('',(2.09032490849499,-24.1476749049815,-6.11637428402901));
#6579=CARTESIAN_POINT('',(2.09032490849499,-24.1476749049815,-6.11637428402901));
#6580=CARTESIAN_POINT('',(2.072056978941,-24.1476749049815,-5.8403255045414));
#6581=CARTESIAN_POINT('Ctrl Pts',(2.072056978941,-24.1476749049815,-5.8403255045414));
#6582=CARTESIAN_POINT('Ctrl Pts',(2.07681389390459,-24.1476749049815,-5.89137421640207));
#6583=CARTESIAN_POINT('Ctrl Pts',(2.08537356754331,-24.1476749049815,-5.98323213619878));
#6584=CARTESIAN_POINT('Ctrl Pts',(2.08880184618172,-24.1476749049815,-6.07541895704854));
#6585=CARTESIAN_POINT('Ctrl Pts',(2.09032490849499,-24.1476749049815,-6.11637428402901));
#6586=CARTESIAN_POINT('',(2.05581888556484,-24.1476749049815,-5.55412784218789));
#6587=CARTESIAN_POINT('Ctrl Pts',(2.05581888556484,-24.1476749049815,-5.55412784218789));
#6588=CARTESIAN_POINT('Ctrl Pts',(2.05670865126742,-24.1476749049815,-5.59762401115396));
#6589=CARTESIAN_POINT('Ctrl Pts',(2.05866401847861,-24.1476749049815,-5.69321207704888));
#6590=CARTESIAN_POINT('Ctrl Pts',(2.06733281255689,-24.1476749049815,-5.78843344447273));
#6591=CARTESIAN_POINT('Ctrl Pts',(2.072056978941,-24.1476749049815,-5.8403255045414));
#6592=CARTESIAN_POINT('',(2.10453316569332,-24.1476749049815,-4.86603572964669));
#6593=CARTESIAN_POINT('Ctrl Pts',(2.10453316569332,-24.1476749049815,-4.86603572964669));
#6594=CARTESIAN_POINT('Ctrl Pts',(2.0904630527651,-24.1476749049815,-4.99970527668982));
#6595=CARTESIAN_POINT('Ctrl Pts',(2.06637521898566,-24.1476749049815,-5.22854564541843));
#6596=CARTESIAN_POINT('Ctrl Pts',(2.05891956528014,-24.1476749049815,-5.45849557358286));
#6597=CARTESIAN_POINT('Ctrl Pts',(2.05581888556484,-24.1476749049815,-5.55412784218789));
#6598=CARTESIAN_POINT('',(2.15324774384503,-24.1476749049815,-4.17591407895089));
#6599=CARTESIAN_POINT('Ctrl Pts',(2.15324774384503,-24.1476749049815,-4.17591407895089));
#6600=CARTESIAN_POINT('Ctrl Pts',(2.15015664334521,-24.1476749049815,-4.27205425682275));
#6601=CARTESIAN_POINT('Ctrl Pts',(2.14274149934878,-24.1476749049815,-4.50268191283224));
#6602=CARTESIAN_POINT('Ctrl Pts',(2.11860692478076,-24.1476749049815,-4.73219701981286));
#6603=CARTESIAN_POINT('Ctrl Pts',(2.10453316569332,-24.1476749049815,-4.86603572964669));
#6604=CARTESIAN_POINT('',(2.14614376425747,-24.1476749049815,-3.97293701767922));
#6605=CARTESIAN_POINT('Ctrl Pts',(2.14614376425747,-24.1476749049815,-3.97293701767922));
#6606=CARTESIAN_POINT('Ctrl Pts',(2.14819508635277,-24.1476749049815,-4.01250840469569));
#6607=CARTESIAN_POINT('Ctrl Pts',(2.15170048567101,-24.1476749049815,-4.08012992224634));
#6608=CARTESIAN_POINT('Ctrl Pts',(2.15279410063285,-24.1476749049815,-4.1478309618263));
#6609=CARTESIAN_POINT('Ctrl Pts',(2.15324774384503,-24.1476749049815,-4.17591407895089));
#6610=CARTESIAN_POINT('',(2.13903948664669,-24.1476749049815,-3.76996025443078));
#6611=CARTESIAN_POINT('Ctrl Pts',(2.13903948664669,-24.1476749049815,-3.76996025443078));
#6612=CARTESIAN_POINT('Ctrl Pts',(2.13949325098792,-24.1476749049815,-3.79804327174588));
#6613=CARTESIAN_POINT('Ctrl Pts',(2.14058716017625,-24.1476749049815,-3.86574420786197));
#6614=CARTESIAN_POINT('Ctrl Pts',(2.1440924836184,-24.1476749049815,-3.93336562979336));
#6615=CARTESIAN_POINT('Ctrl Pts',(2.14614376425747,-24.1476749049815,-3.97293701767922));
#6616=CARTESIAN_POINT('',(2.1512179076672,-24.1476749049815,-3.63092079758645));
#6617=CARTESIAN_POINT('Ctrl Pts',(2.1512179076672,-24.1476749049815,-3.63092079758645));
#6618=CARTESIAN_POINT('Ctrl Pts',(2.14769968665307,-24.1476749049815,-3.65786074925458));
#6619=CARTESIAN_POINT('Ctrl Pts',(2.14166832908999,-24.1476749049815,-3.70404445419808));
#6620=CARTESIAN_POINT('Ctrl Pts',(2.13981269099783,-24.1476749049815,-3.75057286829111));
#6621=CARTESIAN_POINT('Ctrl Pts',(2.13903948664669,-24.1476749049815,-3.76996025443078));
#6622=CARTESIAN_POINT('',(2.16339662671093,-24.1476749049815,-3.49188163876534));
#6623=CARTESIAN_POINT('Ctrl Pts',(2.16339662671093,-24.1476749049815,-3.49188163876534));
#6624=CARTESIAN_POINT('Ctrl Pts',(2.16262329944258,-24.1476749049815,-3.51126892427255));
#6625=CARTESIAN_POINT('Ctrl Pts',(2.16076736110983,-24.1476749049815,-3.55779722841192));
#6626=CARTESIAN_POINT('Ctrl Pts',(2.15473608706756,-24.1476749049815,-3.60398084376644));
#6627=CARTESIAN_POINT('Ctrl Pts',(2.1512179076672,-24.1476749049815,-3.63092079758645));
#6628=CARTESIAN_POINT('',(2.02740207314495,-24.1476749049815,-3.33558931946755));
#6629=CARTESIAN_POINT('Ctrl Pts',(2.02740207314495,-24.1476749049815,-3.33558931946755));
#6630=CARTESIAN_POINT('Ctrl Pts',(2.06703419986608,-24.1476749049815,-3.34343231231938));
#6631=CARTESIAN_POINT('Ctrl Pts',(2.15095234582121,-24.1476749049815,-3.36003927927567));
#6632=CARTESIAN_POINT('Ctrl Pts',(2.15909795465123,-24.1476749049815,-3.44633886517759));
#6633=CARTESIAN_POINT('Ctrl Pts',(2.16339662671093,-24.1476749049815,-3.49188163876534));
#6634=CARTESIAN_POINT('',(1.68640062212948,-24.1476749049815,-3.51623907685281));
#6635=CARTESIAN_POINT('Ctrl Pts',(1.68640062212948,-24.1476749049815,-3.51623907685281));
#6636=CARTESIAN_POINT('Ctrl Pts',(1.74096479292877,-24.1476749049815,-3.46381063278861));
#6637=CARTESIAN_POINT('Ctrl Pts',(1.83811430120822,-24.1476749049815,-3.37046370776285));
#6638=CARTESIAN_POINT('Ctrl Pts',(1.96971507599707,-24.1476749049815,-3.34621757462392));
#6639=CARTESIAN_POINT('Ctrl Pts',(2.02740207314495,-24.1476749049815,-3.33558931946755));
#6640=CARTESIAN_POINT('',(1.37584581971173,-24.1476749049815,-3.7638707458973));
#6641=CARTESIAN_POINT('Ctrl Pts',(1.37584581971173,-24.1476749049815,-3.7638707458973));
#6642=CARTESIAN_POINT('Ctrl Pts',(1.42029213606024,-24.1476749049815,-3.73075698771429));
#6643=CARTESIAN_POINT('Ctrl Pts',(1.52650970138272,-24.1476749049815,-3.65162190832331));
#6644=CARTESIAN_POINT('Ctrl Pts',(1.6276070535488,-24.1476749049815,-3.56602076395256));
#6645=CARTESIAN_POINT('Ctrl Pts',(1.68640062212948,-24.1476749049815,-3.51623907685281));
#6646=CARTESIAN_POINT('',(1.20128557085995,-24.1476749049815,-3.99526461958886));
#6647=CARTESIAN_POINT('Ctrl Pts',(1.20128557085995,-24.1476749049815,-3.99526461958886));
#6648=CARTESIAN_POINT('Ctrl Pts',(1.21334180221276,-24.1476749049815,-3.95838314076045));
#6649=CARTESIAN_POINT('Ctrl Pts',(1.24456698675037,-24.1476749049815,-3.86286150147407));
#6650=CARTESIAN_POINT('Ctrl Pts',(1.32590989627054,-24.1476749049815,-3.80152491055095));
#6651=CARTESIAN_POINT('Ctrl Pts',(1.37584581971173,-24.1476749049815,-3.7638707458973));
#6652=CARTESIAN_POINT('',(1.26116380095486,-24.1476749049815,-4.13531854748727));
#6653=CARTESIAN_POINT('Ctrl Pts',(1.26116380095486,-24.1476749049815,-4.13531854748727));
#6654=CARTESIAN_POINT('Ctrl Pts',(1.24370154239279,-24.1476749049815,-4.11455150034121));
#6655=CARTESIAN_POINT('Ctrl Pts',(1.20950352215257,-24.1476749049815,-4.07388139480441));
#6656=CARTESIAN_POINT('Ctrl Pts',(1.20398581555288,-24.1476749049815,-4.021096426385));
#6657=CARTESIAN_POINT('Ctrl Pts',(1.20128557085995,-24.1476749049815,-3.99526461958886));
#6658=CARTESIAN_POINT('',(1.40223279595379,-24.1476749049815,-4.1962118446827));
#6659=CARTESIAN_POINT('Ctrl Pts',(1.40223279595379,-24.1476749049815,-4.1962118446827));
#6660=CARTESIAN_POINT('Ctrl Pts',(1.37591962837058,-24.1476749049815,-4.19353320260914));
#6661=CARTESIAN_POINT('Ctrl Pts',(1.32253337560367,-24.1476749049815,-4.18809855995888));
#6662=CARTESIAN_POINT('Ctrl Pts',(1.28181353241517,-24.1476749049815,-4.15307804949209));
#6663=CARTESIAN_POINT('Ctrl Pts',(1.26116380095486,-24.1476749049815,-4.13531854748727));
#6664=CARTESIAN_POINT('',(1.74932345747952,-24.1476749049815,-3.98511573672295));
#6665=CARTESIAN_POINT('Ctrl Pts',(1.74932345747952,-24.1476749049815,-3.98511573672295));
#6666=CARTESIAN_POINT('Ctrl Pts',(1.67828041041992,-24.1476749049815,-4.04363799123946));
#6667=CARTESIAN_POINT('Ctrl Pts',(1.57212856976527,-24.1476749049815,-4.13108138356715));
#6668=CARTESIAN_POINT('Ctrl Pts',(1.44445854190984,-24.1476749049815,-4.18002437725271));
#6669=CARTESIAN_POINT('Ctrl Pts',(1.40223279595379,-24.1476749049815,-4.1962118446827));
#6670=CARTESIAN_POINT('',(1.70669838786129,-24.1476749049815,-4.77063670754433));
#6671=CARTESIAN_POINT('Ctrl Pts',(1.70669838786129,-24.1476749049815,-4.77063670754433));
#6672=CARTESIAN_POINT('Ctrl Pts',(1.71959436065155,-24.1476749049815,-4.61900798837889));
#6673=CARTESIAN_POINT('Ctrl Pts',(1.74182911532647,-24.1476749049815,-4.35757541348529));
#6674=CARTESIAN_POINT('Ctrl Pts',(1.74710679015737,-24.1476749049815,-4.09528140269294));
#6675=CARTESIAN_POINT('Ctrl Pts',(1.74932345747952,-24.1476749049815,-3.98511573672295));
#6676=CARTESIAN_POINT('',(1.66001364588742,-24.1476749049815,-5.55412784218789));
#6677=CARTESIAN_POINT('Ctrl Pts',(1.66001364588742,-24.1476749049815,-5.55412784218789));
#6678=CARTESIAN_POINT('Ctrl Pts',(1.66300290497092,-24.1476749049815,-5.44582292651033));
#6679=CARTESIAN_POINT('Ctrl Pts',(1.67022404451448,-24.1476749049815,-5.18419123534122));
#6680=CARTESIAN_POINT('Ctrl Pts',(1.69322115121507,-24.1476749049815,-4.92344472890442));
#6681=CARTESIAN_POINT('Ctrl Pts',(1.70669838786129,-24.1476749049815,-4.77063670754433));
#6682=CARTESIAN_POINT('',(1.6772668063641,-24.1476749049815,-5.8403255045414));
#6683=CARTESIAN_POINT('Ctrl Pts',(1.6772668063641,-24.1476749049815,-5.8403255045414));
#6684=CARTESIAN_POINT('Ctrl Pts',(1.67228328212233,-24.1476749049815,-5.78471410472341));
#6685=CARTESIAN_POINT('Ctrl Pts',(1.6637484111673,-24.1476749049815,-5.68947304677964));
#6686=CARTESIAN_POINT('Ctrl Pts',(1.66111104846327,-24.1476749049815,-5.5938969213716));
#6687=CARTESIAN_POINT('Ctrl Pts',(1.66001364588742,-24.1476749049815,-5.55412784218789));
#6688=CARTESIAN_POINT('',(1.69451966881756,-24.1476749049815,-6.12855270504952));
#6689=CARTESIAN_POINT('Ctrl Pts',(1.69451966881756,-24.1476749049815,-6.12855270504952));
#6690=CARTESIAN_POINT('Ctrl Pts',(1.69343040915566,-24.1476749049815,-6.08827584972002));
#6691=CARTESIAN_POINT('Ctrl Pts',(1.69082730021554,-24.1476749049815,-5.99202236135916));
#6692=CARTESIAN_POINT('Ctrl Pts',(1.6822531440291,-24.1476749049815,-5.89610605052297));
#6693=CARTESIAN_POINT('Ctrl Pts',(1.6772668063641,-24.1476749049815,-5.8403255045414));
#6694=CARTESIAN_POINT('',(1.61129936575894,-24.1476749049815,-6.12449303269387));
#6695=CARTESIAN_POINT('',(1.61129936575894,-24.1476749049815,-6.12449303269387));
#6696=CARTESIAN_POINT('',(1.51387020945553,-24.1476749049815,-6.12246349453927));
#6697=CARTESIAN_POINT('',(1.51387020945553,-24.1476749049815,-6.12246349453927));
#6698=CARTESIAN_POINT('',(1.19519636034969,-24.1476749049815,-6.32747009396554));
#6699=CARTESIAN_POINT('Ctrl Pts',(1.19519636034969,-24.1476749049815,-6.32747009396554));
#6700=CARTESIAN_POINT('Ctrl Pts',(1.21555653782435,-24.1476749049815,-6.26810153578348));
#6701=CARTESIAN_POINT('Ctrl Pts',(1.26465629569939,-24.1476749049815,-6.12493078809439));
#6702=CARTESIAN_POINT('Ctrl Pts',(1.4218562808948,-24.1476749049815,-6.12337446042194));
#6703=CARTESIAN_POINT('Ctrl Pts',(1.51387020945553,-24.1476749049815,-6.12246349453927));
#6704=CARTESIAN_POINT('',(1.29871472716335,-24.1476749049815,-6.48173287510872));
#6705=CARTESIAN_POINT('Ctrl Pts',(1.29871472716335,-24.1476749049815,-6.48173287510872));
#6706=CARTESIAN_POINT('Ctrl Pts',(1.26852637181383,-24.1476749049815,-6.46573142646622));
#6707=CARTESIAN_POINT('Ctrl Pts',(1.20670958614496,-24.1476749049815,-6.43296521215371));
#6708=CARTESIAN_POINT('Ctrl Pts',(1.19909324534231,-24.1476749049815,-6.36317705830137));
#6709=CARTESIAN_POINT('Ctrl Pts',(1.19519636034969,-24.1476749049815,-6.32747009396554));
#6710=CARTESIAN_POINT('',(1.49763211607937,-24.1476749049815,-6.50000050663949));
#6711=CARTESIAN_POINT('Ctrl Pts',(1.49763211607937,-24.1476749049815,-6.50000050663949));
#6712=CARTESIAN_POINT('Ctrl Pts',(1.45720103660297,-24.1476749049815,-6.50011862258459));
#6713=CARTESIAN_POINT('Ctrl Pts',(1.39022858991566,-24.1476749049815,-6.50031427686687));
#6714=CARTESIAN_POINT('Ctrl Pts',(1.32468846232553,-24.1476749049815,-6.48700670350688));
#6715=CARTESIAN_POINT('Ctrl Pts',(1.29871472716335,-24.1476749049815,-6.48173287510872));
#6716=CARTESIAN_POINT('',(1.89952656626705,-24.1476749049815,-6.50203004479409));
#6717=CARTESIAN_POINT('',(1.89952656626705,-24.1476749049815,-6.50203004479409));
#6718=CARTESIAN_POINT('',(2.30345085263256,-24.1476749049815,-6.50203004479409));
#6719=CARTESIAN_POINT('',(2.30345085263256,-24.1476749049815,-6.50203004479409));
#6720=CARTESIAN_POINT('Ctrl Pts',(2.44451984763149,-24.1476749049815,-6.44722655415536));
#6721=CARTESIAN_POINT('Ctrl Pts',(2.42436005946554,-24.1476749049815,-6.46320839512993));
#6722=CARTESIAN_POINT('Ctrl Pts',(2.38304604389985,-24.1476749049815,-6.4959604271134));
#6723=CARTESIAN_POINT('Ctrl Pts',(2.33040494476102,-24.1476749049815,-6.49997463125032));
#6724=CARTESIAN_POINT('Ctrl Pts',(2.30345085263256,-24.1476749049815,-6.50203004479409));
#6725=CARTESIAN_POINT('Ctrl Pts',(2.50033840537075,-24.1476749049815,-6.30717232823372));
#6726=CARTESIAN_POINT('Ctrl Pts',(2.50033840537075,-24.4476749049815,-6.30717232823372));
#6727=CARTESIAN_POINT('Ctrl Pts',(2.49824613523638,-24.1476749049815,-6.33408693304434));
#6728=CARTESIAN_POINT('Ctrl Pts',(2.49824613523638,-24.4476749049815,-6.33408693304434));
#6729=CARTESIAN_POINT('Ctrl Pts',(2.49416046539387,-24.1476749049815,-6.38664429042919));
#6730=CARTESIAN_POINT('Ctrl Pts',(2.49416046539387,-24.4476749049815,-6.38664429042919));
#6731=CARTESIAN_POINT('Ctrl Pts',(2.4607976006881,-24.1476749049815,-6.4273609043509));
#6732=CARTESIAN_POINT('Ctrl Pts',(2.4607976006881,-24.4476749049815,-6.4273609043509));
#6733=CARTESIAN_POINT('Ctrl Pts',(2.44451984763149,-24.1476749049815,-6.44722655415536));
#6734=CARTESIAN_POINT('Ctrl Pts',(2.44451984763149,-24.4476749049815,-6.44722655415536));
#6735=CARTESIAN_POINT('',(2.44451984763149,-24.4476749049815,-6.44722655415536));
#6736=CARTESIAN_POINT('',(2.44451984763149,-24.4476749049815,-6.44722655415536));
#6737=CARTESIAN_POINT('',(2.50033840537075,-24.4476749049815,-6.30717232823372));
#6738=CARTESIAN_POINT('Ctrl Pts',(2.50033840537075,-24.4476749049815,-6.30717232823372));
#6739=CARTESIAN_POINT('Ctrl Pts',(2.49824613523638,-24.4476749049815,-6.33408693304434));
#6740=CARTESIAN_POINT('Ctrl Pts',(2.49416046539387,-24.4476749049815,-6.38664429042919));
#6741=CARTESIAN_POINT('Ctrl Pts',(2.4607976006881,-24.4476749049815,-6.4273609043509));
#6742=CARTESIAN_POINT('Ctrl Pts',(2.44451984763149,-24.4476749049815,-6.44722655415536));
#6743=CARTESIAN_POINT('',(2.50033840537075,-24.4476749049815,-6.30717232823372));
#6744=CARTESIAN_POINT('Ctrl Pts',(2.44451984763149,-24.1476749049815,-6.16813316941262));
#6745=CARTESIAN_POINT('Ctrl Pts',(2.44451984763149,-24.4476749049815,-6.16813316941262));
#6746=CARTESIAN_POINT('Ctrl Pts',(2.46079925220367,-24.1476749049815,-6.18808121415635));
#6747=CARTESIAN_POINT('Ctrl Pts',(2.46079925220367,-24.4476749049815,-6.18808121415635));
#6748=CARTESIAN_POINT('Ctrl Pts',(2.49384818729214,-24.1476749049815,-6.22857788176816));
#6749=CARTESIAN_POINT('Ctrl Pts',(2.49384818729214,-24.4476749049815,-6.22857788176816));
#6750=CARTESIAN_POINT('Ctrl Pts',(2.49815371524019,-24.1476749049815,-6.28071643577666));
#6751=CARTESIAN_POINT('Ctrl Pts',(2.49815371524019,-24.4476749049815,-6.28071643577666));
#6752=CARTESIAN_POINT('Ctrl Pts',(2.50033840537075,-24.1476749049815,-6.30717232823372));
#6753=CARTESIAN_POINT('Ctrl Pts',(2.50033840537075,-24.4476749049815,-6.30717232823372));
#6754=CARTESIAN_POINT('',(2.44451984763149,-24.4476749049815,-6.16813316941262));
#6755=CARTESIAN_POINT('Ctrl Pts',(2.44451984763149,-24.4476749049815,-6.16813316941262));
#6756=CARTESIAN_POINT('Ctrl Pts',(2.46079925220367,-24.4476749049815,-6.18808121415635));
#6757=CARTESIAN_POINT('Ctrl Pts',(2.49384818729214,-24.4476749049815,-6.22857788176816));
#6758=CARTESIAN_POINT('Ctrl Pts',(2.49815371524019,-24.4476749049815,-6.28071643577666));
#6759=CARTESIAN_POINT('Ctrl Pts',(2.50033840537075,-24.4476749049815,-6.30717232823372));
#6760=CARTESIAN_POINT('',(2.44451984763149,-24.4476749049815,-6.16813316941262));
#6761=CARTESIAN_POINT('Ctrl Pts',(2.30345085263256,-24.1476749049815,-6.11231461167336));
#6762=CARTESIAN_POINT('Ctrl Pts',(2.30345085263256,-24.4476749049815,-6.11231461167336));
#6763=CARTESIAN_POINT('Ctrl Pts',(2.33043039058722,-24.1476749049815,-6.11443293504061));
#6764=CARTESIAN_POINT('Ctrl Pts',(2.33043039058722,-24.4476749049815,-6.11443293504061));
#6765=CARTESIAN_POINT('Ctrl Pts',(2.38324938166784,-24.1476749049815,-6.11858006696069));
#6766=CARTESIAN_POINT('Ctrl Pts',(2.38324938166784,-24.4476749049815,-6.11858006696069));
#6767=CARTESIAN_POINT('Ctrl Pts',(2.42439237944619,-24.1476749049815,-6.15185487811194));
#6768=CARTESIAN_POINT('Ctrl Pts',(2.42439237944619,-24.4476749049815,-6.15185487811194));
#6769=CARTESIAN_POINT('Ctrl Pts',(2.44451984763149,-24.1476749049815,-6.16813316941262));
#6770=CARTESIAN_POINT('Ctrl Pts',(2.44451984763149,-24.4476749049815,-6.16813316941262));
#6771=CARTESIAN_POINT('',(2.30345085263256,-24.4476749049815,-6.11231461167336));
#6772=CARTESIAN_POINT('Ctrl Pts',(2.30345085263256,-24.4476749049815,-6.11231461167336));
#6773=CARTESIAN_POINT('Ctrl Pts',(2.33043039058722,-24.4476749049815,-6.11443293504061));
#6774=CARTESIAN_POINT('Ctrl Pts',(2.38324938166784,-24.4476749049815,-6.11858006696069));
#6775=CARTESIAN_POINT('Ctrl Pts',(2.42439237944619,-24.4476749049815,-6.15185487811194));
#6776=CARTESIAN_POINT('Ctrl Pts',(2.44451984763149,-24.4476749049815,-6.16813316941262));
#6777=CARTESIAN_POINT('',(2.30345085263256,-24.4476749049815,-6.11231461167336));
#6778=CARTESIAN_POINT('Origin',(2.19688788056378,-24.4476749049815,-6.11434444785119));
#6779=CARTESIAN_POINT('',(2.09032490849499,-24.4476749049815,-6.11637428402901));
#6780=CARTESIAN_POINT('',(3.65695950422133,-24.4476749049815,-6.08653266533067));
#6781=CARTESIAN_POINT('',(2.09032490849499,-24.4476749049815,-6.11637428402901));
#6782=CARTESIAN_POINT('Ctrl Pts',(2.072056978941,-24.1476749049815,-5.8403255045414));
#6783=CARTESIAN_POINT('Ctrl Pts',(2.072056978941,-24.4476749049815,-5.8403255045414));
#6784=CARTESIAN_POINT('Ctrl Pts',(2.07681389390459,-24.1476749049815,-5.89137421640207));
#6785=CARTESIAN_POINT('Ctrl Pts',(2.07681389390459,-24.4476749049815,-5.89137421640207));
#6786=CARTESIAN_POINT('Ctrl Pts',(2.08537356754331,-24.1476749049815,-5.98323213619878));
#6787=CARTESIAN_POINT('Ctrl Pts',(2.08537356754331,-24.4476749049815,-5.98323213619878));
#6788=CARTESIAN_POINT('Ctrl Pts',(2.08880184618172,-24.1476749049815,-6.07541895704854));
#6789=CARTESIAN_POINT('Ctrl Pts',(2.08880184618172,-24.4476749049815,-6.07541895704854));
#6790=CARTESIAN_POINT('Ctrl Pts',(2.09032490849499,-24.1476749049815,-6.11637428402901));
#6791=CARTESIAN_POINT('Ctrl Pts',(2.09032490849499,-24.4476749049815,-6.11637428402901));
#6792=CARTESIAN_POINT('',(2.072056978941,-24.4476749049815,-5.8403255045414));
#6793=CARTESIAN_POINT('Ctrl Pts',(2.072056978941,-24.4476749049815,-5.8403255045414));
#6794=CARTESIAN_POINT('Ctrl Pts',(2.07681389390459,-24.4476749049815,-5.89137421640207));
#6795=CARTESIAN_POINT('Ctrl Pts',(2.08537356754331,-24.4476749049815,-5.98323213619878));
#6796=CARTESIAN_POINT('Ctrl Pts',(2.08880184618172,-24.4476749049815,-6.07541895704854));
#6797=CARTESIAN_POINT('Ctrl Pts',(2.09032490849499,-24.4476749049815,-6.11637428402901));
#6798=CARTESIAN_POINT('',(2.072056978941,-24.4476749049815,-5.8403255045414));
#6799=CARTESIAN_POINT('Ctrl Pts',(2.05581888556484,-24.1476749049815,-5.55412784218789));
#6800=CARTESIAN_POINT('Ctrl Pts',(2.05581888556484,-24.4476749049815,-5.55412784218789));
#6801=CARTESIAN_POINT('Ctrl Pts',(2.05670865126742,-24.1476749049815,-5.59762401115396));
#6802=CARTESIAN_POINT('Ctrl Pts',(2.05670865126742,-24.4476749049815,-5.59762401115396));
#6803=CARTESIAN_POINT('Ctrl Pts',(2.05866401847861,-24.1476749049815,-5.69321207704888));
#6804=CARTESIAN_POINT('Ctrl Pts',(2.05866401847861,-24.4476749049815,-5.69321207704888));
#6805=CARTESIAN_POINT('Ctrl Pts',(2.06733281255689,-24.1476749049815,-5.78843344447273));
#6806=CARTESIAN_POINT('Ctrl Pts',(2.06733281255689,-24.4476749049815,-5.78843344447273));
#6807=CARTESIAN_POINT('Ctrl Pts',(2.072056978941,-24.1476749049815,-5.8403255045414));
#6808=CARTESIAN_POINT('Ctrl Pts',(2.072056978941,-24.4476749049815,-5.8403255045414));
#6809=CARTESIAN_POINT('',(2.05581888556484,-24.4476749049815,-5.55412784218789));
#6810=CARTESIAN_POINT('Ctrl Pts',(2.05581888556484,-24.4476749049815,-5.55412784218789));
#6811=CARTESIAN_POINT('Ctrl Pts',(2.05670865126742,-24.4476749049815,-5.59762401115396));
#6812=CARTESIAN_POINT('Ctrl Pts',(2.05866401847861,-24.4476749049815,-5.69321207704888));
#6813=CARTESIAN_POINT('Ctrl Pts',(2.06733281255689,-24.4476749049815,-5.78843344447273));
#6814=CARTESIAN_POINT('Ctrl Pts',(2.072056978941,-24.4476749049815,-5.8403255045414));
#6815=CARTESIAN_POINT('',(2.05581888556484,-24.4476749049815,-5.55412784218789));
#6816=CARTESIAN_POINT('Ctrl Pts',(2.10453316569332,-24.1476749049815,-4.86603572964669));
#6817=CARTESIAN_POINT('Ctrl Pts',(2.10453316569332,-24.4476749049815,-4.86603572964669));
#6818=CARTESIAN_POINT('Ctrl Pts',(2.0904630527651,-24.1476749049815,-4.99970527668982));
#6819=CARTESIAN_POINT('Ctrl Pts',(2.0904630527651,-24.4476749049815,-4.99970527668982));
#6820=CARTESIAN_POINT('Ctrl Pts',(2.06637521898566,-24.1476749049815,-5.22854564541843));
#6821=CARTESIAN_POINT('Ctrl Pts',(2.06637521898566,-24.4476749049815,-5.22854564541843));
#6822=CARTESIAN_POINT('Ctrl Pts',(2.05891956528014,-24.1476749049815,-5.45849557358286));
#6823=CARTESIAN_POINT('Ctrl Pts',(2.05891956528014,-24.4476749049815,-5.45849557358286));
#6824=CARTESIAN_POINT('Ctrl Pts',(2.05581888556484,-24.1476749049815,-5.55412784218789));
#6825=CARTESIAN_POINT('Ctrl Pts',(2.05581888556484,-24.4476749049815,-5.55412784218789));
#6826=CARTESIAN_POINT('',(2.10453316569332,-24.4476749049815,-4.86603572964669));
#6827=CARTESIAN_POINT('Ctrl Pts',(2.10453316569332,-24.4476749049815,-4.86603572964669));
#6828=CARTESIAN_POINT('Ctrl Pts',(2.0904630527651,-24.4476749049815,-4.99970527668982));
#6829=CARTESIAN_POINT('Ctrl Pts',(2.06637521898566,-24.4476749049815,-5.22854564541843));
#6830=CARTESIAN_POINT('Ctrl Pts',(2.05891956528014,-24.4476749049815,-5.45849557358286));
#6831=CARTESIAN_POINT('Ctrl Pts',(2.05581888556484,-24.4476749049815,-5.55412784218789));
#6832=CARTESIAN_POINT('',(2.10453316569332,-24.4476749049815,-4.86603572964669));
#6833=CARTESIAN_POINT('Ctrl Pts',(2.15324774384503,-24.1476749049815,-4.17591407895089));
#6834=CARTESIAN_POINT('Ctrl Pts',(2.15324774384503,-24.4476749049815,-4.17591407895089));
#6835=CARTESIAN_POINT('Ctrl Pts',(2.15015664334521,-24.1476749049815,-4.27205425682275));
#6836=CARTESIAN_POINT('Ctrl Pts',(2.15015664334521,-24.4476749049815,-4.27205425682275));
#6837=CARTESIAN_POINT('Ctrl Pts',(2.14274149934878,-24.1476749049815,-4.50268191283224));
#6838=CARTESIAN_POINT('Ctrl Pts',(2.14274149934878,-24.4476749049815,-4.50268191283224));
#6839=CARTESIAN_POINT('Ctrl Pts',(2.11860692478076,-24.1476749049815,-4.73219701981286));
#6840=CARTESIAN_POINT('Ctrl Pts',(2.11860692478076,-24.4476749049815,-4.73219701981286));
#6841=CARTESIAN_POINT('Ctrl Pts',(2.10453316569332,-24.1476749049815,-4.86603572964669));
#6842=CARTESIAN_POINT('Ctrl Pts',(2.10453316569332,-24.4476749049815,-4.86603572964669));
#6843=CARTESIAN_POINT('',(2.15324774384503,-24.4476749049815,-4.17591407895089));
#6844=CARTESIAN_POINT('Ctrl Pts',(2.15324774384503,-24.4476749049815,-4.17591407895089));
#6845=CARTESIAN_POINT('Ctrl Pts',(2.15015664334521,-24.4476749049815,-4.27205425682275));
#6846=CARTESIAN_POINT('Ctrl Pts',(2.14274149934878,-24.4476749049815,-4.50268191283224));
#6847=CARTESIAN_POINT('Ctrl Pts',(2.11860692478076,-24.4476749049815,-4.73219701981286));
#6848=CARTESIAN_POINT('Ctrl Pts',(2.10453316569332,-24.4476749049815,-4.86603572964669));
#6849=CARTESIAN_POINT('',(2.15324774384503,-24.4476749049815,-4.17591407895089));
#6850=CARTESIAN_POINT('Ctrl Pts',(2.14614376425747,-24.1476749049815,-3.97293701767922));
#6851=CARTESIAN_POINT('Ctrl Pts',(2.14614376425747,-24.4476749049815,-3.97293701767922));
#6852=CARTESIAN_POINT('Ctrl Pts',(2.14819508635277,-24.1476749049815,-4.01250840469569));
#6853=CARTESIAN_POINT('Ctrl Pts',(2.14819508635277,-24.4476749049815,-4.01250840469569));
#6854=CARTESIAN_POINT('Ctrl Pts',(2.15170048567101,-24.1476749049815,-4.08012992224634));
#6855=CARTESIAN_POINT('Ctrl Pts',(2.15170048567101,-24.4476749049815,-4.08012992224634));
#6856=CARTESIAN_POINT('Ctrl Pts',(2.15279410063285,-24.1476749049815,-4.1478309618263));
#6857=CARTESIAN_POINT('Ctrl Pts',(2.15279410063285,-24.4476749049815,-4.1478309618263));
#6858=CARTESIAN_POINT('Ctrl Pts',(2.15324774384503,-24.1476749049815,-4.17591407895089));
#6859=CARTESIAN_POINT('Ctrl Pts',(2.15324774384503,-24.4476749049815,-4.17591407895089));
#6860=CARTESIAN_POINT('',(2.14614376425747,-24.4476749049815,-3.97293701767922));
#6861=CARTESIAN_POINT('Ctrl Pts',(2.14614376425747,-24.4476749049815,-3.97293701767922));
#6862=CARTESIAN_POINT('Ctrl Pts',(2.14819508635277,-24.4476749049815,-4.01250840469569));
#6863=CARTESIAN_POINT('Ctrl Pts',(2.15170048567101,-24.4476749049815,-4.08012992224634));
#6864=CARTESIAN_POINT('Ctrl Pts',(2.15279410063285,-24.4476749049815,-4.1478309618263));
#6865=CARTESIAN_POINT('Ctrl Pts',(2.15324774384503,-24.4476749049815,-4.17591407895089));
#6866=CARTESIAN_POINT('',(2.14614376425747,-24.4476749049815,-3.97293701767922));
#6867=CARTESIAN_POINT('Ctrl Pts',(2.13903948664669,-24.1476749049815,-3.76996025443078));
#6868=CARTESIAN_POINT('Ctrl Pts',(2.13903948664669,-24.4476749049815,-3.76996025443078));
#6869=CARTESIAN_POINT('Ctrl Pts',(2.13949325098792,-24.1476749049815,-3.79804327174588));
#6870=CARTESIAN_POINT('Ctrl Pts',(2.13949325098792,-24.4476749049815,-3.79804327174588));
#6871=CARTESIAN_POINT('Ctrl Pts',(2.14058716017625,-24.1476749049815,-3.86574420786197));
#6872=CARTESIAN_POINT('Ctrl Pts',(2.14058716017625,-24.4476749049815,-3.86574420786197));
#6873=CARTESIAN_POINT('Ctrl Pts',(2.1440924836184,-24.1476749049815,-3.93336562979336));
#6874=CARTESIAN_POINT('Ctrl Pts',(2.1440924836184,-24.4476749049815,-3.93336562979336));
#6875=CARTESIAN_POINT('Ctrl Pts',(2.14614376425747,-24.1476749049815,-3.97293701767922));
#6876=CARTESIAN_POINT('Ctrl Pts',(2.14614376425747,-24.4476749049815,-3.97293701767922));
#6877=CARTESIAN_POINT('',(2.13903948664669,-24.4476749049815,-3.76996025443078));
#6878=CARTESIAN_POINT('Ctrl Pts',(2.13903948664669,-24.4476749049815,-3.76996025443078));
#6879=CARTESIAN_POINT('Ctrl Pts',(2.13949325098792,-24.4476749049815,-3.79804327174588));
#6880=CARTESIAN_POINT('Ctrl Pts',(2.14058716017625,-24.4476749049815,-3.86574420786197));
#6881=CARTESIAN_POINT('Ctrl Pts',(2.1440924836184,-24.4476749049815,-3.93336562979336));
#6882=CARTESIAN_POINT('Ctrl Pts',(2.14614376425747,-24.4476749049815,-3.97293701767922));
#6883=CARTESIAN_POINT('',(2.13903948664669,-24.4476749049815,-3.76996025443078));
#6884=CARTESIAN_POINT('Ctrl Pts',(2.1512179076672,-24.1476749049815,-3.63092079758645));
#6885=CARTESIAN_POINT('Ctrl Pts',(2.1512179076672,-24.4476749049815,-3.63092079758645));
#6886=CARTESIAN_POINT('Ctrl Pts',(2.14769968665307,-24.1476749049815,-3.65786074925458));
#6887=CARTESIAN_POINT('Ctrl Pts',(2.14769968665307,-24.4476749049815,-3.65786074925458));
#6888=CARTESIAN_POINT('Ctrl Pts',(2.14166832908999,-24.1476749049815,-3.70404445419808));
#6889=CARTESIAN_POINT('Ctrl Pts',(2.14166832908999,-24.4476749049815,-3.70404445419808));
#6890=CARTESIAN_POINT('Ctrl Pts',(2.13981269099783,-24.1476749049815,-3.75057286829111));
#6891=CARTESIAN_POINT('Ctrl Pts',(2.13981269099783,-24.4476749049815,-3.75057286829111));
#6892=CARTESIAN_POINT('Ctrl Pts',(2.13903948664669,-24.1476749049815,-3.76996025443078));
#6893=CARTESIAN_POINT('Ctrl Pts',(2.13903948664669,-24.4476749049815,-3.76996025443078));
#6894=CARTESIAN_POINT('',(2.1512179076672,-24.4476749049815,-3.63092079758645));
#6895=CARTESIAN_POINT('Ctrl Pts',(2.1512179076672,-24.4476749049815,-3.63092079758645));
#6896=CARTESIAN_POINT('Ctrl Pts',(2.14769968665307,-24.4476749049815,-3.65786074925458));
#6897=CARTESIAN_POINT('Ctrl Pts',(2.14166832908999,-24.4476749049815,-3.70404445419808));
#6898=CARTESIAN_POINT('Ctrl Pts',(2.13981269099783,-24.4476749049815,-3.75057286829111));
#6899=CARTESIAN_POINT('Ctrl Pts',(2.13903948664669,-24.4476749049815,-3.76996025443078));
#6900=CARTESIAN_POINT('',(2.1512179076672,-24.4476749049815,-3.63092079758645));
#6901=CARTESIAN_POINT('Ctrl Pts',(2.16339662671093,-24.1476749049815,-3.49188163876534));
#6902=CARTESIAN_POINT('Ctrl Pts',(2.16339662671093,-24.4476749049815,-3.49188163876534));
#6903=CARTESIAN_POINT('Ctrl Pts',(2.16262329944258,-24.1476749049815,-3.51126892427255));
#6904=CARTESIAN_POINT('Ctrl Pts',(2.16262329944258,-24.4476749049815,-3.51126892427255));
#6905=CARTESIAN_POINT('Ctrl Pts',(2.16076736110983,-24.1476749049815,-3.55779722841192));
#6906=CARTESIAN_POINT('Ctrl Pts',(2.16076736110983,-24.4476749049815,-3.55779722841192));
#6907=CARTESIAN_POINT('Ctrl Pts',(2.15473608706756,-24.1476749049815,-3.60398084376644));
#6908=CARTESIAN_POINT('Ctrl Pts',(2.15473608706756,-24.4476749049815,-3.60398084376644));
#6909=CARTESIAN_POINT('Ctrl Pts',(2.1512179076672,-24.1476749049815,-3.63092079758645));
#6910=CARTESIAN_POINT('Ctrl Pts',(2.1512179076672,-24.4476749049815,-3.63092079758645));
#6911=CARTESIAN_POINT('',(2.16339662671093,-24.4476749049815,-3.49188163876534));
#6912=CARTESIAN_POINT('Ctrl Pts',(2.16339662671093,-24.4476749049815,-3.49188163876534));
#6913=CARTESIAN_POINT('Ctrl Pts',(2.16262329944258,-24.4476749049815,-3.51126892427255));
#6914=CARTESIAN_POINT('Ctrl Pts',(2.16076736110983,-24.4476749049815,-3.55779722841192));
#6915=CARTESIAN_POINT('Ctrl Pts',(2.15473608706756,-24.4476749049815,-3.60398084376644));
#6916=CARTESIAN_POINT('Ctrl Pts',(2.1512179076672,-24.4476749049815,-3.63092079758645));
#6917=CARTESIAN_POINT('',(2.16339662671093,-24.4476749049815,-3.49188163876534));
#6918=CARTESIAN_POINT('Ctrl Pts',(2.02740207314495,-24.1476749049815,-3.33558931946755));
#6919=CARTESIAN_POINT('Ctrl Pts',(2.02740207314495,-24.4476749049815,-3.33558931946755));
#6920=CARTESIAN_POINT('Ctrl Pts',(2.06703419986608,-24.1476749049815,-3.34343231231938));
#6921=CARTESIAN_POINT('Ctrl Pts',(2.06703419986608,-24.4476749049815,-3.34343231231938));
#6922=CARTESIAN_POINT('Ctrl Pts',(2.15095234582121,-24.1476749049815,-3.36003927927567));
#6923=CARTESIAN_POINT('Ctrl Pts',(2.15095234582121,-24.4476749049815,-3.36003927927567));
#6924=CARTESIAN_POINT('Ctrl Pts',(2.15909795465123,-24.1476749049815,-3.44633886517759));
#6925=CARTESIAN_POINT('Ctrl Pts',(2.15909795465123,-24.4476749049815,-3.44633886517759));
#6926=CARTESIAN_POINT('Ctrl Pts',(2.16339662671093,-24.1476749049815,-3.49188163876534));
#6927=CARTESIAN_POINT('Ctrl Pts',(2.16339662671093,-24.4476749049815,-3.49188163876534));
#6928=CARTESIAN_POINT('',(2.02740207314495,-24.4476749049815,-3.33558931946755));
#6929=CARTESIAN_POINT('Ctrl Pts',(2.02740207314495,-24.4476749049815,-3.33558931946755));
#6930=CARTESIAN_POINT('Ctrl Pts',(2.06703419986608,-24.4476749049815,-3.34343231231938));
#6931=CARTESIAN_POINT('Ctrl Pts',(2.15095234582121,-24.4476749049815,-3.36003927927567));
#6932=CARTESIAN_POINT('Ctrl Pts',(2.15909795465123,-24.4476749049815,-3.44633886517759));
#6933=CARTESIAN_POINT('Ctrl Pts',(2.16339662671093,-24.4476749049815,-3.49188163876534));
#6934=CARTESIAN_POINT('',(2.02740207314495,-24.4476749049815,-3.33558931946755));
#6935=CARTESIAN_POINT('Ctrl Pts',(1.68640062212948,-24.1476749049815,-3.51623907685281));
#6936=CARTESIAN_POINT('Ctrl Pts',(1.68640062212948,-24.4476749049815,-3.51623907685281));
#6937=CARTESIAN_POINT('Ctrl Pts',(1.74096479292877,-24.1476749049815,-3.46381063278861));
#6938=CARTESIAN_POINT('Ctrl Pts',(1.74096479292877,-24.4476749049815,-3.46381063278861));
#6939=CARTESIAN_POINT('Ctrl Pts',(1.83811430120822,-24.1476749049815,-3.37046370776285));
#6940=CARTESIAN_POINT('Ctrl Pts',(1.83811430120822,-24.4476749049815,-3.37046370776285));
#6941=CARTESIAN_POINT('Ctrl Pts',(1.96971507599707,-24.1476749049815,-3.34621757462392));
#6942=CARTESIAN_POINT('Ctrl Pts',(1.96971507599707,-24.4476749049815,-3.34621757462392));
#6943=CARTESIAN_POINT('Ctrl Pts',(2.02740207314495,-24.1476749049815,-3.33558931946755));
#6944=CARTESIAN_POINT('Ctrl Pts',(2.02740207314495,-24.4476749049815,-3.33558931946755));
#6945=CARTESIAN_POINT('',(1.68640062212948,-24.4476749049815,-3.51623907685281));
#6946=CARTESIAN_POINT('Ctrl Pts',(1.68640062212948,-24.4476749049815,-3.51623907685281));
#6947=CARTESIAN_POINT('Ctrl Pts',(1.74096479292877,-24.4476749049815,-3.46381063278861));
#6948=CARTESIAN_POINT('Ctrl Pts',(1.83811430120822,-24.4476749049815,-3.37046370776285));
#6949=CARTESIAN_POINT('Ctrl Pts',(1.96971507599707,-24.4476749049815,-3.34621757462392));
#6950=CARTESIAN_POINT('Ctrl Pts',(2.02740207314495,-24.4476749049815,-3.33558931946755));
#6951=CARTESIAN_POINT('',(1.68640062212948,-24.4476749049815,-3.51623907685281));
#6952=CARTESIAN_POINT('Ctrl Pts',(1.37584581971173,-24.1476749049815,-3.7638707458973));
#6953=CARTESIAN_POINT('Ctrl Pts',(1.37584581971173,-24.4476749049815,-3.7638707458973));
#6954=CARTESIAN_POINT('Ctrl Pts',(1.42029213606024,-24.1476749049815,-3.73075698771429));
#6955=CARTESIAN_POINT('Ctrl Pts',(1.42029213606024,-24.4476749049815,-3.73075698771429));
#6956=CARTESIAN_POINT('Ctrl Pts',(1.52650970138272,-24.1476749049815,-3.65162190832331));
#6957=CARTESIAN_POINT('Ctrl Pts',(1.52650970138272,-24.4476749049815,-3.65162190832331));
#6958=CARTESIAN_POINT('Ctrl Pts',(1.6276070535488,-24.1476749049815,-3.56602076395256));
#6959=CARTESIAN_POINT('Ctrl Pts',(1.6276070535488,-24.4476749049815,-3.56602076395256));
#6960=CARTESIAN_POINT('Ctrl Pts',(1.68640062212948,-24.1476749049815,-3.51623907685281));
#6961=CARTESIAN_POINT('Ctrl Pts',(1.68640062212948,-24.4476749049815,-3.51623907685281));
#6962=CARTESIAN_POINT('',(1.37584581971173,-24.4476749049815,-3.7638707458973));
#6963=CARTESIAN_POINT('Ctrl Pts',(1.37584581971173,-24.4476749049815,-3.7638707458973));
#6964=CARTESIAN_POINT('Ctrl Pts',(1.42029213606024,-24.4476749049815,-3.73075698771429));
#6965=CARTESIAN_POINT('Ctrl Pts',(1.52650970138272,-24.4476749049815,-3.65162190832331));
#6966=CARTESIAN_POINT('Ctrl Pts',(1.6276070535488,-24.4476749049815,-3.56602076395256));
#6967=CARTESIAN_POINT('Ctrl Pts',(1.68640062212948,-24.4476749049815,-3.51623907685281));
#6968=CARTESIAN_POINT('',(1.37584581971173,-24.4476749049815,-3.7638707458973));
#6969=CARTESIAN_POINT('Ctrl Pts',(1.20128557085995,-24.1476749049815,-3.99526461958886));
#6970=CARTESIAN_POINT('Ctrl Pts',(1.20128557085995,-24.4476749049815,-3.99526461958886));
#6971=CARTESIAN_POINT('Ctrl Pts',(1.21334180221276,-24.1476749049815,-3.95838314076045));
#6972=CARTESIAN_POINT('Ctrl Pts',(1.21334180221276,-24.4476749049815,-3.95838314076045));
#6973=CARTESIAN_POINT('Ctrl Pts',(1.24456698675037,-24.1476749049815,-3.86286150147407));
#6974=CARTESIAN_POINT('Ctrl Pts',(1.24456698675036,-24.4476749049815,-3.86286150147407));
#6975=CARTESIAN_POINT('Ctrl Pts',(1.32590989627054,-24.1476749049815,-3.80152491055095));
#6976=CARTESIAN_POINT('Ctrl Pts',(1.32590989627054,-24.4476749049815,-3.80152491055095));
#6977=CARTESIAN_POINT('Ctrl Pts',(1.37584581971173,-24.1476749049815,-3.7638707458973));
#6978=CARTESIAN_POINT('Ctrl Pts',(1.37584581971173,-24.4476749049815,-3.7638707458973));
#6979=CARTESIAN_POINT('',(1.20128557085995,-24.4476749049815,-3.99526461958886));
#6980=CARTESIAN_POINT('Ctrl Pts',(1.20128557085995,-24.4476749049815,-3.99526461958886));
#6981=CARTESIAN_POINT('Ctrl Pts',(1.21334180221276,-24.4476749049815,-3.95838314076045));
#6982=CARTESIAN_POINT('Ctrl Pts',(1.24456698675036,-24.4476749049815,-3.86286150147407));
#6983=CARTESIAN_POINT('Ctrl Pts',(1.32590989627054,-24.4476749049815,-3.80152491055095));
#6984=CARTESIAN_POINT('Ctrl Pts',(1.37584581971173,-24.4476749049815,-3.7638707458973));
#6985=CARTESIAN_POINT('',(1.20128557085995,-24.4476749049815,-3.99526461958886));
#6986=CARTESIAN_POINT('Ctrl Pts',(1.26116380095486,-24.1476749049815,-4.13531854748727));
#6987=CARTESIAN_POINT('Ctrl Pts',(1.26116380095486,-24.4476749049815,-4.13531854748727));
#6988=CARTESIAN_POINT('Ctrl Pts',(1.24370154239279,-24.1476749049815,-4.11455150034121));
#6989=CARTESIAN_POINT('Ctrl Pts',(1.24370154239279,-24.4476749049815,-4.11455150034121));
#6990=CARTESIAN_POINT('Ctrl Pts',(1.20950352215257,-24.1476749049815,-4.07388139480441));
#6991=CARTESIAN_POINT('Ctrl Pts',(1.20950352215257,-24.4476749049815,-4.07388139480441));
#6992=CARTESIAN_POINT('Ctrl Pts',(1.20398581555288,-24.1476749049815,-4.021096426385));
#6993=CARTESIAN_POINT('Ctrl Pts',(1.20398581555288,-24.4476749049815,-4.021096426385));
#6994=CARTESIAN_POINT('Ctrl Pts',(1.20128557085995,-24.1476749049815,-3.99526461958886));
#6995=CARTESIAN_POINT('Ctrl Pts',(1.20128557085995,-24.4476749049815,-3.99526461958886));
#6996=CARTESIAN_POINT('',(1.26116380095486,-24.4476749049815,-4.13531854748727));
#6997=CARTESIAN_POINT('Ctrl Pts',(1.26116380095486,-24.4476749049815,-4.13531854748727));
#6998=CARTESIAN_POINT('Ctrl Pts',(1.24370154239279,-24.4476749049815,-4.11455150034121));
#6999=CARTESIAN_POINT('Ctrl Pts',(1.20950352215257,-24.4476749049815,-4.07388139480441));
#7000=CARTESIAN_POINT('Ctrl Pts',(1.20398581555288,-24.4476749049815,-4.021096426385));
#7001=CARTESIAN_POINT('Ctrl Pts',(1.20128557085995,-24.4476749049815,-3.99526461958886));
#7002=CARTESIAN_POINT('',(1.26116380095486,-24.4476749049815,-4.13531854748727));
#7003=CARTESIAN_POINT('Ctrl Pts',(1.40223279595379,-24.1476749049815,-4.1962118446827));
#7004=CARTESIAN_POINT('Ctrl Pts',(1.40223279595379,-24.4476749049815,-4.1962118446827));
#7005=CARTESIAN_POINT('Ctrl Pts',(1.37591962837058,-24.1476749049815,-4.19353320260914));
#7006=CARTESIAN_POINT('Ctrl Pts',(1.37591962837058,-24.4476749049815,-4.19353320260914));
#7007=CARTESIAN_POINT('Ctrl Pts',(1.32253337560367,-24.1476749049815,-4.18809855995888));
#7008=CARTESIAN_POINT('Ctrl Pts',(1.32253337560367,-24.4476749049815,-4.18809855995888));
#7009=CARTESIAN_POINT('Ctrl Pts',(1.28181353241517,-24.1476749049815,-4.15307804949209));
#7010=CARTESIAN_POINT('Ctrl Pts',(1.28181353241517,-24.4476749049815,-4.15307804949209));
#7011=CARTESIAN_POINT('Ctrl Pts',(1.26116380095486,-24.1476749049815,-4.13531854748727));
#7012=CARTESIAN_POINT('Ctrl Pts',(1.26116380095486,-24.4476749049815,-4.13531854748727));
#7013=CARTESIAN_POINT('',(1.40223279595379,-24.4476749049815,-4.1962118446827));
#7014=CARTESIAN_POINT('Ctrl Pts',(1.40223279595379,-24.4476749049815,-4.1962118446827));
#7015=CARTESIAN_POINT('Ctrl Pts',(1.37591962837058,-24.4476749049815,-4.19353320260914));
#7016=CARTESIAN_POINT('Ctrl Pts',(1.32253337560367,-24.4476749049815,-4.18809855995888));
#7017=CARTESIAN_POINT('Ctrl Pts',(1.28181353241517,-24.4476749049815,-4.15307804949209));
#7018=CARTESIAN_POINT('Ctrl Pts',(1.26116380095486,-24.4476749049815,-4.13531854748727));
#7019=CARTESIAN_POINT('',(1.40223279595379,-24.4476749049815,-4.1962118446827));
#7020=CARTESIAN_POINT('Ctrl Pts',(1.74932345747952,-24.1476749049815,-3.98511573672295));
#7021=CARTESIAN_POINT('Ctrl Pts',(1.74932345747952,-24.4476749049815,-3.98511573672295));
#7022=CARTESIAN_POINT('Ctrl Pts',(1.67828041041992,-24.1476749049815,-4.04363799123946));
#7023=CARTESIAN_POINT('Ctrl Pts',(1.67828041041992,-24.4476749049815,-4.04363799123946));
#7024=CARTESIAN_POINT('Ctrl Pts',(1.57212856976527,-24.1476749049815,-4.13108138356715));
#7025=CARTESIAN_POINT('Ctrl Pts',(1.57212856976527,-24.4476749049815,-4.13108138356715));
#7026=CARTESIAN_POINT('Ctrl Pts',(1.44445854190984,-24.1476749049815,-4.18002437725271));
#7027=CARTESIAN_POINT('Ctrl Pts',(1.44445854190984,-24.4476749049815,-4.18002437725271));
#7028=CARTESIAN_POINT('Ctrl Pts',(1.40223279595379,-24.1476749049815,-4.1962118446827));
#7029=CARTESIAN_POINT('Ctrl Pts',(1.40223279595379,-24.4476749049815,-4.1962118446827));
#7030=CARTESIAN_POINT('',(1.74932345747952,-24.4476749049815,-3.98511573672295));
#7031=CARTESIAN_POINT('Ctrl Pts',(1.74932345747952,-24.4476749049815,-3.98511573672295));
#7032=CARTESIAN_POINT('Ctrl Pts',(1.67828041041992,-24.4476749049815,-4.04363799123946));
#7033=CARTESIAN_POINT('Ctrl Pts',(1.57212856976527,-24.4476749049815,-4.13108138356715));
#7034=CARTESIAN_POINT('Ctrl Pts',(1.44445854190984,-24.4476749049815,-4.18002437725271));
#7035=CARTESIAN_POINT('Ctrl Pts',(1.40223279595379,-24.4476749049815,-4.1962118446827));
#7036=CARTESIAN_POINT('',(1.74932345747952,-24.4476749049815,-3.98511573672295));
#7037=CARTESIAN_POINT('Ctrl Pts',(1.70669838786129,-24.1476749049815,-4.77063670754433));
#7038=CARTESIAN_POINT('Ctrl Pts',(1.70669838786129,-24.4476749049815,-4.77063670754433));
#7039=CARTESIAN_POINT('Ctrl Pts',(1.71959436065155,-24.1476749049815,-4.61900798837889));
#7040=CARTESIAN_POINT('Ctrl Pts',(1.71959436065155,-24.4476749049815,-4.61900798837889));
#7041=CARTESIAN_POINT('Ctrl Pts',(1.74182911532647,-24.1476749049815,-4.35757541348529));
#7042=CARTESIAN_POINT('Ctrl Pts',(1.74182911532647,-24.4476749049815,-4.35757541348529));
#7043=CARTESIAN_POINT('Ctrl Pts',(1.74710679015737,-24.1476749049815,-4.09528140269294));
#7044=CARTESIAN_POINT('Ctrl Pts',(1.74710679015737,-24.4476749049815,-4.09528140269294));
#7045=CARTESIAN_POINT('Ctrl Pts',(1.74932345747952,-24.1476749049815,-3.98511573672295));
#7046=CARTESIAN_POINT('Ctrl Pts',(1.74932345747952,-24.4476749049815,-3.98511573672295));
#7047=CARTESIAN_POINT('',(1.70669838786129,-24.4476749049815,-4.77063670754433));
#7048=CARTESIAN_POINT('Ctrl Pts',(1.70669838786129,-24.4476749049815,-4.77063670754433));
#7049=CARTESIAN_POINT('Ctrl Pts',(1.71959436065155,-24.4476749049815,-4.61900798837889));
#7050=CARTESIAN_POINT('Ctrl Pts',(1.74182911532647,-24.4476749049815,-4.35757541348529));
#7051=CARTESIAN_POINT('Ctrl Pts',(1.74710679015737,-24.4476749049815,-4.09528140269294));
#7052=CARTESIAN_POINT('Ctrl Pts',(1.74932345747952,-24.4476749049815,-3.98511573672295));
#7053=CARTESIAN_POINT('',(1.70669838786129,-24.4476749049815,-4.77063670754433));
#7054=CARTESIAN_POINT('Ctrl Pts',(1.66001364588742,-24.1476749049815,-5.55412784218789));
#7055=CARTESIAN_POINT('Ctrl Pts',(1.66001364588741,-24.4476749049815,-5.55412784218789));
#7056=CARTESIAN_POINT('Ctrl Pts',(1.66300290497092,-24.1476749049815,-5.44582292651033));
#7057=CARTESIAN_POINT('Ctrl Pts',(1.66300290497092,-24.4476749049815,-5.44582292651033));
#7058=CARTESIAN_POINT('Ctrl Pts',(1.67022404451448,-24.1476749049815,-5.18419123534122));
#7059=CARTESIAN_POINT('Ctrl Pts',(1.67022404451448,-24.4476749049815,-5.18419123534122));
#7060=CARTESIAN_POINT('Ctrl Pts',(1.69322115121507,-24.1476749049815,-4.92344472890442));
#7061=CARTESIAN_POINT('Ctrl Pts',(1.69322115121507,-24.4476749049815,-4.92344472890442));
#7062=CARTESIAN_POINT('Ctrl Pts',(1.70669838786129,-24.1476749049815,-4.77063670754433));
#7063=CARTESIAN_POINT('Ctrl Pts',(1.70669838786129,-24.4476749049815,-4.77063670754433));
#7064=CARTESIAN_POINT('',(1.66001364588741,-24.4476749049815,-5.55412784218789));
#7065=CARTESIAN_POINT('Ctrl Pts',(1.66001364588741,-24.4476749049815,-5.55412784218789));
#7066=CARTESIAN_POINT('Ctrl Pts',(1.66300290497092,-24.4476749049815,-5.44582292651033));
#7067=CARTESIAN_POINT('Ctrl Pts',(1.67022404451448,-24.4476749049815,-5.18419123534122));
#7068=CARTESIAN_POINT('Ctrl Pts',(1.69322115121507,-24.4476749049815,-4.92344472890442));
#7069=CARTESIAN_POINT('Ctrl Pts',(1.70669838786129,-24.4476749049815,-4.77063670754433));
#7070=CARTESIAN_POINT('',(1.66001364588741,-24.4476749049815,-5.55412784218789));
#7071=CARTESIAN_POINT('Ctrl Pts',(1.6772668063641,-24.1476749049815,-5.8403255045414));
#7072=CARTESIAN_POINT('Ctrl Pts',(1.6772668063641,-24.4476749049815,-5.8403255045414));
#7073=CARTESIAN_POINT('Ctrl Pts',(1.67228328212233,-24.1476749049815,-5.78471410472341));
#7074=CARTESIAN_POINT('Ctrl Pts',(1.67228328212233,-24.4476749049815,-5.78471410472341));
#7075=CARTESIAN_POINT('Ctrl Pts',(1.6637484111673,-24.1476749049815,-5.68947304677964));
#7076=CARTESIAN_POINT('Ctrl Pts',(1.6637484111673,-24.4476749049815,-5.68947304677964));
#7077=CARTESIAN_POINT('Ctrl Pts',(1.66111104846327,-24.1476749049815,-5.5938969213716));
#7078=CARTESIAN_POINT('Ctrl Pts',(1.66111104846327,-24.4476749049815,-5.5938969213716));
#7079=CARTESIAN_POINT('Ctrl Pts',(1.66001364588742,-24.1476749049815,-5.55412784218789));
#7080=CARTESIAN_POINT('Ctrl Pts',(1.66001364588741,-24.4476749049815,-5.55412784218789));
#7081=CARTESIAN_POINT('',(1.6772668063641,-24.4476749049815,-5.8403255045414));
#7082=CARTESIAN_POINT('Ctrl Pts',(1.6772668063641,-24.4476749049815,-5.8403255045414));
#7083=CARTESIAN_POINT('Ctrl Pts',(1.67228328212233,-24.4476749049815,-5.78471410472341));
#7084=CARTESIAN_POINT('Ctrl Pts',(1.6637484111673,-24.4476749049815,-5.68947304677964));
#7085=CARTESIAN_POINT('Ctrl Pts',(1.66111104846327,-24.4476749049815,-5.5938969213716));
#7086=CARTESIAN_POINT('Ctrl Pts',(1.66001364588741,-24.4476749049815,-5.55412784218789));
#7087=CARTESIAN_POINT('',(1.6772668063641,-24.4476749049815,-5.8403255045414));
#7088=CARTESIAN_POINT('Ctrl Pts',(1.69451966881756,-24.1476749049815,-6.12855270504952));
#7089=CARTESIAN_POINT('Ctrl Pts',(1.69451966881756,-24.4476749049815,-6.12855270504952));
#7090=CARTESIAN_POINT('Ctrl Pts',(1.69343040915566,-24.1476749049815,-6.08827584972002));
#7091=CARTESIAN_POINT('Ctrl Pts',(1.69343040915566,-24.4476749049815,-6.08827584972002));
#7092=CARTESIAN_POINT('Ctrl Pts',(1.69082730021554,-24.1476749049815,-5.99202236135916));
#7093=CARTESIAN_POINT('Ctrl Pts',(1.69082730021554,-24.4476749049815,-5.99202236135916));
#7094=CARTESIAN_POINT('Ctrl Pts',(1.6822531440291,-24.1476749049815,-5.89610605052297));
#7095=CARTESIAN_POINT('Ctrl Pts',(1.6822531440291,-24.4476749049815,-5.89610605052297));
#7096=CARTESIAN_POINT('Ctrl Pts',(1.6772668063641,-24.1476749049815,-5.8403255045414));
#7097=CARTESIAN_POINT('Ctrl Pts',(1.6772668063641,-24.4476749049815,-5.8403255045414));
#7098=CARTESIAN_POINT('',(1.69451966881756,-24.4476749049815,-6.12855270504952));
#7099=CARTESIAN_POINT('Ctrl Pts',(1.69451966881756,-24.4476749049815,-6.12855270504952));
#7100=CARTESIAN_POINT('Ctrl Pts',(1.69343040915566,-24.4476749049815,-6.08827584972002));
#7101=CARTESIAN_POINT('Ctrl Pts',(1.69082730021554,-24.4476749049815,-5.99202236135916));
#7102=CARTESIAN_POINT('Ctrl Pts',(1.6822531440291,-24.4476749049815,-5.89610605052297));
#7103=CARTESIAN_POINT('Ctrl Pts',(1.6772668063641,-24.4476749049815,-5.8403255045414));
#7104=CARTESIAN_POINT('',(1.69451966881756,-24.4476749049815,-6.12855270504952));
#7105=CARTESIAN_POINT('Origin',(1.65290951728825,-24.4476749049815,-6.12652286887169));
#7106=CARTESIAN_POINT('',(1.61129936575894,-24.4476749049815,-6.12449303269387));
#7107=CARTESIAN_POINT('',(3.17133011826935,-24.4476749049815,-6.20059481900282));
#7108=CARTESIAN_POINT('',(1.61129936575894,-24.4476749049815,-6.12449303269387));
#7109=CARTESIAN_POINT('Origin',(1.56258478760723,-24.4476749049815,-6.12347826361657));
#7110=CARTESIAN_POINT('',(1.51387020945553,-24.4476749049815,-6.12246349453927));
#7111=CARTESIAN_POINT('',(3.21590859389436,-24.4476749049815,-6.15791850588165));
#7112=CARTESIAN_POINT('',(1.51387020945553,-24.4476749049815,-6.12246349453927));
#7113=CARTESIAN_POINT('Ctrl Pts',(1.19519636034969,-24.1476749049815,-6.32747009396554));
#7114=CARTESIAN_POINT('Ctrl Pts',(1.19519636034969,-24.4476749049815,-6.32747009396554));
#7115=CARTESIAN_POINT('Ctrl Pts',(1.21555653782435,-24.1476749049815,-6.26810153578348));
#7116=CARTESIAN_POINT('Ctrl Pts',(1.21555653782435,-24.4476749049815,-6.26810153578348));
#7117=CARTESIAN_POINT('Ctrl Pts',(1.26465629569939,-24.1476749049815,-6.12493078809439));
#7118=CARTESIAN_POINT('Ctrl Pts',(1.26465629569939,-24.4476749049815,-6.12493078809439));
#7119=CARTESIAN_POINT('Ctrl Pts',(1.4218562808948,-24.1476749049815,-6.12337446042194));
#7120=CARTESIAN_POINT('Ctrl Pts',(1.4218562808948,-24.4476749049815,-6.12337446042194));
#7121=CARTESIAN_POINT('Ctrl Pts',(1.51387020945553,-24.1476749049815,-6.12246349453927));
#7122=CARTESIAN_POINT('Ctrl Pts',(1.51387020945553,-24.4476749049815,-6.12246349453927));
#7123=CARTESIAN_POINT('',(1.19519636034969,-24.4476749049815,-6.32747009396554));
#7124=CARTESIAN_POINT('Ctrl Pts',(1.19519636034969,-24.4476749049815,-6.32747009396554));
#7125=CARTESIAN_POINT('Ctrl Pts',(1.21555653782435,-24.4476749049815,-6.26810153578348));
#7126=CARTESIAN_POINT('Ctrl Pts',(1.26465629569939,-24.4476749049815,-6.12493078809439));
#7127=CARTESIAN_POINT('Ctrl Pts',(1.4218562808948,-24.4476749049815,-6.12337446042194));
#7128=CARTESIAN_POINT('Ctrl Pts',(1.51387020945553,-24.4476749049815,-6.12246349453927));
#7129=CARTESIAN_POINT('',(1.19519636034969,-24.4476749049815,-6.32747009396554));
#7130=CARTESIAN_POINT('Ctrl Pts',(1.29871472716335,-24.1476749049815,-6.48173287510872));
#7131=CARTESIAN_POINT('Ctrl Pts',(1.29871472716335,-24.4476749049815,-6.48173287510872));
#7132=CARTESIAN_POINT('Ctrl Pts',(1.26852637181383,-24.1476749049815,-6.46573142646622));
#7133=CARTESIAN_POINT('Ctrl Pts',(1.26852637181383,-24.4476749049815,-6.46573142646622));
#7134=CARTESIAN_POINT('Ctrl Pts',(1.20670958614496,-24.1476749049815,-6.43296521215371));
#7135=CARTESIAN_POINT('Ctrl Pts',(1.20670958614496,-24.4476749049815,-6.43296521215371));
#7136=CARTESIAN_POINT('Ctrl Pts',(1.19909324534231,-24.1476749049815,-6.36317705830137));
#7137=CARTESIAN_POINT('Ctrl Pts',(1.19909324534231,-24.4476749049815,-6.36317705830137));
#7138=CARTESIAN_POINT('Ctrl Pts',(1.19519636034969,-24.1476749049815,-6.32747009396554));
#7139=CARTESIAN_POINT('Ctrl Pts',(1.19519636034969,-24.4476749049815,-6.32747009396554));
#7140=CARTESIAN_POINT('',(1.29871472716335,-24.4476749049815,-6.48173287510872));
#7141=CARTESIAN_POINT('Ctrl Pts',(1.29871472716335,-24.4476749049815,-6.48173287510872));
#7142=CARTESIAN_POINT('Ctrl Pts',(1.26852637181383,-24.4476749049815,-6.46573142646622));
#7143=CARTESIAN_POINT('Ctrl Pts',(1.20670958614496,-24.4476749049815,-6.43296521215371));
#7144=CARTESIAN_POINT('Ctrl Pts',(1.19909324534231,-24.4476749049815,-6.36317705830137));
#7145=CARTESIAN_POINT('Ctrl Pts',(1.19519636034969,-24.4476749049815,-6.32747009396554));
#7146=CARTESIAN_POINT('',(1.29871472716335,-24.4476749049815,-6.48173287510872));
#7147=CARTESIAN_POINT('Ctrl Pts',(1.49763211607937,-24.1476749049815,-6.50000050663949));
#7148=CARTESIAN_POINT('Ctrl Pts',(1.49763211607937,-24.4476749049815,-6.50000050663949));
#7149=CARTESIAN_POINT('Ctrl Pts',(1.45720103660297,-24.1476749049815,-6.50011862258459));
#7150=CARTESIAN_POINT('Ctrl Pts',(1.45720103660297,-24.4476749049815,-6.50011862258459));
#7151=CARTESIAN_POINT('Ctrl Pts',(1.39022858991566,-24.1476749049815,-6.50031427686687));
#7152=CARTESIAN_POINT('Ctrl Pts',(1.39022858991566,-24.4476749049815,-6.50031427686687));
#7153=CARTESIAN_POINT('Ctrl Pts',(1.32468846232553,-24.1476749049815,-6.48700670350688));
#7154=CARTESIAN_POINT('Ctrl Pts',(1.32468846232553,-24.4476749049815,-6.48700670350688));
#7155=CARTESIAN_POINT('Ctrl Pts',(1.29871472716335,-24.1476749049815,-6.48173287510872));
#7156=CARTESIAN_POINT('Ctrl Pts',(1.29871472716335,-24.4476749049815,-6.48173287510872));
#7157=CARTESIAN_POINT('',(1.49763211607937,-24.4476749049815,-6.50000050663949));
#7158=CARTESIAN_POINT('Ctrl Pts',(1.49763211607937,-24.4476749049815,-6.50000050663949));
#7159=CARTESIAN_POINT('Ctrl Pts',(1.45720103660297,-24.4476749049815,-6.50011862258459));
#7160=CARTESIAN_POINT('Ctrl Pts',(1.39022858991566,-24.4476749049815,-6.50031427686687));
#7161=CARTESIAN_POINT('Ctrl Pts',(1.32468846232553,-24.4476749049815,-6.48700670350688));
#7162=CARTESIAN_POINT('Ctrl Pts',(1.29871472716335,-24.4476749049815,-6.48173287510872));
#7163=CARTESIAN_POINT('',(1.49763211607937,-24.4476749049815,-6.50000050663949));
#7164=CARTESIAN_POINT('Origin',(1.69857934117321,-24.4476749049815,-6.50101527571679));
#7165=CARTESIAN_POINT('',(1.89952656626705,-24.4476749049815,-6.50203004479409));
#7166=CARTESIAN_POINT('',(3.33261800255024,-24.4476749049815,-6.50926705378392));
#7167=CARTESIAN_POINT('',(1.89952656626705,-24.4476749049815,-6.50203004479409));
#7168=CARTESIAN_POINT('Origin',(2.10148870944981,-24.4476749049815,-6.50203004479409));
#7169=CARTESIAN_POINT('',(2.30345085263256,-24.4476749049815,-6.50203004479409));
#7170=CARTESIAN_POINT('',(3.55074435472491,-24.4476749049815,-6.50203004479409));
#7171=CARTESIAN_POINT('',(2.30345085263256,-24.4476749049815,-6.50203004479409));
#7172=CARTESIAN_POINT('Ctrl Pts',(2.44451984763149,-24.1476749049815,-6.44722655415536));
#7173=CARTESIAN_POINT('Ctrl Pts',(2.44451984763149,-24.4476749049815,-6.44722655415536));
#7174=CARTESIAN_POINT('Ctrl Pts',(2.42436005946554,-24.1476749049815,-6.46320839512993));
#7175=CARTESIAN_POINT('Ctrl Pts',(2.42436005946554,-24.4476749049815,-6.46320839512993));
#7176=CARTESIAN_POINT('Ctrl Pts',(2.38304604389985,-24.1476749049815,-6.4959604271134));
#7177=CARTESIAN_POINT('Ctrl Pts',(2.38304604389985,-24.4476749049815,-6.4959604271134));
#7178=CARTESIAN_POINT('Ctrl Pts',(2.33040494476102,-24.1476749049815,-6.49997463125032));
#7179=CARTESIAN_POINT('Ctrl Pts',(2.33040494476102,-24.4476749049815,-6.49997463125032));
#7180=CARTESIAN_POINT('Ctrl Pts',(2.30345085263256,-24.1476749049815,-6.50203004479409));
#7181=CARTESIAN_POINT('Ctrl Pts',(2.30345085263256,-24.4476749049815,-6.50203004479409));
#7182=CARTESIAN_POINT('Ctrl Pts',(2.44451984763149,-24.4476749049815,-6.44722655415536));
#7183=CARTESIAN_POINT('Ctrl Pts',(2.42436005946554,-24.4476749049815,-6.46320839512993));
#7184=CARTESIAN_POINT('Ctrl Pts',(2.38304604389985,-24.4476749049815,-6.4959604271134));
#7185=CARTESIAN_POINT('Ctrl Pts',(2.33040494476102,-24.4476749049815,-6.49997463125032));
#7186=CARTESIAN_POINT('Ctrl Pts',(2.30345085263256,-24.4476749049815,-6.50203004479409));
#7187=CARTESIAN_POINT('Origin',(5.00000000000001,-24.1476749049815,0.0852157301896808));
#7188=CARTESIAN_POINT('',(0.754736214876215,-24.1476749049815,-6.31123200058938));
#7189=CARTESIAN_POINT('',(0.692828446626703,-24.1476749049815,-6.45940497517586));
#7190=CARTESIAN_POINT('Ctrl Pts',(0.754736214876215,-24.1476749049815,-6.31123200058938));
#7191=CARTESIAN_POINT('Ctrl Pts',(0.752057501124755,-24.1476749049815,-6.33881851571706));
#7192=CARTESIAN_POINT('Ctrl Pts',(0.74664728058642,-24.1476749049815,-6.39453523074252));
#7193=CARTESIAN_POINT('Ctrl Pts',(0.71088438295946,-24.1476749049815,-6.43764151637838));
#7194=CARTESIAN_POINT('Ctrl Pts',(0.692828446626703,-24.1476749049815,-6.45940497517586));
#7195=CARTESIAN_POINT('',(0.701962262392084,-24.1476749049815,-6.17320731282235));
#7196=CARTESIAN_POINT('Ctrl Pts',(0.701962262392084,-24.1476749049815,-6.17320731282235));
#7197=CARTESIAN_POINT('Ctrl Pts',(0.717348427807468,-24.1476749049815,-6.19471282754492));
#7198=CARTESIAN_POINT('Ctrl Pts',(0.747024016885878,-24.1476749049815,-6.23619092170271));
#7199=CARTESIAN_POINT('Ctrl Pts',(0.752229611156908,-24.1476749049815,-6.28684229383213));
#7200=CARTESIAN_POINT('Ctrl Pts',(0.754736214876215,-24.1476749049815,-6.31123200058938));
#7201=CARTESIAN_POINT('',(-0.241880714893301,-24.1476749049815,-5.45872882008553));
#7202=CARTESIAN_POINT('Ctrl Pts',(-0.241880714893301,-24.1476749049815,
-5.45872882008553));
#7203=CARTESIAN_POINT('Ctrl Pts',(-0.0511672379915005,-24.1476749049815,
-5.56588517004187));
#7204=CARTESIAN_POINT('Ctrl Pts',(0.296486125504427,-24.1476749049815,-5.76122147289503));
#7205=CARTESIAN_POINT('Ctrl Pts',(0.575850034516629,-24.1476749049815,-6.04507042041437));
#7206=CARTESIAN_POINT('Ctrl Pts',(0.701962262392084,-24.1476749049815,-6.17320731282235));
#7207=CARTESIAN_POINT('',(0.320365577936213,-24.1476749049815,-5.16847148537636));
#7208=CARTESIAN_POINT('Ctrl Pts',(0.320365577936213,-24.1476749049815,-5.16847148537636));
#7209=CARTESIAN_POINT('Ctrl Pts',(0.238295214653591,-24.1476749049815,-5.22892927228494));
#7210=CARTESIAN_POINT('Ctrl Pts',(0.0664584666447448,-24.1476749049815,
-5.35551418160726));
#7211=CARTESIAN_POINT('Ctrl Pts',(-0.136077342790169,-24.1476749049815,
-5.4233117941113));
#7212=CARTESIAN_POINT('Ctrl Pts',(-0.241880714893301,-24.1476749049815,
-5.45872882008553));
#7213=CARTESIAN_POINT('',(0.600473731756251,-24.1476749049815,-4.6224631369114));
#7214=CARTESIAN_POINT('Ctrl Pts',(0.600473731756251,-24.1476749049815,-4.6224631369114));
#7215=CARTESIAN_POINT('Ctrl Pts',(0.586633793891852,-24.1476749049815,-4.72412214587747));
#7216=CARTESIAN_POINT('Ctrl Pts',(0.557496147210827,-24.1476749049815,-4.93814798285871));
#7217=CARTESIAN_POINT('Ctrl Pts',(0.402002246747732,-24.1476749049815,-5.08917827762141));
#7218=CARTESIAN_POINT('Ctrl Pts',(0.320365577936213,-24.1476749049815,-5.16847148537636));
#7219=CARTESIAN_POINT('',(-0.221583098173101,-24.1476749049815,-3.55683401226998));
#7220=CARTESIAN_POINT('Ctrl Pts',(-0.221583098173101,-24.1476749049815,
-3.55683401226998));
#7221=CARTESIAN_POINT('Ctrl Pts',(0.0170647735310643,-24.1476749049815,
-3.69459952843754));
#7222=CARTESIAN_POINT('Ctrl Pts',(0.443264466462317,-24.1476749049815,-3.94063407409614));
#7223=CARTESIAN_POINT('Ctrl Pts',(0.552433306047349,-24.1476749049815,-4.4141079971739));
#7224=CARTESIAN_POINT('Ctrl Pts',(0.600473731756251,-24.1476749049815,-4.6224631369114));
#7225=CARTESIAN_POINT('',(-0.690460056066472,-24.1476749049815,-3.420839458704));
#7226=CARTESIAN_POINT('Ctrl Pts',(-0.690460056066472,-24.1476749049815,
-3.420839458704));
#7227=CARTESIAN_POINT('Ctrl Pts',(-0.603841353111485,-24.1476749049815,
-3.43388021032564));
#7228=CARTESIAN_POINT('Ctrl Pts',(-0.441359239969972,-24.1476749049815,
-3.45834246626058));
#7229=CARTESIAN_POINT('Ctrl Pts',(-0.291536027691315,-24.1476749049815,
-3.52548496719254));
#7230=CARTESIAN_POINT('Ctrl Pts',(-0.221583098173101,-24.1476749049815,
-3.55683401226998));
#7231=CARTESIAN_POINT('',(-1.17963448166843,-24.1476749049815,-3.3822737634182));
#7232=CARTESIAN_POINT('',(-1.17963448166843,-24.1476749049815,-3.3822737634182));
#7233=CARTESIAN_POINT('',(-1.3927603513002,-24.1476749049815,-3.47970262169839));
#7234=CARTESIAN_POINT('Ctrl Pts',(-1.3927603513002,-24.1476749049815,-3.47970262169839));
#7235=CARTESIAN_POINT('Ctrl Pts',(-1.36439488238805,-24.1476749049815,-3.44876448939892));
#7236=CARTESIAN_POINT('Ctrl Pts',(-1.30714436425393,-24.1476749049815,-3.38632152010652));
#7237=CARTESIAN_POINT('Ctrl Pts',(-1.22239416094869,-24.1476749049815,-3.38363115450262));
#7238=CARTESIAN_POINT('Ctrl Pts',(-1.17963448166843,-24.1476749049815,-3.3822737634182));
#7239=CARTESIAN_POINT('',(-1.45771302282806,-24.1476749049815,-3.68267968297005));
#7240=CARTESIAN_POINT('Ctrl Pts',(-1.45771302282806,-24.1476749049815,-3.68267968297005));
#7241=CARTESIAN_POINT('Ctrl Pts',(-1.4551908826912,-24.1476749049815,-3.64554843207942));
#7242=CARTESIAN_POINT('Ctrl Pts',(-1.45022895672327,-24.1476749049815,-3.57249836030753));
#7243=CARTESIAN_POINT('Ctrl Pts',(-1.41170341380389,-24.1476749049815,-3.51029037415224));
#7244=CARTESIAN_POINT('Ctrl Pts',(-1.3927603513002,-24.1476749049815,-3.47970262169839));
#7245=CARTESIAN_POINT('',(-1.43843017518516,-24.1476749049815,-3.98917511105538));
#7246=CARTESIAN_POINT('Ctrl Pts',(-1.43843017518516,-24.1476749049815,-3.98917511105538));
#7247=CARTESIAN_POINT('Ctrl Pts',(-1.44400300246102,-24.1476749049815,-3.92984894861356));
#7248=CARTESIAN_POINT('Ctrl Pts',(-1.45358235719484,-24.1476749049815,-3.82787084541848));
#7249=CARTESIAN_POINT('Ctrl Pts',(-1.45649487408766,-24.1476749049815,-3.72549709966709));
#7250=CARTESIAN_POINT('Ctrl Pts',(-1.45771302282806,-24.1476749049815,-3.68267968297005));
#7251=CARTESIAN_POINT('',(-1.41914740204807,-24.1476749049815,-4.29567024111748));
#7252=CARTESIAN_POINT('Ctrl Pts',(-1.41914740204807,-24.1476749049815,-4.29567024111748));
#7253=CARTESIAN_POINT('Ctrl Pts',(-1.42036555669462,-24.1476749049815,-4.2528529241761));
#7254=CARTESIAN_POINT('Ctrl Pts',(-1.42327809157924,-24.1476749049815,-4.15047928088678));
#7255=CARTESIAN_POINT('Ctrl Pts',(-1.43285738073515,-24.1476749049815,-4.04850127409538));
#7256=CARTESIAN_POINT('Ctrl Pts',(-1.43843017518516,-24.1476749049815,-3.98917511105538));
#7257=CARTESIAN_POINT('',(-1.45974278450008,-24.1476749049815,-4.84979763627053));
#7258=CARTESIAN_POINT('Ctrl Pts',(-1.45974278450008,-24.1476749049815,-4.84979763627053));
#7259=CARTESIAN_POINT('Ctrl Pts',(-1.44801776414566,-24.1476749049815,-4.74215942277225));
#7260=CARTESIAN_POINT('Ctrl Pts',(-1.42794658872042,-24.1476749049815,-4.55790170719664));
#7261=CARTESIAN_POINT('Ctrl Pts',(-1.42173171856136,-24.1476749049815,-4.37268748524772));
#7262=CARTESIAN_POINT('Ctrl Pts',(-1.41914740204807,-24.1476749049815,-4.29567024111748));
#7263=CARTESIAN_POINT('',(-1.50033816695209,-24.1476749049815,-5.40595456957818));
#7264=CARTESIAN_POINT('Ctrl Pts',(-1.50033816695209,-24.1476749049815,-5.40595456957818));
#7265=CARTESIAN_POINT('Ctrl Pts',(-1.49776374897441,-24.1476749049815,-5.32842928472893));
#7266=CARTESIAN_POINT('Ctrl Pts',(-1.49159074665965,-24.1476749049815,-5.14253726293013));
#7267=CARTESIAN_POINT('Ctrl Pts',(-1.4714714404368,-24.1476749049815,-4.95760492211605));
#7268=CARTESIAN_POINT('Ctrl Pts',(-1.45974278450008,-24.1476749049815,-4.84979763627053));
#7269=CARTESIAN_POINT('',(-1.48511491715904,-24.1476749049815,-5.8839650452137));
#7270=CARTESIAN_POINT('Ctrl Pts',(-1.48511491715904,-24.1476749049815,-5.8839650452137));
#7271=CARTESIAN_POINT('Ctrl Pts',(-1.48951373286158,-24.1476749049815,-5.79120544612107));
#7272=CARTESIAN_POINT('Ctrl Pts',(-1.4970662225002,-24.1476749049815,-5.63194305405831));
#7273=CARTESIAN_POINT('Ctrl Pts',(-1.49937436270361,-24.1476749049815,-5.47252313901826));
#7274=CARTESIAN_POINT('Ctrl Pts',(-1.50033816695209,-24.1476749049815,-5.40595456957818));
#7275=CARTESIAN_POINT('',(-1.46989159286018,-24.1476749049815,-6.3619764149189));
#7276=CARTESIAN_POINT('Ctrl Pts',(-1.46989159286018,-24.1476749049815,-6.3619764149189));
#7277=CARTESIAN_POINT('Ctrl Pts',(-1.47085539005495,-24.1476749049815,-6.29540754721598));
#7278=CARTESIAN_POINT('Ctrl Pts',(-1.47316350736362,-24.1476749049815,-6.13598733246719));
#7279=CARTESIAN_POINT('Ctrl Pts',(-1.48071606819363,-24.1476749049815,-5.97672464399921));
#7280=CARTESIAN_POINT('Ctrl Pts',(-1.48511491715904,-24.1476749049815,-5.8839650452137));
#7281=CARTESIAN_POINT('',(-1.41204312443729,-24.1476749049815,-6.51116445660592));
#7282=CARTESIAN_POINT('Ctrl Pts',(-1.41204312443729,-24.1476749049815,-6.51116445660592));
#7283=CARTESIAN_POINT('Ctrl Pts',(-1.42891378839435,-24.1476749049815,-6.48969721583291));
#7284=CARTESIAN_POINT('Ctrl Pts',(-1.46332945162285,-24.1476749049815,-6.44590466974407));
#7285=CARTESIAN_POINT('Ctrl Pts',(-1.4676758250526,-24.1476749049815,-6.39031556801885));
#7286=CARTESIAN_POINT('Ctrl Pts',(-1.46989159286018,-24.1476749049815,-6.3619764149189));
#7287=CARTESIAN_POINT('',(-1.26691460609432,-24.1476749049815,-6.57104268670083));
#7288=CARTESIAN_POINT('Ctrl Pts',(-1.26691460609432,-24.1476749049815,-6.57104268670083));
#7289=CARTESIAN_POINT('Ctrl Pts',(-1.29464933695924,-24.1476749049815,-6.56868327749248));
#7290=CARTESIAN_POINT('Ctrl Pts',(-1.34938980968822,-24.1476749049815,-6.56402647458155));
#7291=CARTESIAN_POINT('Ctrl Pts',(-1.39134492754261,-24.1476749049815,-6.52862799322312));
#7292=CARTESIAN_POINT('Ctrl Pts',(-1.41204312443729,-24.1476749049815,-6.51116445660592));
#7293=CARTESIAN_POINT('',(-1.12178608775135,-24.1476749049815,-6.51116445660592));
#7294=CARTESIAN_POINT('Ctrl Pts',(-1.12178608775135,-24.1476749049815,-6.51116445660592));
#7295=CARTESIAN_POINT('Ctrl Pts',(-1.14248425932215,-24.1476749049815,-6.52862799311401));
#7296=CARTESIAN_POINT('Ctrl Pts',(-1.18443936146415,-24.1476749049815,-6.56402650430384));
#7297=CARTESIAN_POINT('Ctrl Pts',(-1.23917984621244,-24.1476749049815,-6.56868328619295));
#7298=CARTESIAN_POINT('Ctrl Pts',(-1.26691460609432,-24.1476749049815,-6.57104268670083));
#7299=CARTESIAN_POINT('',(-1.06393761932846,-24.1476749049815,-6.3619764149189));
#7300=CARTESIAN_POINT('Ctrl Pts',(-1.06393761932846,-24.1476749049815,-6.3619764149189));
#7301=CARTESIAN_POINT('Ctrl Pts',(-1.06615338713604,-24.1476749049815,-6.39031556801885));
#7302=CARTESIAN_POINT('Ctrl Pts',(-1.07049976056579,-24.1476749049815,-6.44590466974407));
#7303=CARTESIAN_POINT('Ctrl Pts',(-1.10491542379429,-24.1476749049815,-6.48969721583291));
#7304=CARTESIAN_POINT('Ctrl Pts',(-1.12178608775135,-24.1476749049815,-6.51116445660592));
#7305=CARTESIAN_POINT('',(-1.07408642768856,-24.1476749049815,-5.96211150288582));
#7306=CARTESIAN_POINT('',(-1.07408642768856,-24.1476749049815,-5.96211150288582));
#7307=CARTESIAN_POINT('',(-1.09032467007633,-24.1476749049815,-5.56427672505379));
#7308=CARTESIAN_POINT('',(-1.09032467007633,-24.1476749049815,-5.56427672505379));
#7309=CARTESIAN_POINT('',(0.403586179018061,-24.1476749049815,-6.45737543702126));
#7310=CARTESIAN_POINT('Ctrl Pts',(0.403586179018061,-24.1476749049815,-6.45737543702126));
#7311=CARTESIAN_POINT('Ctrl Pts',(0.177203252480508,-24.1476749049815,-6.25532602003485));
#7312=CARTESIAN_POINT('Ctrl Pts',(-0.263852956438943,-24.1476749049815,
-5.86167818080336));
#7313=CARTESIAN_POINT('Ctrl Pts',(-0.819753652734677,-24.1476749049815,
-5.66164026831034));
#7314=CARTESIAN_POINT('Ctrl Pts',(-1.09032467007633,-24.1476749049815,-5.56427672505379));
#7315=CARTESIAN_POINT('',(0.547699779272119,-24.1476749049815,-6.5223278105259));
#7316=CARTESIAN_POINT('Ctrl Pts',(0.547699779272119,-24.1476749049815,-6.5223278105259));
#7317=CARTESIAN_POINT('Ctrl Pts',(0.521882360351115,-24.1476749049815,-6.51909086766472));
#7318=CARTESIAN_POINT('Ctrl Pts',(0.467356687271902,-24.1476749049815,-6.51225453407285));
#7319=CARTESIAN_POINT('Ctrl Pts',(0.425581295907443,-24.1476749049815,-6.47630381296628));
#7320=CARTESIAN_POINT('Ctrl Pts',(0.403586179018061,-24.1476749049815,-6.45737543702126));
#7321=CARTESIAN_POINT('Ctrl Pts',(0.692828446626703,-24.1476749049815,-6.45940497517586));
#7322=CARTESIAN_POINT('Ctrl Pts',(0.671541583939936,-24.1476749049815,-6.47775592688174));
#7323=CARTESIAN_POINT('Ctrl Pts',(0.629662415741361,-24.1476749049815,-6.51385906732112));
#7324=CARTESIAN_POINT('Ctrl Pts',(0.574716904857351,-24.1476749049815,-6.51953628125636));
#7325=CARTESIAN_POINT('Ctrl Pts',(0.547699779272119,-24.1476749049815,-6.5223278105259));
#7326=CARTESIAN_POINT('',(0.192489922046702,-24.1476749049815,-4.6224631369114));
#7327=CARTESIAN_POINT('',(-0.128213614225347,-24.1476749049815,-4.09675285220147));
#7328=CARTESIAN_POINT('Ctrl Pts',(0.192489922046702,-24.1476749049815,-4.6224631369114));
#7329=CARTESIAN_POINT('Ctrl Pts',(0.1743950546198,-24.1476749049815,-4.52665583056356));
#7330=CARTESIAN_POINT('Ctrl Pts',(0.134052068454519,-24.1476749049815,-4.31305090363398));
#7331=CARTESIAN_POINT('Ctrl Pts',(-0.0349908143044192,-24.1476749049815,
-4.17363637644277));
#7332=CARTESIAN_POINT('Ctrl Pts',(-0.128213614225347,-24.1476749049815,
-4.09675285220147));
#7333=CARTESIAN_POINT('',(0.0849121809006141,-24.1476749049815,-4.81529131531716));
#7334=CARTESIAN_POINT('Ctrl Pts',(0.0849121809006141,-24.1476749049815,
-4.81529131531716));
#7335=CARTESIAN_POINT('Ctrl Pts',(0.115929507106049,-24.1476749049815,-4.78240399155484));
#7336=CARTESIAN_POINT('Ctrl Pts',(0.168447958239512,-24.1476749049815,-4.72671926571865));
#7337=CARTESIAN_POINT('Ctrl Pts',(0.185506238880183,-24.1476749049815,-4.652747342378));
#7338=CARTESIAN_POINT('Ctrl Pts',(0.192489922046702,-24.1476749049815,-4.6224631369114));
#7339=CARTESIAN_POINT('',(-0.126183927059133,-24.1476749049815,-4.97970268130303));
#7340=CARTESIAN_POINT('Ctrl Pts',(-0.126183927059133,-24.1476749049815,
-4.97970268130303));
#7341=CARTESIAN_POINT('Ctrl Pts',(-0.0886565807766584,-24.1476749049815,
-4.95679166065464));
#7342=CARTESIAN_POINT('Ctrl Pts',(-0.0120523274484826,-24.1476749049815,
-4.9100235887386));
#7343=CARTESIAN_POINT('Ctrl Pts',(0.0521577283411516,-24.1476749049815,
-4.84729172256371));
#7344=CARTESIAN_POINT('Ctrl Pts',(0.0849121809006141,-24.1476749049815,
-4.81529131531716));
#7345=CARTESIAN_POINT('',(-0.901556015014608,-24.1476749049815,-5.11772707104683));
#7346=CARTESIAN_POINT('Ctrl Pts',(-0.901556015014608,-24.1476749049815,
-5.11772707104683));
#7347=CARTESIAN_POINT('Ctrl Pts',(-0.748731861320967,-24.1476749049815,
-5.11616270216879));
#7348=CARTESIAN_POINT('Ctrl Pts',(-0.481806361773092,-24.1476749049815,
-5.11343034648968));
#7349=CARTESIAN_POINT('Ctrl Pts',(-0.232677731646576,-24.1476749049815,
-5.01974843335401));
#7350=CARTESIAN_POINT('Ctrl Pts',(-0.126183927059133,-24.1476749049815,
-4.97970268130303));
#7351=CARTESIAN_POINT('',(-0.991880744695623,-24.1476749049815,-5.11569753289223));
#7352=CARTESIAN_POINT('Ctrl Pts',(-0.991880744695623,-24.1476749049815,
-5.11569753289223));
#7353=CARTESIAN_POINT('Ctrl Pts',(-0.974375645995478,-24.1476749049815,
-5.11628419103418));
#7354=CARTESIAN_POINT('Ctrl Pts',(-0.94427444719158,-24.1476749049815,-5.11729298930852));
#7355=CARTESIAN_POINT('Ctrl Pts',(-0.914158349629272,-24.1476749049815,
-5.11759901289869));
#7356=CARTESIAN_POINT('Ctrl Pts',(-0.901556015014608,-24.1476749049815,
-5.11772707104683));
#7357=CARTESIAN_POINT('',(-1.08017578721042,-24.1476749049815,-5.11366739869118));
#7358=CARTESIAN_POINT('Ctrl Pts',(-1.08017578721042,-24.1476749049815,-5.11366739869118));
#7359=CARTESIAN_POINT('Ctrl Pts',(-1.06808091146154,-24.1476749049815,-5.11379876104586));
#7360=CARTESIAN_POINT('Ctrl Pts',(-1.03864150899769,-24.1476749049815,-5.11411850217493));
#7361=CARTESIAN_POINT('Ctrl Pts',(-1.00921668333706,-24.1476749049815,-5.11511212801195));
#7362=CARTESIAN_POINT('Ctrl Pts',(-0.991880744695623,-24.1476749049815,
-5.11569753289223));
#7363=CARTESIAN_POINT('',(-1.03755056858059,-24.1476749049815,-4.7097434103489));
#7364=CARTESIAN_POINT('',(-1.03755056858059,-24.1476749049815,-4.7097434103489));
#7365=CARTESIAN_POINT('',(-1.01116359233852,-24.1476749049815,-4.30581912398339));
#7366=CARTESIAN_POINT('Ctrl Pts',(-1.01116359233852,-24.1476749049815,-4.30581912398339));
#7367=CARTESIAN_POINT('Ctrl Pts',(-1.01264165808947,-24.1476749049815,-4.3665882305371));
#7368=CARTESIAN_POINT('Ctrl Pts',(-1.015924899024,-24.1476749049815,-4.50157520122122));
#7369=CARTESIAN_POINT('Ctrl Pts',(-1.02987860915239,-24.1476749049815,-4.63589330131578));
#7370=CARTESIAN_POINT('Ctrl Pts',(-1.03755056858059,-24.1476749049815,-4.7097434103489));
#7371=CARTESIAN_POINT('',(-1.02537199854847,-24.1476749049815,-4.0602169930935));
#7372=CARTESIAN_POINT('Ctrl Pts',(-1.02537199854847,-24.1476749049815,-4.0602169930935));
#7373=CARTESIAN_POINT('Ctrl Pts',(-1.02124488334718,-24.1476749049815,-4.10568579964363));
#7374=CARTESIAN_POINT('Ctrl Pts',(-1.01382739576376,-24.1476749049815,-4.18740494039193));
#7375=CARTESIAN_POINT('Ctrl Pts',(-1.01198214107282,-24.1476749049815,-4.26943213717226));
#7376=CARTESIAN_POINT('Ctrl Pts',(-1.01116359233852,-24.1476749049815,-4.30581912398339));
#7377=CARTESIAN_POINT('',(-1.04566968977447,-24.1476749049815,-3.8146148622036));
#7378=CARTESIAN_POINT('',(-1.04566968977447,-24.1476749049815,-3.8146148622036));
#7379=CARTESIAN_POINT('',(-0.745263844728429,-24.1476749049815,-3.83897200226784));
#7380=CARTESIAN_POINT('',(-0.745263844728429,-24.1476749049815,-3.83897200226784));
#7381=CARTESIAN_POINT('Ctrl Pts',(-0.128213614225347,-24.1476749049815,
-4.09675285220147));
#7382=CARTESIAN_POINT('Ctrl Pts',(-0.22553955269992,-24.1476749049815,-4.0304225657427));
#7383=CARTESIAN_POINT('Ctrl Pts',(-0.413764245758873,-24.1476749049815,
-3.90214229426631));
#7384=CARTESIAN_POINT('Ctrl Pts',(-0.637308382921228,-24.1476749049815,
-3.85954390662727));
#7385=CARTESIAN_POINT('Ctrl Pts',(-0.745263844728429,-24.1476749049815,
-3.83897200226784));
#7386=CARTESIAN_POINT('Ctrl Pts',(0.192489922046702,-24.1476749049815,-4.6224631369114));
#7387=CARTESIAN_POINT('Ctrl Pts',(0.192489922046702,-24.4476749049815,-4.6224631369114));
#7388=CARTESIAN_POINT('Ctrl Pts',(0.1743950546198,-24.1476749049815,-4.52665583056356));
#7389=CARTESIAN_POINT('Ctrl Pts',(0.1743950546198,-24.4476749049815,-4.52665583056356));
#7390=CARTESIAN_POINT('Ctrl Pts',(0.134052068454519,-24.1476749049815,-4.31305090363398));
#7391=CARTESIAN_POINT('Ctrl Pts',(0.134052068454519,-24.4476749049815,-4.31305090363398));
#7392=CARTESIAN_POINT('Ctrl Pts',(-0.0349908143044192,-24.1476749049815,
-4.17363637644277));
#7393=CARTESIAN_POINT('Ctrl Pts',(-0.0349908143044194,-24.4476749049815,
-4.17363637644277));
#7394=CARTESIAN_POINT('Ctrl Pts',(-0.128213614225347,-24.1476749049815,
-4.09675285220147));
#7395=CARTESIAN_POINT('Ctrl Pts',(-0.128213614225347,-24.4476749049815,
-4.09675285220147));
#7396=CARTESIAN_POINT('',(-0.128213614225347,-24.4476749049815,-4.09675285220147));
#7397=CARTESIAN_POINT('',(-0.128213614225347,-24.4476749049815,-4.09675285220147));
#7398=CARTESIAN_POINT('',(0.192489922046702,-24.4476749049815,-4.6224631369114));
#7399=CARTESIAN_POINT('Ctrl Pts',(0.192489922046702,-24.4476749049815,-4.6224631369114));
#7400=CARTESIAN_POINT('Ctrl Pts',(0.1743950546198,-24.4476749049815,-4.52665583056356));
#7401=CARTESIAN_POINT('Ctrl Pts',(0.134052068454519,-24.4476749049815,-4.31305090363398));
#7402=CARTESIAN_POINT('Ctrl Pts',(-0.0349908143044194,-24.4476749049815,
-4.17363637644277));
#7403=CARTESIAN_POINT('Ctrl Pts',(-0.128213614225347,-24.4476749049815,
-4.09675285220147));
#7404=CARTESIAN_POINT('',(0.192489922046702,-24.4476749049815,-4.6224631369114));
#7405=CARTESIAN_POINT('Ctrl Pts',(0.0849121809006141,-24.1476749049815,
-4.81529131531716));
#7406=CARTESIAN_POINT('Ctrl Pts',(0.0849121809006139,-24.4476749049815,
-4.81529131531716));
#7407=CARTESIAN_POINT('Ctrl Pts',(0.115929507106049,-24.1476749049815,-4.78240399155484));
#7408=CARTESIAN_POINT('Ctrl Pts',(0.115929507106049,-24.4476749049815,-4.78240399155484));
#7409=CARTESIAN_POINT('Ctrl Pts',(0.168447958239512,-24.1476749049815,-4.72671926571865));
#7410=CARTESIAN_POINT('Ctrl Pts',(0.168447958239512,-24.4476749049815,-4.72671926571865));
#7411=CARTESIAN_POINT('Ctrl Pts',(0.185506238880183,-24.1476749049815,-4.652747342378));
#7412=CARTESIAN_POINT('Ctrl Pts',(0.185506238880183,-24.4476749049815,-4.652747342378));
#7413=CARTESIAN_POINT('Ctrl Pts',(0.192489922046702,-24.1476749049815,-4.6224631369114));
#7414=CARTESIAN_POINT('Ctrl Pts',(0.192489922046702,-24.4476749049815,-4.6224631369114));
#7415=CARTESIAN_POINT('',(0.0849121809006139,-24.4476749049815,-4.81529131531716));
#7416=CARTESIAN_POINT('Ctrl Pts',(0.0849121809006139,-24.4476749049815,
-4.81529131531716));
#7417=CARTESIAN_POINT('Ctrl Pts',(0.115929507106049,-24.4476749049815,-4.78240399155484));
#7418=CARTESIAN_POINT('Ctrl Pts',(0.168447958239512,-24.4476749049815,-4.72671926571865));
#7419=CARTESIAN_POINT('Ctrl Pts',(0.185506238880183,-24.4476749049815,-4.652747342378));
#7420=CARTESIAN_POINT('Ctrl Pts',(0.192489922046702,-24.4476749049815,-4.6224631369114));
#7421=CARTESIAN_POINT('',(0.0849121809006139,-24.4476749049815,-4.81529131531716));
#7422=CARTESIAN_POINT('Ctrl Pts',(-0.126183927059133,-24.1476749049815,
-4.97970268130303));
#7423=CARTESIAN_POINT('Ctrl Pts',(-0.126183927059133,-24.4476749049815,
-4.97970268130303));
#7424=CARTESIAN_POINT('Ctrl Pts',(-0.0886565807766584,-24.1476749049815,
-4.95679166065464));
#7425=CARTESIAN_POINT('Ctrl Pts',(-0.0886565807766586,-24.4476749049815,
-4.95679166065464));
#7426=CARTESIAN_POINT('Ctrl Pts',(-0.0120523274484826,-24.1476749049815,
-4.9100235887386));
#7427=CARTESIAN_POINT('Ctrl Pts',(-0.0120523274484828,-24.4476749049815,
-4.9100235887386));
#7428=CARTESIAN_POINT('Ctrl Pts',(0.0521577283411516,-24.1476749049815,
-4.84729172256371));
#7429=CARTESIAN_POINT('Ctrl Pts',(0.0521577283411514,-24.4476749049815,
-4.84729172256371));
#7430=CARTESIAN_POINT('Ctrl Pts',(0.0849121809006141,-24.1476749049815,
-4.81529131531716));
#7431=CARTESIAN_POINT('Ctrl Pts',(0.0849121809006139,-24.4476749049815,
-4.81529131531716));
#7432=CARTESIAN_POINT('',(-0.126183927059133,-24.4476749049815,-4.97970268130303));
#7433=CARTESIAN_POINT('Ctrl Pts',(-0.126183927059133,-24.4476749049815,
-4.97970268130303));
#7434=CARTESIAN_POINT('Ctrl Pts',(-0.0886565807766586,-24.4476749049815,
-4.95679166065464));
#7435=CARTESIAN_POINT('Ctrl Pts',(-0.0120523274484828,-24.4476749049815,
-4.9100235887386));
#7436=CARTESIAN_POINT('Ctrl Pts',(0.0521577283411514,-24.4476749049815,
-4.84729172256371));
#7437=CARTESIAN_POINT('Ctrl Pts',(0.0849121809006139,-24.4476749049815,
-4.81529131531716));
#7438=CARTESIAN_POINT('',(-0.126183927059133,-24.4476749049815,-4.97970268130303));
#7439=CARTESIAN_POINT('Ctrl Pts',(-0.901556015014608,-24.1476749049815,
-5.11772707104683));
#7440=CARTESIAN_POINT('Ctrl Pts',(-0.901556015014608,-24.4476749049815,
-5.11772707104683));
#7441=CARTESIAN_POINT('Ctrl Pts',(-0.748731861320967,-24.1476749049815,
-5.11616270216879));
#7442=CARTESIAN_POINT('Ctrl Pts',(-0.748731861320967,-24.4476749049815,
-5.11616270216879));
#7443=CARTESIAN_POINT('Ctrl Pts',(-0.481806361773092,-24.1476749049815,
-5.11343034648968));
#7444=CARTESIAN_POINT('Ctrl Pts',(-0.481806361773092,-24.4476749049815,
-5.11343034648968));
#7445=CARTESIAN_POINT('Ctrl Pts',(-0.232677731646576,-24.1476749049815,
-5.01974843335401));
#7446=CARTESIAN_POINT('Ctrl Pts',(-0.232677731646577,-24.4476749049815,
-5.01974843335401));
#7447=CARTESIAN_POINT('Ctrl Pts',(-0.126183927059133,-24.1476749049815,
-4.97970268130303));
#7448=CARTESIAN_POINT('Ctrl Pts',(-0.126183927059133,-24.4476749049815,
-4.97970268130303));
#7449=CARTESIAN_POINT('',(-0.901556015014608,-24.4476749049815,-5.11772707104683));
#7450=CARTESIAN_POINT('Ctrl Pts',(-0.901556015014608,-24.4476749049815,
-5.11772707104683));
#7451=CARTESIAN_POINT('Ctrl Pts',(-0.748731861320967,-24.4476749049815,
-5.11616270216879));
#7452=CARTESIAN_POINT('Ctrl Pts',(-0.481806361773092,-24.4476749049815,
-5.11343034648968));
#7453=CARTESIAN_POINT('Ctrl Pts',(-0.232677731646577,-24.4476749049815,
-5.01974843335401));
#7454=CARTESIAN_POINT('Ctrl Pts',(-0.126183927059133,-24.4476749049815,
-4.97970268130303));
#7455=CARTESIAN_POINT('',(-0.901556015014608,-24.4476749049815,-5.11772707104683));
#7456=CARTESIAN_POINT('Ctrl Pts',(-0.991880744695623,-24.1476749049815,
-5.11569753289223));
#7457=CARTESIAN_POINT('Ctrl Pts',(-0.991880744695623,-24.4476749049815,
-5.11569753289223));
#7458=CARTESIAN_POINT('Ctrl Pts',(-0.974375645995478,-24.1476749049815,
-5.11628419103418));
#7459=CARTESIAN_POINT('Ctrl Pts',(-0.974375645995479,-24.4476749049815,
-5.11628419103418));
#7460=CARTESIAN_POINT('Ctrl Pts',(-0.94427444719158,-24.1476749049815,-5.11729298930852));
#7461=CARTESIAN_POINT('Ctrl Pts',(-0.944274447191581,-24.4476749049815,
-5.11729298930852));
#7462=CARTESIAN_POINT('Ctrl Pts',(-0.914158349629272,-24.1476749049815,
-5.11759901289869));
#7463=CARTESIAN_POINT('Ctrl Pts',(-0.914158349629272,-24.4476749049815,
-5.11759901289869));
#7464=CARTESIAN_POINT('Ctrl Pts',(-0.901556015014608,-24.1476749049815,
-5.11772707104683));
#7465=CARTESIAN_POINT('Ctrl Pts',(-0.901556015014608,-24.4476749049815,
-5.11772707104683));
#7466=CARTESIAN_POINT('',(-0.991880744695623,-24.4476749049815,-5.11569753289223));
#7467=CARTESIAN_POINT('Ctrl Pts',(-0.991880744695623,-24.4476749049815,
-5.11569753289223));
#7468=CARTESIAN_POINT('Ctrl Pts',(-0.974375645995479,-24.4476749049815,
-5.11628419103418));
#7469=CARTESIAN_POINT('Ctrl Pts',(-0.944274447191581,-24.4476749049815,
-5.11729298930852));
#7470=CARTESIAN_POINT('Ctrl Pts',(-0.914158349629272,-24.4476749049815,
-5.11759901289869));
#7471=CARTESIAN_POINT('Ctrl Pts',(-0.901556015014608,-24.4476749049815,
-5.11772707104683));
#7472=CARTESIAN_POINT('',(-0.991880744695623,-24.4476749049815,-5.11569753289223));
#7473=CARTESIAN_POINT('Ctrl Pts',(-1.08017578721042,-24.1476749049815,-5.11366739869118));
#7474=CARTESIAN_POINT('Ctrl Pts',(-1.08017578721042,-24.4476749049815,-5.11366739869118));
#7475=CARTESIAN_POINT('Ctrl Pts',(-1.06808091146154,-24.1476749049815,-5.11379876104586));
#7476=CARTESIAN_POINT('Ctrl Pts',(-1.06808091146154,-24.4476749049815,-5.11379876104586));
#7477=CARTESIAN_POINT('Ctrl Pts',(-1.03864150899769,-24.1476749049815,-5.11411850217493));
#7478=CARTESIAN_POINT('Ctrl Pts',(-1.03864150899769,-24.4476749049815,-5.11411850217493));
#7479=CARTESIAN_POINT('Ctrl Pts',(-1.00921668333706,-24.1476749049815,-5.11511212801195));
#7480=CARTESIAN_POINT('Ctrl Pts',(-1.00921668333706,-24.4476749049815,-5.11511212801195));
#7481=CARTESIAN_POINT('Ctrl Pts',(-0.991880744695623,-24.1476749049815,
-5.11569753289223));
#7482=CARTESIAN_POINT('Ctrl Pts',(-0.991880744695623,-24.4476749049815,
-5.11569753289223));
#7483=CARTESIAN_POINT('',(-1.08017578721042,-24.4476749049815,-5.11366739869118));
#7484=CARTESIAN_POINT('Ctrl Pts',(-1.08017578721042,-24.4476749049815,-5.11366739869118));
#7485=CARTESIAN_POINT('Ctrl Pts',(-1.06808091146154,-24.4476749049815,-5.11379876104586));
#7486=CARTESIAN_POINT('Ctrl Pts',(-1.03864150899769,-24.4476749049815,-5.11411850217493));
#7487=CARTESIAN_POINT('Ctrl Pts',(-1.00921668333706,-24.4476749049815,-5.11511212801195));
#7488=CARTESIAN_POINT('Ctrl Pts',(-0.991880744695623,-24.4476749049815,
-5.11569753289223));
#7489=CARTESIAN_POINT('',(-1.08017578721042,-24.4476749049815,-5.11366739869118));
#7490=CARTESIAN_POINT('Origin',(-1.05886317789551,-24.4476749049815,-4.91170540452004));
#7491=CARTESIAN_POINT('',(-1.03755056858059,-24.4476749049815,-4.7097434103489));
#7492=CARTESIAN_POINT('',(-0.764745291775117,-24.4476749049815,-2.12459314038751));
#7493=CARTESIAN_POINT('',(-1.03755056858059,-24.4476749049815,-4.7097434103489));
#7494=CARTESIAN_POINT('Ctrl Pts',(-1.01116359233852,-24.1476749049815,-4.30581912398339));
#7495=CARTESIAN_POINT('Ctrl Pts',(-1.01116359233852,-24.4476749049815,-4.30581912398339));
#7496=CARTESIAN_POINT('Ctrl Pts',(-1.01264165808947,-24.1476749049815,-4.3665882305371));
#7497=CARTESIAN_POINT('Ctrl Pts',(-1.01264165808947,-24.4476749049815,-4.3665882305371));
#7498=CARTESIAN_POINT('Ctrl Pts',(-1.015924899024,-24.1476749049815,-4.50157520122122));
#7499=CARTESIAN_POINT('Ctrl Pts',(-1.015924899024,-24.4476749049815,-4.50157520122122));
#7500=CARTESIAN_POINT('Ctrl Pts',(-1.02987860915239,-24.1476749049815,-4.63589330131578));
#7501=CARTESIAN_POINT('Ctrl Pts',(-1.02987860915239,-24.4476749049815,-4.63589330131578));
#7502=CARTESIAN_POINT('Ctrl Pts',(-1.03755056858059,-24.1476749049815,-4.7097434103489));
#7503=CARTESIAN_POINT('Ctrl Pts',(-1.03755056858059,-24.4476749049815,-4.7097434103489));
#7504=CARTESIAN_POINT('',(-1.01116359233852,-24.4476749049815,-4.30581912398339));
#7505=CARTESIAN_POINT('Ctrl Pts',(-1.01116359233852,-24.4476749049815,-4.30581912398339));
#7506=CARTESIAN_POINT('Ctrl Pts',(-1.01264165808947,-24.4476749049815,-4.3665882305371));
#7507=CARTESIAN_POINT('Ctrl Pts',(-1.015924899024,-24.4476749049815,-4.50157520122122));
#7508=CARTESIAN_POINT('Ctrl Pts',(-1.02987860915239,-24.4476749049815,-4.63589330131578));
#7509=CARTESIAN_POINT('Ctrl Pts',(-1.03755056858059,-24.4476749049815,-4.7097434103489));
#7510=CARTESIAN_POINT('',(-1.01116359233852,-24.4476749049815,-4.30581912398339));
#7511=CARTESIAN_POINT('Ctrl Pts',(-1.02537199854847,-24.1476749049815,-4.0602169930935));
#7512=CARTESIAN_POINT('Ctrl Pts',(-1.02537199854847,-24.4476749049815,-4.0602169930935));
#7513=CARTESIAN_POINT('Ctrl Pts',(-1.02124488334718,-24.1476749049815,-4.10568579964363));
#7514=CARTESIAN_POINT('Ctrl Pts',(-1.02124488334718,-24.4476749049815,-4.10568579964363));
#7515=CARTESIAN_POINT('Ctrl Pts',(-1.01382739576376,-24.1476749049815,-4.18740494039193));
#7516=CARTESIAN_POINT('Ctrl Pts',(-1.01382739576376,-24.4476749049815,-4.18740494039193));
#7517=CARTESIAN_POINT('Ctrl Pts',(-1.01198214107282,-24.1476749049815,-4.26943213717226));
#7518=CARTESIAN_POINT('Ctrl Pts',(-1.01198214107282,-24.4476749049815,-4.26943213717226));
#7519=CARTESIAN_POINT('Ctrl Pts',(-1.01116359233852,-24.1476749049815,-4.30581912398339));
#7520=CARTESIAN_POINT('Ctrl Pts',(-1.01116359233852,-24.4476749049815,-4.30581912398339));
#7521=CARTESIAN_POINT('',(-1.02537199854847,-24.4476749049815,-4.0602169930935));
#7522=CARTESIAN_POINT('Ctrl Pts',(-1.02537199854847,-24.4476749049815,-4.0602169930935));
#7523=CARTESIAN_POINT('Ctrl Pts',(-1.02124488334718,-24.4476749049815,-4.10568579964363));
#7524=CARTESIAN_POINT('Ctrl Pts',(-1.01382739576376,-24.4476749049815,-4.18740494039193));
#7525=CARTESIAN_POINT('Ctrl Pts',(-1.01198214107282,-24.4476749049815,-4.26943213717226));
#7526=CARTESIAN_POINT('Ctrl Pts',(-1.01116359233852,-24.4476749049815,-4.30581912398339));
#7527=CARTESIAN_POINT('',(-1.02537199854847,-24.4476749049815,-4.0602169930935));
#7528=CARTESIAN_POINT('Origin',(-1.03552084416147,-24.4476749049815,-3.93741592764855));
#7529=CARTESIAN_POINT('',(-1.04566968977447,-24.4476749049815,-3.8146148622036));
#7530=CARTESIAN_POINT('',(-1.18014574199808,-24.4476749049815,-2.18745418604439));
#7531=CARTESIAN_POINT('',(-1.04566968977447,-24.4476749049815,-3.8146148622036));
#7532=CARTESIAN_POINT('Origin',(-0.895466767251451,-24.4476749049815,-3.82679343223572));
#7533=CARTESIAN_POINT('',(-0.745263844728429,-24.4476749049815,-3.83897200226784));
#7534=CARTESIAN_POINT('',(1.87545593735799,-24.4476749049815,-4.05146200488953));
#7535=CARTESIAN_POINT('',(-0.745263844728429,-24.4476749049815,-3.83897200226784));
#7536=CARTESIAN_POINT('Ctrl Pts',(-0.128213614225347,-24.1476749049815,
-4.09675285220147));
#7537=CARTESIAN_POINT('Ctrl Pts',(-0.128213614225347,-24.4476749049815,
-4.09675285220147));
#7538=CARTESIAN_POINT('Ctrl Pts',(-0.22553955269992,-24.1476749049815,-4.0304225657427));
#7539=CARTESIAN_POINT('Ctrl Pts',(-0.22553955269992,-24.4476749049815,-4.0304225657427));
#7540=CARTESIAN_POINT('Ctrl Pts',(-0.413764245758873,-24.1476749049815,
-3.90214229426631));
#7541=CARTESIAN_POINT('Ctrl Pts',(-0.413764245758874,-24.4476749049815,
-3.90214229426631));
#7542=CARTESIAN_POINT('Ctrl Pts',(-0.637308382921228,-24.1476749049815,
-3.85954390662727));
#7543=CARTESIAN_POINT('Ctrl Pts',(-0.637308382921228,-24.4476749049815,
-3.85954390662727));
#7544=CARTESIAN_POINT('Ctrl Pts',(-0.745263844728429,-24.1476749049815,
-3.83897200226784));
#7545=CARTESIAN_POINT('Ctrl Pts',(-0.745263844728429,-24.4476749049815,
-3.83897200226784));
#7546=CARTESIAN_POINT('Ctrl Pts',(-0.128213614225347,-24.4476749049815,
-4.09675285220147));
#7547=CARTESIAN_POINT('Ctrl Pts',(-0.22553955269992,-24.4476749049815,-4.0304225657427));
#7548=CARTESIAN_POINT('Ctrl Pts',(-0.413764245758874,-24.4476749049815,
-3.90214229426631));
#7549=CARTESIAN_POINT('Ctrl Pts',(-0.637308382921228,-24.4476749049815,
-3.85954390662727));
#7550=CARTESIAN_POINT('Ctrl Pts',(-0.745263844728429,-24.4476749049815,
-3.83897200226784));
#7551=CARTESIAN_POINT('Ctrl Pts',(0.754736214876215,-24.1476749049815,-6.31123200058938));
#7552=CARTESIAN_POINT('Ctrl Pts',(0.754736214876215,-24.4476749049815,-6.31123200058938));
#7553=CARTESIAN_POINT('Ctrl Pts',(0.752057501124755,-24.1476749049815,-6.33881851571706));
#7554=CARTESIAN_POINT('Ctrl Pts',(0.752057501124755,-24.4476749049815,-6.33881851571706));
#7555=CARTESIAN_POINT('Ctrl Pts',(0.74664728058642,-24.1476749049815,-6.39453523074252));
#7556=CARTESIAN_POINT('Ctrl Pts',(0.74664728058642,-24.4476749049815,-6.39453523074252));
#7557=CARTESIAN_POINT('Ctrl Pts',(0.71088438295946,-24.1476749049815,-6.43764151637838));
#7558=CARTESIAN_POINT('Ctrl Pts',(0.71088438295946,-24.4476749049815,-6.43764151637838));
#7559=CARTESIAN_POINT('Ctrl Pts',(0.692828446626703,-24.1476749049815,-6.45940497517586));
#7560=CARTESIAN_POINT('Ctrl Pts',(0.692828446626703,-24.4476749049815,-6.45940497517586));
#7561=CARTESIAN_POINT('',(0.692828446626703,-24.4476749049815,-6.45940497517586));
#7562=CARTESIAN_POINT('',(0.692828446626703,-24.4476749049815,-6.45940497517586));
#7563=CARTESIAN_POINT('',(0.754736214876215,-24.4476749049815,-6.31123200058938));
#7564=CARTESIAN_POINT('Ctrl Pts',(0.754736214876215,-24.4476749049815,-6.31123200058938));
#7565=CARTESIAN_POINT('Ctrl Pts',(0.752057501124755,-24.4476749049815,-6.33881851571706));
#7566=CARTESIAN_POINT('Ctrl Pts',(0.74664728058642,-24.4476749049815,-6.39453523074252));
#7567=CARTESIAN_POINT('Ctrl Pts',(0.71088438295946,-24.4476749049815,-6.43764151637838));
#7568=CARTESIAN_POINT('Ctrl Pts',(0.692828446626703,-24.4476749049815,-6.45940497517586));
#7569=CARTESIAN_POINT('',(0.754736214876215,-24.4476749049815,-6.31123200058938));
#7570=CARTESIAN_POINT('Ctrl Pts',(0.701962262392084,-24.1476749049815,-6.17320731282235));
#7571=CARTESIAN_POINT('Ctrl Pts',(0.701962262392084,-24.4476749049815,-6.17320731282235));
#7572=CARTESIAN_POINT('Ctrl Pts',(0.717348427807468,-24.1476749049815,-6.19471282754492));
#7573=CARTESIAN_POINT('Ctrl Pts',(0.717348427807468,-24.4476749049815,-6.19471282754492));
#7574=CARTESIAN_POINT('Ctrl Pts',(0.747024016885878,-24.1476749049815,-6.23619092170271));
#7575=CARTESIAN_POINT('Ctrl Pts',(0.747024016885877,-24.4476749049815,-6.23619092170271));
#7576=CARTESIAN_POINT('Ctrl Pts',(0.752229611156908,-24.1476749049815,-6.28684229383213));
#7577=CARTESIAN_POINT('Ctrl Pts',(0.752229611156908,-24.4476749049815,-6.28684229383213));
#7578=CARTESIAN_POINT('Ctrl Pts',(0.754736214876215,-24.1476749049815,-6.31123200058938));
#7579=CARTESIAN_POINT('Ctrl Pts',(0.754736214876215,-24.4476749049815,-6.31123200058938));
#7580=CARTESIAN_POINT('',(0.701962262392084,-24.4476749049815,-6.17320731282235));
#7581=CARTESIAN_POINT('Ctrl Pts',(0.701962262392084,-24.4476749049815,-6.17320731282235));
#7582=CARTESIAN_POINT('Ctrl Pts',(0.717348427807468,-24.4476749049815,-6.19471282754492));
#7583=CARTESIAN_POINT('Ctrl Pts',(0.747024016885877,-24.4476749049815,-6.23619092170271));
#7584=CARTESIAN_POINT('Ctrl Pts',(0.752229611156908,-24.4476749049815,-6.28684229383213));
#7585=CARTESIAN_POINT('Ctrl Pts',(0.754736214876215,-24.4476749049815,-6.31123200058938));
#7586=CARTESIAN_POINT('',(0.701962262392084,-24.4476749049815,-6.17320731282235));
#7587=CARTESIAN_POINT('Ctrl Pts',(-0.241880714893301,-24.1476749049815,
-5.45872882008553));
#7588=CARTESIAN_POINT('Ctrl Pts',(-0.241880714893301,-24.4476749049815,
-5.45872882008553));
#7589=CARTESIAN_POINT('Ctrl Pts',(-0.0511672379915005,-24.1476749049815,
-5.56588517004187));
#7590=CARTESIAN_POINT('Ctrl Pts',(-0.0511672379915007,-24.4476749049815,
-5.56588517004187));
#7591=CARTESIAN_POINT('Ctrl Pts',(0.296486125504427,-24.1476749049815,-5.76122147289503));
#7592=CARTESIAN_POINT('Ctrl Pts',(0.296486125504426,-24.4476749049815,-5.76122147289503));
#7593=CARTESIAN_POINT('Ctrl Pts',(0.575850034516629,-24.1476749049815,-6.04507042041437));
#7594=CARTESIAN_POINT('Ctrl Pts',(0.575850034516628,-24.4476749049815,-6.04507042041437));
#7595=CARTESIAN_POINT('Ctrl Pts',(0.701962262392084,-24.1476749049815,-6.17320731282235));
#7596=CARTESIAN_POINT('Ctrl Pts',(0.701962262392084,-24.4476749049815,-6.17320731282235));
#7597=CARTESIAN_POINT('',(-0.241880714893301,-24.4476749049815,-5.45872882008553));
#7598=CARTESIAN_POINT('Ctrl Pts',(-0.241880714893301,-24.4476749049815,
-5.45872882008553));
#7599=CARTESIAN_POINT('Ctrl Pts',(-0.0511672379915007,-24.4476749049815,
-5.56588517004187));
#7600=CARTESIAN_POINT('Ctrl Pts',(0.296486125504426,-24.4476749049815,-5.76122147289503));
#7601=CARTESIAN_POINT('Ctrl Pts',(0.575850034516628,-24.4476749049815,-6.04507042041437));
#7602=CARTESIAN_POINT('Ctrl Pts',(0.701962262392084,-24.4476749049815,-6.17320731282235));
#7603=CARTESIAN_POINT('',(-0.241880714893301,-24.4476749049815,-5.45872882008553));
#7604=CARTESIAN_POINT('Ctrl Pts',(0.320365577936213,-24.1476749049815,-5.16847148537636));
#7605=CARTESIAN_POINT('Ctrl Pts',(0.320365577936213,-24.4476749049815,-5.16847148537636));
#7606=CARTESIAN_POINT('Ctrl Pts',(0.238295214653591,-24.1476749049815,-5.22892927228494));
#7607=CARTESIAN_POINT('Ctrl Pts',(0.238295214653591,-24.4476749049815,-5.22892927228494));
#7608=CARTESIAN_POINT('Ctrl Pts',(0.0664584666447448,-24.1476749049815,
-5.35551418160726));
#7609=CARTESIAN_POINT('Ctrl Pts',(0.0664584666447446,-24.4476749049815,
-5.35551418160726));
#7610=CARTESIAN_POINT('Ctrl Pts',(-0.136077342790169,-24.1476749049815,
-5.4233117941113));
#7611=CARTESIAN_POINT('Ctrl Pts',(-0.13607734279017,-24.4476749049815,-5.4233117941113));
#7612=CARTESIAN_POINT('Ctrl Pts',(-0.241880714893301,-24.1476749049815,
-5.45872882008553));
#7613=CARTESIAN_POINT('Ctrl Pts',(-0.241880714893301,-24.4476749049815,
-5.45872882008553));
#7614=CARTESIAN_POINT('',(0.320365577936213,-24.4476749049815,-5.16847148537636));
#7615=CARTESIAN_POINT('Ctrl Pts',(0.320365577936213,-24.4476749049815,-5.16847148537636));
#7616=CARTESIAN_POINT('Ctrl Pts',(0.238295214653591,-24.4476749049815,-5.22892927228494));
#7617=CARTESIAN_POINT('Ctrl Pts',(0.0664584666447446,-24.4476749049815,
-5.35551418160726));
#7618=CARTESIAN_POINT('Ctrl Pts',(-0.13607734279017,-24.4476749049815,-5.4233117941113));
#7619=CARTESIAN_POINT('Ctrl Pts',(-0.241880714893301,-24.4476749049815,
-5.45872882008553));
#7620=CARTESIAN_POINT('',(0.320365577936213,-24.4476749049815,-5.16847148537636));
#7621=CARTESIAN_POINT('Ctrl Pts',(0.600473731756251,-24.1476749049815,-4.6224631369114));
#7622=CARTESIAN_POINT('Ctrl Pts',(0.600473731756251,-24.4476749049815,-4.6224631369114));
#7623=CARTESIAN_POINT('Ctrl Pts',(0.586633793891852,-24.1476749049815,-4.72412214587747));
#7624=CARTESIAN_POINT('Ctrl Pts',(0.586633793891852,-24.4476749049815,-4.72412214587747));
#7625=CARTESIAN_POINT('Ctrl Pts',(0.557496147210827,-24.1476749049815,-4.93814798285871));
#7626=CARTESIAN_POINT('Ctrl Pts',(0.557496147210827,-24.4476749049815,-4.93814798285871));
#7627=CARTESIAN_POINT('Ctrl Pts',(0.402002246747732,-24.1476749049815,-5.08917827762141));
#7628=CARTESIAN_POINT('Ctrl Pts',(0.402002246747732,-24.4476749049815,-5.08917827762141));
#7629=CARTESIAN_POINT('Ctrl Pts',(0.320365577936213,-24.1476749049815,-5.16847148537636));
#7630=CARTESIAN_POINT('Ctrl Pts',(0.320365577936213,-24.4476749049815,-5.16847148537636));
#7631=CARTESIAN_POINT('',(0.600473731756251,-24.4476749049815,-4.6224631369114));
#7632=CARTESIAN_POINT('Ctrl Pts',(0.600473731756251,-24.4476749049815,-4.6224631369114));
#7633=CARTESIAN_POINT('Ctrl Pts',(0.586633793891852,-24.4476749049815,-4.72412214587747));
#7634=CARTESIAN_POINT('Ctrl Pts',(0.557496147210827,-24.4476749049815,-4.93814798285871));
#7635=CARTESIAN_POINT('Ctrl Pts',(0.402002246747732,-24.4476749049815,-5.08917827762141));
#7636=CARTESIAN_POINT('Ctrl Pts',(0.320365577936213,-24.4476749049815,-5.16847148537636));
#7637=CARTESIAN_POINT('',(0.600473731756251,-24.4476749049815,-4.6224631369114));
#7638=CARTESIAN_POINT('Ctrl Pts',(-0.221583098173101,-24.1476749049815,
-3.55683401226998));
#7639=CARTESIAN_POINT('Ctrl Pts',(-0.221583098173101,-24.4476749049815,
-3.55683401226998));
#7640=CARTESIAN_POINT('Ctrl Pts',(0.0170647735310643,-24.1476749049815,
-3.69459952843754));
#7641=CARTESIAN_POINT('Ctrl Pts',(0.0170647735310641,-24.4476749049815,
-3.69459952843754));
#7642=CARTESIAN_POINT('Ctrl Pts',(0.443264466462317,-24.1476749049815,-3.94063407409614));
#7643=CARTESIAN_POINT('Ctrl Pts',(0.443264466462317,-24.4476749049815,-3.94063407409614));
#7644=CARTESIAN_POINT('Ctrl Pts',(0.552433306047349,-24.1476749049815,-4.4141079971739));
#7645=CARTESIAN_POINT('Ctrl Pts',(0.552433306047348,-24.4476749049815,-4.4141079971739));
#7646=CARTESIAN_POINT('Ctrl Pts',(0.600473731756251,-24.1476749049815,-4.6224631369114));
#7647=CARTESIAN_POINT('Ctrl Pts',(0.600473731756251,-24.4476749049815,-4.6224631369114));
#7648=CARTESIAN_POINT('',(-0.221583098173101,-24.4476749049815,-3.55683401226998));
#7649=CARTESIAN_POINT('Ctrl Pts',(-0.221583098173101,-24.4476749049815,
-3.55683401226998));
#7650=CARTESIAN_POINT('Ctrl Pts',(0.0170647735310641,-24.4476749049815,
-3.69459952843754));
#7651=CARTESIAN_POINT('Ctrl Pts',(0.443264466462317,-24.4476749049815,-3.94063407409614));
#7652=CARTESIAN_POINT('Ctrl Pts',(0.552433306047348,-24.4476749049815,-4.4141079971739));
#7653=CARTESIAN_POINT('Ctrl Pts',(0.600473731756251,-24.4476749049815,-4.6224631369114));
#7654=CARTESIAN_POINT('',(-0.221583098173101,-24.4476749049815,-3.55683401226998));
#7655=CARTESIAN_POINT('Ctrl Pts',(-0.690460056066472,-24.1476749049815,
-3.420839458704));
#7656=CARTESIAN_POINT('Ctrl Pts',(-0.690460056066473,-24.4476749049815,
-3.420839458704));
#7657=CARTESIAN_POINT('Ctrl Pts',(-0.603841353111485,-24.1476749049815,
-3.43388021032564));
#7658=CARTESIAN_POINT('Ctrl Pts',(-0.603841353111486,-24.4476749049815,
-3.43388021032564));
#7659=CARTESIAN_POINT('Ctrl Pts',(-0.441359239969972,-24.1476749049815,
-3.45834246626058));
#7660=CARTESIAN_POINT('Ctrl Pts',(-0.441359239969972,-24.4476749049815,
-3.45834246626058));
#7661=CARTESIAN_POINT('Ctrl Pts',(-0.291536027691315,-24.1476749049815,
-3.52548496719254));
#7662=CARTESIAN_POINT('Ctrl Pts',(-0.291536027691315,-24.4476749049815,
-3.52548496719254));
#7663=CARTESIAN_POINT('Ctrl Pts',(-0.221583098173101,-24.1476749049815,
-3.55683401226998));
#7664=CARTESIAN_POINT('Ctrl Pts',(-0.221583098173101,-24.4476749049815,
-3.55683401226998));
#7665=CARTESIAN_POINT('',(-0.690460056066473,-24.4476749049815,-3.420839458704));
#7666=CARTESIAN_POINT('Ctrl Pts',(-0.690460056066473,-24.4476749049815,
-3.420839458704));
#7667=CARTESIAN_POINT('Ctrl Pts',(-0.603841353111486,-24.4476749049815,
-3.43388021032564));
#7668=CARTESIAN_POINT('Ctrl Pts',(-0.441359239969972,-24.4476749049815,
-3.45834246626058));
#7669=CARTESIAN_POINT('Ctrl Pts',(-0.291536027691315,-24.4476749049815,
-3.52548496719254));
#7670=CARTESIAN_POINT('Ctrl Pts',(-0.221583098173101,-24.4476749049815,
-3.55683401226998));
#7671=CARTESIAN_POINT('',(-0.690460056066473,-24.4476749049815,-3.420839458704));
#7672=CARTESIAN_POINT('Origin',(-0.935047268867452,-24.4476749049815,-3.4015566110611));
#7673=CARTESIAN_POINT('',(-1.17963448166843,-24.4476749049815,-3.3822737634182));
#7674=CARTESIAN_POINT('',(1.8775490664517,-24.4476749049815,-3.62329701193425));
#7675=CARTESIAN_POINT('',(-1.17963448166843,-24.4476749049815,-3.3822737634182));
#7676=CARTESIAN_POINT('Ctrl Pts',(-1.3927603513002,-24.1476749049815,-3.47970262169839));
#7677=CARTESIAN_POINT('Ctrl Pts',(-1.3927603513002,-24.4476749049815,-3.47970262169839));
#7678=CARTESIAN_POINT('Ctrl Pts',(-1.36439488238805,-24.1476749049815,-3.44876448939892));
#7679=CARTESIAN_POINT('Ctrl Pts',(-1.36439488238805,-24.4476749049815,-3.44876448939892));
#7680=CARTESIAN_POINT('Ctrl Pts',(-1.30714436425393,-24.1476749049815,-3.38632152010652));
#7681=CARTESIAN_POINT('Ctrl Pts',(-1.30714436425393,-24.4476749049815,-3.38632152010652));
#7682=CARTESIAN_POINT('Ctrl Pts',(-1.22239416094869,-24.1476749049815,-3.38363115450262));
#7683=CARTESIAN_POINT('Ctrl Pts',(-1.22239416094869,-24.4476749049815,-3.38363115450262));
#7684=CARTESIAN_POINT('Ctrl Pts',(-1.17963448166843,-24.1476749049815,-3.3822737634182));
#7685=CARTESIAN_POINT('Ctrl Pts',(-1.17963448166843,-24.4476749049815,-3.3822737634182));
#7686=CARTESIAN_POINT('',(-1.3927603513002,-24.4476749049815,-3.47970262169839));
#7687=CARTESIAN_POINT('Ctrl Pts',(-1.3927603513002,-24.4476749049815,-3.47970262169839));
#7688=CARTESIAN_POINT('Ctrl Pts',(-1.36439488238805,-24.4476749049815,-3.44876448939892));
#7689=CARTESIAN_POINT('Ctrl Pts',(-1.30714436425393,-24.4476749049815,-3.38632152010652));
#7690=CARTESIAN_POINT('Ctrl Pts',(-1.22239416094869,-24.4476749049815,-3.38363115450262));
#7691=CARTESIAN_POINT('Ctrl Pts',(-1.17963448166843,-24.4476749049815,-3.3822737634182));
#7692=CARTESIAN_POINT('',(-1.3927603513002,-24.4476749049815,-3.47970262169839));
#7693=CARTESIAN_POINT('Ctrl Pts',(-1.45771302282806,-24.1476749049815,-3.68267968297005));
#7694=CARTESIAN_POINT('Ctrl Pts',(-1.45771302282806,-24.4476749049815,-3.68267968297005));
#7695=CARTESIAN_POINT('Ctrl Pts',(-1.4551908826912,-24.1476749049815,-3.64554843207942));
#7696=CARTESIAN_POINT('Ctrl Pts',(-1.4551908826912,-24.4476749049815,-3.64554843207942));
#7697=CARTESIAN_POINT('Ctrl Pts',(-1.45022895672327,-24.1476749049815,-3.57249836030753));
#7698=CARTESIAN_POINT('Ctrl Pts',(-1.45022895672327,-24.4476749049815,-3.57249836030753));
#7699=CARTESIAN_POINT('Ctrl Pts',(-1.41170341380389,-24.1476749049815,-3.51029037415224));
#7700=CARTESIAN_POINT('Ctrl Pts',(-1.41170341380389,-24.4476749049815,-3.51029037415224));
#7701=CARTESIAN_POINT('Ctrl Pts',(-1.3927603513002,-24.1476749049815,-3.47970262169839));
#7702=CARTESIAN_POINT('Ctrl Pts',(-1.3927603513002,-24.4476749049815,-3.47970262169839));
#7703=CARTESIAN_POINT('',(-1.45771302282806,-24.4476749049815,-3.68267968297005));
#7704=CARTESIAN_POINT('Ctrl Pts',(-1.45771302282806,-24.4476749049815,-3.68267968297005));
#7705=CARTESIAN_POINT('Ctrl Pts',(-1.4551908826912,-24.4476749049815,-3.64554843207942));
#7706=CARTESIAN_POINT('Ctrl Pts',(-1.45022895672327,-24.4476749049815,-3.57249836030753));
#7707=CARTESIAN_POINT('Ctrl Pts',(-1.41170341380389,-24.4476749049815,-3.51029037415224));
#7708=CARTESIAN_POINT('Ctrl Pts',(-1.3927603513002,-24.4476749049815,-3.47970262169839));
#7709=CARTESIAN_POINT('',(-1.45771302282806,-24.4476749049815,-3.68267968297005));
#7710=CARTESIAN_POINT('Ctrl Pts',(-1.43843017518516,-24.1476749049815,-3.98917511105538));
#7711=CARTESIAN_POINT('Ctrl Pts',(-1.43843017518516,-24.4476749049815,-3.98917511105538));
#7712=CARTESIAN_POINT('Ctrl Pts',(-1.44400300246102,-24.1476749049815,-3.92984894861356));
#7713=CARTESIAN_POINT('Ctrl Pts',(-1.44400300246102,-24.4476749049815,-3.92984894861356));
#7714=CARTESIAN_POINT('Ctrl Pts',(-1.45358235719484,-24.1476749049815,-3.82787084541848));
#7715=CARTESIAN_POINT('Ctrl Pts',(-1.45358235719484,-24.4476749049815,-3.82787084541848));
#7716=CARTESIAN_POINT('Ctrl Pts',(-1.45649487408766,-24.1476749049815,-3.72549709966709));
#7717=CARTESIAN_POINT('Ctrl Pts',(-1.45649487408766,-24.4476749049815,-3.72549709966709));
#7718=CARTESIAN_POINT('Ctrl Pts',(-1.45771302282806,-24.1476749049815,-3.68267968297005));
#7719=CARTESIAN_POINT('Ctrl Pts',(-1.45771302282806,-24.4476749049815,-3.68267968297005));
#7720=CARTESIAN_POINT('',(-1.43843017518516,-24.4476749049815,-3.98917511105538));
#7721=CARTESIAN_POINT('Ctrl Pts',(-1.43843017518516,-24.4476749049815,-3.98917511105538));
#7722=CARTESIAN_POINT('Ctrl Pts',(-1.44400300246102,-24.4476749049815,-3.92984894861356));
#7723=CARTESIAN_POINT('Ctrl Pts',(-1.45358235719484,-24.4476749049815,-3.82787084541848));
#7724=CARTESIAN_POINT('Ctrl Pts',(-1.45649487408766,-24.4476749049815,-3.72549709966709));
#7725=CARTESIAN_POINT('Ctrl Pts',(-1.45771302282806,-24.4476749049815,-3.68267968297005));
#7726=CARTESIAN_POINT('',(-1.43843017518516,-24.4476749049815,-3.98917511105538));
#7727=CARTESIAN_POINT('Ctrl Pts',(-1.41914740204807,-24.1476749049815,-4.29567024111748));
#7728=CARTESIAN_POINT('Ctrl Pts',(-1.41914740204807,-24.4476749049815,-4.29567024111748));
#7729=CARTESIAN_POINT('Ctrl Pts',(-1.42036555669462,-24.1476749049815,-4.2528529241761));
#7730=CARTESIAN_POINT('Ctrl Pts',(-1.42036555669462,-24.4476749049815,-4.2528529241761));
#7731=CARTESIAN_POINT('Ctrl Pts',(-1.42327809157924,-24.1476749049815,-4.15047928088678));
#7732=CARTESIAN_POINT('Ctrl Pts',(-1.42327809157924,-24.4476749049815,-4.15047928088678));
#7733=CARTESIAN_POINT('Ctrl Pts',(-1.43285738073515,-24.1476749049815,-4.04850127409538));
#7734=CARTESIAN_POINT('Ctrl Pts',(-1.43285738073515,-24.4476749049815,-4.04850127409538));
#7735=CARTESIAN_POINT('Ctrl Pts',(-1.43843017518516,-24.1476749049815,-3.98917511105538));
#7736=CARTESIAN_POINT('Ctrl Pts',(-1.43843017518516,-24.4476749049815,-3.98917511105538));
#7737=CARTESIAN_POINT('',(-1.41914740204807,-24.4476749049815,-4.29567024111748));
#7738=CARTESIAN_POINT('Ctrl Pts',(-1.41914740204807,-24.4476749049815,-4.29567024111748));
#7739=CARTESIAN_POINT('Ctrl Pts',(-1.42036555669462,-24.4476749049815,-4.2528529241761));
#7740=CARTESIAN_POINT('Ctrl Pts',(-1.42327809157924,-24.4476749049815,-4.15047928088678));
#7741=CARTESIAN_POINT('Ctrl Pts',(-1.43285738073515,-24.4476749049815,-4.04850127409538));
#7742=CARTESIAN_POINT('Ctrl Pts',(-1.43843017518516,-24.4476749049815,-3.98917511105538));
#7743=CARTESIAN_POINT('',(-1.41914740204807,-24.4476749049815,-4.29567024111748));
#7744=CARTESIAN_POINT('Ctrl Pts',(-1.45974278450008,-24.1476749049815,-4.84979763627053));
#7745=CARTESIAN_POINT('Ctrl Pts',(-1.45974278450008,-24.4476749049815,-4.84979763627053));
#7746=CARTESIAN_POINT('Ctrl Pts',(-1.44801776414566,-24.1476749049815,-4.74215942277225));
#7747=CARTESIAN_POINT('Ctrl Pts',(-1.44801776414566,-24.4476749049815,-4.74215942277225));
#7748=CARTESIAN_POINT('Ctrl Pts',(-1.42794658872042,-24.1476749049815,-4.55790170719664));
#7749=CARTESIAN_POINT('Ctrl Pts',(-1.42794658872043,-24.4476749049815,-4.55790170719664));
#7750=CARTESIAN_POINT('Ctrl Pts',(-1.42173171856136,-24.1476749049815,-4.37268748524772));
#7751=CARTESIAN_POINT('Ctrl Pts',(-1.42173171856136,-24.4476749049815,-4.37268748524772));
#7752=CARTESIAN_POINT('Ctrl Pts',(-1.41914740204807,-24.1476749049815,-4.29567024111748));
#7753=CARTESIAN_POINT('Ctrl Pts',(-1.41914740204807,-24.4476749049815,-4.29567024111748));
#7754=CARTESIAN_POINT('',(-1.45974278450008,-24.4476749049815,-4.84979763627053));
#7755=CARTESIAN_POINT('Ctrl Pts',(-1.45974278450008,-24.4476749049815,-4.84979763627053));
#7756=CARTESIAN_POINT('Ctrl Pts',(-1.44801776414566,-24.4476749049815,-4.74215942277225));
#7757=CARTESIAN_POINT('Ctrl Pts',(-1.42794658872043,-24.4476749049815,-4.55790170719664));
#7758=CARTESIAN_POINT('Ctrl Pts',(-1.42173171856136,-24.4476749049815,-4.37268748524772));
#7759=CARTESIAN_POINT('Ctrl Pts',(-1.41914740204807,-24.4476749049815,-4.29567024111748));
#7760=CARTESIAN_POINT('',(-1.45974278450008,-24.4476749049815,-4.84979763627053));
#7761=CARTESIAN_POINT('Ctrl Pts',(-1.50033816695209,-24.1476749049815,-5.40595456957818));
#7762=CARTESIAN_POINT('Ctrl Pts',(-1.50033816695209,-24.4476749049815,-5.40595456957818));
#7763=CARTESIAN_POINT('Ctrl Pts',(-1.49776374897441,-24.1476749049815,-5.32842928472893));
#7764=CARTESIAN_POINT('Ctrl Pts',(-1.49776374897441,-24.4476749049815,-5.32842928472893));
#7765=CARTESIAN_POINT('Ctrl Pts',(-1.49159074665965,-24.1476749049815,-5.14253726293013));
#7766=CARTESIAN_POINT('Ctrl Pts',(-1.49159074665965,-24.4476749049815,-5.14253726293013));
#7767=CARTESIAN_POINT('Ctrl Pts',(-1.4714714404368,-24.1476749049815,-4.95760492211605));
#7768=CARTESIAN_POINT('Ctrl Pts',(-1.4714714404368,-24.4476749049815,-4.95760492211605));
#7769=CARTESIAN_POINT('Ctrl Pts',(-1.45974278450008,-24.1476749049815,-4.84979763627053));
#7770=CARTESIAN_POINT('Ctrl Pts',(-1.45974278450008,-24.4476749049815,-4.84979763627053));
#7771=CARTESIAN_POINT('',(-1.50033816695209,-24.4476749049815,-5.40595456957818));
#7772=CARTESIAN_POINT('Ctrl Pts',(-1.50033816695209,-24.4476749049815,-5.40595456957818));
#7773=CARTESIAN_POINT('Ctrl Pts',(-1.49776374897441,-24.4476749049815,-5.32842928472893));
#7774=CARTESIAN_POINT('Ctrl Pts',(-1.49159074665965,-24.4476749049815,-5.14253726293013));
#7775=CARTESIAN_POINT('Ctrl Pts',(-1.4714714404368,-24.4476749049815,-4.95760492211605));
#7776=CARTESIAN_POINT('Ctrl Pts',(-1.45974278450008,-24.4476749049815,-4.84979763627053));
#7777=CARTESIAN_POINT('',(-1.50033816695209,-24.4476749049815,-5.40595456957818));
#7778=CARTESIAN_POINT('Ctrl Pts',(-1.48511491715904,-24.1476749049815,-5.8839650452137));
#7779=CARTESIAN_POINT('Ctrl Pts',(-1.48511491715904,-24.4476749049815,-5.8839650452137));
#7780=CARTESIAN_POINT('Ctrl Pts',(-1.48951373286158,-24.1476749049815,-5.79120544612107));
#7781=CARTESIAN_POINT('Ctrl Pts',(-1.48951373286158,-24.4476749049815,-5.79120544612107));
#7782=CARTESIAN_POINT('Ctrl Pts',(-1.4970662225002,-24.1476749049815,-5.63194305405831));
#7783=CARTESIAN_POINT('Ctrl Pts',(-1.49706622250021,-24.4476749049815,-5.63194305405831));
#7784=CARTESIAN_POINT('Ctrl Pts',(-1.49937436270361,-24.1476749049815,-5.47252313901826));
#7785=CARTESIAN_POINT('Ctrl Pts',(-1.49937436270361,-24.4476749049815,-5.47252313901826));
#7786=CARTESIAN_POINT('Ctrl Pts',(-1.50033816695209,-24.1476749049815,-5.40595456957818));
#7787=CARTESIAN_POINT('Ctrl Pts',(-1.50033816695209,-24.4476749049815,-5.40595456957818));
#7788=CARTESIAN_POINT('',(-1.48511491715904,-24.4476749049815,-5.8839650452137));
#7789=CARTESIAN_POINT('Ctrl Pts',(-1.48511491715904,-24.4476749049815,-5.8839650452137));
#7790=CARTESIAN_POINT('Ctrl Pts',(-1.48951373286158,-24.4476749049815,-5.79120544612107));
#7791=CARTESIAN_POINT('Ctrl Pts',(-1.49706622250021,-24.4476749049815,-5.63194305405831));
#7792=CARTESIAN_POINT('Ctrl Pts',(-1.49937436270361,-24.4476749049815,-5.47252313901826));
#7793=CARTESIAN_POINT('Ctrl Pts',(-1.50033816695209,-24.4476749049815,-5.40595456957818));
#7794=CARTESIAN_POINT('',(-1.48511491715904,-24.4476749049815,-5.8839650452137));
#7795=CARTESIAN_POINT('Ctrl Pts',(-1.46989159286018,-24.1476749049815,-6.3619764149189));
#7796=CARTESIAN_POINT('Ctrl Pts',(-1.46989159286018,-24.4476749049815,-6.3619764149189));
#7797=CARTESIAN_POINT('Ctrl Pts',(-1.47085539005495,-24.1476749049815,-6.29540754721598));
#7798=CARTESIAN_POINT('Ctrl Pts',(-1.47085539005495,-24.4476749049815,-6.29540754721598));
#7799=CARTESIAN_POINT('Ctrl Pts',(-1.47316350736362,-24.1476749049815,-6.13598733246719));
#7800=CARTESIAN_POINT('Ctrl Pts',(-1.47316350736362,-24.4476749049815,-6.13598733246719));
#7801=CARTESIAN_POINT('Ctrl Pts',(-1.48071606819363,-24.1476749049815,-5.97672464399921));
#7802=CARTESIAN_POINT('Ctrl Pts',(-1.48071606819363,-24.4476749049815,-5.97672464399921));
#7803=CARTESIAN_POINT('Ctrl Pts',(-1.48511491715904,-24.1476749049815,-5.8839650452137));
#7804=CARTESIAN_POINT('Ctrl Pts',(-1.48511491715904,-24.4476749049815,-5.8839650452137));
#7805=CARTESIAN_POINT('',(-1.46989159286018,-24.4476749049815,-6.3619764149189));
#7806=CARTESIAN_POINT('Ctrl Pts',(-1.46989159286018,-24.4476749049815,-6.3619764149189));
#7807=CARTESIAN_POINT('Ctrl Pts',(-1.47085539005495,-24.4476749049815,-6.29540754721598));
#7808=CARTESIAN_POINT('Ctrl Pts',(-1.47316350736362,-24.4476749049815,-6.13598733246719));
#7809=CARTESIAN_POINT('Ctrl Pts',(-1.48071606819363,-24.4476749049815,-5.97672464399921));
#7810=CARTESIAN_POINT('Ctrl Pts',(-1.48511491715904,-24.4476749049815,-5.8839650452137));
#7811=CARTESIAN_POINT('',(-1.46989159286018,-24.4476749049815,-6.3619764149189));
#7812=CARTESIAN_POINT('Ctrl Pts',(-1.41204312443729,-24.1476749049815,-6.51116445660592));
#7813=CARTESIAN_POINT('Ctrl Pts',(-1.41204312443729,-24.4476749049815,-6.51116445660592));
#7814=CARTESIAN_POINT('Ctrl Pts',(-1.42891378839435,-24.1476749049815,-6.48969721583291));
#7815=CARTESIAN_POINT('Ctrl Pts',(-1.42891378839435,-24.4476749049815,-6.48969721583291));
#7816=CARTESIAN_POINT('Ctrl Pts',(-1.46332945162285,-24.1476749049815,-6.44590466974407));
#7817=CARTESIAN_POINT('Ctrl Pts',(-1.46332945162285,-24.4476749049815,-6.44590466974407));
#7818=CARTESIAN_POINT('Ctrl Pts',(-1.4676758250526,-24.1476749049815,-6.39031556801885));
#7819=CARTESIAN_POINT('Ctrl Pts',(-1.4676758250526,-24.4476749049815,-6.39031556801885));
#7820=CARTESIAN_POINT('Ctrl Pts',(-1.46989159286018,-24.1476749049815,-6.3619764149189));
#7821=CARTESIAN_POINT('Ctrl Pts',(-1.46989159286018,-24.4476749049815,-6.3619764149189));
#7822=CARTESIAN_POINT('',(-1.41204312443729,-24.4476749049815,-6.51116445660592));
#7823=CARTESIAN_POINT('Ctrl Pts',(-1.41204312443729,-24.4476749049815,-6.51116445660592));
#7824=CARTESIAN_POINT('Ctrl Pts',(-1.42891378839435,-24.4476749049815,-6.48969721583291));
#7825=CARTESIAN_POINT('Ctrl Pts',(-1.46332945162285,-24.4476749049815,-6.44590466974407));
#7826=CARTESIAN_POINT('Ctrl Pts',(-1.4676758250526,-24.4476749049815,-6.39031556801885));
#7827=CARTESIAN_POINT('Ctrl Pts',(-1.46989159286018,-24.4476749049815,-6.3619764149189));
#7828=CARTESIAN_POINT('',(-1.41204312443729,-24.4476749049815,-6.51116445660592));
#7829=CARTESIAN_POINT('Ctrl Pts',(-1.26691460609432,-24.1476749049815,-6.57104268670083));
#7830=CARTESIAN_POINT('Ctrl Pts',(-1.26691460609432,-24.4476749049815,-6.57104268670083));
#7831=CARTESIAN_POINT('Ctrl Pts',(-1.29464933695924,-24.1476749049815,-6.56868327749248));
#7832=CARTESIAN_POINT('Ctrl Pts',(-1.29464933695924,-24.4476749049815,-6.56868327749248));
#7833=CARTESIAN_POINT('Ctrl Pts',(-1.34938980968822,-24.1476749049815,-6.56402647458155));
#7834=CARTESIAN_POINT('Ctrl Pts',(-1.34938980968822,-24.4476749049815,-6.56402647458155));
#7835=CARTESIAN_POINT('Ctrl Pts',(-1.39134492754261,-24.1476749049815,-6.52862799322312));
#7836=CARTESIAN_POINT('Ctrl Pts',(-1.39134492754261,-24.4476749049815,-6.52862799322312));
#7837=CARTESIAN_POINT('Ctrl Pts',(-1.41204312443729,-24.1476749049815,-6.51116445660592));
#7838=CARTESIAN_POINT('Ctrl Pts',(-1.41204312443729,-24.4476749049815,-6.51116445660592));
#7839=CARTESIAN_POINT('',(-1.26691460609432,-24.4476749049815,-6.57104268670083));
#7840=CARTESIAN_POINT('Ctrl Pts',(-1.26691460609432,-24.4476749049815,-6.57104268670083));
#7841=CARTESIAN_POINT('Ctrl Pts',(-1.29464933695924,-24.4476749049815,-6.56868327749248));
#7842=CARTESIAN_POINT('Ctrl Pts',(-1.34938980968822,-24.4476749049815,-6.56402647458155));
#7843=CARTESIAN_POINT('Ctrl Pts',(-1.39134492754261,-24.4476749049815,-6.52862799322312));
#7844=CARTESIAN_POINT('Ctrl Pts',(-1.41204312443729,-24.4476749049815,-6.51116445660592));
#7845=CARTESIAN_POINT('',(-1.26691460609432,-24.4476749049815,-6.57104268670083));
#7846=CARTESIAN_POINT('Ctrl Pts',(-1.12178608775135,-24.1476749049815,-6.51116445660592));
#7847=CARTESIAN_POINT('Ctrl Pts',(-1.12178608775135,-24.4476749049815,-6.51116445660592));
#7848=CARTESIAN_POINT('Ctrl Pts',(-1.14248425932215,-24.1476749049815,-6.52862799311401));
#7849=CARTESIAN_POINT('Ctrl Pts',(-1.14248425932215,-24.4476749049815,-6.52862799311401));
#7850=CARTESIAN_POINT('Ctrl Pts',(-1.18443936146415,-24.1476749049815,-6.56402650430384));
#7851=CARTESIAN_POINT('Ctrl Pts',(-1.18443936146415,-24.4476749049815,-6.56402650430384));
#7852=CARTESIAN_POINT('Ctrl Pts',(-1.23917984621244,-24.1476749049815,-6.56868328619295));
#7853=CARTESIAN_POINT('Ctrl Pts',(-1.23917984621244,-24.4476749049815,-6.56868328619295));
#7854=CARTESIAN_POINT('Ctrl Pts',(-1.26691460609432,-24.1476749049815,-6.57104268670083));
#7855=CARTESIAN_POINT('Ctrl Pts',(-1.26691460609432,-24.4476749049815,-6.57104268670083));
#7856=CARTESIAN_POINT('',(-1.12178608775135,-24.4476749049815,-6.51116445660592));
#7857=CARTESIAN_POINT('Ctrl Pts',(-1.12178608775135,-24.4476749049815,-6.51116445660592));
#7858=CARTESIAN_POINT('Ctrl Pts',(-1.14248425932215,-24.4476749049815,-6.52862799311401));
#7859=CARTESIAN_POINT('Ctrl Pts',(-1.18443936146415,-24.4476749049815,-6.56402650430384));
#7860=CARTESIAN_POINT('Ctrl Pts',(-1.23917984621244,-24.4476749049815,-6.56868328619295));
#7861=CARTESIAN_POINT('Ctrl Pts',(-1.26691460609432,-24.4476749049815,-6.57104268670083));
#7862=CARTESIAN_POINT('',(-1.12178608775135,-24.4476749049815,-6.51116445660592));
#7863=CARTESIAN_POINT('Ctrl Pts',(-1.06393761932846,-24.1476749049815,-6.3619764149189));
#7864=CARTESIAN_POINT('Ctrl Pts',(-1.06393761932846,-24.4476749049815,-6.3619764149189));
#7865=CARTESIAN_POINT('Ctrl Pts',(-1.06615338713604,-24.1476749049815,-6.39031556801885));
#7866=CARTESIAN_POINT('Ctrl Pts',(-1.06615338713604,-24.4476749049815,-6.39031556801885));
#7867=CARTESIAN_POINT('Ctrl Pts',(-1.07049976056579,-24.1476749049815,-6.44590466974407));
#7868=CARTESIAN_POINT('Ctrl Pts',(-1.07049976056579,-24.4476749049815,-6.44590466974407));
#7869=CARTESIAN_POINT('Ctrl Pts',(-1.10491542379429,-24.1476749049815,-6.48969721583291));
#7870=CARTESIAN_POINT('Ctrl Pts',(-1.10491542379429,-24.4476749049815,-6.48969721583291));
#7871=CARTESIAN_POINT('Ctrl Pts',(-1.12178608775135,-24.1476749049815,-6.51116445660592));
#7872=CARTESIAN_POINT('Ctrl Pts',(-1.12178608775135,-24.4476749049815,-6.51116445660592));
#7873=CARTESIAN_POINT('',(-1.06393761932846,-24.4476749049815,-6.3619764149189));
#7874=CARTESIAN_POINT('Ctrl Pts',(-1.06393761932846,-24.4476749049815,-6.3619764149189));
#7875=CARTESIAN_POINT('Ctrl Pts',(-1.06615338713604,-24.4476749049815,-6.39031556801885));
#7876=CARTESIAN_POINT('Ctrl Pts',(-1.07049976056579,-24.4476749049815,-6.44590466974407));
#7877=CARTESIAN_POINT('Ctrl Pts',(-1.10491542379429,-24.4476749049815,-6.48969721583291));
#7878=CARTESIAN_POINT('Ctrl Pts',(-1.12178608775135,-24.4476749049815,-6.51116445660592));
#7879=CARTESIAN_POINT('',(-1.06393761932846,-24.4476749049815,-6.3619764149189));
#7880=CARTESIAN_POINT('Origin',(-1.06901202350851,-24.4476749049815,-6.16204395890236));
#7881=CARTESIAN_POINT('',(-1.07408642768856,-24.4476749049815,-5.96211150288582));
#7882=CARTESIAN_POINT('',(-1.14628706958032,-24.4476749049815,-3.1173929611221));
#7883=CARTESIAN_POINT('',(-1.07408642768856,-24.4476749049815,-5.96211150288582));
#7884=CARTESIAN_POINT('Origin',(-1.08220554888244,-24.4476749049815,-5.76319411396981));
#7885=CARTESIAN_POINT('',(-1.09032467007633,-24.4476749049815,-5.56427672505379));
#7886=CARTESIAN_POINT('',(-1.19630496284071,-24.4476749049815,-2.96777365411546));
#7887=CARTESIAN_POINT('',(-1.09032467007633,-24.4476749049815,-5.56427672505379));
#7888=CARTESIAN_POINT('Ctrl Pts',(0.403586179018061,-24.1476749049815,-6.45737543702126));
#7889=CARTESIAN_POINT('Ctrl Pts',(0.40358617901806,-24.4476749049815,-6.45737543702126));
#7890=CARTESIAN_POINT('Ctrl Pts',(0.177203252480508,-24.1476749049815,-6.25532602003485));
#7891=CARTESIAN_POINT('Ctrl Pts',(0.177203252480508,-24.4476749049815,-6.25532602003485));
#7892=CARTESIAN_POINT('Ctrl Pts',(-0.263852956438943,-24.1476749049815,
-5.86167818080336));
#7893=CARTESIAN_POINT('Ctrl Pts',(-0.263852956438943,-24.4476749049815,
-5.86167818080336));
#7894=CARTESIAN_POINT('Ctrl Pts',(-0.819753652734677,-24.1476749049815,
-5.66164026831034));
#7895=CARTESIAN_POINT('Ctrl Pts',(-0.819753652734678,-24.4476749049815,
-5.66164026831034));
#7896=CARTESIAN_POINT('Ctrl Pts',(-1.09032467007633,-24.1476749049815,-5.56427672505379));
#7897=CARTESIAN_POINT('Ctrl Pts',(-1.09032467007633,-24.4476749049815,-5.56427672505379));
#7898=CARTESIAN_POINT('',(0.40358617901806,-24.4476749049815,-6.45737543702126));
#7899=CARTESIAN_POINT('Ctrl Pts',(0.40358617901806,-24.4476749049815,-6.45737543702126));
#7900=CARTESIAN_POINT('Ctrl Pts',(0.177203252480508,-24.4476749049815,-6.25532602003485));
#7901=CARTESIAN_POINT('Ctrl Pts',(-0.263852956438943,-24.4476749049815,
-5.86167818080336));
#7902=CARTESIAN_POINT('Ctrl Pts',(-0.819753652734678,-24.4476749049815,
-5.66164026831034));
#7903=CARTESIAN_POINT('Ctrl Pts',(-1.09032467007633,-24.4476749049815,-5.56427672505379));
#7904=CARTESIAN_POINT('',(0.40358617901806,-24.4476749049815,-6.45737543702126));
#7905=CARTESIAN_POINT('Ctrl Pts',(0.547699779272119,-24.1476749049815,-6.5223278105259));
#7906=CARTESIAN_POINT('Ctrl Pts',(0.547699779272119,-24.4476749049815,-6.5223278105259));
#7907=CARTESIAN_POINT('Ctrl Pts',(0.521882360351115,-24.1476749049815,-6.51909086766472));
#7908=CARTESIAN_POINT('Ctrl Pts',(0.521882360351115,-24.4476749049815,-6.51909086766472));
#7909=CARTESIAN_POINT('Ctrl Pts',(0.467356687271902,-24.1476749049815,-6.51225453407285));
#7910=CARTESIAN_POINT('Ctrl Pts',(0.467356687271902,-24.4476749049815,-6.51225453407285));
#7911=CARTESIAN_POINT('Ctrl Pts',(0.425581295907443,-24.1476749049815,-6.47630381296628));
#7912=CARTESIAN_POINT('Ctrl Pts',(0.425581295907443,-24.4476749049815,-6.47630381296628));
#7913=CARTESIAN_POINT('Ctrl Pts',(0.403586179018061,-24.1476749049815,-6.45737543702126));
#7914=CARTESIAN_POINT('Ctrl Pts',(0.40358617901806,-24.4476749049815,-6.45737543702126));
#7915=CARTESIAN_POINT('',(0.547699779272119,-24.4476749049815,-6.5223278105259));
#7916=CARTESIAN_POINT('Ctrl Pts',(0.547699779272119,-24.4476749049815,-6.5223278105259));
#7917=CARTESIAN_POINT('Ctrl Pts',(0.521882360351115,-24.4476749049815,-6.51909086766472));
#7918=CARTESIAN_POINT('Ctrl Pts',(0.467356687271902,-24.4476749049815,-6.51225453407285));
#7919=CARTESIAN_POINT('Ctrl Pts',(0.425581295907443,-24.4476749049815,-6.47630381296628));
#7920=CARTESIAN_POINT('Ctrl Pts',(0.40358617901806,-24.4476749049815,-6.45737543702126));
#7921=CARTESIAN_POINT('',(0.547699779272119,-24.4476749049815,-6.5223278105259));
#7922=CARTESIAN_POINT('Ctrl Pts',(0.692828446626703,-24.1476749049815,-6.45940497517586));
#7923=CARTESIAN_POINT('Ctrl Pts',(0.692828446626703,-24.4476749049815,-6.45940497517586));
#7924=CARTESIAN_POINT('Ctrl Pts',(0.671541583939936,-24.1476749049815,-6.47775592688174));
#7925=CARTESIAN_POINT('Ctrl Pts',(0.671541583939936,-24.4476749049815,-6.47775592688174));
#7926=CARTESIAN_POINT('Ctrl Pts',(0.629662415741361,-24.1476749049815,-6.51385906732112));
#7927=CARTESIAN_POINT('Ctrl Pts',(0.629662415741361,-24.4476749049815,-6.51385906732112));
#7928=CARTESIAN_POINT('Ctrl Pts',(0.574716904857351,-24.1476749049815,-6.51953628125636));
#7929=CARTESIAN_POINT('Ctrl Pts',(0.574716904857351,-24.4476749049815,-6.51953628125636));
#7930=CARTESIAN_POINT('Ctrl Pts',(0.547699779272119,-24.1476749049815,-6.5223278105259));
#7931=CARTESIAN_POINT('Ctrl Pts',(0.547699779272119,-24.4476749049815,-6.5223278105259));
#7932=CARTESIAN_POINT('Ctrl Pts',(0.692828446626703,-24.4476749049815,-6.45940497517586));
#7933=CARTESIAN_POINT('Ctrl Pts',(0.671541583939936,-24.4476749049815,-6.47775592688174));
#7934=CARTESIAN_POINT('Ctrl Pts',(0.629662415741361,-24.4476749049815,-6.51385906732112));
#7935=CARTESIAN_POINT('Ctrl Pts',(0.574716904857351,-24.4476749049815,-6.51953628125636));
#7936=CARTESIAN_POINT('Ctrl Pts',(0.547699779272119,-24.4476749049815,-6.5223278105259));
#7937=CARTESIAN_POINT('Origin',(5.00000000000001,-24.4476749049815,0.0852157301896808));
#7938=CARTESIAN_POINT('',(4.75000000000001,-24.4476749049815,-0.564784269810319));
#7939=CARTESIAN_POINT('',(4.74999999999997,-24.4476749049815,-9.26478426981032));
#7940=CARTESIAN_POINT('',(4.75000000000001,-24.4476749049815,0.0852157301896808));
#7941=CARTESIAN_POINT('',(-4.24999999999999,-24.4476749049815,-0.564784269810319));
#7942=CARTESIAN_POINT('',(2.625,-24.4476749049815,-0.564784269810319));
#7943=CARTESIAN_POINT('',(-4.24999999999999,-24.4476749049815,-9.26478426981032));
#7944=CARTESIAN_POINT('',(-4.24999999999999,-24.4476749049815,0.0852157301896808));
#7945=CARTESIAN_POINT('',(2.625,-24.4476749049815,-9.26478426981032));
#7946=CARTESIAN_POINT('Origin',(-0.999999999999989,-21.1213839370315,0.0352157301896838));
#7947=CARTESIAN_POINT('',(-1.74999999999999,-21.1213839370315,0.0352157301896838));
#7948=CARTESIAN_POINT('Origin',(-0.999999999999989,-21.1213839370315,0.035215730189682));
#7949=CARTESIAN_POINT('',(-0.999999999999989,-21.1213839370315,-0.714784269810316));
#7950=CARTESIAN_POINT('Origin',(-0.999999999999989,-21.1213839370315,0.0352157301896838));
#7951=CARTESIAN_POINT('Origin',(1.50000000000001,-21.1213839370315,0.0352157301896838));
#7952=CARTESIAN_POINT('',(0.750000000000011,-21.1213839370315,0.0352157301896838));
#7953=CARTESIAN_POINT('Origin',(1.50000000000001,-21.1213839370315,0.035215730189682));
#7954=CARTESIAN_POINT('',(1.50000000000001,-21.1213839370315,-0.714784269810316));
#7955=CARTESIAN_POINT('Origin',(1.50000000000001,-21.1213839370315,0.0352157301896838));
#7956=CARTESIAN_POINT('Origin',(4.85,-9.4976749049815,-9.76478426981032));
#7957=CARTESIAN_POINT('',(4.95000000000001,-23.8476749049815,-9.66478426981032));
#7958=CARTESIAN_POINT('',(4.75000000000001,-23.8476749049815,-9.86478426981032));
#7959=CARTESIAN_POINT('',(4.95000000000001,-23.8476749049815,-9.66478426981032));
#7960=CARTESIAN_POINT('',(4.75,-5.1476749049815,-9.86478426981032));
#7961=CARTESIAN_POINT('',(4.75,-9.4976749049815,-9.86478426981032));
#7962=CARTESIAN_POINT('',(4.95,-5.1476749049815,-9.66478426981032));
#7963=CARTESIAN_POINT('',(4.75,-5.1476749049815,-9.86478426981032));
#7964=CARTESIAN_POINT('',(4.95,-9.4976749049815,-9.66478426981032));
#7965=CARTESIAN_POINT('Origin',(4.84999999999999,-23.8476749049815,-9.26478426981032));
#7966=CARTESIAN_POINT('',(4.95000000000001,-24.2476749049815,-9.26478426981032));
#7967=CARTESIAN_POINT('',(4.95000000000001,-24.2476749049815,-9.26478426981032));
#7968=CARTESIAN_POINT('Origin',(4.74999999999997,-23.8476749049815,-9.26478426981032));
#7969=CARTESIAN_POINT('Origin',(4.95000000000001,-23.8476749049815,-9.26478426981032));
#7970=CARTESIAN_POINT('Origin',(4.85,-24.3476749049815,0.0852157301896808));
#7971=CARTESIAN_POINT('',(4.95000000000001,-24.2476749049815,-0.564784269810319));
#7972=CARTESIAN_POINT('',(4.95000000000001,-24.2476749049815,0.0852157301896808));
#7973=CARTESIAN_POINT('',(4.95000000000001,-24.2476749049815,-0.564784269810319));
#7974=CARTESIAN_POINT('Origin',(4.84999999999999,-23.8476749049815,-0.564784269810319));
#7975=CARTESIAN_POINT('',(4.95000000000001,-23.8476749049815,-0.16478426981032));
#7976=CARTESIAN_POINT('',(4.74999999999997,-23.8476749049815,0.0352157301896808));
#7977=CARTESIAN_POINT('',(4.95000000000001,-23.8476749049815,-0.16478426981032));
#7978=CARTESIAN_POINT('Origin',(4.74999999999997,-23.8476749049815,-0.564784269810319));
#7979=CARTESIAN_POINT('Origin',(4.95000000000001,-23.8476749049815,-0.564784269810319));
#7980=CARTESIAN_POINT('Origin',(4.85,-9.4976749049815,-0.0647842698103174));
#7981=CARTESIAN_POINT('',(4.95,-7.4976749049815,-0.164784269810317));
#7982=CARTESIAN_POINT('',(4.95,-9.4976749049815,-0.164784269810317));
#7983=CARTESIAN_POINT('',(4.75,-7.4976749049815,0.0352157301896828));
#7984=CARTESIAN_POINT('',(4.95,-7.4976749049815,-0.164784269810317));
#7985=CARTESIAN_POINT('',(4.75,-9.4976749049815,0.0352157301896826));
#7986=CARTESIAN_POINT('Origin',(4.85,-7.4976749049815,-2.91478426981032));
#7987=CARTESIAN_POINT('',(4.95,-4.7476749049815,-2.91478426981032));
#7988=CARTESIAN_POINT('',(4.75,-4.5476749049815,-2.91478426981032));
#7989=CARTESIAN_POINT('',(4.95,-4.7476749049815,-2.91478426981032));
#7990=CARTESIAN_POINT('Origin',(4.75,-7.4976749049815,-2.91478426981032));
#7991=CARTESIAN_POINT('Origin',(4.95,-7.4976749049815,-2.91478426981032));
#7992=CARTESIAN_POINT('Origin',(4.85,-4.6476749049815,0.0852157301896832));
#7993=CARTESIAN_POINT('',(4.95,-4.7476749049815,-9.26478426981032));
#7994=CARTESIAN_POINT('',(4.75,-4.5476749049815,-9.26478426981032));
#7995=CARTESIAN_POINT('',(4.95,-4.7476749049815,-9.26478426981032));
#7996=CARTESIAN_POINT('',(4.75,-4.5476749049815,0.0852157301896832));
#7997=CARTESIAN_POINT('',(4.95,-4.7476749049815,0.0852157301896832));
#7998=CARTESIAN_POINT('Origin',(4.85,-5.1476749049815,-9.26478426981032));
#7999=CARTESIAN_POINT('Origin',(4.75,-5.1476749049815,-9.26478426981032));
#8000=CARTESIAN_POINT('Origin',(4.95,-5.1476749049815,-9.26478426981032));
#8001=CARTESIAN_POINT('Origin',(-2.12499999999999,-7.4976749049815,-2.91478426981032));
#8002=CARTESIAN_POINT('',(-4.24999999999999,-4.54767490498149,-2.91478426981032));
#8003=CARTESIAN_POINT('',(-2.12499999999999,-4.54767490498149,-2.91478426981032));
#8004=CARTESIAN_POINT('',(-4.24999999999997,-7.4976749049815,0.0352157301896828));
#8005=CARTESIAN_POINT('Origin',(-4.24999999999997,-7.4976749049815,-2.91478426981032));
#8006=CARTESIAN_POINT('',(-1.8242970969643,-7.4976749049815,0.0352157301896828));
#8007=CARTESIAN_POINT('',(-2.12499999999999,-7.4976749049815,0.0352157301896828));
#8008=CARTESIAN_POINT('',(-1.68774280943307,-7.35408562736592,0.0317191018751516));
#8009=CARTESIAN_POINT('Ctrl Pts',(-1.68774280943308,-7.35408562736592,0.0317191018751517));
#8010=CARTESIAN_POINT('Ctrl Pts',(-1.73521150211594,-7.40004073600824,0.033958590523326));
#8011=CARTESIAN_POINT('Ctrl Pts',(-1.78076780580376,-7.44797120165017,0.0352157301896827));
#8012=CARTESIAN_POINT('Ctrl Pts',(-1.8242970969643,-7.4976749049815,0.0352157301896827));
#8013=CARTESIAN_POINT('',(1.68774280943308,-7.35408562736592,0.0317191018751517));
#8014=CARTESIAN_POINT('Ctrl Pts',(1.68774280943308,-7.35408562736592,0.0317191018751516));
#8015=CARTESIAN_POINT('Ctrl Pts',(1.44041008137046,-7.11463933663156,0.0200503828624156));
#8016=CARTESIAN_POINT('Ctrl Pts',(0.79613536072067,-6.72645102603182,-0.0613332876360726));
#8017=CARTESIAN_POINT('Ctrl Pts',(-0.177043206199075,-6.62474917965461,
-0.0989451749335704));
#8018=CARTESIAN_POINT('Ctrl Pts',(-1.05128212968722,-6.86126684411046,-0.0269860492942721));
#8019=CARTESIAN_POINT('Ctrl Pts',(-1.50224326338611,-7.17450090931514,0.0229675626155995));
#8020=CARTESIAN_POINT('Ctrl Pts',(-1.68774280943308,-7.35408562736592,0.0317191018751516));
#8021=CARTESIAN_POINT('',(1.82429709696431,-7.4976749049815,0.0352157301896828));
#8022=CARTESIAN_POINT('Ctrl Pts',(1.82429709696431,-7.4976749049815,0.0352157301896826));
#8023=CARTESIAN_POINT('Ctrl Pts',(1.78076780580376,-7.44797120165018,0.0352157301896826));
#8024=CARTESIAN_POINT('Ctrl Pts',(1.73521150211594,-7.40004073600824,0.0339585905233258));
#8025=CARTESIAN_POINT('Ctrl Pts',(1.68774280943308,-7.35408562736592,0.0317191018751515));
#8026=CARTESIAN_POINT('',(-2.12499999999999,-7.4976749049815,0.0352157301896828));
#8027=CARTESIAN_POINT('Origin',(-4.49999999999999,-4.54767490498149,0.0852157301896832));
#8028=CARTESIAN_POINT('',(-4.24999999999997,-4.54767490498149,-9.26478426981032));
#8029=CARTESIAN_POINT('',(-2.12499999999999,-4.54767490498149,-9.26478426981032));
#8030=CARTESIAN_POINT('',(-4.24999999999999,-4.54767490498149,0.0852157301896832));
#8031=CARTESIAN_POINT('Origin',(-2.12499999999999,-5.14767490498149,-9.26478426981032));
#8032=CARTESIAN_POINT('',(-4.24999999999999,-5.14767490498149,-9.86478426981032));
#8033=CARTESIAN_POINT('',(-2.12499999999999,-5.14767490498149,-9.86478426981032));
#8034=CARTESIAN_POINT('Origin',(-4.24999999999997,-5.14767490498149,-9.26478426981032));
#8035=CARTESIAN_POINT('Origin',(0.250000000000006,-14.4976749049815,-9.86478426981032));
#8036=CARTESIAN_POINT('',(-4.24999999999999,-23.8476749049815,-9.86478426981032));
#8037=CARTESIAN_POINT('',(2.625,-23.8476749049815,-9.86478426981032));
#8038=CARTESIAN_POINT('',(-4.24999999999999,-19.4976749049815,-9.86478426981032));
#8039=CARTESIAN_POINT('',(1.9,-9.09534980996299,-9.86478426981032));
#8040=CARTESIAN_POINT('Origin',(1.23259516440783E-31,-9.09534980996299,
-9.86478426981032));
#8041=CARTESIAN_POINT('',(-3.29999999999999,-18.3766952038805,-9.86478426981032));
#8042=CARTESIAN_POINT('',(-3.29999999999999,-13.617349809963,-9.86478426981032));
#8043=CARTESIAN_POINT('',(-3.29999999999999,-14.1575123574722,-9.86478426981032));
#8044=CARTESIAN_POINT('',(3.30000000000001,-18.3766952038805,-9.86478426981032));
#8045=CARTESIAN_POINT('',(3.10000000000001,-18.3766952038805,-9.86478426981032));
#8046=CARTESIAN_POINT('',(3.29999999999999,-13.617349809963,-9.86478426981032));
#8047=CARTESIAN_POINT('',(3.3,-16.5475123574722,-9.86478426981032));
#8048=CARTESIAN_POINT('',(1.675,-13.617349809963,-9.86478426981032));
#8049=CARTESIAN_POINT('Origin',(4.95,-4.4976749049815,0.0852157301896832));
#8050=CARTESIAN_POINT('Origin',(-4.34999999999999,-19.4976749049815,-9.76478426981032));
#8051=CARTESIAN_POINT('',(-4.44999999999999,-5.14767490498149,-9.66478426981032));
#8052=CARTESIAN_POINT('',(-4.44999999999999,-5.14767490498149,-9.66478426981032));
#8053=CARTESIAN_POINT('',(-4.44999999999999,-23.8476749049815,-9.66478426981032));
#8054=CARTESIAN_POINT('',(-4.24999999999999,-23.8476749049815,-9.86478426981032));
#8055=CARTESIAN_POINT('',(-4.44999999999999,-19.4976749049815,-9.66478426981032));
#8056=CARTESIAN_POINT('Origin',(-4.34999999999998,-5.14767490498149,-9.26478426981032));
#8057=CARTESIAN_POINT('',(-4.44999999999999,-4.74767490498149,-9.26478426981032));
#8058=CARTESIAN_POINT('',(-4.44999999999999,-4.74767490498149,-9.26478426981032));
#8059=CARTESIAN_POINT('Origin',(-4.44999999999999,-5.14767490498149,-9.26478426981032));
#8060=CARTESIAN_POINT('Origin',(-4.34999999999999,-4.64767490498149,0.0852157301896832));
#8061=CARTESIAN_POINT('',(-4.44999999999999,-4.74767490498149,-2.91478426981032));
#8062=CARTESIAN_POINT('',(-4.44999999999999,-4.74767490498149,0.0852157301896832));
#8063=CARTESIAN_POINT('',(-4.44999999999999,-4.74767490498149,-2.91478426981032));
#8064=CARTESIAN_POINT('Origin',(-4.34999999999998,-7.4976749049815,-2.91478426981032));
#8065=CARTESIAN_POINT('',(-4.44999999999999,-7.4976749049815,-0.164784269810317));
#8066=CARTESIAN_POINT('',(-4.44999999999999,-7.4976749049815,-0.164784269810317));
#8067=CARTESIAN_POINT('Origin',(-4.44999999999999,-7.4976749049815,-2.91478426981032));
#8068=CARTESIAN_POINT('Origin',(-4.34999999999999,-19.4976749049815,-0.0647842698103186));
#8069=CARTESIAN_POINT('',(-4.44999999999999,-23.8476749049815,-0.164784269810319));
#8070=CARTESIAN_POINT('',(-4.44999999999999,-19.4976749049815,-0.164784269810319));
#8071=CARTESIAN_POINT('',(-4.24999999999999,-23.8476749049815,0.0352157301896808));
#8072=CARTESIAN_POINT('',(-4.44999999999999,-23.8476749049815,-0.164784269810319));
#8073=CARTESIAN_POINT('',(-4.24999999999999,-19.4976749049815,0.0352157301896814));
#8074=CARTESIAN_POINT('Origin',(-4.34999999999999,-23.8476749049815,-0.564784269810319));
#8075=CARTESIAN_POINT('',(-4.44999999999999,-24.2476749049815,-0.564784269810319));
#8076=CARTESIAN_POINT('',(-4.44999999999999,-24.2476749049815,-0.564784269810319));
#8077=CARTESIAN_POINT('Origin',(-4.24999999999999,-23.8476749049815,-0.564784269810319));
#8078=CARTESIAN_POINT('Origin',(-4.44999999999999,-23.8476749049815,-0.564784269810319));
#8079=CARTESIAN_POINT('Origin',(-4.34999999999999,-24.3476749049815,0.0852157301896808));
#8080=CARTESIAN_POINT('',(-4.44999999999999,-24.2476749049815,-9.26478426981032));
#8081=CARTESIAN_POINT('',(-4.44999999999999,-24.2476749049815,-9.26478426981032));
#8082=CARTESIAN_POINT('',(-4.44999999999999,-24.2476749049815,0.0852157301896808));
#8083=CARTESIAN_POINT('Origin',(-4.34999999999999,-23.8476749049815,-9.26478426981032));
#8084=CARTESIAN_POINT('Origin',(-4.24999999999999,-23.8476749049815,-9.26478426981032));
#8085=CARTESIAN_POINT('Origin',(-4.44999999999999,-23.8476749049815,-9.26478426981032));
#8086=CARTESIAN_POINT('Origin',(2.625,-23.8476749049815,-0.564784269810319));
#8087=CARTESIAN_POINT('',(2.625,-23.8476749049815,0.0352157301896808));
#8088=CARTESIAN_POINT('Origin',(5.00000000000001,-24.4476749049815,0.0852157301896808));
#8089=CARTESIAN_POINT('Origin',(2.625,-23.8476749049815,-9.26478426981032));
#8090=CARTESIAN_POINT('Origin',(-4.44999999999999,-24.4976749049815,0.0852157301896808));
#8091=CARTESIAN_POINT('Origin',(1.23259516440783E-31,-9.09534980996299,
-9.76478426981032));
#8092=CARTESIAN_POINT('',(1.7,-9.09534980996299,-9.66478426981032));
#8093=CARTESIAN_POINT('',(1.8,-9.09534980996299,-9.76478426981032));
#8094=CARTESIAN_POINT('Origin',(1.23259516440783E-31,-9.09534980996299,
-9.66478426981032));
#8095=CARTESIAN_POINT('Origin',(1.23259516440783E-31,-9.09534980996299,
0.0852157301896826));
#8096=CARTESIAN_POINT('',(1.7,-9.09534980996299,-5.43978426981032));
#8097=CARTESIAN_POINT('',(1.7,-9.09534980996299,0.0852157301896826));
#8098=CARTESIAN_POINT('Origin',(1.23259516440783E-31,-9.09534980996299,
-5.43978426981032));
#8099=CARTESIAN_POINT('Origin',(-3.19999999999999,-14.1575123574722,-9.76478426981032));
#8100=CARTESIAN_POINT('',(-3.09999999999999,-13.817349809963,-9.66478426981032));
#8101=CARTESIAN_POINT('',(-3.29999999999999,-13.617349809963,-9.86478426981032));
#8102=CARTESIAN_POINT('',(-3.09999999999999,-18.0730759410496,-9.66478426981032));
#8103=CARTESIAN_POINT('',(-3.09999999999999,-14.1575123574722,-9.66478426981032));
#8104=CARTESIAN_POINT('',(-3.12033402944751,-18.088830882194,-9.68511829925784));
#8105=CARTESIAN_POINT('Origin',(-3.44999999999965,-17.6423498099639,-10.01478426981));
#8106=CARTESIAN_POINT('',(-3.12033402944751,-18.088830882194,-9.68511829925784));
#8107=CARTESIAN_POINT('Origin',(1.675,-13.717349809963,-9.76478426981032));
#8108=CARTESIAN_POINT('',(3.09999999999999,-13.817349809963,-9.66478426981032));
#8109=CARTESIAN_POINT('',(3.29999999999999,-13.617349809963,-9.86478426981032));
#8110=CARTESIAN_POINT('',(1.675,-13.817349809963,-9.66478426981032));
#8111=CARTESIAN_POINT('Origin',(3.2,-16.5475123574722,-9.76478426981032));
#8112=CARTESIAN_POINT('',(3.10000000000001,-18.0730759410496,-9.66478426981032));
#8113=CARTESIAN_POINT('',(3.1,-16.5475123574722,-9.66478426981032));
#8114=CARTESIAN_POINT('',(3.12033402944752,-18.088830882194,-9.68511829925784));
#8115=CARTESIAN_POINT('',(3.12033402944752,-18.088830882194,-9.68511829925784));
#8116=CARTESIAN_POINT('Origin',(3.44999999999966,-17.6423498099639,-10.01478426981));
#8117=CARTESIAN_POINT('Origin',(3.10000000000001,-18.2327630430373,-9.77495128453408));
#8118=CARTESIAN_POINT('',(3.10000000000001,-18.088830882194,-9.68511829925784));
#8119=CARTESIAN_POINT('Origin',(3.10000000000001,-18.597349809963,0.0852157301896815));
#8120=CARTESIAN_POINT('',(3.10000000000001,-17.8855520571531,-9.51590786531486));
#8121=CARTESIAN_POINT('Origin',(3.10000000000001,-17.6423498099639,-10.01478426981));
#8122=CARTESIAN_POINT('',(3.1,-17.597349809963,-9.42609827314651));
#8123=CARTESIAN_POINT('Origin',(3.10000000000001,-17.4473498099572,-10.4147842698094));
#8124=CARTESIAN_POINT('',(3.1,-17.597349809963,-8.60347026647454));
#8125=CARTESIAN_POINT('',(3.1,-17.597349809963,0.0852157301896816));
#8126=CARTESIAN_POINT('',(3.10000000000001,-17.8855520571525,-8.51366067430583));
#8127=CARTESIAN_POINT('Origin',(3.10000000000001,-17.4473498099647,-7.61478426981104));
#8128=CARTESIAN_POINT('',(3.10000000000001,-17.8855520571537,-7.51590786531826));
#8129=CARTESIAN_POINT('Origin',(3.10000000000001,-17.6423498099631,-8.01478426981079));
#8130=CARTESIAN_POINT('',(3.1,-17.597349809963,-7.42609827314651));
#8131=CARTESIAN_POINT('Origin',(3.10000000000001,-17.4473498099572,-8.41478426980944));
#8132=CARTESIAN_POINT('',(3.10000000000001,-17.597349809963,-8.01478426981029));
#8133=CARTESIAN_POINT('',(3.1,-17.5973498099623,-3.59469655726073));
#8134=CARTESIAN_POINT('',(3.10000000000001,-13.817349809963,-8.01478426981032));
#8135=CARTESIAN_POINT('',(3.09999999999999,-13.817349809963,-8.01478426981033));
#8136=CARTESIAN_POINT('',(3.09999999999999,-13.817349809963,0.0852157301896821));
#8137=CARTESIAN_POINT('Origin',(3.10000000000001,-17.6423498099639,-10.01478426981));
#8138=CARTESIAN_POINT('',(-3.09999999999999,-17.8855520571531,-9.51590786531486));
#8139=CARTESIAN_POINT('Origin',(-3.09999999999999,-17.6423498099639,-10.01478426981));
#8140=CARTESIAN_POINT('',(3.10000000000001,-17.8855520571531,-9.51590786531486));
#8141=CARTESIAN_POINT('Origin',(1.675,-13.717349809963,-0.0647842698103179));
#8142=CARTESIAN_POINT('',(-3.09999999999999,-13.817349809963,-0.164784269810318));
#8143=CARTESIAN_POINT('',(3.09999999999999,-13.817349809963,-0.164784269810318));
#8144=CARTESIAN_POINT('',(1.675,-13.817349809963,-0.164784269810318));
#8145=CARTESIAN_POINT('',(3.29999999999999,-13.617349809963,0.0352157301896821));
#8146=CARTESIAN_POINT('',(3.09999999999999,-13.817349809963,-0.164784269810318));
#8147=CARTESIAN_POINT('',(-3.29999999999999,-13.617349809963,0.0352157301896821));
#8148=CARTESIAN_POINT('',(1.675,-13.617349809963,0.0352157301896821));
#8149=CARTESIAN_POINT('',(-3.29999999999999,-13.617349809963,0.0352157301896821));
#8150=CARTESIAN_POINT('Origin',(3.2,-16.5475123574722,-0.0647842698103183));
#8151=CARTESIAN_POINT('',(3.30000000000001,-18.3950929691246,0.0352157301896815));
#8152=CARTESIAN_POINT('',(3.3,-16.5475123574722,0.0352157301896817));
#8153=CARTESIAN_POINT('',(3.10000000000001,-18.1766952038798,-0.164784269810319));
#8154=CARTESIAN_POINT('',(3.1,-16.5475123574722,-0.164784269810318));
#8155=CARTESIAN_POINT('',(3.10082675142816,-18.1769265976284,-0.163957518382163));
#8156=CARTESIAN_POINT('Origin',(3.24999999999953,-17.6423498099631,-0.0147842698107914));
#8157=CARTESIAN_POINT('',(3.10082675142816,-18.1769265976284,-0.163957518382163));
#8158=CARTESIAN_POINT('Origin',(-3.19999999999999,-14.1575123574722,-0.064784269810318));
#8159=CARTESIAN_POINT('',(-3.09999999999999,-18.1766952038798,-0.164784269810319));
#8160=CARTESIAN_POINT('',(-3.09999999999999,-14.1575123574722,-0.164784269810318));
#8161=CARTESIAN_POINT('',(-3.29999999999999,-18.3950929691246,0.0352157301896815));
#8162=CARTESIAN_POINT('',(-3.29999999999999,-14.1575123574722,0.035215730189682));
#8163=CARTESIAN_POINT('',(-3.10082675142815,-18.1769265976284,-0.163957518382163));
#8164=CARTESIAN_POINT('',(-3.10082675142815,-18.1769265976284,-0.163957518382163));
#8165=CARTESIAN_POINT('Origin',(-3.24999999999952,-17.6423498099631,-0.0147842698107914));
#8166=CARTESIAN_POINT('Origin',(3.10000000000001,-18.2860097833765,-0.0643708940962409));
#8167=CARTESIAN_POINT('',(3.10000000000001,-18.3950929691246,0.0352157301896815));
#8168=CARTESIAN_POINT('',(3.10000000000001,-18.1769265976284,-0.163957518382163));
#8169=CARTESIAN_POINT('Origin',(3.10000000000001,-18.597349809963,0.0852157301896815));
#8170=CARTESIAN_POINT('',(3.10000000000001,-13.817349809963,-5.77871629231053));
#8171=CARTESIAN_POINT('',(3.09999999999999,-13.817349809963,0.0852157301896821));
#8172=CARTESIAN_POINT('',(3.10000000000001,-17.597349809963,-5.7787162923105));
#8173=CARTESIAN_POINT('',(3.09999999999999,-13.817349809963,-5.77871629231051));
#8174=CARTESIAN_POINT('',(3.10000000000001,-17.597349809963,-6.60347026647454));
#8175=CARTESIAN_POINT('',(3.1,-17.5973498099623,-3.59469655726073));
#8176=CARTESIAN_POINT('',(3.10000000000001,-17.8855520571525,-6.51366067430583));
#8177=CARTESIAN_POINT('Origin',(3.10000000000001,-17.4473498099647,-5.61478426981104));
#8178=CARTESIAN_POINT('',(3.10000000000001,-17.8855520571537,-5.51590786531826));
#8179=CARTESIAN_POINT('Origin',(3.10000000000001,-17.6423498099631,-6.01478426981079));
#8180=CARTESIAN_POINT('',(3.10000000000001,-17.597349809963,-5.42609827314651));
#8181=CARTESIAN_POINT('Origin',(3.10000000000001,-17.4473498099572,-6.41478426980944));
#8182=CARTESIAN_POINT('',(3.10000000000001,-17.597349809963,-4.60347026647454));
#8183=CARTESIAN_POINT('',(3.1,-17.597349809963,0.0852157301896816));
#8184=CARTESIAN_POINT('',(3.10000000000001,-17.8855520571525,-4.51366067430583));
#8185=CARTESIAN_POINT('Origin',(3.10000000000001,-17.4473498099647,-3.61478426981104));
#8186=CARTESIAN_POINT('',(3.10000000000001,-17.8855520571537,-3.51590786531826));
#8187=CARTESIAN_POINT('Origin',(3.10000000000001,-17.6423498099631,-4.01478426981079));
#8188=CARTESIAN_POINT('',(3.10000000000001,-17.597349809963,-3.42609827314651));
#8189=CARTESIAN_POINT('Origin',(3.10000000000001,-17.4473498099572,-4.41478426980944));
#8190=CARTESIAN_POINT('',(3.10000000000001,-17.597349809963,-2.60347026647454));
#8191=CARTESIAN_POINT('',(3.1,-17.597349809963,0.0852157301896816));
#8192=CARTESIAN_POINT('',(3.10000000000001,-17.8855520571525,-2.51366067430583));
#8193=CARTESIAN_POINT('Origin',(3.10000000000001,-17.4473498099647,-1.61478426981104));
#8194=CARTESIAN_POINT('',(3.10000000000001,-17.8855520571537,-1.51590786531826));
#8195=CARTESIAN_POINT('Origin',(3.10000000000001,-17.6423498099631,-2.01478426981079));
#8196=CARTESIAN_POINT('',(3.10000000000001,-17.597349809963,-1.42609827314651));
#8197=CARTESIAN_POINT('Origin',(3.10000000000001,-17.4473498099572,-2.41478426980944));
#8198=CARTESIAN_POINT('',(3.10000000000001,-17.597349809963,-0.603470266474539));
#8199=CARTESIAN_POINT('',(3.1,-17.597349809963,0.0852157301896816));
#8200=CARTESIAN_POINT('',(3.10000000000001,-17.8855520571525,-0.51366067430583));
#8201=CARTESIAN_POINT('Origin',(3.10000000000001,-17.4473498099647,0.385215730188962));
#8202=CARTESIAN_POINT('Origin',(3.10000000000001,-17.6423498099631,-0.0147842698107914));
#8203=CARTESIAN_POINT('Origin',(3.09999999999999,-13.817349809963,0.0852157301896821));
#8204=CARTESIAN_POINT('Origin',(2.10000000000001,-13.817349809963,-6.89675028106042));
#8205=CARTESIAN_POINT('',(-3.09999999999999,-13.817349809963,-5.77871629231052));
#8206=CARTESIAN_POINT('',(-3.09999999999999,-13.817349809963,0.0852157301896821));
#8207=CARTESIAN_POINT('',(-3.09999999999999,-13.817349809963,-8.01478426981032));
#8208=CARTESIAN_POINT('Origin',(-2.09999999999999,-13.817349809963,-6.89675028106042));
#8209=CARTESIAN_POINT('',(-3.09999999999999,-13.817349809963,0.0852157301896821));
#8210=CARTESIAN_POINT('Origin',(0.250000000000006,-14.4976749049815,0.035215730189682));
#8211=CARTESIAN_POINT('Origin',(0.,-9.09534980996299,0.0352157301896826));
#8212=CARTESIAN_POINT('Origin',(0.,-9.09534980996299,-0.0647842698103174));
#8213=CARTESIAN_POINT('',(1.67383960443117,-7.6294419074542,-0.164784269810317));
#8214=CARTESIAN_POINT('',(1.82429709696431,-7.4976749049815,0.0352157301896828));
#8215=CARTESIAN_POINT('',(2.225,-9.09534980996299,-0.164784269810317));
#8216=CARTESIAN_POINT('Origin',(0.,-9.09534980996299,-0.164784269810317));
#8217=CARTESIAN_POINT('',(-1.67383960443117,-7.6294419074542,-0.164784269810317));
#8218=CARTESIAN_POINT('Origin',(0.,-9.09534980996299,-0.164784269810317));
#8219=CARTESIAN_POINT('',(-1.67383960443117,-7.6294419074542,-0.164784269810317));
#8220=CARTESIAN_POINT('Ctrl Pts',(-1.68774280943308,-7.35408562736592,0.0317191018751516));
#8221=CARTESIAN_POINT('Ctrl Pts',(-1.50224326338611,-7.17450090931514,0.0229675626155995));
#8222=CARTESIAN_POINT('Ctrl Pts',(-1.05128212968722,-6.86126684411046,-0.0269860492942721));
#8223=CARTESIAN_POINT('Ctrl Pts',(-0.177043206199075,-6.62474917965461,
-0.0989451749335704));
#8224=CARTESIAN_POINT('Ctrl Pts',(0.79613536072067,-6.72645102603182,-0.0613332876360726));
#8225=CARTESIAN_POINT('Ctrl Pts',(1.44041008137046,-7.11463933663156,0.0200503828624156));
#8226=CARTESIAN_POINT('Ctrl Pts',(1.68774280943308,-7.35408562736592,0.0317191018751516));
#8227=CARTESIAN_POINT('Ctrl Pts',(-1.64135088850776,-7.40194871990444,-0.0337820220200048));
#8228=CARTESIAN_POINT('Ctrl Pts',(-1.46281604406613,-7.22904359089425,-0.0396163815263729));
#8229=CARTESIAN_POINT('Ctrl Pts',(-1.02697241188122,-6.92404273013414,-0.0824420924518627));
#8230=CARTESIAN_POINT('Ctrl Pts',(-0.17364637853849,-6.68956091974243,-0.147733958301448));
#8231=CARTESIAN_POINT('Ctrl Pts',(0.779331828979012,-6.79125711494858,-0.113188646700828));
#8232=CARTESIAN_POINT('Ctrl Pts',(1.40330442925226,-7.17140854789086,-0.0415611680284954));
#8233=CARTESIAN_POINT('Ctrl Pts',(1.64135088850776,-7.40194871990445,-0.0337820220200047));
#8234=CARTESIAN_POINT('Ctrl Pts',(-1.59495896758244,-7.44981181244297,-0.0992831459151612));
#8235=CARTESIAN_POINT('Ctrl Pts',(-1.42338882474615,-7.28358627247336,-0.102200325668345));
#8236=CARTESIAN_POINT('Ctrl Pts',(-1.00266269407522,-6.98681861615782,-0.137898135609453));
#8237=CARTESIAN_POINT('Ctrl Pts',(-0.170249550877906,-6.75437265983026,
-0.196522741669326));
#8238=CARTESIAN_POINT('Ctrl Pts',(0.762528297237356,-6.85606320386534,-0.165044005765583));
#8239=CARTESIAN_POINT('Ctrl Pts',(1.36619877713406,-7.22817775915016,-0.103172718919406));
#8240=CARTESIAN_POINT('Ctrl Pts',(1.59495896758245,-7.44981181244297,-0.0992831459151611));
#8241=CARTESIAN_POINT('Ctrl Pts',(-1.54856704665713,-7.4976749049815,-0.164784269810318));
#8242=CARTESIAN_POINT('Ctrl Pts',(-1.38396160542617,-7.33812895405247,-0.164784269810318));
#8243=CARTESIAN_POINT('Ctrl Pts',(-0.978352976269213,-7.0495945021815,-0.193354178767044));
#8244=CARTESIAN_POINT('Ctrl Pts',(-0.16685272321732,-6.81918439991808,-0.245311525037204));
#8245=CARTESIAN_POINT('Ctrl Pts',(0.7457247654957,-6.9208692927821,-0.216899364830339));
#8246=CARTESIAN_POINT('Ctrl Pts',(1.32909312501586,-7.28494697040946,-0.164784269810317));
#8247=CARTESIAN_POINT('Ctrl Pts',(1.54856704665713,-7.4976749049815,-0.164784269810317));
#8248=CARTESIAN_POINT('',(1.54856704665713,-7.4976749049815,-0.164784269810317));
#8249=CARTESIAN_POINT('',(1.54856704665713,-7.4976749049815,-0.164784269810317));
#8250=CARTESIAN_POINT('',(-1.54856704665713,-7.4976749049815,-0.164784269810317));
#8251=CARTESIAN_POINT('',(-1.68774280943307,-7.35408562736592,0.0317191018751516));
#8252=CARTESIAN_POINT('Ctrl Pts',(-1.54856704665713,-7.4976749049815,-0.164784269810318));
#8253=CARTESIAN_POINT('Ctrl Pts',(-1.38396160542617,-7.33812895405247,-0.164784269810318));
#8254=CARTESIAN_POINT('Ctrl Pts',(-0.978352976269213,-7.0495945021815,-0.193354178767044));
#8255=CARTESIAN_POINT('Ctrl Pts',(-0.16685272321732,-6.81918439991808,-0.245311525037204));
#8256=CARTESIAN_POINT('Ctrl Pts',(0.7457247654957,-6.9208692927821,-0.216899364830339));
#8257=CARTESIAN_POINT('Ctrl Pts',(1.32909312501586,-7.28494697040946,-0.164784269810317));
#8258=CARTESIAN_POINT('Ctrl Pts',(1.54856704665713,-7.4976749049815,-0.164784269810317));
#8259=CARTESIAN_POINT('Ctrl Pts',(-1.8242970969643,-7.4976749049815,0.0352157301896827));
#8260=CARTESIAN_POINT('Ctrl Pts',(-1.78076780580376,-7.44797120165017,0.0352157301896827));
#8261=CARTESIAN_POINT('Ctrl Pts',(-1.73521150211594,-7.40004073600824,0.033958590523326));
#8262=CARTESIAN_POINT('Ctrl Pts',(-1.68774280943308,-7.35408562736592,0.0317191018751517));
#8263=CARTESIAN_POINT('Ctrl Pts',(-1.77414459945326,-7.54159723913906,-0.0314509364769839));
#8264=CARTESIAN_POINT('Ctrl Pts',(-1.73181198983664,-7.49325996064159,-0.0314509364769839));
#8265=CARTESIAN_POINT('Ctrl Pts',(-1.68750644734985,-7.4466492349789,-0.0322890295878884));
#8266=CARTESIAN_POINT('Ctrl Pts',(-1.64135088850776,-7.40194871990444,-0.0337820220200046));
#8267=CARTESIAN_POINT('Ctrl Pts',(-1.72399210194221,-7.58551957329663,-0.0981176031436506));
#8268=CARTESIAN_POINT('Ctrl Pts',(-1.68285617386953,-7.53854871963301,-0.0981176031436506));
#8269=CARTESIAN_POINT('Ctrl Pts',(-1.63980139258376,-7.49325773394957,-0.0985366496991028));
#8270=CARTESIAN_POINT('Ctrl Pts',(-1.59495896758244,-7.44981181244297,-0.0992831459151609));
#8271=CARTESIAN_POINT('Ctrl Pts',(-1.67383960443117,-7.6294419074542,-0.164784269810317));
#8272=CARTESIAN_POINT('Ctrl Pts',(-1.63390035790242,-7.58383747862443,-0.164784269810317));
#8273=CARTESIAN_POINT('Ctrl Pts',(-1.59209633781768,-7.53986623292023,-0.164784269810317));
#8274=CARTESIAN_POINT('Ctrl Pts',(-1.54856704665713,-7.4976749049815,-0.164784269810317));
#8275=CARTESIAN_POINT('Ctrl Pts',(-1.67383960443117,-7.6294419074542,-0.164784269810317));
#8276=CARTESIAN_POINT('Ctrl Pts',(-1.63390035790242,-7.58383747862443,-0.164784269810317));
#8277=CARTESIAN_POINT('Ctrl Pts',(-1.59209633781768,-7.53986623292023,-0.164784269810317));
#8278=CARTESIAN_POINT('Ctrl Pts',(-1.54856704665713,-7.4976749049815,-0.164784269810317));
#8279=CARTESIAN_POINT('Ctrl Pts',(1.68774280943308,-7.35408562736592,0.0317191018751515));
#8280=CARTESIAN_POINT('Ctrl Pts',(1.73521150211594,-7.40004073600824,0.0339585905233258));
#8281=CARTESIAN_POINT('Ctrl Pts',(1.78076780580376,-7.44797120165018,0.0352157301896826));
#8282=CARTESIAN_POINT('Ctrl Pts',(1.82429709696431,-7.4976749049815,0.0352157301896826));
#8283=CARTESIAN_POINT('Ctrl Pts',(1.64135088850776,-7.40194871990445,-0.0337820220200047));
#8284=CARTESIAN_POINT('Ctrl Pts',(1.68750644734985,-7.44664923497891,-0.0322890295878886));
#8285=CARTESIAN_POINT('Ctrl Pts',(1.73181198983665,-7.49325996064159,-0.031450936476984));
#8286=CARTESIAN_POINT('Ctrl Pts',(1.77414459945326,-7.54159723913907,-0.031450936476984));
#8287=CARTESIAN_POINT('Ctrl Pts',(1.59495896758245,-7.44981181244297,-0.099283145915161));
#8288=CARTESIAN_POINT('Ctrl Pts',(1.63980139258376,-7.49325773394957,-0.0985366496991029));
#8289=CARTESIAN_POINT('Ctrl Pts',(1.68285617386953,-7.53854871963301,-0.0981176031436506));
#8290=CARTESIAN_POINT('Ctrl Pts',(1.72399210194221,-7.58551957329663,-0.0981176031436506));
#8291=CARTESIAN_POINT('Ctrl Pts',(1.54856704665713,-7.4976749049815,-0.164784269810317));
#8292=CARTESIAN_POINT('Ctrl Pts',(1.59209633781768,-7.53986623292024,-0.164784269810317));
#8293=CARTESIAN_POINT('Ctrl Pts',(1.63390035790242,-7.58383747862443,-0.164784269810317));
#8294=CARTESIAN_POINT('Ctrl Pts',(1.67383960443117,-7.6294419074542,-0.164784269810317));
#8295=CARTESIAN_POINT('Ctrl Pts',(1.54856704665713,-7.4976749049815,-0.164784269810317));
#8296=CARTESIAN_POINT('Ctrl Pts',(1.59209633781768,-7.53986623292024,-0.164784269810317));
#8297=CARTESIAN_POINT('Ctrl Pts',(1.63390035790242,-7.58383747862443,-0.164784269810317));
#8298=CARTESIAN_POINT('Ctrl Pts',(1.67383960443117,-7.6294419074542,-0.164784269810317));
#8299=CARTESIAN_POINT('Origin',(0.,-9.09534980996299,0.0852157301896826));
#8300=CARTESIAN_POINT('',(2.225,-9.09534980996299,-4.91478426981032));
#8301=CARTESIAN_POINT('',(2.225,-9.09534980996299,0.0852157301896826));
#8302=CARTESIAN_POINT('Origin',(0.,-9.09534980996299,-4.91478426981032));
#8303=CARTESIAN_POINT('Origin',(1.23259516440783E-31,-9.09534980996299,
-5.17728426981032));
#8304=CARTESIAN_POINT('',(1.9625,-9.09534980996299,-5.17728426981032));
#8305=CARTESIAN_POINT('Origin',(-3.09999999999999,-13.817349809963,0.0852157301896821));
#8306=CARTESIAN_POINT('',(-3.09999999999999,-17.8855520571525,-0.51366067430583));
#8307=CARTESIAN_POINT('Origin',(-3.09999999999999,-17.6423498099631,-0.0147842698107914));
#8308=CARTESIAN_POINT('',(-3.09999999999999,-17.597349809963,-0.603470266474539));
#8309=CARTESIAN_POINT('Origin',(-3.09999999999999,-17.4473498099647,0.385215730188962));
#8310=CARTESIAN_POINT('',(-3.09999999999999,-17.597349809963,-1.42609827314651));
#8311=CARTESIAN_POINT('',(-3.09999999999999,-17.597349809963,0.0852157301896816));
#8312=CARTESIAN_POINT('',(-3.09999999999999,-17.8855520571537,-1.51590786531826));
#8313=CARTESIAN_POINT('Origin',(-3.09999999999999,-17.4473498099572,-2.41478426980944));
#8314=CARTESIAN_POINT('',(-3.09999999999999,-17.8855520571525,-2.51366067430582));
#8315=CARTESIAN_POINT('Origin',(-3.09999999999999,-17.6423498099631,-2.01478426981079));
#8316=CARTESIAN_POINT('',(-3.09999999999999,-17.597349809963,-2.60347026647454));
#8317=CARTESIAN_POINT('Origin',(-3.09999999999999,-17.4473498099647,-1.61478426981104));
#8318=CARTESIAN_POINT('',(-3.09999999999999,-17.597349809963,-3.42609827314651));
#8319=CARTESIAN_POINT('',(-3.09999999999999,-17.597349809963,0.0852157301896816));
#8320=CARTESIAN_POINT('',(-3.09999999999999,-17.8855520571537,-3.51590786531826));
#8321=CARTESIAN_POINT('Origin',(-3.09999999999999,-17.4473498099572,-4.41478426980944));
#8322=CARTESIAN_POINT('',(-3.09999999999999,-17.8855520571525,-4.51366067430583));
#8323=CARTESIAN_POINT('Origin',(-3.09999999999999,-17.6423498099631,-4.01478426981079));
#8324=CARTESIAN_POINT('',(-3.09999999999999,-17.597349809963,-4.60347026647454));
#8325=CARTESIAN_POINT('Origin',(-3.09999999999999,-17.4473498099647,-3.61478426981104));
#8326=CARTESIAN_POINT('',(-3.09999999999999,-17.597349809963,-5.42609827314651));
#8327=CARTESIAN_POINT('',(-3.09999999999999,-17.597349809963,0.0852157301896816));
#8328=CARTESIAN_POINT('',(-3.09999999999999,-17.8855520571537,-5.51590786531825));
#8329=CARTESIAN_POINT('Origin',(-3.09999999999999,-17.4473498099572,-6.41478426980944));
#8330=CARTESIAN_POINT('',(-3.09999999999999,-17.8855520571525,-6.51366067430583));
#8331=CARTESIAN_POINT('Origin',(-3.09999999999999,-17.6423498099631,-6.01478426981079));
#8332=CARTESIAN_POINT('',(-3.09999999999999,-17.597349809963,-6.60347026647454));
#8333=CARTESIAN_POINT('Origin',(-3.09999999999999,-17.4473498099647,-5.61478426981104));
#8334=CARTESIAN_POINT('',(-3.09999999999999,-17.597349809963,-5.77871629231049));
#8335=CARTESIAN_POINT('',(-3.09999999999999,-17.5973498099623,-3.59469655726025));
#8336=CARTESIAN_POINT('',(-3.09999999999999,-13.817349809963,-5.77871629231052));
#8337=CARTESIAN_POINT('Origin',(-3.09999999999999,-13.817349809963,0.0852157301896821));
#8338=CARTESIAN_POINT('',(-3.09999999999999,-17.597349809963,-8.01478426981029));
#8339=CARTESIAN_POINT('',(-3.09999999999999,-13.817349809963,-8.01478426981032));
#8340=CARTESIAN_POINT('',(-3.09999999999999,-17.597349809963,-7.42609827314651));
#8341=CARTESIAN_POINT('',(-3.09999999999999,-17.5973498099623,-3.59469655726025));
#8342=CARTESIAN_POINT('',(-3.09999999999999,-17.8855520571537,-7.51590786531826));
#8343=CARTESIAN_POINT('Origin',(-3.09999999999999,-17.4473498099572,-8.41478426980944));
#8344=CARTESIAN_POINT('',(-3.09999999999999,-17.8855520571525,-8.51366067430584));
#8345=CARTESIAN_POINT('Origin',(-3.09999999999999,-17.6423498099631,-8.01478426981079));
#8346=CARTESIAN_POINT('',(-3.09999999999999,-17.597349809963,-8.60347026647454));
#8347=CARTESIAN_POINT('Origin',(-3.09999999999999,-17.4473498099647,-7.61478426981104));
#8348=CARTESIAN_POINT('',(-3.09999999999999,-17.597349809963,-9.42609827314651));
#8349=CARTESIAN_POINT('',(-3.09999999999999,-17.597349809963,0.0852157301896816));
#8350=CARTESIAN_POINT('Origin',(-3.09999999999999,-17.4473498099572,-10.4147842698094));
#8351=CARTESIAN_POINT('Origin',(3.10000000000001,-17.4473498099647,-1.61478426981104));
#8352=CARTESIAN_POINT('',(3.10000000000001,-17.597349809963,-2.60347026647454));
#8353=CARTESIAN_POINT('',(3.10000000000001,-17.8855520571525,-2.51366067430583));
#8354=CARTESIAN_POINT('Origin',(3.10000000000001,-17.4473498099647,-3.61478426981104));
#8355=CARTESIAN_POINT('',(3.10000000000001,-17.597349809963,-4.60347026647454));
#8356=CARTESIAN_POINT('',(3.10000000000001,-17.8855520571525,-4.51366067430583));
#8357=CARTESIAN_POINT('Origin',(3.10000000000001,-17.4473498099647,0.385215730188962));
#8358=CARTESIAN_POINT('',(3.10000000000001,-17.597349809963,-0.603470266474539));
#8359=CARTESIAN_POINT('',(3.10000000000001,-17.8855520571525,-0.51366067430583));
#8360=CARTESIAN_POINT('Origin',(3.10000000000001,-17.4473498099647,-5.61478426981104));
#8361=CARTESIAN_POINT('',(3.10000000000001,-17.597349809963,-6.60347026647454));
#8362=CARTESIAN_POINT('',(3.10000000000001,-17.8855520571525,-6.51366067430583));
#8363=CARTESIAN_POINT('Origin',(3.10000000000001,-17.4473498099647,-7.61478426981104));
#8364=CARTESIAN_POINT('',(3.10000000000001,-17.597349809963,-8.60347026647454));
#8365=CARTESIAN_POINT('',(3.10000000000001,-17.8855520571525,-8.51366067430583));
#8366=CARTESIAN_POINT('Origin',(2.10000000000001,-13.817349809963,-6.89675028106042));
#8367=CARTESIAN_POINT('Origin',(2.10000000000001,-17.597349809963,-6.89675028106039));
#8368=CARTESIAN_POINT('Origin',(-2.09999999999999,-13.817349809963,-6.89675028106042));
#8369=CARTESIAN_POINT('Origin',(-2.09999999999999,-17.597349809963,-6.89675028106039));
#8370=CARTESIAN_POINT('Origin',(3.10000000000001,-17.6423498099631,-0.0147842698107914));
#8371=CARTESIAN_POINT('Origin',(3.10000000000001,-17.4473498099572,-2.41478426980944));
#8372=CARTESIAN_POINT('',(3.10000000000001,-17.597349809963,-1.42609827314651));
#8373=CARTESIAN_POINT('',(3.10000000000001,-17.8855520571537,-1.51590786531826));
#8374=CARTESIAN_POINT('Origin',(3.10000000000001,-17.6423498099631,-2.01478426981079));
#8375=CARTESIAN_POINT('Origin',(3.10000000000001,-17.4473498099572,-4.41478426980944));
#8376=CARTESIAN_POINT('',(3.10000000000001,-17.597349809963,-3.42609827314651));
#8377=CARTESIAN_POINT('',(3.10000000000001,-17.8855520571537,-3.51590786531826));
#8378=CARTESIAN_POINT('Origin',(3.10000000000001,-17.6423498099631,-4.01478426981079));
#8379=CARTESIAN_POINT('Origin',(3.10000000000001,-17.4473498099572,-6.41478426980944));
#8380=CARTESIAN_POINT('',(3.10000000000001,-17.597349809963,-5.42609827314651));
#8381=CARTESIAN_POINT('',(3.10000000000001,-17.8855520571537,-5.51590786531826));
#8382=CARTESIAN_POINT('Origin',(3.10000000000001,-17.6423498099631,-6.01478426981079));
#8383=CARTESIAN_POINT('Origin',(3.10000000000001,-17.4473498099572,-8.41478426980944));
#8384=CARTESIAN_POINT('',(3.10000000000001,-17.597349809963,-7.42609827314651));
#8385=CARTESIAN_POINT('',(3.10000000000001,-17.8855520571537,-7.51590786531826));
#8386=CARTESIAN_POINT('Origin',(3.10000000000001,-17.6423498099631,-8.01478426981079));
#8387=CARTESIAN_POINT('Origin',(3.10000000000001,-17.4473498099572,-10.4147842698094));
#8388=CARTESIAN_POINT('',(3.10000000000001,-17.597349809963,-9.42609827314651));
#8389=CARTESIAN_POINT('Origin',(-3.1,-17.597349809963,0.0852157301896816));
#8390=CARTESIAN_POINT('Origin',(-3.1,-17.597349809963,0.0852157301896816));
#8391=CARTESIAN_POINT('Origin',(-3.1,-17.597349809963,0.0852157301896816));
#8392=CARTESIAN_POINT('Origin',(-3.1,-17.597349809963,0.0852157301896816));
#8393=CARTESIAN_POINT('Origin',(-3.1,-17.597349809963,0.0852157301896816));
#8394=CARTESIAN_POINT('',(0.,0.,0.));
#8395=CARTESIAN_POINT('Origin',(-15.9,-24.1476749049815,0.0852157301896808));
#8396=CARTESIAN_POINT('',(-8.99966195225711,-24.1476749049815,-6.30717232823372));
#8397=CARTESIAN_POINT('',(-9.05548050999637,-24.1476749049815,-6.44722655415535));
#8398=CARTESIAN_POINT('Ctrl Pts',(-8.99966195225711,-24.1476749049815,-6.30717232823372));
#8399=CARTESIAN_POINT('Ctrl Pts',(-9.00175422239148,-24.1476749049815,-6.33408693304434));
#8400=CARTESIAN_POINT('Ctrl Pts',(-9.00583989223399,-24.1476749049815,-6.38664429042919));
#8401=CARTESIAN_POINT('Ctrl Pts',(-9.03920275693977,-24.1476749049815,-6.42736090435089));
#8402=CARTESIAN_POINT('Ctrl Pts',(-9.05548050999637,-24.1476749049815,-6.44722655415535));
#8403=CARTESIAN_POINT('',(-9.05548050999637,-24.1476749049815,-6.16813316941262));
#8404=CARTESIAN_POINT('Ctrl Pts',(-9.05548050999637,-24.1476749049815,-6.16813316941262));
#8405=CARTESIAN_POINT('Ctrl Pts',(-9.03920110542419,-24.1476749049815,-6.18808121415635));
#8406=CARTESIAN_POINT('Ctrl Pts',(-9.00615217033572,-24.1476749049815,-6.22857788176816));
#8407=CARTESIAN_POINT('Ctrl Pts',(-9.00184664238768,-24.1476749049815,-6.28071643577666));
#8408=CARTESIAN_POINT('Ctrl Pts',(-8.99966195225711,-24.1476749049815,-6.30717232823372));
#8409=CARTESIAN_POINT('',(-9.19654920697208,-24.1476749049815,-6.11231461167336));
#8410=CARTESIAN_POINT('Ctrl Pts',(-9.19654920697208,-24.1476749049815,-6.11231461167336));
#8411=CARTESIAN_POINT('Ctrl Pts',(-9.16956954385845,-24.1476749049815,-6.11443288413077));
#8412=CARTESIAN_POINT('Ctrl Pts',(-9.11675057293903,-24.1476749049815,-6.11857989556144));
#8413=CARTESIAN_POINT('Ctrl Pts',(-9.07560777493673,-24.1476749049815,-6.15185487910959));
#8414=CARTESIAN_POINT('Ctrl Pts',(-9.05548050999637,-24.1476749049815,-6.16813316941262));
#8415=CARTESIAN_POINT('',(-9.40967544913288,-24.1476749049815,-6.11637428402901));
#8416=CARTESIAN_POINT('',(-9.40967544913288,-24.1476749049815,-6.11637428402901));
#8417=CARTESIAN_POINT('',(-9.42794337868686,-24.1476749049815,-5.8403255045414));
#8418=CARTESIAN_POINT('Ctrl Pts',(-9.42794337868686,-24.1476749049815,-5.8403255045414));
#8419=CARTESIAN_POINT('Ctrl Pts',(-9.42318646372328,-24.1476749049815,-5.89137421640207));
#8420=CARTESIAN_POINT('Ctrl Pts',(-9.41462679008456,-24.1476749049815,-5.98323213619877));
#8421=CARTESIAN_POINT('Ctrl Pts',(-9.41119851144614,-24.1476749049815,-6.07541895704854));
#8422=CARTESIAN_POINT('Ctrl Pts',(-9.40967544913288,-24.1476749049815,-6.11637428402901));
#8423=CARTESIAN_POINT('',(-9.44418147206302,-24.1476749049815,-5.55412784218789));
#8424=CARTESIAN_POINT('Ctrl Pts',(-9.44418147206302,-24.1476749049815,-5.55412784218789));
#8425=CARTESIAN_POINT('Ctrl Pts',(-9.44329156576993,-24.1476749049815,-5.59762400898951));
#8426=CARTESIAN_POINT('Ctrl Pts',(-9.44133588982832,-24.1476749049815,-5.69321205868263));
#8427=CARTESIAN_POINT('Ctrl Pts',(-9.43266738627404,-24.1476749049815,-5.78843344135232));
#8428=CARTESIAN_POINT('Ctrl Pts',(-9.42794337868686,-24.1476749049815,-5.8403255045414));
#8429=CARTESIAN_POINT('',(-9.39546719193454,-24.1476749049815,-4.86603572964669));
#8430=CARTESIAN_POINT('Ctrl Pts',(-9.39546719193454,-24.1476749049815,-4.86603572964669));
#8431=CARTESIAN_POINT('Ctrl Pts',(-9.40953730486276,-24.1476749049815,-4.99970527668982));
#8432=CARTESIAN_POINT('Ctrl Pts',(-9.4336251386422,-24.1476749049815,-5.22854564541843));
#8433=CARTESIAN_POINT('Ctrl Pts',(-9.44108079234773,-24.1476749049815,-5.45849557358286));
#8434=CARTESIAN_POINT('Ctrl Pts',(-9.44418147206302,-24.1476749049815,-5.55412784218789));
#8435=CARTESIAN_POINT('',(-9.34675261378284,-24.1476749049815,-4.17591407895089));
#8436=CARTESIAN_POINT('Ctrl Pts',(-9.34675261378284,-24.1476749049815,-4.17591407895089));
#8437=CARTESIAN_POINT('Ctrl Pts',(-9.34984371428266,-24.1476749049815,-4.27205425682275));
#8438=CARTESIAN_POINT('Ctrl Pts',(-9.35725885827908,-24.1476749049815,-4.50268191283224));
#8439=CARTESIAN_POINT('Ctrl Pts',(-9.38139343284711,-24.1476749049815,-4.73219701981285));
#8440=CARTESIAN_POINT('Ctrl Pts',(-9.39546719193454,-24.1476749049815,-4.86603572964669));
#8441=CARTESIAN_POINT('',(-9.35385659337039,-24.1476749049815,-3.97293701767922));
#8442=CARTESIAN_POINT('Ctrl Pts',(-9.35385659337039,-24.1476749049815,-3.97293701767922));
#8443=CARTESIAN_POINT('Ctrl Pts',(-9.3518052712751,-24.1476749049815,-4.01250840469569));
#8444=CARTESIAN_POINT('Ctrl Pts',(-9.34829987195686,-24.1476749049815,-4.08012992224633));
#8445=CARTESIAN_POINT('Ctrl Pts',(-9.34720625699502,-24.1476749049815,-4.1478309618263));
#8446=CARTESIAN_POINT('Ctrl Pts',(-9.34675261378284,-24.1476749049815,-4.17591407895089));
#8447=CARTESIAN_POINT('',(-9.36096087098117,-24.1476749049815,-3.76996025443078));
#8448=CARTESIAN_POINT('Ctrl Pts',(-9.36096087098117,-24.1476749049815,-3.76996025443078));
#8449=CARTESIAN_POINT('Ctrl Pts',(-9.36050724112585,-24.1476749049815,-3.79804327283331));
#8450=CARTESIAN_POINT('Ctrl Pts',(-9.3594136560288,-24.1476749049815,-3.86574421897791));
#8451=CARTESIAN_POINT('Ctrl Pts',(-9.35590804339857,-24.1476749049815,-3.93336563196096));
#8452=CARTESIAN_POINT('Ctrl Pts',(-9.35385659337039,-24.1476749049815,-3.97293701767922));
#8453=CARTESIAN_POINT('',(-9.34878244996067,-24.1476749049815,-3.63092079758645));
#8454=CARTESIAN_POINT('Ctrl Pts',(-9.34878244996067,-24.1476749049815,-3.63092079758645));
#8455=CARTESIAN_POINT('Ctrl Pts',(-9.3523006709748,-24.1476749049815,-3.65786074925458));
#8456=CARTESIAN_POINT('Ctrl Pts',(-9.35833202853788,-24.1476749049815,-3.70404445419808));
#8457=CARTESIAN_POINT('Ctrl Pts',(-9.36018766663004,-24.1476749049815,-3.75057286829111));
#8458=CARTESIAN_POINT('Ctrl Pts',(-9.36096087098117,-24.1476749049815,-3.76996025443078));
#8459=CARTESIAN_POINT('',(-9.33660373091693,-24.1476749049815,-3.49188163876534));
#8460=CARTESIAN_POINT('Ctrl Pts',(-9.33660373091693,-24.1476749049815,-3.49188163876534));
#8461=CARTESIAN_POINT('Ctrl Pts',(-9.33737705818528,-24.1476749049815,-3.51126892427255));
#8462=CARTESIAN_POINT('Ctrl Pts',(-9.33923299651804,-24.1476749049815,-3.55779722841192));
#8463=CARTESIAN_POINT('Ctrl Pts',(-9.34526427056031,-24.1476749049815,-3.60398084376644));
#8464=CARTESIAN_POINT('Ctrl Pts',(-9.34878244996067,-24.1476749049815,-3.63092079758645));
#8465=CARTESIAN_POINT('',(-9.47259828448291,-24.1476749049815,-3.33558931946755));
#8466=CARTESIAN_POINT('Ctrl Pts',(-9.47259828448291,-24.1476749049815,-3.33558931946755));
#8467=CARTESIAN_POINT('Ctrl Pts',(-9.43296615776179,-24.1476749049815,-3.34343231231938));
#8468=CARTESIAN_POINT('Ctrl Pts',(-9.34904801180665,-24.1476749049815,-3.36003927927567));
#8469=CARTESIAN_POINT('Ctrl Pts',(-9.34090240297663,-24.1476749049815,-3.44633886517758));
#8470=CARTESIAN_POINT('Ctrl Pts',(-9.33660373091693,-24.1476749049815,-3.49188163876534));
#8471=CARTESIAN_POINT('',(-9.81359973549839,-24.1476749049815,-3.5162390768528));
#8472=CARTESIAN_POINT('Ctrl Pts',(-9.81359973549839,-24.1476749049815,-3.5162390768528));
#8473=CARTESIAN_POINT('Ctrl Pts',(-9.7590355646991,-24.1476749049815,-3.46381063278861));
#8474=CARTESIAN_POINT('Ctrl Pts',(-9.66188605641965,-24.1476749049815,-3.37046370776285));
#8475=CARTESIAN_POINT('Ctrl Pts',(-9.53028528163079,-24.1476749049815,-3.34621757462392));
#8476=CARTESIAN_POINT('Ctrl Pts',(-9.47259828448291,-24.1476749049815,-3.33558931946755));
#8477=CARTESIAN_POINT('',(-10.1241545379161,-24.1476749049815,-3.7638707458973));
#8478=CARTESIAN_POINT('Ctrl Pts',(-10.1241545379161,-24.1476749049815,-3.7638707458973));
#8479=CARTESIAN_POINT('Ctrl Pts',(-10.0797082215676,-24.1476749049815,-3.73075698771429));
#8480=CARTESIAN_POINT('Ctrl Pts',(-9.97349065624515,-24.1476749049815,-3.65162190832331));
#8481=CARTESIAN_POINT('Ctrl Pts',(-9.87239330407906,-24.1476749049815,-3.56602076395256));
#8482=CARTESIAN_POINT('Ctrl Pts',(-9.81359973549839,-24.1476749049815,-3.5162390768528));
#8483=CARTESIAN_POINT('',(-10.2987147867679,-24.1476749049815,-3.99526461958886));
#8484=CARTESIAN_POINT('Ctrl Pts',(-10.2987147867679,-24.1476749049815,-3.99526461958886));
#8485=CARTESIAN_POINT('Ctrl Pts',(-10.2866585554151,-24.1476749049815,-3.95838314076045));
#8486=CARTESIAN_POINT('Ctrl Pts',(-10.2554333708775,-24.1476749049815,-3.86286150147406));
#8487=CARTESIAN_POINT('Ctrl Pts',(-10.1740904613573,-24.1476749049815,-3.80152491055095));
#8488=CARTESIAN_POINT('Ctrl Pts',(-10.1241545379161,-24.1476749049815,-3.7638707458973));
#8489=CARTESIAN_POINT('',(-10.238836556673,-24.1476749049815,-4.13531854748726));
#8490=CARTESIAN_POINT('Ctrl Pts',(-10.238836556673,-24.1476749049815,-4.13531854748726));
#8491=CARTESIAN_POINT('Ctrl Pts',(-10.2562986643841,-24.1476749049815,-4.11455147967688));
#8492=CARTESIAN_POINT('Ctrl Pts',(-10.2904964376404,-24.1476749049815,-4.07388127606063));
#8493=CARTESIAN_POINT('Ctrl Pts',(-10.2960144086751,-24.1476749049815,-4.02109641300306));
#8494=CARTESIAN_POINT('Ctrl Pts',(-10.2987147867679,-24.1476749049815,-3.99526461958886));
#8495=CARTESIAN_POINT('',(-10.0977675616741,-24.1476749049815,-4.1962118446827));
#8496=CARTESIAN_POINT('Ctrl Pts',(-10.0977675616741,-24.1476749049815,-4.1962118446827));
#8497=CARTESIAN_POINT('Ctrl Pts',(-10.1240808448097,-24.1476749049815,-4.19353323587369));
#8498=CARTESIAN_POINT('Ctrl Pts',(-10.1774671467657,-24.1476749049815,-4.18809867957137));
#8499=CARTESIAN_POINT('Ctrl Pts',(-10.2181869268553,-24.1476749049815,-4.15307804999694));
#8500=CARTESIAN_POINT('Ctrl Pts',(-10.238836556673,-24.1476749049815,-4.13531854748726));
#8501=CARTESIAN_POINT('',(-9.75067690014835,-24.1476749049815,-3.98511573672295));
#8502=CARTESIAN_POINT('Ctrl Pts',(-9.75067690014835,-24.1476749049815,-3.98511573672295));
#8503=CARTESIAN_POINT('Ctrl Pts',(-9.82171994720795,-24.1476749049815,-4.04363799123946));
#8504=CARTESIAN_POINT('Ctrl Pts',(-9.9278717878626,-24.1476749049815,-4.13108138356714));
#8505=CARTESIAN_POINT('Ctrl Pts',(-10.055541815718,-24.1476749049815,-4.18002437725271));
#8506=CARTESIAN_POINT('Ctrl Pts',(-10.0977675616741,-24.1476749049815,-4.1962118446827));
#8507=CARTESIAN_POINT('',(-9.79330196976657,-24.1476749049815,-4.77063670754433));
#8508=CARTESIAN_POINT('Ctrl Pts',(-9.79330196976657,-24.1476749049815,-4.77063670754433));
#8509=CARTESIAN_POINT('Ctrl Pts',(-9.78040599697631,-24.1476749049815,-4.61900798837889));
#8510=CARTESIAN_POINT('Ctrl Pts',(-9.7581712423014,-24.1476749049815,-4.35757541348528));
#8511=CARTESIAN_POINT('Ctrl Pts',(-9.7528935674705,-24.1476749049815,-4.09528140269294));
#8512=CARTESIAN_POINT('Ctrl Pts',(-9.75067690014835,-24.1476749049815,-3.98511573672295));
#8513=CARTESIAN_POINT('',(-9.83998671174045,-24.1476749049815,-5.55412784218789));
#8514=CARTESIAN_POINT('Ctrl Pts',(-9.83998671174045,-24.1476749049815,-5.55412784218789));
#8515=CARTESIAN_POINT('Ctrl Pts',(-9.83699745265694,-24.1476749049815,-5.44582292651033));
#8516=CARTESIAN_POINT('Ctrl Pts',(-9.82977631311338,-24.1476749049815,-5.18419123534121));
#8517=CARTESIAN_POINT('Ctrl Pts',(-9.80677920641279,-24.1476749049815,-4.92344472890442));
#8518=CARTESIAN_POINT('Ctrl Pts',(-9.79330196976657,-24.1476749049815,-4.77063670754433));
#8519=CARTESIAN_POINT('',(-9.82273355126377,-24.1476749049815,-5.8403255045414));
#8520=CARTESIAN_POINT('Ctrl Pts',(-9.82273355126377,-24.1476749049815,-5.8403255045414));
#8521=CARTESIAN_POINT('Ctrl Pts',(-9.8277169065336,-24.1476749049815,-5.78471410100984));
#8522=CARTESIAN_POINT('Ctrl Pts',(-9.83625148891334,-24.1476749049815,-5.68947302767796));
#8523=CARTESIAN_POINT('Ctrl Pts',(-9.83888917461838,-24.1476749049815,-5.59389691949457));
#8524=CARTESIAN_POINT('Ctrl Pts',(-9.83998671174045,-24.1476749049815,-5.55412784218789));
#8525=CARTESIAN_POINT('',(-9.80548068881031,-24.1476749049815,-6.12855270504952));
#8526=CARTESIAN_POINT('Ctrl Pts',(-9.80548068881031,-24.1476749049815,-6.12855270504952));
#8527=CARTESIAN_POINT('Ctrl Pts',(-9.8065699484722,-24.1476749049815,-6.08827584972002));
#8528=CARTESIAN_POINT('Ctrl Pts',(-9.80917305741233,-24.1476749049815,-5.99202236135915));
#8529=CARTESIAN_POINT('Ctrl Pts',(-9.81774721359876,-24.1476749049815,-5.89610605052297));
#8530=CARTESIAN_POINT('Ctrl Pts',(-9.82273355126377,-24.1476749049815,-5.8403255045414));
#8531=CARTESIAN_POINT('',(-9.88870099186893,-24.1476749049815,-6.12449303269387));
#8532=CARTESIAN_POINT('',(-9.88870099186893,-24.1476749049815,-6.12449303269387));
#8533=CARTESIAN_POINT('',(-9.98613014817234,-24.1476749049815,-6.12246349453926));
#8534=CARTESIAN_POINT('',(-9.98613014817234,-24.1476749049815,-6.12246349453926));
#8535=CARTESIAN_POINT('',(-10.3048039972782,-24.1476749049815,-6.32747009396553));
#8536=CARTESIAN_POINT('Ctrl Pts',(-10.3048039972782,-24.1476749049815,-6.32747009396553));
#8537=CARTESIAN_POINT('Ctrl Pts',(-10.2844437156842,-24.1476749049815,-6.26810153133617));
#8538=CARTESIAN_POINT('Ctrl Pts',(-10.2353437637353,-24.1476749049815,-6.12493093917516));
#8539=CARTESIAN_POINT('Ctrl Pts',(-10.0781439188877,-24.1476749049815,-6.12337451573073));
#8540=CARTESIAN_POINT('Ctrl Pts',(-9.98613014817234,-24.1476749049815,-6.12246349453926));
#8541=CARTESIAN_POINT('',(-10.2012856304645,-24.1476749049815,-6.48173287510872));
#8542=CARTESIAN_POINT('Ctrl Pts',(-10.2012856304645,-24.1476749049815,-6.48173287510872));
#8543=CARTESIAN_POINT('Ctrl Pts',(-10.2314738384318,-24.1476749049815,-6.46573139689844));
#8544=CARTESIAN_POINT('Ctrl Pts',(-10.2932904253591,-24.1476749049815,-6.43296506741563));
#8545=CARTESIAN_POINT('Ctrl Pts',(-10.3009069910309,-24.1476749049815,-6.36317704689739));
#8546=CARTESIAN_POINT('Ctrl Pts',(-10.3048039972782,-24.1476749049815,-6.32747009396553));
#8547=CARTESIAN_POINT('',(-10.0023682415485,-24.1476749049815,-6.50000050663948));
#8548=CARTESIAN_POINT('Ctrl Pts',(-10.0023682415485,-24.1476749049815,-6.50000050663948));
#8549=CARTESIAN_POINT('Ctrl Pts',(-10.0427994226248,-24.1476749049815,-6.50011863953605));
#8550=CARTESIAN_POINT('Ctrl Pts',(-10.1097718740051,-24.1476749049815,-6.50031432141971));
#8551=CARTESIAN_POINT('Ctrl Pts',(-10.1753119946924,-24.1476749049815,-6.48700670209685));
#8552=CARTESIAN_POINT('Ctrl Pts',(-10.2012856304645,-24.1476749049815,-6.48173287510872));
#8553=CARTESIAN_POINT('',(-9.60047379136081,-24.1476749049815,-6.50203004479409));
#8554=CARTESIAN_POINT('',(-9.60047379136081,-24.1476749049815,-6.50203004479409));
#8555=CARTESIAN_POINT('',(-9.19654920697208,-24.1476749049815,-6.50203004479409));
#8556=CARTESIAN_POINT('',(-9.19654920697208,-24.1476749049815,-6.50203004479409));
#8557=CARTESIAN_POINT('Ctrl Pts',(-9.05548050999637,-24.1476749049815,-6.44722655415535));
#8558=CARTESIAN_POINT('Ctrl Pts',(-9.0756401961185,-24.1476749049815,-6.46320839477844));
#8559=CARTESIAN_POINT('Ctrl Pts',(-9.11695407267606,-24.1476749049815,-6.49596048162467));
#8560=CARTESIAN_POINT('Ctrl Pts',(-9.16959510530569,-24.1476749049815,-6.4999746475115));
#8561=CARTESIAN_POINT('Ctrl Pts',(-9.19654920697208,-24.1476749049815,-6.50203004479409));
#8562=CARTESIAN_POINT('Ctrl Pts',(-8.99966195225711,-24.1476749049815,-6.30717232823372));
#8563=CARTESIAN_POINT('Ctrl Pts',(-8.99966195225711,-24.4476749049815,-6.30717232823372));
#8564=CARTESIAN_POINT('Ctrl Pts',(-9.00175422239148,-24.1476749049815,-6.33408693304434));
#8565=CARTESIAN_POINT('Ctrl Pts',(-9.00175422239148,-24.4476749049815,-6.33408693304434));
#8566=CARTESIAN_POINT('Ctrl Pts',(-9.00583989223399,-24.1476749049815,-6.38664429042919));
#8567=CARTESIAN_POINT('Ctrl Pts',(-9.00583989223399,-24.4476749049815,-6.38664429042919));
#8568=CARTESIAN_POINT('Ctrl Pts',(-9.03920275693977,-24.1476749049815,-6.42736090435089));
#8569=CARTESIAN_POINT('Ctrl Pts',(-9.03920275693977,-24.4476749049815,-6.42736090435089));
#8570=CARTESIAN_POINT('Ctrl Pts',(-9.05548050999637,-24.1476749049815,-6.44722655415535));
#8571=CARTESIAN_POINT('Ctrl Pts',(-9.05548050999637,-24.4476749049815,-6.44722655415535));
#8572=CARTESIAN_POINT('',(-9.05548050999637,-24.4476749049815,-6.44722655415535));
#8573=CARTESIAN_POINT('',(-9.05548050999637,-24.4476749049815,-6.44722655415535));
#8574=CARTESIAN_POINT('',(-8.99966195225711,-24.4476749049815,-6.30717232823372));
#8575=CARTESIAN_POINT('Ctrl Pts',(-8.99966195225711,-24.4476749049815,-6.30717232823372));
#8576=CARTESIAN_POINT('Ctrl Pts',(-9.00175422239148,-24.4476749049815,-6.33408693304434));
#8577=CARTESIAN_POINT('Ctrl Pts',(-9.00583989223399,-24.4476749049815,-6.38664429042919));
#8578=CARTESIAN_POINT('Ctrl Pts',(-9.03920275693977,-24.4476749049815,-6.42736090435089));
#8579=CARTESIAN_POINT('Ctrl Pts',(-9.05548050999637,-24.4476749049815,-6.44722655415535));
#8580=CARTESIAN_POINT('',(-8.99966195225711,-24.4476749049815,-6.30717232823372));
#8581=CARTESIAN_POINT('Ctrl Pts',(-9.05548050999637,-24.1476749049815,-6.16813316941262));
#8582=CARTESIAN_POINT('Ctrl Pts',(-9.05548050999637,-24.4476749049815,-6.16813316941262));
#8583=CARTESIAN_POINT('Ctrl Pts',(-9.03920110542419,-24.1476749049815,-6.18808121415635));
#8584=CARTESIAN_POINT('Ctrl Pts',(-9.03920110542419,-24.4476749049815,-6.18808121415635));
#8585=CARTESIAN_POINT('Ctrl Pts',(-9.00615217033572,-24.1476749049815,-6.22857788176816));
#8586=CARTESIAN_POINT('Ctrl Pts',(-9.00615217033572,-24.4476749049815,-6.22857788176816));
#8587=CARTESIAN_POINT('Ctrl Pts',(-9.00184664238768,-24.1476749049815,-6.28071643577666));
#8588=CARTESIAN_POINT('Ctrl Pts',(-9.00184664238768,-24.4476749049815,-6.28071643577666));
#8589=CARTESIAN_POINT('Ctrl Pts',(-8.99966195225711,-24.1476749049815,-6.30717232823372));
#8590=CARTESIAN_POINT('Ctrl Pts',(-8.99966195225711,-24.4476749049815,-6.30717232823372));
#8591=CARTESIAN_POINT('',(-9.05548050999637,-24.4476749049815,-6.16813316941262));
#8592=CARTESIAN_POINT('Ctrl Pts',(-9.05548050999637,-24.4476749049815,-6.16813316941262));
#8593=CARTESIAN_POINT('Ctrl Pts',(-9.03920110542419,-24.4476749049815,-6.18808121415635));
#8594=CARTESIAN_POINT('Ctrl Pts',(-9.00615217033572,-24.4476749049815,-6.22857788176816));
#8595=CARTESIAN_POINT('Ctrl Pts',(-9.00184664238768,-24.4476749049815,-6.28071643577666));
#8596=CARTESIAN_POINT('Ctrl Pts',(-8.99966195225711,-24.4476749049815,-6.30717232823372));
#8597=CARTESIAN_POINT('',(-9.05548050999637,-24.4476749049815,-6.16813316941262));
#8598=CARTESIAN_POINT('Ctrl Pts',(-9.19654920697208,-24.1476749049815,-6.11231461167336));
#8599=CARTESIAN_POINT('Ctrl Pts',(-9.19654920697208,-24.4476749049815,-6.11231461167336));
#8600=CARTESIAN_POINT('Ctrl Pts',(-9.16956954385845,-24.1476749049815,-6.11443288413077));
#8601=CARTESIAN_POINT('Ctrl Pts',(-9.16956954385845,-24.4476749049815,-6.11443288413077));
#8602=CARTESIAN_POINT('Ctrl Pts',(-9.11675057293903,-24.1476749049815,-6.11857989556144));
#8603=CARTESIAN_POINT('Ctrl Pts',(-9.11675057293903,-24.4476749049815,-6.11857989556144));
#8604=CARTESIAN_POINT('Ctrl Pts',(-9.07560777493673,-24.1476749049815,-6.15185487910959));
#8605=CARTESIAN_POINT('Ctrl Pts',(-9.07560777493673,-24.4476749049815,-6.15185487910959));
#8606=CARTESIAN_POINT('Ctrl Pts',(-9.05548050999637,-24.1476749049815,-6.16813316941262));
#8607=CARTESIAN_POINT('Ctrl Pts',(-9.05548050999637,-24.4476749049815,-6.16813316941262));
#8608=CARTESIAN_POINT('',(-9.19654920697208,-24.4476749049815,-6.11231461167336));
#8609=CARTESIAN_POINT('Ctrl Pts',(-9.19654920697208,-24.4476749049815,-6.11231461167336));
#8610=CARTESIAN_POINT('Ctrl Pts',(-9.16956954385845,-24.4476749049815,-6.11443288413077));
#8611=CARTESIAN_POINT('Ctrl Pts',(-9.11675057293903,-24.4476749049815,-6.11857989556144));
#8612=CARTESIAN_POINT('Ctrl Pts',(-9.07560777493673,-24.4476749049815,-6.15185487910959));
#8613=CARTESIAN_POINT('Ctrl Pts',(-9.05548050999637,-24.4476749049815,-6.16813316941262));
#8614=CARTESIAN_POINT('',(-9.19654920697208,-24.4476749049815,-6.11231461167336));
#8615=CARTESIAN_POINT('Origin',(-9.30311232805248,-24.4476749049815,-6.11434444785118));
#8616=CARTESIAN_POINT('',(-9.40967544913288,-24.4476749049815,-6.11637428402901));
#8617=CARTESIAN_POINT('',(-12.5413359793652,-24.4476749049815,-6.17602679585943));
#8618=CARTESIAN_POINT('',(-9.40967544913288,-24.4476749049815,-6.11637428402901));
#8619=CARTESIAN_POINT('Ctrl Pts',(-9.42794337868686,-24.1476749049815,-5.8403255045414));
#8620=CARTESIAN_POINT('Ctrl Pts',(-9.42794337868686,-24.4476749049815,-5.8403255045414));
#8621=CARTESIAN_POINT('Ctrl Pts',(-9.42318646372328,-24.1476749049815,-5.89137421640207));
#8622=CARTESIAN_POINT('Ctrl Pts',(-9.42318646372328,-24.4476749049815,-5.89137421640207));
#8623=CARTESIAN_POINT('Ctrl Pts',(-9.41462679008456,-24.1476749049815,-5.98323213619877));
#8624=CARTESIAN_POINT('Ctrl Pts',(-9.41462679008456,-24.4476749049815,-5.98323213619877));
#8625=CARTESIAN_POINT('Ctrl Pts',(-9.41119851144614,-24.1476749049815,-6.07541895704854));
#8626=CARTESIAN_POINT('Ctrl Pts',(-9.41119851144614,-24.4476749049815,-6.07541895704854));
#8627=CARTESIAN_POINT('Ctrl Pts',(-9.40967544913288,-24.1476749049815,-6.11637428402901));
#8628=CARTESIAN_POINT('Ctrl Pts',(-9.40967544913288,-24.4476749049815,-6.11637428402901));
#8629=CARTESIAN_POINT('',(-9.42794337868686,-24.4476749049815,-5.8403255045414));
#8630=CARTESIAN_POINT('Ctrl Pts',(-9.42794337868686,-24.4476749049815,-5.8403255045414));
#8631=CARTESIAN_POINT('Ctrl Pts',(-9.42318646372328,-24.4476749049815,-5.89137421640207));
#8632=CARTESIAN_POINT('Ctrl Pts',(-9.41462679008456,-24.4476749049815,-5.98323213619877));
#8633=CARTESIAN_POINT('Ctrl Pts',(-9.41119851144614,-24.4476749049815,-6.07541895704854));
#8634=CARTESIAN_POINT('Ctrl Pts',(-9.40967544913288,-24.4476749049815,-6.11637428402901));
#8635=CARTESIAN_POINT('',(-9.42794337868686,-24.4476749049815,-5.8403255045414));
#8636=CARTESIAN_POINT('Ctrl Pts',(-9.44418147206302,-24.1476749049815,-5.55412784218789));
#8637=CARTESIAN_POINT('Ctrl Pts',(-9.44418147206302,-24.4476749049815,-5.55412784218789));
#8638=CARTESIAN_POINT('Ctrl Pts',(-9.44329156576993,-24.1476749049815,-5.59762400898951));
#8639=CARTESIAN_POINT('Ctrl Pts',(-9.44329156576993,-24.4476749049815,-5.59762400898951));
#8640=CARTESIAN_POINT('Ctrl Pts',(-9.44133588982832,-24.1476749049815,-5.69321205868263));
#8641=CARTESIAN_POINT('Ctrl Pts',(-9.44133588982832,-24.4476749049815,-5.69321205868263));
#8642=CARTESIAN_POINT('Ctrl Pts',(-9.43266738627404,-24.1476749049815,-5.78843344135232));
#8643=CARTESIAN_POINT('Ctrl Pts',(-9.43266738627404,-24.4476749049815,-5.78843344135232));
#8644=CARTESIAN_POINT('Ctrl Pts',(-9.42794337868686,-24.1476749049815,-5.8403255045414));
#8645=CARTESIAN_POINT('Ctrl Pts',(-9.42794337868686,-24.4476749049815,-5.8403255045414));
#8646=CARTESIAN_POINT('',(-9.44418147206302,-24.4476749049815,-5.55412784218789));
#8647=CARTESIAN_POINT('Ctrl Pts',(-9.44418147206302,-24.4476749049815,-5.55412784218789));
#8648=CARTESIAN_POINT('Ctrl Pts',(-9.44329156576993,-24.4476749049815,-5.59762400898951));
#8649=CARTESIAN_POINT('Ctrl Pts',(-9.44133588982832,-24.4476749049815,-5.69321205868263));
#8650=CARTESIAN_POINT('Ctrl Pts',(-9.43266738627404,-24.4476749049815,-5.78843344135232));
#8651=CARTESIAN_POINT('Ctrl Pts',(-9.42794337868686,-24.4476749049815,-5.8403255045414));
#8652=CARTESIAN_POINT('',(-9.44418147206302,-24.4476749049815,-5.55412784218789));
#8653=CARTESIAN_POINT('Ctrl Pts',(-9.39546719193454,-24.1476749049815,-4.86603572964669));
#8654=CARTESIAN_POINT('Ctrl Pts',(-9.39546719193454,-24.4476749049815,-4.86603572964669));
#8655=CARTESIAN_POINT('Ctrl Pts',(-9.40953730486276,-24.1476749049815,-4.99970527668982));
#8656=CARTESIAN_POINT('Ctrl Pts',(-9.40953730486276,-24.4476749049815,-4.99970527668982));
#8657=CARTESIAN_POINT('Ctrl Pts',(-9.4336251386422,-24.1476749049815,-5.22854564541843));
#8658=CARTESIAN_POINT('Ctrl Pts',(-9.4336251386422,-24.4476749049815,-5.22854564541843));
#8659=CARTESIAN_POINT('Ctrl Pts',(-9.44108079234773,-24.1476749049815,-5.45849557358286));
#8660=CARTESIAN_POINT('Ctrl Pts',(-9.44108079234773,-24.4476749049815,-5.45849557358286));
#8661=CARTESIAN_POINT('Ctrl Pts',(-9.44418147206302,-24.1476749049815,-5.55412784218789));
#8662=CARTESIAN_POINT('Ctrl Pts',(-9.44418147206302,-24.4476749049815,-5.55412784218789));
#8663=CARTESIAN_POINT('',(-9.39546719193454,-24.4476749049815,-4.86603572964669));
#8664=CARTESIAN_POINT('Ctrl Pts',(-9.39546719193454,-24.4476749049815,-4.86603572964669));
#8665=CARTESIAN_POINT('Ctrl Pts',(-9.40953730486276,-24.4476749049815,-4.99970527668982));
#8666=CARTESIAN_POINT('Ctrl Pts',(-9.4336251386422,-24.4476749049815,-5.22854564541843));
#8667=CARTESIAN_POINT('Ctrl Pts',(-9.44108079234773,-24.4476749049815,-5.45849557358286));
#8668=CARTESIAN_POINT('Ctrl Pts',(-9.44418147206302,-24.4476749049815,-5.55412784218789));
#8669=CARTESIAN_POINT('',(-9.39546719193454,-24.4476749049815,-4.86603572964669));
#8670=CARTESIAN_POINT('Ctrl Pts',(-9.34675261378284,-24.1476749049815,-4.17591407895089));
#8671=CARTESIAN_POINT('Ctrl Pts',(-9.34675261378284,-24.4476749049815,-4.17591407895089));
#8672=CARTESIAN_POINT('Ctrl Pts',(-9.34984371428266,-24.1476749049815,-4.27205425682275));
#8673=CARTESIAN_POINT('Ctrl Pts',(-9.34984371428266,-24.4476749049815,-4.27205425682275));
#8674=CARTESIAN_POINT('Ctrl Pts',(-9.35725885827908,-24.1476749049815,-4.50268191283224));
#8675=CARTESIAN_POINT('Ctrl Pts',(-9.35725885827908,-24.4476749049815,-4.50268191283224));
#8676=CARTESIAN_POINT('Ctrl Pts',(-9.38139343284711,-24.1476749049815,-4.73219701981285));
#8677=CARTESIAN_POINT('Ctrl Pts',(-9.38139343284711,-24.4476749049815,-4.73219701981285));
#8678=CARTESIAN_POINT('Ctrl Pts',(-9.39546719193454,-24.1476749049815,-4.86603572964669));
#8679=CARTESIAN_POINT('Ctrl Pts',(-9.39546719193454,-24.4476749049815,-4.86603572964669));
#8680=CARTESIAN_POINT('',(-9.34675261378284,-24.4476749049815,-4.17591407895089));
#8681=CARTESIAN_POINT('Ctrl Pts',(-9.34675261378284,-24.4476749049815,-4.17591407895089));
#8682=CARTESIAN_POINT('Ctrl Pts',(-9.34984371428266,-24.4476749049815,-4.27205425682275));
#8683=CARTESIAN_POINT('Ctrl Pts',(-9.35725885827908,-24.4476749049815,-4.50268191283224));
#8684=CARTESIAN_POINT('Ctrl Pts',(-9.38139343284711,-24.4476749049815,-4.73219701981285));
#8685=CARTESIAN_POINT('Ctrl Pts',(-9.39546719193454,-24.4476749049815,-4.86603572964669));
#8686=CARTESIAN_POINT('',(-9.34675261378284,-24.4476749049815,-4.17591407895089));
#8687=CARTESIAN_POINT('Ctrl Pts',(-9.35385659337039,-24.1476749049815,-3.97293701767922));
#8688=CARTESIAN_POINT('Ctrl Pts',(-9.35385659337039,-24.4476749049815,-3.97293701767922));
#8689=CARTESIAN_POINT('Ctrl Pts',(-9.3518052712751,-24.1476749049815,-4.01250840469569));
#8690=CARTESIAN_POINT('Ctrl Pts',(-9.3518052712751,-24.4476749049815,-4.01250840469569));
#8691=CARTESIAN_POINT('Ctrl Pts',(-9.34829987195686,-24.1476749049815,-4.08012992224633));
#8692=CARTESIAN_POINT('Ctrl Pts',(-9.34829987195686,-24.4476749049815,-4.08012992224633));
#8693=CARTESIAN_POINT('Ctrl Pts',(-9.34720625699502,-24.1476749049815,-4.1478309618263));
#8694=CARTESIAN_POINT('Ctrl Pts',(-9.34720625699502,-24.4476749049815,-4.1478309618263));
#8695=CARTESIAN_POINT('Ctrl Pts',(-9.34675261378284,-24.1476749049815,-4.17591407895089));
#8696=CARTESIAN_POINT('Ctrl Pts',(-9.34675261378284,-24.4476749049815,-4.17591407895089));
#8697=CARTESIAN_POINT('',(-9.35385659337039,-24.4476749049815,-3.97293701767922));
#8698=CARTESIAN_POINT('Ctrl Pts',(-9.35385659337039,-24.4476749049815,-3.97293701767922));
#8699=CARTESIAN_POINT('Ctrl Pts',(-9.3518052712751,-24.4476749049815,-4.01250840469569));
#8700=CARTESIAN_POINT('Ctrl Pts',(-9.34829987195686,-24.4476749049815,-4.08012992224633));
#8701=CARTESIAN_POINT('Ctrl Pts',(-9.34720625699502,-24.4476749049815,-4.1478309618263));
#8702=CARTESIAN_POINT('Ctrl Pts',(-9.34675261378284,-24.4476749049815,-4.17591407895089));
#8703=CARTESIAN_POINT('',(-9.35385659337039,-24.4476749049815,-3.97293701767922));
#8704=CARTESIAN_POINT('Ctrl Pts',(-9.36096087098117,-24.1476749049815,-3.76996025443078));
#8705=CARTESIAN_POINT('Ctrl Pts',(-9.36096087098117,-24.4476749049815,-3.76996025443078));
#8706=CARTESIAN_POINT('Ctrl Pts',(-9.36050724112585,-24.1476749049815,-3.79804327283331));
#8707=CARTESIAN_POINT('Ctrl Pts',(-9.36050724112585,-24.4476749049815,-3.79804327283331));
#8708=CARTESIAN_POINT('Ctrl Pts',(-9.3594136560288,-24.1476749049815,-3.86574421897791));
#8709=CARTESIAN_POINT('Ctrl Pts',(-9.3594136560288,-24.4476749049815,-3.86574421897791));
#8710=CARTESIAN_POINT('Ctrl Pts',(-9.35590804339857,-24.1476749049815,-3.93336563196096));
#8711=CARTESIAN_POINT('Ctrl Pts',(-9.35590804339857,-24.4476749049815,-3.93336563196096));
#8712=CARTESIAN_POINT('Ctrl Pts',(-9.35385659337039,-24.1476749049815,-3.97293701767922));
#8713=CARTESIAN_POINT('Ctrl Pts',(-9.35385659337039,-24.4476749049815,-3.97293701767922));
#8714=CARTESIAN_POINT('',(-9.36096087098117,-24.4476749049815,-3.76996025443078));
#8715=CARTESIAN_POINT('Ctrl Pts',(-9.36096087098117,-24.4476749049815,-3.76996025443078));
#8716=CARTESIAN_POINT('Ctrl Pts',(-9.36050724112585,-24.4476749049815,-3.79804327283331));
#8717=CARTESIAN_POINT('Ctrl Pts',(-9.3594136560288,-24.4476749049815,-3.86574421897791));
#8718=CARTESIAN_POINT('Ctrl Pts',(-9.35590804339857,-24.4476749049815,-3.93336563196096));
#8719=CARTESIAN_POINT('Ctrl Pts',(-9.35385659337039,-24.4476749049815,-3.97293701767922));
#8720=CARTESIAN_POINT('',(-9.36096087098117,-24.4476749049815,-3.76996025443078));
#8721=CARTESIAN_POINT('Ctrl Pts',(-9.34878244996067,-24.1476749049815,-3.63092079758645));
#8722=CARTESIAN_POINT('Ctrl Pts',(-9.34878244996067,-24.4476749049815,-3.63092079758645));
#8723=CARTESIAN_POINT('Ctrl Pts',(-9.3523006709748,-24.1476749049815,-3.65786074925458));
#8724=CARTESIAN_POINT('Ctrl Pts',(-9.3523006709748,-24.4476749049815,-3.65786074925458));
#8725=CARTESIAN_POINT('Ctrl Pts',(-9.35833202853788,-24.1476749049815,-3.70404445419808));
#8726=CARTESIAN_POINT('Ctrl Pts',(-9.35833202853788,-24.4476749049815,-3.70404445419808));
#8727=CARTESIAN_POINT('Ctrl Pts',(-9.36018766663004,-24.1476749049815,-3.75057286829111));
#8728=CARTESIAN_POINT('Ctrl Pts',(-9.36018766663004,-24.4476749049815,-3.75057286829111));
#8729=CARTESIAN_POINT('Ctrl Pts',(-9.36096087098117,-24.1476749049815,-3.76996025443078));
#8730=CARTESIAN_POINT('Ctrl Pts',(-9.36096087098117,-24.4476749049815,-3.76996025443078));
#8731=CARTESIAN_POINT('',(-9.34878244996067,-24.4476749049815,-3.63092079758645));
#8732=CARTESIAN_POINT('Ctrl Pts',(-9.34878244996067,-24.4476749049815,-3.63092079758645));
#8733=CARTESIAN_POINT('Ctrl Pts',(-9.3523006709748,-24.4476749049815,-3.65786074925458));
#8734=CARTESIAN_POINT('Ctrl Pts',(-9.35833202853788,-24.4476749049815,-3.70404445419808));
#8735=CARTESIAN_POINT('Ctrl Pts',(-9.36018766663004,-24.4476749049815,-3.75057286829111));
#8736=CARTESIAN_POINT('Ctrl Pts',(-9.36096087098117,-24.4476749049815,-3.76996025443078));
#8737=CARTESIAN_POINT('',(-9.34878244996067,-24.4476749049815,-3.63092079758645));
#8738=CARTESIAN_POINT('Ctrl Pts',(-9.33660373091693,-24.1476749049815,-3.49188163876534));
#8739=CARTESIAN_POINT('Ctrl Pts',(-9.33660373091693,-24.4476749049815,-3.49188163876534));
#8740=CARTESIAN_POINT('Ctrl Pts',(-9.33737705818528,-24.1476749049815,-3.51126892427255));
#8741=CARTESIAN_POINT('Ctrl Pts',(-9.33737705818528,-24.4476749049815,-3.51126892427255));
#8742=CARTESIAN_POINT('Ctrl Pts',(-9.33923299651804,-24.1476749049815,-3.55779722841192));
#8743=CARTESIAN_POINT('Ctrl Pts',(-9.33923299651804,-24.4476749049815,-3.55779722841192));
#8744=CARTESIAN_POINT('Ctrl Pts',(-9.34526427056031,-24.1476749049815,-3.60398084376644));
#8745=CARTESIAN_POINT('Ctrl Pts',(-9.34526427056031,-24.4476749049815,-3.60398084376644));
#8746=CARTESIAN_POINT('Ctrl Pts',(-9.34878244996067,-24.1476749049815,-3.63092079758645));
#8747=CARTESIAN_POINT('Ctrl Pts',(-9.34878244996067,-24.4476749049815,-3.63092079758645));
#8748=CARTESIAN_POINT('',(-9.33660373091693,-24.4476749049815,-3.49188163876534));
#8749=CARTESIAN_POINT('Ctrl Pts',(-9.33660373091693,-24.4476749049815,-3.49188163876534));
#8750=CARTESIAN_POINT('Ctrl Pts',(-9.33737705818528,-24.4476749049815,-3.51126892427255));
#8751=CARTESIAN_POINT('Ctrl Pts',(-9.33923299651804,-24.4476749049815,-3.55779722841192));
#8752=CARTESIAN_POINT('Ctrl Pts',(-9.34526427056031,-24.4476749049815,-3.60398084376644));
#8753=CARTESIAN_POINT('Ctrl Pts',(-9.34878244996067,-24.4476749049815,-3.63092079758645));
#8754=CARTESIAN_POINT('',(-9.33660373091693,-24.4476749049815,-3.49188163876534));
#8755=CARTESIAN_POINT('Ctrl Pts',(-9.47259828448291,-24.1476749049815,-3.33558931946755));
#8756=CARTESIAN_POINT('Ctrl Pts',(-9.47259828448291,-24.4476749049815,-3.33558931946755));
#8757=CARTESIAN_POINT('Ctrl Pts',(-9.43296615776179,-24.1476749049815,-3.34343231231938));
#8758=CARTESIAN_POINT('Ctrl Pts',(-9.43296615776179,-24.4476749049815,-3.34343231231938));
#8759=CARTESIAN_POINT('Ctrl Pts',(-9.34904801180665,-24.1476749049815,-3.36003927927567));
#8760=CARTESIAN_POINT('Ctrl Pts',(-9.34904801180665,-24.4476749049815,-3.36003927927567));
#8761=CARTESIAN_POINT('Ctrl Pts',(-9.34090240297663,-24.1476749049815,-3.44633886517758));
#8762=CARTESIAN_POINT('Ctrl Pts',(-9.34090240297663,-24.4476749049815,-3.44633886517758));
#8763=CARTESIAN_POINT('Ctrl Pts',(-9.33660373091693,-24.1476749049815,-3.49188163876534));
#8764=CARTESIAN_POINT('Ctrl Pts',(-9.33660373091693,-24.4476749049815,-3.49188163876534));
#8765=CARTESIAN_POINT('',(-9.47259828448291,-24.4476749049815,-3.33558931946755));
#8766=CARTESIAN_POINT('Ctrl Pts',(-9.47259828448291,-24.4476749049815,-3.33558931946755));
#8767=CARTESIAN_POINT('Ctrl Pts',(-9.43296615776179,-24.4476749049815,-3.34343231231938));
#8768=CARTESIAN_POINT('Ctrl Pts',(-9.34904801180665,-24.4476749049815,-3.36003927927567));
#8769=CARTESIAN_POINT('Ctrl Pts',(-9.34090240297663,-24.4476749049815,-3.44633886517758));
#8770=CARTESIAN_POINT('Ctrl Pts',(-9.33660373091693,-24.4476749049815,-3.49188163876534));
#8771=CARTESIAN_POINT('',(-9.47259828448291,-24.4476749049815,-3.33558931946755));
#8772=CARTESIAN_POINT('Ctrl Pts',(-9.81359973549839,-24.1476749049815,-3.5162390768528));
#8773=CARTESIAN_POINT('Ctrl Pts',(-9.81359973549839,-24.4476749049815,-3.5162390768528));
#8774=CARTESIAN_POINT('Ctrl Pts',(-9.7590355646991,-24.1476749049815,-3.46381063278861));
#8775=CARTESIAN_POINT('Ctrl Pts',(-9.7590355646991,-24.4476749049815,-3.46381063278861));
#8776=CARTESIAN_POINT('Ctrl Pts',(-9.66188605641965,-24.1476749049815,-3.37046370776285));
#8777=CARTESIAN_POINT('Ctrl Pts',(-9.66188605641965,-24.4476749049815,-3.37046370776285));
#8778=CARTESIAN_POINT('Ctrl Pts',(-9.53028528163079,-24.1476749049815,-3.34621757462392));
#8779=CARTESIAN_POINT('Ctrl Pts',(-9.53028528163079,-24.4476749049815,-3.34621757462392));
#8780=CARTESIAN_POINT('Ctrl Pts',(-9.47259828448291,-24.1476749049815,-3.33558931946755));
#8781=CARTESIAN_POINT('Ctrl Pts',(-9.47259828448291,-24.4476749049815,-3.33558931946755));
#8782=CARTESIAN_POINT('',(-9.81359973549839,-24.4476749049815,-3.5162390768528));
#8783=CARTESIAN_POINT('Ctrl Pts',(-9.81359973549839,-24.4476749049815,-3.5162390768528));
#8784=CARTESIAN_POINT('Ctrl Pts',(-9.7590355646991,-24.4476749049815,-3.46381063278861));
#8785=CARTESIAN_POINT('Ctrl Pts',(-9.66188605641965,-24.4476749049815,-3.37046370776285));
#8786=CARTESIAN_POINT('Ctrl Pts',(-9.53028528163079,-24.4476749049815,-3.34621757462392));
#8787=CARTESIAN_POINT('Ctrl Pts',(-9.47259828448291,-24.4476749049815,-3.33558931946755));
#8788=CARTESIAN_POINT('',(-9.81359973549839,-24.4476749049815,-3.5162390768528));
#8789=CARTESIAN_POINT('Ctrl Pts',(-10.1241545379161,-24.1476749049815,-3.7638707458973));
#8790=CARTESIAN_POINT('Ctrl Pts',(-10.1241545379161,-24.4476749049815,-3.7638707458973));
#8791=CARTESIAN_POINT('Ctrl Pts',(-10.0797082215676,-24.1476749049815,-3.73075698771429));
#8792=CARTESIAN_POINT('Ctrl Pts',(-10.0797082215676,-24.4476749049815,-3.73075698771429));
#8793=CARTESIAN_POINT('Ctrl Pts',(-9.97349065624515,-24.1476749049815,-3.65162190832331));
#8794=CARTESIAN_POINT('Ctrl Pts',(-9.97349065624515,-24.4476749049815,-3.65162190832331));
#8795=CARTESIAN_POINT('Ctrl Pts',(-9.87239330407906,-24.1476749049815,-3.56602076395256));
#8796=CARTESIAN_POINT('Ctrl Pts',(-9.87239330407906,-24.4476749049815,-3.56602076395256));
#8797=CARTESIAN_POINT('Ctrl Pts',(-9.81359973549839,-24.1476749049815,-3.5162390768528));
#8798=CARTESIAN_POINT('Ctrl Pts',(-9.81359973549839,-24.4476749049815,-3.5162390768528));
#8799=CARTESIAN_POINT('',(-10.1241545379161,-24.4476749049815,-3.7638707458973));
#8800=CARTESIAN_POINT('Ctrl Pts',(-10.1241545379161,-24.4476749049815,-3.7638707458973));
#8801=CARTESIAN_POINT('Ctrl Pts',(-10.0797082215676,-24.4476749049815,-3.73075698771429));
#8802=CARTESIAN_POINT('Ctrl Pts',(-9.97349065624515,-24.4476749049815,-3.65162190832331));
#8803=CARTESIAN_POINT('Ctrl Pts',(-9.87239330407906,-24.4476749049815,-3.56602076395256));
#8804=CARTESIAN_POINT('Ctrl Pts',(-9.81359973549839,-24.4476749049815,-3.5162390768528));
#8805=CARTESIAN_POINT('',(-10.1241545379161,-24.4476749049815,-3.7638707458973));
#8806=CARTESIAN_POINT('Ctrl Pts',(-10.2987147867679,-24.1476749049815,-3.99526461958886));
#8807=CARTESIAN_POINT('Ctrl Pts',(-10.2987147867679,-24.4476749049815,-3.99526461958886));
#8808=CARTESIAN_POINT('Ctrl Pts',(-10.2866585554151,-24.1476749049815,-3.95838314076045));
#8809=CARTESIAN_POINT('Ctrl Pts',(-10.2866585554151,-24.4476749049815,-3.95838314076045));
#8810=CARTESIAN_POINT('Ctrl Pts',(-10.2554333708775,-24.1476749049815,-3.86286150147406));
#8811=CARTESIAN_POINT('Ctrl Pts',(-10.2554333708775,-24.4476749049815,-3.86286150147406));
#8812=CARTESIAN_POINT('Ctrl Pts',(-10.1740904613573,-24.1476749049815,-3.80152491055095));
#8813=CARTESIAN_POINT('Ctrl Pts',(-10.1740904613573,-24.4476749049815,-3.80152491055095));
#8814=CARTESIAN_POINT('Ctrl Pts',(-10.1241545379161,-24.1476749049815,-3.7638707458973));
#8815=CARTESIAN_POINT('Ctrl Pts',(-10.1241545379161,-24.4476749049815,-3.7638707458973));
#8816=CARTESIAN_POINT('',(-10.2987147867679,-24.4476749049815,-3.99526461958886));
#8817=CARTESIAN_POINT('Ctrl Pts',(-10.2987147867679,-24.4476749049815,-3.99526461958886));
#8818=CARTESIAN_POINT('Ctrl Pts',(-10.2866585554151,-24.4476749049815,-3.95838314076045));
#8819=CARTESIAN_POINT('Ctrl Pts',(-10.2554333708775,-24.4476749049815,-3.86286150147406));
#8820=CARTESIAN_POINT('Ctrl Pts',(-10.1740904613573,-24.4476749049815,-3.80152491055095));
#8821=CARTESIAN_POINT('Ctrl Pts',(-10.1241545379161,-24.4476749049815,-3.7638707458973));
#8822=CARTESIAN_POINT('',(-10.2987147867679,-24.4476749049815,-3.99526461958886));
#8823=CARTESIAN_POINT('Ctrl Pts',(-10.238836556673,-24.1476749049815,-4.13531854748726));
#8824=CARTESIAN_POINT('Ctrl Pts',(-10.238836556673,-24.4476749049815,-4.13531854748726));
#8825=CARTESIAN_POINT('Ctrl Pts',(-10.2562986643841,-24.1476749049815,-4.11455147967688));
#8826=CARTESIAN_POINT('Ctrl Pts',(-10.2562986643841,-24.4476749049815,-4.11455147967688));
#8827=CARTESIAN_POINT('Ctrl Pts',(-10.2904964376404,-24.1476749049815,-4.07388127606063));
#8828=CARTESIAN_POINT('Ctrl Pts',(-10.2904964376404,-24.4476749049815,-4.07388127606063));
#8829=CARTESIAN_POINT('Ctrl Pts',(-10.2960144086751,-24.1476749049815,-4.02109641300306));
#8830=CARTESIAN_POINT('Ctrl Pts',(-10.2960144086751,-24.4476749049815,-4.02109641300306));
#8831=CARTESIAN_POINT('Ctrl Pts',(-10.2987147867679,-24.1476749049815,-3.99526461958886));
#8832=CARTESIAN_POINT('Ctrl Pts',(-10.2987147867679,-24.4476749049815,-3.99526461958886));
#8833=CARTESIAN_POINT('',(-10.238836556673,-24.4476749049815,-4.13531854748726));
#8834=CARTESIAN_POINT('Ctrl Pts',(-10.238836556673,-24.4476749049815,-4.13531854748726));
#8835=CARTESIAN_POINT('Ctrl Pts',(-10.2562986643841,-24.4476749049815,-4.11455147967688));
#8836=CARTESIAN_POINT('Ctrl Pts',(-10.2904964376404,-24.4476749049815,-4.07388127606063));
#8837=CARTESIAN_POINT('Ctrl Pts',(-10.2960144086751,-24.4476749049815,-4.02109641300306));
#8838=CARTESIAN_POINT('Ctrl Pts',(-10.2987147867679,-24.4476749049815,-3.99526461958886));
#8839=CARTESIAN_POINT('',(-10.238836556673,-24.4476749049815,-4.13531854748726));
#8840=CARTESIAN_POINT('Ctrl Pts',(-10.0977675616741,-24.1476749049815,-4.1962118446827));
#8841=CARTESIAN_POINT('Ctrl Pts',(-10.0977675616741,-24.4476749049815,-4.1962118446827));
#8842=CARTESIAN_POINT('Ctrl Pts',(-10.1240808448097,-24.1476749049815,-4.19353323587369));
#8843=CARTESIAN_POINT('Ctrl Pts',(-10.1240808448097,-24.4476749049815,-4.19353323587369));
#8844=CARTESIAN_POINT('Ctrl Pts',(-10.1774671467657,-24.1476749049815,-4.18809867957137));
#8845=CARTESIAN_POINT('Ctrl Pts',(-10.1774671467657,-24.4476749049815,-4.18809867957137));
#8846=CARTESIAN_POINT('Ctrl Pts',(-10.2181869268553,-24.1476749049815,-4.15307804999694));
#8847=CARTESIAN_POINT('Ctrl Pts',(-10.2181869268553,-24.4476749049815,-4.15307804999694));
#8848=CARTESIAN_POINT('Ctrl Pts',(-10.238836556673,-24.1476749049815,-4.13531854748726));
#8849=CARTESIAN_POINT('Ctrl Pts',(-10.238836556673,-24.4476749049815,-4.13531854748726));
#8850=CARTESIAN_POINT('',(-10.0977675616741,-24.4476749049815,-4.1962118446827));
#8851=CARTESIAN_POINT('Ctrl Pts',(-10.0977675616741,-24.4476749049815,-4.1962118446827));
#8852=CARTESIAN_POINT('Ctrl Pts',(-10.1240808448097,-24.4476749049815,-4.19353323587369));
#8853=CARTESIAN_POINT('Ctrl Pts',(-10.1774671467657,-24.4476749049815,-4.18809867957137));
#8854=CARTESIAN_POINT('Ctrl Pts',(-10.2181869268553,-24.4476749049815,-4.15307804999694));
#8855=CARTESIAN_POINT('Ctrl Pts',(-10.238836556673,-24.4476749049815,-4.13531854748726));
#8856=CARTESIAN_POINT('',(-10.0977675616741,-24.4476749049815,-4.1962118446827));
#8857=CARTESIAN_POINT('Ctrl Pts',(-9.75067690014835,-24.1476749049815,-3.98511573672295));
#8858=CARTESIAN_POINT('Ctrl Pts',(-9.75067690014835,-24.4476749049815,-3.98511573672295));
#8859=CARTESIAN_POINT('Ctrl Pts',(-9.82171994720795,-24.1476749049815,-4.04363799123946));
#8860=CARTESIAN_POINT('Ctrl Pts',(-9.82171994720795,-24.4476749049815,-4.04363799123946));
#8861=CARTESIAN_POINT('Ctrl Pts',(-9.9278717878626,-24.1476749049815,-4.13108138356714));
#8862=CARTESIAN_POINT('Ctrl Pts',(-9.9278717878626,-24.4476749049815,-4.13108138356714));
#8863=CARTESIAN_POINT('Ctrl Pts',(-10.055541815718,-24.1476749049815,-4.18002437725271));
#8864=CARTESIAN_POINT('Ctrl Pts',(-10.055541815718,-24.4476749049815,-4.18002437725271));
#8865=CARTESIAN_POINT('Ctrl Pts',(-10.0977675616741,-24.1476749049815,-4.1962118446827));
#8866=CARTESIAN_POINT('Ctrl Pts',(-10.0977675616741,-24.4476749049815,-4.1962118446827));
#8867=CARTESIAN_POINT('',(-9.75067690014835,-24.4476749049815,-3.98511573672295));
#8868=CARTESIAN_POINT('Ctrl Pts',(-9.75067690014835,-24.4476749049815,-3.98511573672295));
#8869=CARTESIAN_POINT('Ctrl Pts',(-9.82171994720795,-24.4476749049815,-4.04363799123946));
#8870=CARTESIAN_POINT('Ctrl Pts',(-9.9278717878626,-24.4476749049815,-4.13108138356714));
#8871=CARTESIAN_POINT('Ctrl Pts',(-10.055541815718,-24.4476749049815,-4.18002437725271));
#8872=CARTESIAN_POINT('Ctrl Pts',(-10.0977675616741,-24.4476749049815,-4.1962118446827));
#8873=CARTESIAN_POINT('',(-9.75067690014835,-24.4476749049815,-3.98511573672295));
#8874=CARTESIAN_POINT('Ctrl Pts',(-9.79330196976657,-24.1476749049815,-4.77063670754433));
#8875=CARTESIAN_POINT('Ctrl Pts',(-9.79330196976657,-24.4476749049815,-4.77063670754433));
#8876=CARTESIAN_POINT('Ctrl Pts',(-9.78040599697631,-24.1476749049815,-4.61900798837889));
#8877=CARTESIAN_POINT('Ctrl Pts',(-9.78040599697631,-24.4476749049815,-4.61900798837889));
#8878=CARTESIAN_POINT('Ctrl Pts',(-9.7581712423014,-24.1476749049815,-4.35757541348528));
#8879=CARTESIAN_POINT('Ctrl Pts',(-9.7581712423014,-24.4476749049815,-4.35757541348528));
#8880=CARTESIAN_POINT('Ctrl Pts',(-9.7528935674705,-24.1476749049815,-4.09528140269294));
#8881=CARTESIAN_POINT('Ctrl Pts',(-9.7528935674705,-24.4476749049815,-4.09528140269294));
#8882=CARTESIAN_POINT('Ctrl Pts',(-9.75067690014835,-24.1476749049815,-3.98511573672295));
#8883=CARTESIAN_POINT('Ctrl Pts',(-9.75067690014835,-24.4476749049815,-3.98511573672295));
#8884=CARTESIAN_POINT('',(-9.79330196976657,-24.4476749049815,-4.77063670754433));
#8885=CARTESIAN_POINT('Ctrl Pts',(-9.79330196976657,-24.4476749049815,-4.77063670754433));
#8886=CARTESIAN_POINT('Ctrl Pts',(-9.78040599697631,-24.4476749049815,-4.61900798837889));
#8887=CARTESIAN_POINT('Ctrl Pts',(-9.7581712423014,-24.4476749049815,-4.35757541348528));
#8888=CARTESIAN_POINT('Ctrl Pts',(-9.7528935674705,-24.4476749049815,-4.09528140269294));
#8889=CARTESIAN_POINT('Ctrl Pts',(-9.75067690014835,-24.4476749049815,-3.98511573672295));
#8890=CARTESIAN_POINT('',(-9.79330196976657,-24.4476749049815,-4.77063670754433));
#8891=CARTESIAN_POINT('Ctrl Pts',(-9.83998671174045,-24.1476749049815,-5.55412784218789));
#8892=CARTESIAN_POINT('Ctrl Pts',(-9.83998671174045,-24.4476749049815,-5.55412784218789));
#8893=CARTESIAN_POINT('Ctrl Pts',(-9.83699745265694,-24.1476749049815,-5.44582292651033));
#8894=CARTESIAN_POINT('Ctrl Pts',(-9.83699745265694,-24.4476749049815,-5.44582292651033));
#8895=CARTESIAN_POINT('Ctrl Pts',(-9.82977631311338,-24.1476749049815,-5.18419123534121));
#8896=CARTESIAN_POINT('Ctrl Pts',(-9.82977631311338,-24.4476749049815,-5.18419123534121));
#8897=CARTESIAN_POINT('Ctrl Pts',(-9.80677920641279,-24.1476749049815,-4.92344472890442));
#8898=CARTESIAN_POINT('Ctrl Pts',(-9.80677920641279,-24.4476749049815,-4.92344472890442));
#8899=CARTESIAN_POINT('Ctrl Pts',(-9.79330196976657,-24.1476749049815,-4.77063670754433));
#8900=CARTESIAN_POINT('Ctrl Pts',(-9.79330196976657,-24.4476749049815,-4.77063670754433));
#8901=CARTESIAN_POINT('',(-9.83998671174045,-24.4476749049815,-5.55412784218789));
#8902=CARTESIAN_POINT('Ctrl Pts',(-9.83998671174045,-24.4476749049815,-5.55412784218789));
#8903=CARTESIAN_POINT('Ctrl Pts',(-9.83699745265694,-24.4476749049815,-5.44582292651033));
#8904=CARTESIAN_POINT('Ctrl Pts',(-9.82977631311338,-24.4476749049815,-5.18419123534121));
#8905=CARTESIAN_POINT('Ctrl Pts',(-9.80677920641279,-24.4476749049815,-4.92344472890442));
#8906=CARTESIAN_POINT('Ctrl Pts',(-9.79330196976657,-24.4476749049815,-4.77063670754433));
#8907=CARTESIAN_POINT('',(-9.83998671174045,-24.4476749049815,-5.55412784218789));
#8908=CARTESIAN_POINT('Ctrl Pts',(-9.82273355126377,-24.1476749049815,-5.8403255045414));
#8909=CARTESIAN_POINT('Ctrl Pts',(-9.82273355126377,-24.4476749049815,-5.8403255045414));
#8910=CARTESIAN_POINT('Ctrl Pts',(-9.8277169065336,-24.1476749049815,-5.78471410100984));
#8911=CARTESIAN_POINT('Ctrl Pts',(-9.8277169065336,-24.4476749049815,-5.78471410100984));
#8912=CARTESIAN_POINT('Ctrl Pts',(-9.83625148891334,-24.1476749049815,-5.68947302767796));
#8913=CARTESIAN_POINT('Ctrl Pts',(-9.83625148891334,-24.4476749049815,-5.68947302767796));
#8914=CARTESIAN_POINT('Ctrl Pts',(-9.83888917461838,-24.1476749049815,-5.59389691949457));
#8915=CARTESIAN_POINT('Ctrl Pts',(-9.83888917461838,-24.4476749049815,-5.59389691949457));
#8916=CARTESIAN_POINT('Ctrl Pts',(-9.83998671174045,-24.1476749049815,-5.55412784218789));
#8917=CARTESIAN_POINT('Ctrl Pts',(-9.83998671174045,-24.4476749049815,-5.55412784218789));
#8918=CARTESIAN_POINT('',(-9.82273355126377,-24.4476749049815,-5.8403255045414));
#8919=CARTESIAN_POINT('Ctrl Pts',(-9.82273355126377,-24.4476749049815,-5.8403255045414));
#8920=CARTESIAN_POINT('Ctrl Pts',(-9.8277169065336,-24.4476749049815,-5.78471410100984));
#8921=CARTESIAN_POINT('Ctrl Pts',(-9.83625148891334,-24.4476749049815,-5.68947302767796));
#8922=CARTESIAN_POINT('Ctrl Pts',(-9.83888917461838,-24.4476749049815,-5.59389691949457));
#8923=CARTESIAN_POINT('Ctrl Pts',(-9.83998671174045,-24.4476749049815,-5.55412784218789));
#8924=CARTESIAN_POINT('',(-9.82273355126377,-24.4476749049815,-5.8403255045414));
#8925=CARTESIAN_POINT('Ctrl Pts',(-9.80548068881031,-24.1476749049815,-6.12855270504952));
#8926=CARTESIAN_POINT('Ctrl Pts',(-9.80548068881031,-24.4476749049815,-6.12855270504952));
#8927=CARTESIAN_POINT('Ctrl Pts',(-9.8065699484722,-24.1476749049815,-6.08827584972002));
#8928=CARTESIAN_POINT('Ctrl Pts',(-9.8065699484722,-24.4476749049815,-6.08827584972002));
#8929=CARTESIAN_POINT('Ctrl Pts',(-9.80917305741233,-24.1476749049815,-5.99202236135915));
#8930=CARTESIAN_POINT('Ctrl Pts',(-9.80917305741233,-24.4476749049815,-5.99202236135915));
#8931=CARTESIAN_POINT('Ctrl Pts',(-9.81774721359876,-24.1476749049815,-5.89610605052297));
#8932=CARTESIAN_POINT('Ctrl Pts',(-9.81774721359876,-24.4476749049815,-5.89610605052297));
#8933=CARTESIAN_POINT('Ctrl Pts',(-9.82273355126377,-24.1476749049815,-5.8403255045414));
#8934=CARTESIAN_POINT('Ctrl Pts',(-9.82273355126377,-24.4476749049815,-5.8403255045414));
#8935=CARTESIAN_POINT('',(-9.80548068881031,-24.4476749049815,-6.12855270504952));
#8936=CARTESIAN_POINT('Ctrl Pts',(-9.80548068881031,-24.4476749049815,-6.12855270504952));
#8937=CARTESIAN_POINT('Ctrl Pts',(-9.8065699484722,-24.4476749049815,-6.08827584972002));
#8938=CARTESIAN_POINT('Ctrl Pts',(-9.80917305741233,-24.4476749049815,-5.99202236135915));
#8939=CARTESIAN_POINT('Ctrl Pts',(-9.81774721359876,-24.4476749049815,-5.89610605052297));
#8940=CARTESIAN_POINT('Ctrl Pts',(-9.82273355126377,-24.4476749049815,-5.8403255045414));
#8941=CARTESIAN_POINT('',(-9.80548068881031,-24.4476749049815,-6.12855270504952));
#8942=CARTESIAN_POINT('Origin',(-9.84709084033962,-24.4476749049815,-6.12652286887169));
#8943=CARTESIAN_POINT('',(-9.88870099186893,-24.4476749049815,-6.12449303269387));
#8944=CARTESIAN_POINT('',(-13.0175119937083,-24.4476749049815,-5.97186264006866));
#8945=CARTESIAN_POINT('',(-9.88870099186893,-24.4476749049815,-6.12449303269387));
#8946=CARTESIAN_POINT('Origin',(-9.93741557002063,-24.4476749049815,-6.12347826361657));
#8947=CARTESIAN_POINT('',(-9.98613014817234,-24.4476749049815,-6.12246349453926));
#8948=CARTESIAN_POINT('',(-12.9820530132363,-24.4476749049815,-6.06005568979592));
#8949=CARTESIAN_POINT('',(-9.98613014817234,-24.4476749049815,-6.12246349453926));
#8950=CARTESIAN_POINT('Ctrl Pts',(-10.3048039972782,-24.1476749049815,-6.32747009396553));
#8951=CARTESIAN_POINT('Ctrl Pts',(-10.3048039972782,-24.4476749049815,-6.32747009396553));
#8952=CARTESIAN_POINT('Ctrl Pts',(-10.2844437156842,-24.1476749049815,-6.26810153133617));
#8953=CARTESIAN_POINT('Ctrl Pts',(-10.2844437156842,-24.4476749049815,-6.26810153133617));
#8954=CARTESIAN_POINT('Ctrl Pts',(-10.2353437637353,-24.1476749049815,-6.12493093917516));
#8955=CARTESIAN_POINT('Ctrl Pts',(-10.2353437637353,-24.4476749049815,-6.12493093917516));
#8956=CARTESIAN_POINT('Ctrl Pts',(-10.0781439188877,-24.1476749049815,-6.12337451573073));
#8957=CARTESIAN_POINT('Ctrl Pts',(-10.0781439188877,-24.4476749049815,-6.12337451573073));
#8958=CARTESIAN_POINT('Ctrl Pts',(-9.98613014817234,-24.1476749049815,-6.12246349453926));
#8959=CARTESIAN_POINT('Ctrl Pts',(-9.98613014817234,-24.4476749049815,-6.12246349453926));
#8960=CARTESIAN_POINT('',(-10.3048039972782,-24.4476749049815,-6.32747009396553));
#8961=CARTESIAN_POINT('Ctrl Pts',(-10.3048039972782,-24.4476749049815,-6.32747009396553));
#8962=CARTESIAN_POINT('Ctrl Pts',(-10.2844437156842,-24.4476749049815,-6.26810153133617));
#8963=CARTESIAN_POINT('Ctrl Pts',(-10.2353437637353,-24.4476749049815,-6.12493093917516));
#8964=CARTESIAN_POINT('Ctrl Pts',(-10.0781439188877,-24.4476749049815,-6.12337451573073));
#8965=CARTESIAN_POINT('Ctrl Pts',(-9.98613014817234,-24.4476749049815,-6.12246349453926));
#8966=CARTESIAN_POINT('',(-10.3048039972782,-24.4476749049815,-6.32747009396553));
#8967=CARTESIAN_POINT('Ctrl Pts',(-10.2012856304645,-24.1476749049815,-6.48173287510872));
#8968=CARTESIAN_POINT('Ctrl Pts',(-10.2012856304645,-24.4476749049815,-6.48173287510872));
#8969=CARTESIAN_POINT('Ctrl Pts',(-10.2314738384318,-24.1476749049815,-6.46573139689844));
#8970=CARTESIAN_POINT('Ctrl Pts',(-10.2314738384318,-24.4476749049815,-6.46573139689844));
#8971=CARTESIAN_POINT('Ctrl Pts',(-10.2932904253591,-24.1476749049815,-6.43296506741563));
#8972=CARTESIAN_POINT('Ctrl Pts',(-10.2932904253591,-24.4476749049815,-6.43296506741563));
#8973=CARTESIAN_POINT('Ctrl Pts',(-10.3009069910309,-24.1476749049815,-6.36317704689739));
#8974=CARTESIAN_POINT('Ctrl Pts',(-10.3009069910309,-24.4476749049815,-6.36317704689739));
#8975=CARTESIAN_POINT('Ctrl Pts',(-10.3048039972782,-24.1476749049815,-6.32747009396553));
#8976=CARTESIAN_POINT('Ctrl Pts',(-10.3048039972782,-24.4476749049815,-6.32747009396553));
#8977=CARTESIAN_POINT('',(-10.2012856304645,-24.4476749049815,-6.48173287510872));
#8978=CARTESIAN_POINT('Ctrl Pts',(-10.2012856304645,-24.4476749049815,-6.48173287510872));
#8979=CARTESIAN_POINT('Ctrl Pts',(-10.2314738384318,-24.4476749049815,-6.46573139689844));
#8980=CARTESIAN_POINT('Ctrl Pts',(-10.2932904253591,-24.4476749049815,-6.43296506741563));
#8981=CARTESIAN_POINT('Ctrl Pts',(-10.3009069910309,-24.4476749049815,-6.36317704689739));
#8982=CARTESIAN_POINT('Ctrl Pts',(-10.3048039972782,-24.4476749049815,-6.32747009396553));
#8983=CARTESIAN_POINT('',(-10.2012856304645,-24.4476749049815,-6.48173287510872));
#8984=CARTESIAN_POINT('Ctrl Pts',(-10.0023682415485,-24.1476749049815,-6.50000050663948));
#8985=CARTESIAN_POINT('Ctrl Pts',(-10.0023682415485,-24.4476749049815,-6.50000050663948));
#8986=CARTESIAN_POINT('Ctrl Pts',(-10.0427994226248,-24.1476749049815,-6.50011863953605));
#8987=CARTESIAN_POINT('Ctrl Pts',(-10.0427994226248,-24.4476749049815,-6.50011863953605));
#8988=CARTESIAN_POINT('Ctrl Pts',(-10.1097718740051,-24.1476749049815,-6.50031432141971));
#8989=CARTESIAN_POINT('Ctrl Pts',(-10.1097718740051,-24.4476749049815,-6.50031432141971));
#8990=CARTESIAN_POINT('Ctrl Pts',(-10.1753119946924,-24.1476749049815,-6.48700670209685));
#8991=CARTESIAN_POINT('Ctrl Pts',(-10.1753119946924,-24.4476749049815,-6.48700670209685));
#8992=CARTESIAN_POINT('Ctrl Pts',(-10.2012856304645,-24.1476749049815,-6.48173287510872));
#8993=CARTESIAN_POINT('Ctrl Pts',(-10.2012856304645,-24.4476749049815,-6.48173287510872));
#8994=CARTESIAN_POINT('',(-10.0023682415485,-24.4476749049815,-6.50000050663948));
#8995=CARTESIAN_POINT('Ctrl Pts',(-10.0023682415485,-24.4476749049815,-6.50000050663948));
#8996=CARTESIAN_POINT('Ctrl Pts',(-10.0427994226248,-24.4476749049815,-6.50011863953605));
#8997=CARTESIAN_POINT('Ctrl Pts',(-10.1097718740051,-24.4476749049815,-6.50031432141971));
#8998=CARTESIAN_POINT('Ctrl Pts',(-10.1753119946924,-24.4476749049815,-6.48700670209685));
#8999=CARTESIAN_POINT('Ctrl Pts',(-10.2012856304645,-24.4476749049815,-6.48173287510872));
#9000=CARTESIAN_POINT('',(-10.0023682415485,-24.4476749049815,-6.50000050663948));
#9001=CARTESIAN_POINT('Origin',(-9.80142101645465,-24.4476749049815,-6.50101527571679));
#9002=CARTESIAN_POINT('',(-9.60047379136081,-24.4476749049815,-6.50203004479409));
#9003=CARTESIAN_POINT('',(-12.8672623209787,-24.4476749049815,-6.48553299697275));
#9004=CARTESIAN_POINT('',(-9.60047379136081,-24.4476749049815,-6.50203004479409));
#9005=CARTESIAN_POINT('Origin',(-9.39851149916645,-24.4476749049815,-6.50203004479409));
#9006=CARTESIAN_POINT('',(-9.19654920697208,-24.4476749049815,-6.50203004479409));
#9007=CARTESIAN_POINT('',(-12.6492557495832,-24.4476749049815,-6.50203004479409));
#9008=CARTESIAN_POINT('',(-9.19654920697208,-24.4476749049815,-6.50203004479409));
#9009=CARTESIAN_POINT('Ctrl Pts',(-9.05548050999637,-24.1476749049815,-6.44722655415535));
#9010=CARTESIAN_POINT('Ctrl Pts',(-9.05548050999637,-24.4476749049815,-6.44722655415535));
#9011=CARTESIAN_POINT('Ctrl Pts',(-9.0756401961185,-24.1476749049815,-6.46320839477844));
#9012=CARTESIAN_POINT('Ctrl Pts',(-9.0756401961185,-24.4476749049815,-6.46320839477844));
#9013=CARTESIAN_POINT('Ctrl Pts',(-9.11695407267606,-24.1476749049815,-6.49596048162467));
#9014=CARTESIAN_POINT('Ctrl Pts',(-9.11695407267606,-24.4476749049815,-6.49596048162467));
#9015=CARTESIAN_POINT('Ctrl Pts',(-9.16959510530569,-24.1476749049815,-6.4999746475115));
#9016=CARTESIAN_POINT('Ctrl Pts',(-9.16959510530569,-24.4476749049815,-6.4999746475115));
#9017=CARTESIAN_POINT('Ctrl Pts',(-9.19654920697208,-24.1476749049815,-6.50203004479409));
#9018=CARTESIAN_POINT('Ctrl Pts',(-9.19654920697208,-24.4476749049815,-6.50203004479409));
#9019=CARTESIAN_POINT('Ctrl Pts',(-9.05548050999637,-24.4476749049815,-6.44722655415535));
#9020=CARTESIAN_POINT('Ctrl Pts',(-9.0756401961185,-24.4476749049815,-6.46320839477844));
#9021=CARTESIAN_POINT('Ctrl Pts',(-9.11695407267606,-24.4476749049815,-6.49596048162467));
#9022=CARTESIAN_POINT('Ctrl Pts',(-9.16959510530569,-24.4476749049815,-6.4999746475115));
#9023=CARTESIAN_POINT('Ctrl Pts',(-9.19654920697208,-24.4476749049815,-6.50203004479409));
#9024=CARTESIAN_POINT('Origin',(-15.9,-24.1476749049815,0.0852157301896808));
#9025=CARTESIAN_POINT('',(-10.7452641427516,-24.1476749049815,-6.31123200058938));
#9026=CARTESIAN_POINT('',(-10.8071722090244,-24.1476749049815,-6.45940497517586));
#9027=CARTESIAN_POINT('Ctrl Pts',(-10.7452641427516,-24.1476749049815,-6.31123200058938));
#9028=CARTESIAN_POINT('Ctrl Pts',(-10.7479429769289,-24.1476749049815,-6.33881851219912));
#9029=CARTESIAN_POINT('Ctrl Pts',(-10.7533534387792,-24.1476749049815,-6.39453520041993));
#9030=CARTESIAN_POINT('Ctrl Pts',(-10.7891162982277,-24.1476749049815,-6.43764151121971));
#9031=CARTESIAN_POINT('Ctrl Pts',(-10.8071722090244,-24.1476749049815,-6.45940497517586));
#9032=CARTESIAN_POINT('',(-10.7980380952358,-24.1476749049815,-6.17320731282235));
#9033=CARTESIAN_POINT('Ctrl Pts',(-10.7980380952358,-24.1476749049815,-6.17320731282235));
#9034=CARTESIAN_POINT('Ctrl Pts',(-10.7826519298204,-24.1476749049815,-6.19471282754492));
#9035=CARTESIAN_POINT('Ctrl Pts',(-10.752976340742,-24.1476749049815,-6.23619092170271));
#9036=CARTESIAN_POINT('Ctrl Pts',(-10.747770746471,-24.1476749049815,-6.28684229383213));
#9037=CARTESIAN_POINT('Ctrl Pts',(-10.7452641427516,-24.1476749049815,-6.31123200058938));
#9038=CARTESIAN_POINT('',(-11.7418810725212,-24.1476749049815,-5.45872882008553));
#9039=CARTESIAN_POINT('Ctrl Pts',(-11.7418810725212,-24.1476749049815,-5.45872882008553));
#9040=CARTESIAN_POINT('Ctrl Pts',(-11.5511675956194,-24.1476749049815,-5.56588517004187));
#9041=CARTESIAN_POINT('Ctrl Pts',(-11.2035142321234,-24.1476749049815,-5.76122147289503));
#9042=CARTESIAN_POINT('Ctrl Pts',(-10.9241503231112,-24.1476749049815,-6.04507042041437));
#9043=CARTESIAN_POINT('Ctrl Pts',(-10.7980380952358,-24.1476749049815,-6.17320731282235));
#9044=CARTESIAN_POINT('',(-11.1796350777149,-24.1476749049815,-5.16847148537636));
#9045=CARTESIAN_POINT('Ctrl Pts',(-11.1796350777149,-24.1476749049815,-5.16847148537636));
#9046=CARTESIAN_POINT('Ctrl Pts',(-11.2617053901148,-24.1476749049815,-5.22892927223089));
#9047=CARTESIAN_POINT('Ctrl Pts',(-11.4335420308479,-24.1476749049815,-5.35551418089564));
#9048=CARTESIAN_POINT('Ctrl Pts',(-11.6360777486844,-24.1476749049815,-5.42331179395859));
#9049=CARTESIAN_POINT('Ctrl Pts',(-11.7418810725212,-24.1476749049815,-5.45872882008553));
#9050=CARTESIAN_POINT('',(-10.8995266258716,-24.1476749049815,-4.6224631369114));
#9051=CARTESIAN_POINT('Ctrl Pts',(-10.8995266258716,-24.1476749049815,-4.6224631369114));
#9052=CARTESIAN_POINT('Ctrl Pts',(-10.9133665538697,-24.1476749049815,-4.72412215492557));
#9053=CARTESIAN_POINT('Ctrl Pts',(-10.9425041885429,-24.1476749049815,-4.93814807533163));
#9054=CARTESIAN_POINT('Ctrl Pts',(-11.0979982842055,-24.1476749049815,-5.08917829530801));
#9055=CARTESIAN_POINT('Ctrl Pts',(-11.1796350777149,-24.1476749049815,-5.16847148537636));
#9056=CARTESIAN_POINT('',(-11.721583455801,-24.1476749049815,-3.55683401226998));
#9057=CARTESIAN_POINT('Ctrl Pts',(-11.721583455801,-24.1476749049815,-3.55683401226998));
#9058=CARTESIAN_POINT('Ctrl Pts',(-11.4829355840968,-24.1476749049815,-3.69459952843753));
#9059=CARTESIAN_POINT('Ctrl Pts',(-11.0567358911656,-24.1476749049815,-3.94063407409614));
#9060=CARTESIAN_POINT('Ctrl Pts',(-10.9475670515805,-24.1476749049815,-4.4141079971739));
#9061=CARTESIAN_POINT('Ctrl Pts',(-10.8995266258716,-24.1476749049815,-4.6224631369114));
#9062=CARTESIAN_POINT('',(-12.1904604136943,-24.1476749049815,-3.420839458704));
#9063=CARTESIAN_POINT('Ctrl Pts',(-12.1904604136943,-24.1476749049815,-3.420839458704));
#9064=CARTESIAN_POINT('Ctrl Pts',(-12.1038417107394,-24.1476749049815,-3.43388021032564));
#9065=CARTESIAN_POINT('Ctrl Pts',(-11.9413595975978,-24.1476749049815,-3.45834246626058));
#9066=CARTESIAN_POINT('Ctrl Pts',(-11.7915363853192,-24.1476749049815,-3.52548496719254));
#9067=CARTESIAN_POINT('Ctrl Pts',(-11.721583455801,-24.1476749049815,-3.55683401226998));
#9068=CARTESIAN_POINT('',(-12.6796348392963,-24.1476749049815,-3.3822737634182));
#9069=CARTESIAN_POINT('',(-12.6796348392963,-24.1476749049815,-3.3822737634182));
#9070=CARTESIAN_POINT('',(-12.8927607834339,-24.1476749049815,-3.47970262169838));
#9071=CARTESIAN_POINT('Ctrl Pts',(-12.8927607834339,-24.1476749049815,-3.47970262169838));
#9072=CARTESIAN_POINT('Ctrl Pts',(-12.864395288696,-24.1476749049815,-3.44876448897391));
#9073=CARTESIAN_POINT('Ctrl Pts',(-12.8071447320293,-24.1476749049815,-3.38632153364843));
#9074=CARTESIAN_POINT('Ctrl Pts',(-12.7223945153535,-24.1476749049815,-3.38363115883348));
#9075=CARTESIAN_POINT('Ctrl Pts',(-12.6796348392963,-24.1476749049815,-3.3822737634182));
#9076=CARTESIAN_POINT('',(-12.9577133059501,-24.1476749049815,-3.68267968297005));
#9077=CARTESIAN_POINT('Ctrl Pts',(-12.9577133059501,-24.1476749049815,-3.68267968297005));
#9078=CARTESIAN_POINT('Ctrl Pts',(-12.9551911916945,-24.1476749049815,-3.64554843380758));
#9079=CARTESIAN_POINT('Ctrl Pts',(-12.9502293171841,-24.1476749049815,-3.57249837338695));
#9080=CARTESIAN_POINT('Ctrl Pts',(-12.9117038208835,-24.1476749049815,-3.51029037615624));
#9081=CARTESIAN_POINT('Ctrl Pts',(-12.8927607834339,-24.1476749049815,-3.47970262169838));
#9082=CARTESIAN_POINT('',(-12.9384304583072,-24.1476749049815,-3.98917511105538));
#9083=CARTESIAN_POINT('Ctrl Pts',(-12.9384304583072,-24.1476749049815,-3.98917511105538));
#9084=CARTESIAN_POINT('Ctrl Pts',(-12.9440032855831,-24.1476749049815,-3.92984894861356));
#9085=CARTESIAN_POINT('Ctrl Pts',(-12.9535826403169,-24.1476749049815,-3.82787084541848));
#9086=CARTESIAN_POINT('Ctrl Pts',(-12.9564951572097,-24.1476749049815,-3.72549709966709));
#9087=CARTESIAN_POINT('Ctrl Pts',(-12.9577133059501,-24.1476749049815,-3.68267968297005));
#9088=CARTESIAN_POINT('',(-12.9191477596759,-24.1476749049815,-4.29567024111748));
#9089=CARTESIAN_POINT('Ctrl Pts',(-12.9191477596759,-24.1476749049815,-4.29567024111748));
#9090=CARTESIAN_POINT('Ctrl Pts',(-12.9203659180243,-24.1476749049815,-4.25285292447684));
#9091=CARTESIAN_POINT('Ctrl Pts',(-12.9232784617025,-24.1476749049815,-4.15047928391615));
#9092=CARTESIAN_POINT('Ctrl Pts',(-12.9328576959052,-24.1476749049815,-4.04850127468023));
#9093=CARTESIAN_POINT('Ctrl Pts',(-12.9384304583072,-24.1476749049815,-3.98917511105538));
#9094=CARTESIAN_POINT('',(-12.9597431421279,-24.1476749049815,-4.84979763627053));
#9095=CARTESIAN_POINT('Ctrl Pts',(-12.9597431421279,-24.1476749049815,-4.84979763627053));
#9096=CARTESIAN_POINT('Ctrl Pts',(-12.9480181217735,-24.1476749049815,-4.74215942277225));
#9097=CARTESIAN_POINT('Ctrl Pts',(-12.9279469463483,-24.1476749049815,-4.55790170719664));
#9098=CARTESIAN_POINT('Ctrl Pts',(-12.9217320761892,-24.1476749049815,-4.37268748524772));
#9099=CARTESIAN_POINT('Ctrl Pts',(-12.9191477596759,-24.1476749049815,-4.29567024111748));
#9100=CARTESIAN_POINT('',(-13.00033852458,-24.1476749049815,-5.40595456957818));
#9101=CARTESIAN_POINT('Ctrl Pts',(-13.00033852458,-24.1476749049815,-5.40595456957818));
#9102=CARTESIAN_POINT('Ctrl Pts',(-12.9977641066023,-24.1476749049815,-5.32842928472893));
#9103=CARTESIAN_POINT('Ctrl Pts',(-12.9915911042875,-24.1476749049815,-5.14253726293013));
#9104=CARTESIAN_POINT('Ctrl Pts',(-12.9714717980647,-24.1476749049815,-4.95760492211605));
#9105=CARTESIAN_POINT('Ctrl Pts',(-12.9597431421279,-24.1476749049815,-4.84979763627053));
#9106=CARTESIAN_POINT('',(-12.9851152002811,-24.1476749049815,-5.8839650452137));
#9107=CARTESIAN_POINT('Ctrl Pts',(-12.9851152002811,-24.1476749049815,-5.8839650452137));
#9108=CARTESIAN_POINT('Ctrl Pts',(-12.9895140480484,-24.1476749049815,-5.79120544641753));
#9109=CARTESIAN_POINT('Ctrl Pts',(-12.9970665927056,-24.1476749049815,-5.63194305559279));
#9110=CARTESIAN_POINT('Ctrl Pts',(-12.9993747240407,-24.1476749049815,-5.47252313917044));
#9111=CARTESIAN_POINT('Ctrl Pts',(-13.00033852458,-24.1476749049815,-5.40595456957818));
#9112=CARTESIAN_POINT('',(-12.9698920249939,-24.1476749049815,-6.3619764149189));
#9113=CARTESIAN_POINT('Ctrl Pts',(-12.9698920249939,-24.1476749049815,-6.3619764149189));
#9114=CARTESIAN_POINT('Ctrl Pts',(-12.9708557958827,-24.1476749049815,-6.29540754726947));
#9115=CARTESIAN_POINT('Ctrl Pts',(-12.9731638501885,-24.1476749049815,-6.13598733300656));
#9116=CARTESIAN_POINT('Ctrl Pts',(-12.9807163732944,-24.1476749049815,-5.97672464410342));
#9117=CARTESIAN_POINT('Ctrl Pts',(-12.9851152002811,-24.1476749049815,-5.8839650452137));
#9118=CARTESIAN_POINT('',(-12.9120434820652,-24.1476749049815,-6.51116445660592));
#9119=CARTESIAN_POINT('Ctrl Pts',(-12.9120434820652,-24.1476749049815,-6.51116445660592));
#9120=CARTESIAN_POINT('Ctrl Pts',(-12.9289141401547,-24.1476749049815,-6.48969721475623));
#9121=CARTESIAN_POINT('Ctrl Pts',(-12.9633297941436,-24.1476749049815,-6.44590466299735));
#9122=CARTESIAN_POINT('Ctrl Pts',(-12.9676762268157,-24.1476749049815,-6.3903155671724));
#9123=CARTESIAN_POINT('Ctrl Pts',(-12.9698920249939,-24.1476749049815,-6.3619764149189));
#9124=CARTESIAN_POINT('',(-12.7669149637222,-24.1476749049815,-6.57104268670083));
#9125=CARTESIAN_POINT('Ctrl Pts',(-12.7669149637222,-24.1476749049815,-6.57104268670083));
#9126=CARTESIAN_POINT('Ctrl Pts',(-12.7946497236041,-24.1476749049815,-6.56868328619295));
#9127=CARTESIAN_POINT('Ctrl Pts',(-12.8493902083524,-24.1476749049815,-6.56402650430384));
#9128=CARTESIAN_POINT('Ctrl Pts',(-12.8913453104944,-24.1476749049815,-6.52862799311401));
#9129=CARTESIAN_POINT('Ctrl Pts',(-12.9120434820652,-24.1476749049815,-6.51116445660592));
#9130=CARTESIAN_POINT('',(-12.6217864453792,-24.1476749049815,-6.51116445660592));
#9131=CARTESIAN_POINT('Ctrl Pts',(-12.6217864453792,-24.1476749049815,-6.51116445660592));
#9132=CARTESIAN_POINT('Ctrl Pts',(-12.64248461695,-24.1476749049815,-6.52862799311401));
#9133=CARTESIAN_POINT('Ctrl Pts',(-12.684439719092,-24.1476749049815,-6.56402650430384));
#9134=CARTESIAN_POINT('Ctrl Pts',(-12.7391802038403,-24.1476749049815,-6.56868328619295));
#9135=CARTESIAN_POINT('Ctrl Pts',(-12.7669149637222,-24.1476749049815,-6.57104268670083));
#9136=CARTESIAN_POINT('',(-12.5639380514621,-24.1476749049815,-6.3619764149189));
#9137=CARTESIAN_POINT('Ctrl Pts',(-12.5639380514621,-24.1476749049815,-6.3619764149189));
#9138=CARTESIAN_POINT('Ctrl Pts',(-12.5661538576472,-24.1476749049815,-6.39031556167955));
#9139=CARTESIAN_POINT('Ctrl Pts',(-12.5705003038741,-24.1476749049815,-6.44590461921632));
#9140=CARTESIAN_POINT('Ctrl Pts',(-12.6049158492271,-24.1476749049815,-6.48969720776942));
#9141=CARTESIAN_POINT('Ctrl Pts',(-12.6217864453792,-24.1476749049815,-6.51116445660592));
#9142=CARTESIAN_POINT('',(-12.5740867853164,-24.1476749049815,-5.96211150288582));
#9143=CARTESIAN_POINT('',(-12.5740867853164,-24.1476749049815,-5.96211150288582));
#9144=CARTESIAN_POINT('',(-12.5903250277042,-24.1476749049815,-5.56427672505379));
#9145=CARTESIAN_POINT('',(-12.5903250277042,-24.1476749049815,-5.56427672505379));
#9146=CARTESIAN_POINT('',(-11.096414476633,-24.1476749049815,-6.45737543702126));
#9147=CARTESIAN_POINT('Ctrl Pts',(-11.096414476633,-24.1476749049815,-6.45737543702126));
#9148=CARTESIAN_POINT('Ctrl Pts',(-11.3227973519297,-24.1476749049815,-6.25532602069982));
#9149=CARTESIAN_POINT('Ctrl Pts',(-11.7638534545913,-24.1476749049815,-5.8616781884997));
#9150=CARTESIAN_POINT('Ctrl Pts',(-12.319754059164,-24.1476749049815,-5.66164026982369));
#9151=CARTESIAN_POINT('Ctrl Pts',(-12.5903250277042,-24.1476749049815,-5.56427672505379));
#9152=CARTESIAN_POINT('',(-10.9523005783557,-24.1476749049815,-6.5223278105259));
#9153=CARTESIAN_POINT('Ctrl Pts',(-10.9523005783557,-24.1476749049815,-6.5223278105259));
#9154=CARTESIAN_POINT('Ctrl Pts',(-10.9781181032302,-24.1476749049815,-6.519090885222));
#9155=CARTESIAN_POINT('Ctrl Pts',(-11.0326438905719,-24.1476749049815,-6.51225460244048));
#9156=CARTESIAN_POINT('Ctrl Pts',(-11.0744193589314,-24.1476749049815,-6.47630381415121));
#9157=CARTESIAN_POINT('Ctrl Pts',(-11.096414476633,-24.1476749049815,-6.45737543702126));
#9158=CARTESIAN_POINT('Ctrl Pts',(-10.8071722090244,-24.1476749049815,-6.45940497517586));
#9159=CARTESIAN_POINT('Ctrl Pts',(-10.828458969022,-24.1476749049815,-6.47775592714654));
#9160=CARTESIAN_POINT('Ctrl Pts',(-10.8703379963428,-24.1476749049815,-6.5138591208231));
#9161=CARTESIAN_POINT('Ctrl Pts',(-10.9252834433832,-24.1476749049815,-6.51953629606745));
#9162=CARTESIAN_POINT('Ctrl Pts',(-10.9523005783557,-24.1476749049815,-6.5223278105259));
#9163=CARTESIAN_POINT('',(-11.3075102865696,-24.1476749049815,-4.6224631369114));
#9164=CARTESIAN_POINT('',(-11.6282139718532,-24.1476749049815,-4.09675285220147));
#9165=CARTESIAN_POINT('Ctrl Pts',(-11.3075102865696,-24.1476749049815,-4.6224631369114));
#9166=CARTESIAN_POINT('Ctrl Pts',(-11.325605211936,-24.1476749049815,-4.52665583243695));
#9167=CARTESIAN_POINT('Ctrl Pts',(-11.3659483239848,-24.1476749049815,-4.31305092712712));
#9168=CARTESIAN_POINT('Ctrl Pts',(-11.5349911882968,-24.1476749049815,-4.1736363815022));
#9169=CARTESIAN_POINT('Ctrl Pts',(-11.6282139718532,-24.1476749049815,-4.09675285220147));
#9170=CARTESIAN_POINT('',(-11.4150883257389,-24.1476749049815,-4.81529131531716));
#9171=CARTESIAN_POINT('Ctrl Pts',(-11.4150883257389,-24.1476749049815,-4.81529131531716));
#9172=CARTESIAN_POINT('Ctrl Pts',(-11.3840708737779,-24.1476749049815,-4.78240400983391));
#9173=CARTESIAN_POINT('Ctrl Pts',(-11.3315522391858,-24.1476749049815,-4.72671934619466));
#9174=CARTESIAN_POINT('Ctrl Pts',(-11.3144939624742,-24.1476749049815,-4.65274734836072));
#9175=CARTESIAN_POINT('Ctrl Pts',(-11.3075102865696,-24.1476749049815,-4.6224631369114));
#9176=CARTESIAN_POINT('',(-11.6261841356754,-24.1476749049815,-4.97970268130303));
#9177=CARTESIAN_POINT('Ctrl Pts',(-11.6261841356754,-24.1476749049815,-4.97970268130303));
#9178=CARTESIAN_POINT('Ctrl Pts',(-11.5886567780548,-24.1476749049815,-4.95679167333232));
#9179=CARTESIAN_POINT('Ctrl Pts',(-11.5120525646656,-24.1476749049815,-4.91002366580843));
#9180=CARTESIAN_POINT('Ctrl Pts',(-11.4478426701345,-24.1476749049815,-4.84729173183926));
#9181=CARTESIAN_POINT('Ctrl Pts',(-11.4150883257389,-24.1476749049815,-4.81529131531716));
#9182=CARTESIAN_POINT('',(-12.4015563726425,-24.1476749049815,-5.11772707104683));
#9183=CARTESIAN_POINT('Ctrl Pts',(-12.4015563726425,-24.1476749049815,-5.11772707104683));
#9184=CARTESIAN_POINT('Ctrl Pts',(-12.2487322210734,-24.1476749049815,-5.11616269485159));
#9185=CARTESIAN_POINT('Ctrl Pts',(-11.9818066774684,-24.1476749049815,-5.11343032590314));
#9186=CARTESIAN_POINT('Ctrl Pts',(-11.7326779902101,-24.1476749049815,-5.0197484339134));
#9187=CARTESIAN_POINT('Ctrl Pts',(-11.6261841356754,-24.1476749049815,-4.97970268130303));
#9188=CARTESIAN_POINT('',(-12.4918811023235,-24.1476749049815,-5.11569753289223));
#9189=CARTESIAN_POINT('Ctrl Pts',(-12.4918811023235,-24.1476749049815,-5.11569753289223));
#9190=CARTESIAN_POINT('Ctrl Pts',(-12.4743760036233,-24.1476749049815,-5.11628419103418));
#9191=CARTESIAN_POINT('Ctrl Pts',(-12.4442748048194,-24.1476749049815,-5.11729298930852));
#9192=CARTESIAN_POINT('Ctrl Pts',(-12.4141587072571,-24.1476749049815,-5.11759901289869));
#9193=CARTESIAN_POINT('Ctrl Pts',(-12.4015563726425,-24.1476749049815,-5.11772707104683));
#9194=CARTESIAN_POINT('',(-12.5801761448383,-24.1476749049815,-5.11366739869118));
#9195=CARTESIAN_POINT('Ctrl Pts',(-12.5801761448383,-24.1476749049815,-5.11366739869118));
#9196=CARTESIAN_POINT('Ctrl Pts',(-12.5680812442467,-24.1476749049815,-5.11379876071476));
#9197=CARTESIAN_POINT('Ctrl Pts',(-12.5386418417489,-24.1476749049815,-5.11411850038154));
#9198=CARTESIAN_POINT('Ctrl Pts',(-12.5092170161262,-24.1476749049815,-5.1151121278744));
#9199=CARTESIAN_POINT('Ctrl Pts',(-12.4918811023235,-24.1476749049815,-5.11569753289223));
#9200=CARTESIAN_POINT('',(-12.5375509262085,-24.1476749049815,-4.7097434103489));
#9201=CARTESIAN_POINT('',(-12.5375509262085,-24.1476749049815,-4.7097434103489));
#9202=CARTESIAN_POINT('',(-12.5111639499664,-24.1476749049815,-4.30581912398339));
#9203=CARTESIAN_POINT('Ctrl Pts',(-12.5111639499664,-24.1476749049815,-4.30581912398339));
#9204=CARTESIAN_POINT('Ctrl Pts',(-12.5126420157173,-24.1476749049815,-4.3665882305371));
#9205=CARTESIAN_POINT('Ctrl Pts',(-12.5159252566519,-24.1476749049815,-4.50157520122122));
#9206=CARTESIAN_POINT('Ctrl Pts',(-12.5298789667803,-24.1476749049815,-4.63589330131578));
#9207=CARTESIAN_POINT('Ctrl Pts',(-12.5375509262085,-24.1476749049815,-4.7097434103489));
#9208=CARTESIAN_POINT('',(-12.5253723561763,-24.1476749049815,-4.0602169930935));
#9209=CARTESIAN_POINT('Ctrl Pts',(-12.5253723561763,-24.1476749049815,-4.0602169930935));
#9210=CARTESIAN_POINT('Ctrl Pts',(-12.521245240975,-24.1476749049815,-4.10568579964363));
#9211=CARTESIAN_POINT('Ctrl Pts',(-12.5138277533916,-24.1476749049815,-4.18740494039193));
#9212=CARTESIAN_POINT('Ctrl Pts',(-12.5119824987007,-24.1476749049815,-4.26943213717226));
#9213=CARTESIAN_POINT('Ctrl Pts',(-12.5111639499664,-24.1476749049815,-4.30581912398339));
#9214=CARTESIAN_POINT('',(-12.5456701219081,-24.1476749049815,-3.8146148622036));
#9215=CARTESIAN_POINT('',(-12.5456701219081,-24.1476749049815,-3.8146148622036));
#9216=CARTESIAN_POINT('',(-12.2452642023563,-24.1476749049815,-3.83897200226784));
#9217=CARTESIAN_POINT('',(-12.2452642023563,-24.1476749049815,-3.83897200226784));
#9218=CARTESIAN_POINT('Ctrl Pts',(-11.6282139718532,-24.1476749049815,-4.09675285220147));
#9219=CARTESIAN_POINT('Ctrl Pts',(-11.7255398589196,-24.1476749049815,-4.03042256261952));
#9220=CARTESIAN_POINT('Ctrl Pts',(-11.9137645262802,-24.1476749049815,-3.90214223485868));
#9221=CARTESIAN_POINT('Ctrl Pts',(-12.137308684909,-24.1476749049815,-3.85954389309842));
#9222=CARTESIAN_POINT('Ctrl Pts',(-12.2452642023563,-24.1476749049815,-3.83897200226784));
#9223=CARTESIAN_POINT('Ctrl Pts',(-11.3075102865696,-24.1476749049815,-4.6224631369114));
#9224=CARTESIAN_POINT('Ctrl Pts',(-11.3075102865696,-24.4476749049815,-4.6224631369114));
#9225=CARTESIAN_POINT('Ctrl Pts',(-11.325605211936,-24.1476749049815,-4.52665583243695));
#9226=CARTESIAN_POINT('Ctrl Pts',(-11.325605211936,-24.4476749049815,-4.52665583243695));
#9227=CARTESIAN_POINT('Ctrl Pts',(-11.3659483239848,-24.1476749049815,-4.31305092712712));
#9228=CARTESIAN_POINT('Ctrl Pts',(-11.3659483239848,-24.4476749049815,-4.31305092712712));
#9229=CARTESIAN_POINT('Ctrl Pts',(-11.5349911882968,-24.1476749049815,-4.1736363815022));
#9230=CARTESIAN_POINT('Ctrl Pts',(-11.5349911882968,-24.4476749049815,-4.1736363815022));
#9231=CARTESIAN_POINT('Ctrl Pts',(-11.6282139718532,-24.1476749049815,-4.09675285220147));
#9232=CARTESIAN_POINT('Ctrl Pts',(-11.6282139718532,-24.4476749049815,-4.09675285220147));
#9233=CARTESIAN_POINT('',(-11.6282139718532,-24.4476749049815,-4.09675285220147));
#9234=CARTESIAN_POINT('',(-11.6282139718532,-24.4476749049815,-4.09675285220147));
#9235=CARTESIAN_POINT('',(-11.3075102865696,-24.4476749049815,-4.6224631369114));
#9236=CARTESIAN_POINT('Ctrl Pts',(-11.3075102865696,-24.4476749049815,-4.6224631369114));
#9237=CARTESIAN_POINT('Ctrl Pts',(-11.325605211936,-24.4476749049815,-4.52665583243695));
#9238=CARTESIAN_POINT('Ctrl Pts',(-11.3659483239848,-24.4476749049815,-4.31305092712712));
#9239=CARTESIAN_POINT('Ctrl Pts',(-11.5349911882968,-24.4476749049815,-4.1736363815022));
#9240=CARTESIAN_POINT('Ctrl Pts',(-11.6282139718532,-24.4476749049815,-4.09675285220147));
#9241=CARTESIAN_POINT('',(-11.3075102865696,-24.4476749049815,-4.6224631369114));
#9242=CARTESIAN_POINT('Ctrl Pts',(-11.4150883257389,-24.1476749049815,-4.81529131531716));
#9243=CARTESIAN_POINT('Ctrl Pts',(-11.4150883257389,-24.4476749049815,-4.81529131531716));
#9244=CARTESIAN_POINT('Ctrl Pts',(-11.3840708737779,-24.1476749049815,-4.78240400983391));
#9245=CARTESIAN_POINT('Ctrl Pts',(-11.3840708737779,-24.4476749049815,-4.78240400983391));
#9246=CARTESIAN_POINT('Ctrl Pts',(-11.3315522391858,-24.1476749049815,-4.72671934619466));
#9247=CARTESIAN_POINT('Ctrl Pts',(-11.3315522391858,-24.4476749049815,-4.72671934619466));
#9248=CARTESIAN_POINT('Ctrl Pts',(-11.3144939624742,-24.1476749049815,-4.65274734836072));
#9249=CARTESIAN_POINT('Ctrl Pts',(-11.3144939624742,-24.4476749049815,-4.65274734836072));
#9250=CARTESIAN_POINT('Ctrl Pts',(-11.3075102865696,-24.1476749049815,-4.6224631369114));
#9251=CARTESIAN_POINT('Ctrl Pts',(-11.3075102865696,-24.4476749049815,-4.6224631369114));
#9252=CARTESIAN_POINT('',(-11.4150883257389,-24.4476749049815,-4.81529131531716));
#9253=CARTESIAN_POINT('Ctrl Pts',(-11.4150883257389,-24.4476749049815,-4.81529131531716));
#9254=CARTESIAN_POINT('Ctrl Pts',(-11.3840708737779,-24.4476749049815,-4.78240400983391));
#9255=CARTESIAN_POINT('Ctrl Pts',(-11.3315522391858,-24.4476749049815,-4.72671934619466));
#9256=CARTESIAN_POINT('Ctrl Pts',(-11.3144939624742,-24.4476749049815,-4.65274734836072));
#9257=CARTESIAN_POINT('Ctrl Pts',(-11.3075102865696,-24.4476749049815,-4.6224631369114));
#9258=CARTESIAN_POINT('',(-11.4150883257389,-24.4476749049815,-4.81529131531716));
#9259=CARTESIAN_POINT('Ctrl Pts',(-11.6261841356754,-24.1476749049815,-4.97970268130303));
#9260=CARTESIAN_POINT('Ctrl Pts',(-11.6261841356754,-24.4476749049815,-4.97970268130303));
#9261=CARTESIAN_POINT('Ctrl Pts',(-11.5886567780548,-24.1476749049815,-4.95679167333232));
#9262=CARTESIAN_POINT('Ctrl Pts',(-11.5886567780548,-24.4476749049815,-4.95679167333232));
#9263=CARTESIAN_POINT('Ctrl Pts',(-11.5120525646656,-24.1476749049815,-4.91002366580843));
#9264=CARTESIAN_POINT('Ctrl Pts',(-11.5120525646656,-24.4476749049815,-4.91002366580843));
#9265=CARTESIAN_POINT('Ctrl Pts',(-11.4478426701345,-24.1476749049815,-4.84729173183926));
#9266=CARTESIAN_POINT('Ctrl Pts',(-11.4478426701345,-24.4476749049815,-4.84729173183926));
#9267=CARTESIAN_POINT('Ctrl Pts',(-11.4150883257389,-24.1476749049815,-4.81529131531716));
#9268=CARTESIAN_POINT('Ctrl Pts',(-11.4150883257389,-24.4476749049815,-4.81529131531716));
#9269=CARTESIAN_POINT('',(-11.6261841356754,-24.4476749049815,-4.97970268130303));
#9270=CARTESIAN_POINT('Ctrl Pts',(-11.6261841356754,-24.4476749049815,-4.97970268130303));
#9271=CARTESIAN_POINT('Ctrl Pts',(-11.5886567780548,-24.4476749049815,-4.95679167333232));
#9272=CARTESIAN_POINT('Ctrl Pts',(-11.5120525646656,-24.4476749049815,-4.91002366580843));
#9273=CARTESIAN_POINT('Ctrl Pts',(-11.4478426701345,-24.4476749049815,-4.84729173183926));
#9274=CARTESIAN_POINT('Ctrl Pts',(-11.4150883257389,-24.4476749049815,-4.81529131531716));
#9275=CARTESIAN_POINT('',(-11.6261841356754,-24.4476749049815,-4.97970268130303));
#9276=CARTESIAN_POINT('Ctrl Pts',(-12.4015563726425,-24.1476749049815,-5.11772707104683));
#9277=CARTESIAN_POINT('Ctrl Pts',(-12.4015563726425,-24.4476749049815,-5.11772707104683));
#9278=CARTESIAN_POINT('Ctrl Pts',(-12.2487322210734,-24.1476749049815,-5.11616269485159));
#9279=CARTESIAN_POINT('Ctrl Pts',(-12.2487322210734,-24.4476749049815,-5.11616269485159));
#9280=CARTESIAN_POINT('Ctrl Pts',(-11.9818066774684,-24.1476749049815,-5.11343032590314));
#9281=CARTESIAN_POINT('Ctrl Pts',(-11.9818066774684,-24.4476749049815,-5.11343032590314));
#9282=CARTESIAN_POINT('Ctrl Pts',(-11.7326779902101,-24.1476749049815,-5.0197484339134));
#9283=CARTESIAN_POINT('Ctrl Pts',(-11.7326779902101,-24.4476749049815,-5.0197484339134));
#9284=CARTESIAN_POINT('Ctrl Pts',(-11.6261841356754,-24.1476749049815,-4.97970268130303));
#9285=CARTESIAN_POINT('Ctrl Pts',(-11.6261841356754,-24.4476749049815,-4.97970268130303));
#9286=CARTESIAN_POINT('',(-12.4015563726425,-24.4476749049815,-5.11772707104683));
#9287=CARTESIAN_POINT('Ctrl Pts',(-12.4015563726425,-24.4476749049815,-5.11772707104683));
#9288=CARTESIAN_POINT('Ctrl Pts',(-12.2487322210734,-24.4476749049815,-5.11616269485159));
#9289=CARTESIAN_POINT('Ctrl Pts',(-11.9818066774684,-24.4476749049815,-5.11343032590314));
#9290=CARTESIAN_POINT('Ctrl Pts',(-11.7326779902101,-24.4476749049815,-5.0197484339134));
#9291=CARTESIAN_POINT('Ctrl Pts',(-11.6261841356754,-24.4476749049815,-4.97970268130303));
#9292=CARTESIAN_POINT('',(-12.4015563726425,-24.4476749049815,-5.11772707104683));
#9293=CARTESIAN_POINT('Ctrl Pts',(-12.4918811023235,-24.1476749049815,-5.11569753289223));
#9294=CARTESIAN_POINT('Ctrl Pts',(-12.4918811023235,-24.4476749049815,-5.11569753289223));
#9295=CARTESIAN_POINT('Ctrl Pts',(-12.4743760036233,-24.1476749049815,-5.11628419103418));
#9296=CARTESIAN_POINT('Ctrl Pts',(-12.4743760036233,-24.4476749049815,-5.11628419103418));
#9297=CARTESIAN_POINT('Ctrl Pts',(-12.4442748048194,-24.1476749049815,-5.11729298930852));
#9298=CARTESIAN_POINT('Ctrl Pts',(-12.4442748048194,-24.4476749049815,-5.11729298930852));
#9299=CARTESIAN_POINT('Ctrl Pts',(-12.4141587072571,-24.1476749049815,-5.11759901289869));
#9300=CARTESIAN_POINT('Ctrl Pts',(-12.4141587072571,-24.4476749049815,-5.11759901289869));
#9301=CARTESIAN_POINT('Ctrl Pts',(-12.4015563726425,-24.1476749049815,-5.11772707104683));
#9302=CARTESIAN_POINT('Ctrl Pts',(-12.4015563726425,-24.4476749049815,-5.11772707104683));
#9303=CARTESIAN_POINT('',(-12.4918811023235,-24.4476749049815,-5.11569753289223));
#9304=CARTESIAN_POINT('Ctrl Pts',(-12.4918811023235,-24.4476749049815,-5.11569753289223));
#9305=CARTESIAN_POINT('Ctrl Pts',(-12.4743760036233,-24.4476749049815,-5.11628419103418));
#9306=CARTESIAN_POINT('Ctrl Pts',(-12.4442748048194,-24.4476749049815,-5.11729298930852));
#9307=CARTESIAN_POINT('Ctrl Pts',(-12.4141587072571,-24.4476749049815,-5.11759901289869));
#9308=CARTESIAN_POINT('Ctrl Pts',(-12.4015563726425,-24.4476749049815,-5.11772707104683));
#9309=CARTESIAN_POINT('',(-12.4918811023235,-24.4476749049815,-5.11569753289223));
#9310=CARTESIAN_POINT('Ctrl Pts',(-12.5801761448383,-24.1476749049815,-5.11366739869118));
#9311=CARTESIAN_POINT('Ctrl Pts',(-12.5801761448383,-24.4476749049815,-5.11366739869118));
#9312=CARTESIAN_POINT('Ctrl Pts',(-12.5680812442467,-24.1476749049815,-5.11379876071476));
#9313=CARTESIAN_POINT('Ctrl Pts',(-12.5680812442467,-24.4476749049815,-5.11379876071476));
#9314=CARTESIAN_POINT('Ctrl Pts',(-12.5386418417489,-24.1476749049815,-5.11411850038154));
#9315=CARTESIAN_POINT('Ctrl Pts',(-12.5386418417489,-24.4476749049815,-5.11411850038154));
#9316=CARTESIAN_POINT('Ctrl Pts',(-12.5092170161262,-24.1476749049815,-5.1151121278744));
#9317=CARTESIAN_POINT('Ctrl Pts',(-12.5092170161262,-24.4476749049815,-5.1151121278744));
#9318=CARTESIAN_POINT('Ctrl Pts',(-12.4918811023235,-24.1476749049815,-5.11569753289223));
#9319=CARTESIAN_POINT('Ctrl Pts',(-12.4918811023235,-24.4476749049815,-5.11569753289223));
#9320=CARTESIAN_POINT('',(-12.5801761448383,-24.4476749049815,-5.11366739869118));
#9321=CARTESIAN_POINT('Ctrl Pts',(-12.5801761448383,-24.4476749049815,-5.11366739869118));
#9322=CARTESIAN_POINT('Ctrl Pts',(-12.5680812442467,-24.4476749049815,-5.11379876071476));
#9323=CARTESIAN_POINT('Ctrl Pts',(-12.5386418417489,-24.4476749049815,-5.11411850038154));
#9324=CARTESIAN_POINT('Ctrl Pts',(-12.5092170161262,-24.4476749049815,-5.1151121278744));
#9325=CARTESIAN_POINT('Ctrl Pts',(-12.4918811023235,-24.4476749049815,-5.11569753289223));
#9326=CARTESIAN_POINT('',(-12.5801761448383,-24.4476749049815,-5.11366739869118));
#9327=CARTESIAN_POINT('Origin',(-12.5588635355234,-24.4476749049815,-4.91170540452004));
#9328=CARTESIAN_POINT('',(-12.5375509262085,-24.4476749049815,-4.7097434103489));
#9329=CARTESIAN_POINT('',(-12.3165089741922,-24.4476749049815,-2.61511141268731));
#9330=CARTESIAN_POINT('',(-12.5375509262085,-24.4476749049815,-4.7097434103489));
#9331=CARTESIAN_POINT('Ctrl Pts',(-12.5111639499664,-24.1476749049815,-4.30581912398339));
#9332=CARTESIAN_POINT('Ctrl Pts',(-12.5111639499664,-24.4476749049815,-4.30581912398339));
#9333=CARTESIAN_POINT('Ctrl Pts',(-12.5126420157173,-24.1476749049815,-4.3665882305371));
#9334=CARTESIAN_POINT('Ctrl Pts',(-12.5126420157173,-24.4476749049815,-4.3665882305371));
#9335=CARTESIAN_POINT('Ctrl Pts',(-12.5159252566519,-24.1476749049815,-4.50157520122122));
#9336=CARTESIAN_POINT('Ctrl Pts',(-12.5159252566519,-24.4476749049815,-4.50157520122122));
#9337=CARTESIAN_POINT('Ctrl Pts',(-12.5298789667803,-24.1476749049815,-4.63589330131578));
#9338=CARTESIAN_POINT('Ctrl Pts',(-12.5298789667803,-24.4476749049815,-4.63589330131578));
#9339=CARTESIAN_POINT('Ctrl Pts',(-12.5375509262085,-24.1476749049815,-4.7097434103489));
#9340=CARTESIAN_POINT('Ctrl Pts',(-12.5375509262085,-24.4476749049815,-4.7097434103489));
#9341=CARTESIAN_POINT('',(-12.5111639499664,-24.4476749049815,-4.30581912398339));
#9342=CARTESIAN_POINT('Ctrl Pts',(-12.5111639499664,-24.4476749049815,-4.30581912398339));
#9343=CARTESIAN_POINT('Ctrl Pts',(-12.5126420157173,-24.4476749049815,-4.3665882305371));
#9344=CARTESIAN_POINT('Ctrl Pts',(-12.5159252566519,-24.4476749049815,-4.50157520122122));
#9345=CARTESIAN_POINT('Ctrl Pts',(-12.5298789667803,-24.4476749049815,-4.63589330131578));
#9346=CARTESIAN_POINT('Ctrl Pts',(-12.5375509262085,-24.4476749049815,-4.7097434103489));
#9347=CARTESIAN_POINT('',(-12.5111639499664,-24.4476749049815,-4.30581912398339));
#9348=CARTESIAN_POINT('Ctrl Pts',(-12.5253723561763,-24.1476749049815,-4.0602169930935));
#9349=CARTESIAN_POINT('Ctrl Pts',(-12.5253723561763,-24.4476749049815,-4.0602169930935));
#9350=CARTESIAN_POINT('Ctrl Pts',(-12.521245240975,-24.1476749049815,-4.10568579964363));
#9351=CARTESIAN_POINT('Ctrl Pts',(-12.521245240975,-24.4476749049815,-4.10568579964363));
#9352=CARTESIAN_POINT('Ctrl Pts',(-12.5138277533916,-24.1476749049815,-4.18740494039193));
#9353=CARTESIAN_POINT('Ctrl Pts',(-12.5138277533916,-24.4476749049815,-4.18740494039193));
#9354=CARTESIAN_POINT('Ctrl Pts',(-12.5119824987007,-24.1476749049815,-4.26943213717226));
#9355=CARTESIAN_POINT('Ctrl Pts',(-12.5119824987007,-24.4476749049815,-4.26943213717226));
#9356=CARTESIAN_POINT('Ctrl Pts',(-12.5111639499664,-24.1476749049815,-4.30581912398339));
#9357=CARTESIAN_POINT('Ctrl Pts',(-12.5111639499664,-24.4476749049815,-4.30581912398339));
#9358=CARTESIAN_POINT('',(-12.5253723561763,-24.4476749049815,-4.0602169930935));
#9359=CARTESIAN_POINT('Ctrl Pts',(-12.5253723561763,-24.4476749049815,-4.0602169930935));
#9360=CARTESIAN_POINT('Ctrl Pts',(-12.521245240975,-24.4476749049815,-4.10568579964363));
#9361=CARTESIAN_POINT('Ctrl Pts',(-12.5138277533916,-24.4476749049815,-4.18740494039193));
#9362=CARTESIAN_POINT('Ctrl Pts',(-12.5119824987007,-24.4476749049815,-4.26943213717226));
#9363=CARTESIAN_POINT('Ctrl Pts',(-12.5111639499664,-24.4476749049815,-4.30581912398339));
#9364=CARTESIAN_POINT('',(-12.5253723561763,-24.4476749049815,-4.0602169930935));
#9365=CARTESIAN_POINT('Origin',(-12.5355212390422,-24.4476749049815,-3.93741592764855));
#9366=CARTESIAN_POINT('',(-12.5456701219081,-24.4476749049815,-3.8146148622036));
#9367=CARTESIAN_POINT('',(-12.7120306605882,-24.4476749049815,-1.80165918345296));
#9368=CARTESIAN_POINT('',(-12.5456701219081,-24.4476749049815,-3.8146148622036));
#9369=CARTESIAN_POINT('Origin',(-12.3954671621322,-24.4476749049815,-3.82679343223572));
#9370=CARTESIAN_POINT('',(-12.2452642023563,-24.4476749049815,-3.83897200226784));
#9371=CARTESIAN_POINT('',(-14.2938477935229,-24.4476749049815,-3.67287128914679));
#9372=CARTESIAN_POINT('',(-12.2452642023563,-24.4476749049815,-3.83897200226784));
#9373=CARTESIAN_POINT('Ctrl Pts',(-11.6282139718532,-24.1476749049815,-4.09675285220147));
#9374=CARTESIAN_POINT('Ctrl Pts',(-11.6282139718532,-24.4476749049815,-4.09675285220147));
#9375=CARTESIAN_POINT('Ctrl Pts',(-11.7255398589196,-24.1476749049815,-4.03042256261952));
#9376=CARTESIAN_POINT('Ctrl Pts',(-11.7255398589196,-24.4476749049815,-4.03042256261952));
#9377=CARTESIAN_POINT('Ctrl Pts',(-11.9137645262802,-24.1476749049815,-3.90214223485868));
#9378=CARTESIAN_POINT('Ctrl Pts',(-11.9137645262802,-24.4476749049815,-3.90214223485868));
#9379=CARTESIAN_POINT('Ctrl Pts',(-12.137308684909,-24.1476749049815,-3.85954389309842));
#9380=CARTESIAN_POINT('Ctrl Pts',(-12.137308684909,-24.4476749049815,-3.85954389309842));
#9381=CARTESIAN_POINT('Ctrl Pts',(-12.2452642023563,-24.1476749049815,-3.83897200226784));
#9382=CARTESIAN_POINT('Ctrl Pts',(-12.2452642023563,-24.4476749049815,-3.83897200226784));
#9383=CARTESIAN_POINT('Ctrl Pts',(-11.6282139718532,-24.4476749049815,-4.09675285220147));
#9384=CARTESIAN_POINT('Ctrl Pts',(-11.7255398589196,-24.4476749049815,-4.03042256261952));
#9385=CARTESIAN_POINT('Ctrl Pts',(-11.9137645262802,-24.4476749049815,-3.90214223485868));
#9386=CARTESIAN_POINT('Ctrl Pts',(-12.137308684909,-24.4476749049815,-3.85954389309842));
#9387=CARTESIAN_POINT('Ctrl Pts',(-12.2452642023563,-24.4476749049815,-3.83897200226784));
#9388=CARTESIAN_POINT('Ctrl Pts',(-10.7452641427516,-24.1476749049815,-6.31123200058938));
#9389=CARTESIAN_POINT('Ctrl Pts',(-10.7452641427516,-24.4476749049815,-6.31123200058938));
#9390=CARTESIAN_POINT('Ctrl Pts',(-10.7479429769289,-24.1476749049815,-6.33881851219912));
#9391=CARTESIAN_POINT('Ctrl Pts',(-10.7479429769289,-24.4476749049815,-6.33881851219912));
#9392=CARTESIAN_POINT('Ctrl Pts',(-10.7533534387792,-24.1476749049815,-6.39453520041993));
#9393=CARTESIAN_POINT('Ctrl Pts',(-10.7533534387792,-24.4476749049815,-6.39453520041993));
#9394=CARTESIAN_POINT('Ctrl Pts',(-10.7891162982277,-24.1476749049815,-6.43764151121971));
#9395=CARTESIAN_POINT('Ctrl Pts',(-10.7891162982277,-24.4476749049815,-6.43764151121971));
#9396=CARTESIAN_POINT('Ctrl Pts',(-10.8071722090244,-24.1476749049815,-6.45940497517586));
#9397=CARTESIAN_POINT('Ctrl Pts',(-10.8071722090244,-24.4476749049815,-6.45940497517586));
#9398=CARTESIAN_POINT('',(-10.8071722090244,-24.4476749049815,-6.45940497517586));
#9399=CARTESIAN_POINT('',(-10.8071722090244,-24.4476749049815,-6.45940497517586));
#9400=CARTESIAN_POINT('',(-10.7452641427516,-24.4476749049815,-6.31123200058938));
#9401=CARTESIAN_POINT('Ctrl Pts',(-10.7452641427516,-24.4476749049815,-6.31123200058938));
#9402=CARTESIAN_POINT('Ctrl Pts',(-10.7479429769289,-24.4476749049815,-6.33881851219912));
#9403=CARTESIAN_POINT('Ctrl Pts',(-10.7533534387792,-24.4476749049815,-6.39453520041993));
#9404=CARTESIAN_POINT('Ctrl Pts',(-10.7891162982277,-24.4476749049815,-6.43764151121971));
#9405=CARTESIAN_POINT('Ctrl Pts',(-10.8071722090244,-24.4476749049815,-6.45940497517586));
#9406=CARTESIAN_POINT('',(-10.7452641427516,-24.4476749049815,-6.31123200058938));
#9407=CARTESIAN_POINT('Ctrl Pts',(-10.7980380952358,-24.1476749049815,-6.17320731282235));
#9408=CARTESIAN_POINT('Ctrl Pts',(-10.7980380952358,-24.4476749049815,-6.17320731282235));
#9409=CARTESIAN_POINT('Ctrl Pts',(-10.7826519298204,-24.1476749049815,-6.19471282754492));
#9410=CARTESIAN_POINT('Ctrl Pts',(-10.7826519298204,-24.4476749049815,-6.19471282754492));
#9411=CARTESIAN_POINT('Ctrl Pts',(-10.752976340742,-24.1476749049815,-6.23619092170271));
#9412=CARTESIAN_POINT('Ctrl Pts',(-10.752976340742,-24.4476749049815,-6.23619092170271));
#9413=CARTESIAN_POINT('Ctrl Pts',(-10.747770746471,-24.1476749049815,-6.28684229383213));
#9414=CARTESIAN_POINT('Ctrl Pts',(-10.747770746471,-24.4476749049815,-6.28684229383213));
#9415=CARTESIAN_POINT('Ctrl Pts',(-10.7452641427516,-24.1476749049815,-6.31123200058938));
#9416=CARTESIAN_POINT('Ctrl Pts',(-10.7452641427516,-24.4476749049815,-6.31123200058938));
#9417=CARTESIAN_POINT('',(-10.7980380952358,-24.4476749049815,-6.17320731282235));
#9418=CARTESIAN_POINT('Ctrl Pts',(-10.7980380952358,-24.4476749049815,-6.17320731282235));
#9419=CARTESIAN_POINT('Ctrl Pts',(-10.7826519298204,-24.4476749049815,-6.19471282754492));
#9420=CARTESIAN_POINT('Ctrl Pts',(-10.752976340742,-24.4476749049815,-6.23619092170271));
#9421=CARTESIAN_POINT('Ctrl Pts',(-10.747770746471,-24.4476749049815,-6.28684229383213));
#9422=CARTESIAN_POINT('Ctrl Pts',(-10.7452641427516,-24.4476749049815,-6.31123200058938));
#9423=CARTESIAN_POINT('',(-10.7980380952358,-24.4476749049815,-6.17320731282235));
#9424=CARTESIAN_POINT('Ctrl Pts',(-11.7418810725212,-24.1476749049815,-5.45872882008553));
#9425=CARTESIAN_POINT('Ctrl Pts',(-11.7418810725212,-24.4476749049815,-5.45872882008553));
#9426=CARTESIAN_POINT('Ctrl Pts',(-11.5511675956194,-24.1476749049815,-5.56588517004187));
#9427=CARTESIAN_POINT('Ctrl Pts',(-11.5511675956194,-24.4476749049815,-5.56588517004187));
#9428=CARTESIAN_POINT('Ctrl Pts',(-11.2035142321234,-24.1476749049815,-5.76122147289503));
#9429=CARTESIAN_POINT('Ctrl Pts',(-11.2035142321234,-24.4476749049815,-5.76122147289503));
#9430=CARTESIAN_POINT('Ctrl Pts',(-10.9241503231112,-24.1476749049815,-6.04507042041437));
#9431=CARTESIAN_POINT('Ctrl Pts',(-10.9241503231112,-24.4476749049815,-6.04507042041437));
#9432=CARTESIAN_POINT('Ctrl Pts',(-10.7980380952358,-24.1476749049815,-6.17320731282235));
#9433=CARTESIAN_POINT('Ctrl Pts',(-10.7980380952358,-24.4476749049815,-6.17320731282235));
#9434=CARTESIAN_POINT('',(-11.7418810725212,-24.4476749049815,-5.45872882008553));
#9435=CARTESIAN_POINT('Ctrl Pts',(-11.7418810725212,-24.4476749049815,-5.45872882008553));
#9436=CARTESIAN_POINT('Ctrl Pts',(-11.5511675956194,-24.4476749049815,-5.56588517004187));
#9437=CARTESIAN_POINT('Ctrl Pts',(-11.2035142321234,-24.4476749049815,-5.76122147289503));
#9438=CARTESIAN_POINT('Ctrl Pts',(-10.9241503231112,-24.4476749049815,-6.04507042041437));
#9439=CARTESIAN_POINT('Ctrl Pts',(-10.7980380952358,-24.4476749049815,-6.17320731282235));
#9440=CARTESIAN_POINT('',(-11.7418810725212,-24.4476749049815,-5.45872882008553));
#9441=CARTESIAN_POINT('Ctrl Pts',(-11.1796350777149,-24.1476749049815,-5.16847148537636));
#9442=CARTESIAN_POINT('Ctrl Pts',(-11.1796350777149,-24.4476749049815,-5.16847148537636));
#9443=CARTESIAN_POINT('Ctrl Pts',(-11.2617053901148,-24.1476749049815,-5.22892927223089));
#9444=CARTESIAN_POINT('Ctrl Pts',(-11.2617053901148,-24.4476749049815,-5.22892927223089));
#9445=CARTESIAN_POINT('Ctrl Pts',(-11.4335420308479,-24.1476749049815,-5.35551418089564));
#9446=CARTESIAN_POINT('Ctrl Pts',(-11.4335420308479,-24.4476749049815,-5.35551418089564));
#9447=CARTESIAN_POINT('Ctrl Pts',(-11.6360777486844,-24.1476749049815,-5.42331179395859));
#9448=CARTESIAN_POINT('Ctrl Pts',(-11.6360777486844,-24.4476749049815,-5.42331179395859));
#9449=CARTESIAN_POINT('Ctrl Pts',(-11.7418810725212,-24.1476749049815,-5.45872882008553));
#9450=CARTESIAN_POINT('Ctrl Pts',(-11.7418810725212,-24.4476749049815,-5.45872882008553));
#9451=CARTESIAN_POINT('',(-11.1796350777149,-24.4476749049815,-5.16847148537636));
#9452=CARTESIAN_POINT('Ctrl Pts',(-11.1796350777149,-24.4476749049815,-5.16847148537636));
#9453=CARTESIAN_POINT('Ctrl Pts',(-11.2617053901148,-24.4476749049815,-5.22892927223089));
#9454=CARTESIAN_POINT('Ctrl Pts',(-11.4335420308479,-24.4476749049815,-5.35551418089564));
#9455=CARTESIAN_POINT('Ctrl Pts',(-11.6360777486844,-24.4476749049815,-5.42331179395859));
#9456=CARTESIAN_POINT('Ctrl Pts',(-11.7418810725212,-24.4476749049815,-5.45872882008553));
#9457=CARTESIAN_POINT('',(-11.1796350777149,-24.4476749049815,-5.16847148537636));
#9458=CARTESIAN_POINT('Ctrl Pts',(-10.8995266258716,-24.1476749049815,-4.6224631369114));
#9459=CARTESIAN_POINT('Ctrl Pts',(-10.8995266258716,-24.4476749049815,-4.6224631369114));
#9460=CARTESIAN_POINT('Ctrl Pts',(-10.9133665538697,-24.1476749049815,-4.72412215492557));
#9461=CARTESIAN_POINT('Ctrl Pts',(-10.9133665538697,-24.4476749049815,-4.72412215492557));
#9462=CARTESIAN_POINT('Ctrl Pts',(-10.9425041885429,-24.1476749049815,-4.93814807533163));
#9463=CARTESIAN_POINT('Ctrl Pts',(-10.9425041885429,-24.4476749049815,-4.93814807533163));
#9464=CARTESIAN_POINT('Ctrl Pts',(-11.0979982842055,-24.1476749049815,-5.08917829530801));
#9465=CARTESIAN_POINT('Ctrl Pts',(-11.0979982842055,-24.4476749049815,-5.08917829530801));
#9466=CARTESIAN_POINT('Ctrl Pts',(-11.1796350777149,-24.1476749049815,-5.16847148537636));
#9467=CARTESIAN_POINT('Ctrl Pts',(-11.1796350777149,-24.4476749049815,-5.16847148537636));
#9468=CARTESIAN_POINT('',(-10.8995266258716,-24.4476749049815,-4.6224631369114));
#9469=CARTESIAN_POINT('Ctrl Pts',(-10.8995266258716,-24.4476749049815,-4.6224631369114));
#9470=CARTESIAN_POINT('Ctrl Pts',(-10.9133665538697,-24.4476749049815,-4.72412215492557));
#9471=CARTESIAN_POINT('Ctrl Pts',(-10.9425041885429,-24.4476749049815,-4.93814807533163));
#9472=CARTESIAN_POINT('Ctrl Pts',(-11.0979982842055,-24.4476749049815,-5.08917829530801));
#9473=CARTESIAN_POINT('Ctrl Pts',(-11.1796350777149,-24.4476749049815,-5.16847148537636));
#9474=CARTESIAN_POINT('',(-10.8995266258716,-24.4476749049815,-4.6224631369114));
#9475=CARTESIAN_POINT('Ctrl Pts',(-11.721583455801,-24.1476749049815,-3.55683401226998));
#9476=CARTESIAN_POINT('Ctrl Pts',(-11.721583455801,-24.4476749049815,-3.55683401226998));
#9477=CARTESIAN_POINT('Ctrl Pts',(-11.4829355840968,-24.1476749049815,-3.69459952843753));
#9478=CARTESIAN_POINT('Ctrl Pts',(-11.4829355840968,-24.4476749049815,-3.69459952843753));
#9479=CARTESIAN_POINT('Ctrl Pts',(-11.0567358911656,-24.1476749049815,-3.94063407409614));
#9480=CARTESIAN_POINT('Ctrl Pts',(-11.0567358911656,-24.4476749049815,-3.94063407409614));
#9481=CARTESIAN_POINT('Ctrl Pts',(-10.9475670515805,-24.1476749049815,-4.4141079971739));
#9482=CARTESIAN_POINT('Ctrl Pts',(-10.9475670515805,-24.4476749049815,-4.4141079971739));
#9483=CARTESIAN_POINT('Ctrl Pts',(-10.8995266258716,-24.1476749049815,-4.6224631369114));
#9484=CARTESIAN_POINT('Ctrl Pts',(-10.8995266258716,-24.4476749049815,-4.6224631369114));
#9485=CARTESIAN_POINT('',(-11.721583455801,-24.4476749049815,-3.55683401226998));
#9486=CARTESIAN_POINT('Ctrl Pts',(-11.721583455801,-24.4476749049815,-3.55683401226998));
#9487=CARTESIAN_POINT('Ctrl Pts',(-11.4829355840968,-24.4476749049815,-3.69459952843753));
#9488=CARTESIAN_POINT('Ctrl Pts',(-11.0567358911656,-24.4476749049815,-3.94063407409614));
#9489=CARTESIAN_POINT('Ctrl Pts',(-10.9475670515805,-24.4476749049815,-4.4141079971739));
#9490=CARTESIAN_POINT('Ctrl Pts',(-10.8995266258716,-24.4476749049815,-4.6224631369114));
#9491=CARTESIAN_POINT('',(-11.721583455801,-24.4476749049815,-3.55683401226998));
#9492=CARTESIAN_POINT('Ctrl Pts',(-12.1904604136943,-24.1476749049815,-3.420839458704));
#9493=CARTESIAN_POINT('Ctrl Pts',(-12.1904604136943,-24.4476749049815,-3.420839458704));
#9494=CARTESIAN_POINT('Ctrl Pts',(-12.1038417107394,-24.1476749049815,-3.43388021032564));
#9495=CARTESIAN_POINT('Ctrl Pts',(-12.1038417107394,-24.4476749049815,-3.43388021032564));
#9496=CARTESIAN_POINT('Ctrl Pts',(-11.9413595975978,-24.1476749049815,-3.45834246626058));
#9497=CARTESIAN_POINT('Ctrl Pts',(-11.9413595975978,-24.4476749049815,-3.45834246626058));
#9498=CARTESIAN_POINT('Ctrl Pts',(-11.7915363853192,-24.1476749049815,-3.52548496719254));
#9499=CARTESIAN_POINT('Ctrl Pts',(-11.7915363853192,-24.4476749049815,-3.52548496719254));
#9500=CARTESIAN_POINT('Ctrl Pts',(-11.721583455801,-24.1476749049815,-3.55683401226998));
#9501=CARTESIAN_POINT('Ctrl Pts',(-11.721583455801,-24.4476749049815,-3.55683401226998));
#9502=CARTESIAN_POINT('',(-12.1904604136943,-24.4476749049815,-3.420839458704));
#9503=CARTESIAN_POINT('Ctrl Pts',(-12.1904604136943,-24.4476749049815,-3.420839458704));
#9504=CARTESIAN_POINT('Ctrl Pts',(-12.1038417107394,-24.4476749049815,-3.43388021032564));
#9505=CARTESIAN_POINT('Ctrl Pts',(-11.9413595975978,-24.4476749049815,-3.45834246626058));
#9506=CARTESIAN_POINT('Ctrl Pts',(-11.7915363853192,-24.4476749049815,-3.52548496719254));
#9507=CARTESIAN_POINT('Ctrl Pts',(-11.721583455801,-24.4476749049815,-3.55683401226998));
#9508=CARTESIAN_POINT('',(-12.1904604136943,-24.4476749049815,-3.420839458704));
#9509=CARTESIAN_POINT('Origin',(-12.4350476264953,-24.4476749049815,-3.4015566110611));
#9510=CARTESIAN_POINT('',(-12.6796348392963,-24.4476749049815,-3.3822737634182));
#9511=CARTESIAN_POINT('',(-14.2934187958777,-24.4476749049815,-3.25504572967535));
#9512=CARTESIAN_POINT('',(-12.6796348392963,-24.4476749049815,-3.3822737634182));
#9513=CARTESIAN_POINT('Ctrl Pts',(-12.8927607834339,-24.1476749049815,-3.47970262169838));
#9514=CARTESIAN_POINT('Ctrl Pts',(-12.8927607834339,-24.4476749049815,-3.47970262169838));
#9515=CARTESIAN_POINT('Ctrl Pts',(-12.864395288696,-24.1476749049815,-3.44876448897391));
#9516=CARTESIAN_POINT('Ctrl Pts',(-12.864395288696,-24.4476749049815,-3.44876448897391));
#9517=CARTESIAN_POINT('Ctrl Pts',(-12.8071447320293,-24.1476749049815,-3.38632153364843));
#9518=CARTESIAN_POINT('Ctrl Pts',(-12.8071447320293,-24.4476749049815,-3.38632153364843));
#9519=CARTESIAN_POINT('Ctrl Pts',(-12.7223945153535,-24.1476749049815,-3.38363115883348));
#9520=CARTESIAN_POINT('Ctrl Pts',(-12.7223945153535,-24.4476749049815,-3.38363115883348));
#9521=CARTESIAN_POINT('Ctrl Pts',(-12.6796348392963,-24.1476749049815,-3.3822737634182));
#9522=CARTESIAN_POINT('Ctrl Pts',(-12.6796348392963,-24.4476749049815,-3.3822737634182));
#9523=CARTESIAN_POINT('',(-12.8927607834339,-24.4476749049815,-3.47970262169838));
#9524=CARTESIAN_POINT('Ctrl Pts',(-12.8927607834339,-24.4476749049815,-3.47970262169838));
#9525=CARTESIAN_POINT('Ctrl Pts',(-12.864395288696,-24.4476749049815,-3.44876448897391));
#9526=CARTESIAN_POINT('Ctrl Pts',(-12.8071447320293,-24.4476749049815,-3.38632153364843));
#9527=CARTESIAN_POINT('Ctrl Pts',(-12.7223945153535,-24.4476749049815,-3.38363115883348));
#9528=CARTESIAN_POINT('Ctrl Pts',(-12.6796348392963,-24.4476749049815,-3.3822737634182));
#9529=CARTESIAN_POINT('',(-12.8927607834339,-24.4476749049815,-3.47970262169838));
#9530=CARTESIAN_POINT('Ctrl Pts',(-12.9577133059501,-24.1476749049815,-3.68267968297005));
#9531=CARTESIAN_POINT('Ctrl Pts',(-12.9577133059501,-24.4476749049815,-3.68267968297005));
#9532=CARTESIAN_POINT('Ctrl Pts',(-12.9551911916945,-24.1476749049815,-3.64554843380758));
#9533=CARTESIAN_POINT('Ctrl Pts',(-12.9551911916945,-24.4476749049815,-3.64554843380758));
#9534=CARTESIAN_POINT('Ctrl Pts',(-12.9502293171841,-24.1476749049815,-3.57249837338695));
#9535=CARTESIAN_POINT('Ctrl Pts',(-12.9502293171841,-24.4476749049815,-3.57249837338695));
#9536=CARTESIAN_POINT('Ctrl Pts',(-12.9117038208835,-24.1476749049815,-3.51029037615624));
#9537=CARTESIAN_POINT('Ctrl Pts',(-12.9117038208835,-24.4476749049815,-3.51029037615624));
#9538=CARTESIAN_POINT('Ctrl Pts',(-12.8927607834339,-24.1476749049815,-3.47970262169838));
#9539=CARTESIAN_POINT('Ctrl Pts',(-12.8927607834339,-24.4476749049815,-3.47970262169838));
#9540=CARTESIAN_POINT('',(-12.9577133059501,-24.4476749049815,-3.68267968297005));
#9541=CARTESIAN_POINT('Ctrl Pts',(-12.9577133059501,-24.4476749049815,-3.68267968297005));
#9542=CARTESIAN_POINT('Ctrl Pts',(-12.9551911916945,-24.4476749049815,-3.64554843380758));
#9543=CARTESIAN_POINT('Ctrl Pts',(-12.9502293171841,-24.4476749049815,-3.57249837338695));
#9544=CARTESIAN_POINT('Ctrl Pts',(-12.9117038208835,-24.4476749049815,-3.51029037615624));
#9545=CARTESIAN_POINT('Ctrl Pts',(-12.8927607834339,-24.4476749049815,-3.47970262169838));
#9546=CARTESIAN_POINT('',(-12.9577133059501,-24.4476749049815,-3.68267968297005));
#9547=CARTESIAN_POINT('Ctrl Pts',(-12.9384304583072,-24.1476749049815,-3.98917511105538));
#9548=CARTESIAN_POINT('Ctrl Pts',(-12.9384304583072,-24.4476749049815,-3.98917511105538));
#9549=CARTESIAN_POINT('Ctrl Pts',(-12.9440032855831,-24.1476749049815,-3.92984894861356));
#9550=CARTESIAN_POINT('Ctrl Pts',(-12.9440032855831,-24.4476749049815,-3.92984894861356));
#9551=CARTESIAN_POINT('Ctrl Pts',(-12.9535826403169,-24.1476749049815,-3.82787084541848));
#9552=CARTESIAN_POINT('Ctrl Pts',(-12.9535826403169,-24.4476749049815,-3.82787084541848));
#9553=CARTESIAN_POINT('Ctrl Pts',(-12.9564951572097,-24.1476749049815,-3.72549709966709));
#9554=CARTESIAN_POINT('Ctrl Pts',(-12.9564951572097,-24.4476749049815,-3.72549709966709));
#9555=CARTESIAN_POINT('Ctrl Pts',(-12.9577133059501,-24.1476749049815,-3.68267968297005));
#9556=CARTESIAN_POINT('Ctrl Pts',(-12.9577133059501,-24.4476749049815,-3.68267968297005));
#9557=CARTESIAN_POINT('',(-12.9384304583072,-24.4476749049815,-3.98917511105538));
#9558=CARTESIAN_POINT('Ctrl Pts',(-12.9384304583072,-24.4476749049815,-3.98917511105538));
#9559=CARTESIAN_POINT('Ctrl Pts',(-12.9440032855831,-24.4476749049815,-3.92984894861356));
#9560=CARTESIAN_POINT('Ctrl Pts',(-12.9535826403169,-24.4476749049815,-3.82787084541848));
#9561=CARTESIAN_POINT('Ctrl Pts',(-12.9564951572097,-24.4476749049815,-3.72549709966709));
#9562=CARTESIAN_POINT('Ctrl Pts',(-12.9577133059501,-24.4476749049815,-3.68267968297005));
#9563=CARTESIAN_POINT('',(-12.9384304583072,-24.4476749049815,-3.98917511105538));
#9564=CARTESIAN_POINT('Ctrl Pts',(-12.9191477596759,-24.1476749049815,-4.29567024111748));
#9565=CARTESIAN_POINT('Ctrl Pts',(-12.9191477596759,-24.4476749049815,-4.29567024111748));
#9566=CARTESIAN_POINT('Ctrl Pts',(-12.9203659180243,-24.1476749049815,-4.25285292447684));
#9567=CARTESIAN_POINT('Ctrl Pts',(-12.9203659180243,-24.4476749049815,-4.25285292447684));
#9568=CARTESIAN_POINT('Ctrl Pts',(-12.9232784617025,-24.1476749049815,-4.15047928391615));
#9569=CARTESIAN_POINT('Ctrl Pts',(-12.9232784617025,-24.4476749049815,-4.15047928391615));
#9570=CARTESIAN_POINT('Ctrl Pts',(-12.9328576959052,-24.1476749049815,-4.04850127468023));
#9571=CARTESIAN_POINT('Ctrl Pts',(-12.9328576959052,-24.4476749049815,-4.04850127468023));
#9572=CARTESIAN_POINT('Ctrl Pts',(-12.9384304583072,-24.1476749049815,-3.98917511105538));
#9573=CARTESIAN_POINT('Ctrl Pts',(-12.9384304583072,-24.4476749049815,-3.98917511105538));
#9574=CARTESIAN_POINT('',(-12.9191477596759,-24.4476749049815,-4.29567024111748));
#9575=CARTESIAN_POINT('Ctrl Pts',(-12.9191477596759,-24.4476749049815,-4.29567024111748));
#9576=CARTESIAN_POINT('Ctrl Pts',(-12.9203659180243,-24.4476749049815,-4.25285292447684));
#9577=CARTESIAN_POINT('Ctrl Pts',(-12.9232784617025,-24.4476749049815,-4.15047928391615));
#9578=CARTESIAN_POINT('Ctrl Pts',(-12.9328576959052,-24.4476749049815,-4.04850127468023));
#9579=CARTESIAN_POINT('Ctrl Pts',(-12.9384304583072,-24.4476749049815,-3.98917511105538));
#9580=CARTESIAN_POINT('',(-12.9191477596759,-24.4476749049815,-4.29567024111748));
#9581=CARTESIAN_POINT('Ctrl Pts',(-12.9597431421279,-24.1476749049815,-4.84979763627053));
#9582=CARTESIAN_POINT('Ctrl Pts',(-12.9597431421279,-24.4476749049815,-4.84979763627053));
#9583=CARTESIAN_POINT('Ctrl Pts',(-12.9480181217735,-24.1476749049815,-4.74215942277225));
#9584=CARTESIAN_POINT('Ctrl Pts',(-12.9480181217735,-24.4476749049815,-4.74215942277225));
#9585=CARTESIAN_POINT('Ctrl Pts',(-12.9279469463483,-24.1476749049815,-4.55790170719664));
#9586=CARTESIAN_POINT('Ctrl Pts',(-12.9279469463483,-24.4476749049815,-4.55790170719664));
#9587=CARTESIAN_POINT('Ctrl Pts',(-12.9217320761892,-24.1476749049815,-4.37268748524772));
#9588=CARTESIAN_POINT('Ctrl Pts',(-12.9217320761892,-24.4476749049815,-4.37268748524772));
#9589=CARTESIAN_POINT('Ctrl Pts',(-12.9191477596759,-24.1476749049815,-4.29567024111748));
#9590=CARTESIAN_POINT('Ctrl Pts',(-12.9191477596759,-24.4476749049815,-4.29567024111748));
#9591=CARTESIAN_POINT('',(-12.9597431421279,-24.4476749049815,-4.84979763627053));
#9592=CARTESIAN_POINT('Ctrl Pts',(-12.9597431421279,-24.4476749049815,-4.84979763627053));
#9593=CARTESIAN_POINT('Ctrl Pts',(-12.9480181217735,-24.4476749049815,-4.74215942277225));
#9594=CARTESIAN_POINT('Ctrl Pts',(-12.9279469463483,-24.4476749049815,-4.55790170719664));
#9595=CARTESIAN_POINT('Ctrl Pts',(-12.9217320761892,-24.4476749049815,-4.37268748524772));
#9596=CARTESIAN_POINT('Ctrl Pts',(-12.9191477596759,-24.4476749049815,-4.29567024111748));
#9597=CARTESIAN_POINT('',(-12.9597431421279,-24.4476749049815,-4.84979763627053));
#9598=CARTESIAN_POINT('Ctrl Pts',(-13.00033852458,-24.1476749049815,-5.40595456957818));
#9599=CARTESIAN_POINT('Ctrl Pts',(-13.00033852458,-24.4476749049815,-5.40595456957818));
#9600=CARTESIAN_POINT('Ctrl Pts',(-12.9977641066023,-24.1476749049815,-5.32842928472893));
#9601=CARTESIAN_POINT('Ctrl Pts',(-12.9977641066023,-24.4476749049815,-5.32842928472893));
#9602=CARTESIAN_POINT('Ctrl Pts',(-12.9915911042875,-24.1476749049815,-5.14253726293013));
#9603=CARTESIAN_POINT('Ctrl Pts',(-12.9915911042875,-24.4476749049815,-5.14253726293013));
#9604=CARTESIAN_POINT('Ctrl Pts',(-12.9714717980647,-24.1476749049815,-4.95760492211605));
#9605=CARTESIAN_POINT('Ctrl Pts',(-12.9714717980647,-24.4476749049815,-4.95760492211605));
#9606=CARTESIAN_POINT('Ctrl Pts',(-12.9597431421279,-24.1476749049815,-4.84979763627053));
#9607=CARTESIAN_POINT('Ctrl Pts',(-12.9597431421279,-24.4476749049815,-4.84979763627053));
#9608=CARTESIAN_POINT('',(-13.00033852458,-24.4476749049815,-5.40595456957818));
#9609=CARTESIAN_POINT('Ctrl Pts',(-13.00033852458,-24.4476749049815,-5.40595456957818));
#9610=CARTESIAN_POINT('Ctrl Pts',(-12.9977641066023,-24.4476749049815,-5.32842928472893));
#9611=CARTESIAN_POINT('Ctrl Pts',(-12.9915911042875,-24.4476749049815,-5.14253726293013));
#9612=CARTESIAN_POINT('Ctrl Pts',(-12.9714717980647,-24.4476749049815,-4.95760492211605));
#9613=CARTESIAN_POINT('Ctrl Pts',(-12.9597431421279,-24.4476749049815,-4.84979763627053));
#9614=CARTESIAN_POINT('',(-13.00033852458,-24.4476749049815,-5.40595456957818));
#9615=CARTESIAN_POINT('Ctrl Pts',(-12.9851152002811,-24.1476749049815,-5.8839650452137));
#9616=CARTESIAN_POINT('Ctrl Pts',(-12.9851152002811,-24.4476749049815,-5.8839650452137));
#9617=CARTESIAN_POINT('Ctrl Pts',(-12.9895140480484,-24.1476749049815,-5.79120544641753));
#9618=CARTESIAN_POINT('Ctrl Pts',(-12.9895140480484,-24.4476749049815,-5.79120544641753));
#9619=CARTESIAN_POINT('Ctrl Pts',(-12.9970665927056,-24.1476749049815,-5.63194305559279));
#9620=CARTESIAN_POINT('Ctrl Pts',(-12.9970665927056,-24.4476749049815,-5.63194305559279));
#9621=CARTESIAN_POINT('Ctrl Pts',(-12.9993747240407,-24.1476749049815,-5.47252313917044));
#9622=CARTESIAN_POINT('Ctrl Pts',(-12.9993747240407,-24.4476749049815,-5.47252313917044));
#9623=CARTESIAN_POINT('Ctrl Pts',(-13.00033852458,-24.1476749049815,-5.40595456957818));
#9624=CARTESIAN_POINT('Ctrl Pts',(-13.00033852458,-24.4476749049815,-5.40595456957818));
#9625=CARTESIAN_POINT('',(-12.9851152002811,-24.4476749049815,-5.8839650452137));
#9626=CARTESIAN_POINT('Ctrl Pts',(-12.9851152002811,-24.4476749049815,-5.8839650452137));
#9627=CARTESIAN_POINT('Ctrl Pts',(-12.9895140480484,-24.4476749049815,-5.79120544641753));
#9628=CARTESIAN_POINT('Ctrl Pts',(-12.9970665927056,-24.4476749049815,-5.63194305559279));
#9629=CARTESIAN_POINT('Ctrl Pts',(-12.9993747240407,-24.4476749049815,-5.47252313917044));
#9630=CARTESIAN_POINT('Ctrl Pts',(-13.00033852458,-24.4476749049815,-5.40595456957818));
#9631=CARTESIAN_POINT('',(-12.9851152002811,-24.4476749049815,-5.8839650452137));
#9632=CARTESIAN_POINT('Ctrl Pts',(-12.9698920249939,-24.1476749049815,-6.3619764149189));
#9633=CARTESIAN_POINT('Ctrl Pts',(-12.9698920249939,-24.4476749049815,-6.3619764149189));
#9634=CARTESIAN_POINT('Ctrl Pts',(-12.9708557958827,-24.1476749049815,-6.29540754726947));
#9635=CARTESIAN_POINT('Ctrl Pts',(-12.9708557958827,-24.4476749049815,-6.29540754726947));
#9636=CARTESIAN_POINT('Ctrl Pts',(-12.9731638501885,-24.1476749049815,-6.13598733300656));
#9637=CARTESIAN_POINT('Ctrl Pts',(-12.9731638501885,-24.4476749049815,-6.13598733300656));
#9638=CARTESIAN_POINT('Ctrl Pts',(-12.9807163732944,-24.1476749049815,-5.97672464410342));
#9639=CARTESIAN_POINT('Ctrl Pts',(-12.9807163732944,-24.4476749049815,-5.97672464410342));
#9640=CARTESIAN_POINT('Ctrl Pts',(-12.9851152002811,-24.1476749049815,-5.8839650452137));
#9641=CARTESIAN_POINT('Ctrl Pts',(-12.9851152002811,-24.4476749049815,-5.8839650452137));
#9642=CARTESIAN_POINT('',(-12.9698920249939,-24.4476749049815,-6.3619764149189));
#9643=CARTESIAN_POINT('Ctrl Pts',(-12.9698920249939,-24.4476749049815,-6.3619764149189));
#9644=CARTESIAN_POINT('Ctrl Pts',(-12.9708557958827,-24.4476749049815,-6.29540754726947));
#9645=CARTESIAN_POINT('Ctrl Pts',(-12.9731638501885,-24.4476749049815,-6.13598733300656));
#9646=CARTESIAN_POINT('Ctrl Pts',(-12.9807163732944,-24.4476749049815,-5.97672464410342));
#9647=CARTESIAN_POINT('Ctrl Pts',(-12.9851152002811,-24.4476749049815,-5.8839650452137));
#9648=CARTESIAN_POINT('',(-12.9698920249939,-24.4476749049815,-6.3619764149189));
#9649=CARTESIAN_POINT('Ctrl Pts',(-12.9120434820652,-24.1476749049815,-6.51116445660592));
#9650=CARTESIAN_POINT('Ctrl Pts',(-12.9120434820652,-24.4476749049815,-6.51116445660592));
#9651=CARTESIAN_POINT('Ctrl Pts',(-12.9289141401547,-24.1476749049815,-6.48969721475623));
#9652=CARTESIAN_POINT('Ctrl Pts',(-12.9289141401547,-24.4476749049815,-6.48969721475623));
#9653=CARTESIAN_POINT('Ctrl Pts',(-12.9633297941436,-24.1476749049815,-6.44590466299735));
#9654=CARTESIAN_POINT('Ctrl Pts',(-12.9633297941436,-24.4476749049815,-6.44590466299735));
#9655=CARTESIAN_POINT('Ctrl Pts',(-12.9676762268157,-24.1476749049815,-6.3903155671724));
#9656=CARTESIAN_POINT('Ctrl Pts',(-12.9676762268157,-24.4476749049815,-6.3903155671724));
#9657=CARTESIAN_POINT('Ctrl Pts',(-12.9698920249939,-24.1476749049815,-6.3619764149189));
#9658=CARTESIAN_POINT('Ctrl Pts',(-12.9698920249939,-24.4476749049815,-6.3619764149189));
#9659=CARTESIAN_POINT('',(-12.9120434820652,-24.4476749049815,-6.51116445660592));
#9660=CARTESIAN_POINT('Ctrl Pts',(-12.9120434820652,-24.4476749049815,-6.51116445660592));
#9661=CARTESIAN_POINT('Ctrl Pts',(-12.9289141401547,-24.4476749049815,-6.48969721475623));
#9662=CARTESIAN_POINT('Ctrl Pts',(-12.9633297941436,-24.4476749049815,-6.44590466299735));
#9663=CARTESIAN_POINT('Ctrl Pts',(-12.9676762268157,-24.4476749049815,-6.3903155671724));
#9664=CARTESIAN_POINT('Ctrl Pts',(-12.9698920249939,-24.4476749049815,-6.3619764149189));
#9665=CARTESIAN_POINT('',(-12.9120434820652,-24.4476749049815,-6.51116445660592));
#9666=CARTESIAN_POINT('Ctrl Pts',(-12.7669149637222,-24.1476749049815,-6.57104268670083));
#9667=CARTESIAN_POINT('Ctrl Pts',(-12.7669149637222,-24.4476749049815,-6.57104268670083));
#9668=CARTESIAN_POINT('Ctrl Pts',(-12.7946497236041,-24.1476749049815,-6.56868328619295));
#9669=CARTESIAN_POINT('Ctrl Pts',(-12.7946497236041,-24.4476749049815,-6.56868328619295));
#9670=CARTESIAN_POINT('Ctrl Pts',(-12.8493902083524,-24.1476749049815,-6.56402650430384));
#9671=CARTESIAN_POINT('Ctrl Pts',(-12.8493902083524,-24.4476749049815,-6.56402650430384));
#9672=CARTESIAN_POINT('Ctrl Pts',(-12.8913453104944,-24.1476749049815,-6.52862799311401));
#9673=CARTESIAN_POINT('Ctrl Pts',(-12.8913453104944,-24.4476749049815,-6.52862799311401));
#9674=CARTESIAN_POINT('Ctrl Pts',(-12.9120434820652,-24.1476749049815,-6.51116445660592));
#9675=CARTESIAN_POINT('Ctrl Pts',(-12.9120434820652,-24.4476749049815,-6.51116445660592));
#9676=CARTESIAN_POINT('',(-12.7669149637222,-24.4476749049815,-6.57104268670083));
#9677=CARTESIAN_POINT('Ctrl Pts',(-12.7669149637222,-24.4476749049815,-6.57104268670083));
#9678=CARTESIAN_POINT('Ctrl Pts',(-12.7946497236041,-24.4476749049815,-6.56868328619295));
#9679=CARTESIAN_POINT('Ctrl Pts',(-12.8493902083524,-24.4476749049815,-6.56402650430384));
#9680=CARTESIAN_POINT('Ctrl Pts',(-12.8913453104944,-24.4476749049815,-6.52862799311401));
#9681=CARTESIAN_POINT('Ctrl Pts',(-12.9120434820652,-24.4476749049815,-6.51116445660592));
#9682=CARTESIAN_POINT('',(-12.7669149637222,-24.4476749049815,-6.57104268670083));
#9683=CARTESIAN_POINT('Ctrl Pts',(-12.6217864453792,-24.1476749049815,-6.51116445660592));
#9684=CARTESIAN_POINT('Ctrl Pts',(-12.6217864453792,-24.4476749049815,-6.51116445660592));
#9685=CARTESIAN_POINT('Ctrl Pts',(-12.64248461695,-24.1476749049815,-6.52862799311401));
#9686=CARTESIAN_POINT('Ctrl Pts',(-12.64248461695,-24.4476749049815,-6.52862799311401));
#9687=CARTESIAN_POINT('Ctrl Pts',(-12.684439719092,-24.1476749049815,-6.56402650430384));
#9688=CARTESIAN_POINT('Ctrl Pts',(-12.684439719092,-24.4476749049815,-6.56402650430384));
#9689=CARTESIAN_POINT('Ctrl Pts',(-12.7391802038403,-24.1476749049815,-6.56868328619295));
#9690=CARTESIAN_POINT('Ctrl Pts',(-12.7391802038403,-24.4476749049815,-6.56868328619295));
#9691=CARTESIAN_POINT('Ctrl Pts',(-12.7669149637222,-24.1476749049815,-6.57104268670083));
#9692=CARTESIAN_POINT('Ctrl Pts',(-12.7669149637222,-24.4476749049815,-6.57104268670083));
#9693=CARTESIAN_POINT('',(-12.6217864453792,-24.4476749049815,-6.51116445660592));
#9694=CARTESIAN_POINT('Ctrl Pts',(-12.6217864453792,-24.4476749049815,-6.51116445660592));
#9695=CARTESIAN_POINT('Ctrl Pts',(-12.64248461695,-24.4476749049815,-6.52862799311401));
#9696=CARTESIAN_POINT('Ctrl Pts',(-12.684439719092,-24.4476749049815,-6.56402650430384));
#9697=CARTESIAN_POINT('Ctrl Pts',(-12.7391802038403,-24.4476749049815,-6.56868328619295));
#9698=CARTESIAN_POINT('Ctrl Pts',(-12.7669149637222,-24.4476749049815,-6.57104268670083));
#9699=CARTESIAN_POINT('',(-12.6217864453792,-24.4476749049815,-6.51116445660592));
#9700=CARTESIAN_POINT('Ctrl Pts',(-12.5639380514621,-24.1476749049815,-6.3619764149189));
#9701=CARTESIAN_POINT('Ctrl Pts',(-12.5639380514621,-24.4476749049815,-6.3619764149189));
#9702=CARTESIAN_POINT('Ctrl Pts',(-12.5661538576472,-24.1476749049815,-6.39031556167955));
#9703=CARTESIAN_POINT('Ctrl Pts',(-12.5661538576472,-24.4476749049815,-6.39031556167955));
#9704=CARTESIAN_POINT('Ctrl Pts',(-12.5705003038741,-24.1476749049815,-6.44590461921632));
#9705=CARTESIAN_POINT('Ctrl Pts',(-12.5705003038741,-24.4476749049815,-6.44590461921632));
#9706=CARTESIAN_POINT('Ctrl Pts',(-12.6049158492271,-24.1476749049815,-6.48969720776942));
#9707=CARTESIAN_POINT('Ctrl Pts',(-12.6049158492271,-24.4476749049815,-6.48969720776942));
#9708=CARTESIAN_POINT('Ctrl Pts',(-12.6217864453792,-24.1476749049815,-6.51116445660592));
#9709=CARTESIAN_POINT('Ctrl Pts',(-12.6217864453792,-24.4476749049815,-6.51116445660592));
#9710=CARTESIAN_POINT('',(-12.5639380514621,-24.4476749049815,-6.3619764149189));
#9711=CARTESIAN_POINT('Ctrl Pts',(-12.5639380514621,-24.4476749049815,-6.3619764149189));
#9712=CARTESIAN_POINT('Ctrl Pts',(-12.5661538576472,-24.4476749049815,-6.39031556167955));
#9713=CARTESIAN_POINT('Ctrl Pts',(-12.5705003038741,-24.4476749049815,-6.44590461921632));
#9714=CARTESIAN_POINT('Ctrl Pts',(-12.6049158492271,-24.4476749049815,-6.48969720776942));
#9715=CARTESIAN_POINT('Ctrl Pts',(-12.6217864453792,-24.4476749049815,-6.51116445660592));
#9716=CARTESIAN_POINT('',(-12.5639380514621,-24.4476749049815,-6.3619764149189));
#9717=CARTESIAN_POINT('Origin',(-12.5690124183893,-24.4476749049815,-6.16204395890236));
#9718=CARTESIAN_POINT('',(-12.5740867853164,-24.4476749049815,-5.96211150288582));
#9719=CARTESIAN_POINT('',(-12.6493125386666,-24.4476749049815,-2.99818125524424));
#9720=CARTESIAN_POINT('',(-12.5740867853164,-24.4476749049815,-5.96211150288582));
#9721=CARTESIAN_POINT('Origin',(-12.5822059065103,-24.4476749049815,-5.76319411396981));
#9722=CARTESIAN_POINT('',(-12.5903250277042,-24.4476749049815,-5.56427672505379));
#9723=CARTESIAN_POINT('',(-12.7041224527571,-24.4476749049815,-2.77625495319838));
#9724=CARTESIAN_POINT('',(-12.5903250277042,-24.4476749049815,-5.56427672505379));
#9725=CARTESIAN_POINT('Ctrl Pts',(-11.096414476633,-24.1476749049815,-6.45737543702126));
#9726=CARTESIAN_POINT('Ctrl Pts',(-11.096414476633,-24.4476749049815,-6.45737543702126));
#9727=CARTESIAN_POINT('Ctrl Pts',(-11.3227973519297,-24.1476749049815,-6.25532602069982));
#9728=CARTESIAN_POINT('Ctrl Pts',(-11.3227973519297,-24.4476749049815,-6.25532602069982));
#9729=CARTESIAN_POINT('Ctrl Pts',(-11.7638534545913,-24.1476749049815,-5.8616781884997));
#9730=CARTESIAN_POINT('Ctrl Pts',(-11.7638534545913,-24.4476749049815,-5.8616781884997));
#9731=CARTESIAN_POINT('Ctrl Pts',(-12.319754059164,-24.1476749049815,-5.66164026982369));
#9732=CARTESIAN_POINT('Ctrl Pts',(-12.319754059164,-24.4476749049815,-5.66164026982369));
#9733=CARTESIAN_POINT('Ctrl Pts',(-12.5903250277042,-24.1476749049815,-5.56427672505379));
#9734=CARTESIAN_POINT('Ctrl Pts',(-12.5903250277042,-24.4476749049815,-5.56427672505379));
#9735=CARTESIAN_POINT('',(-11.096414476633,-24.4476749049815,-6.45737543702126));
#9736=CARTESIAN_POINT('Ctrl Pts',(-11.096414476633,-24.4476749049815,-6.45737543702126));
#9737=CARTESIAN_POINT('Ctrl Pts',(-11.3227973519297,-24.4476749049815,-6.25532602069982));
#9738=CARTESIAN_POINT('Ctrl Pts',(-11.7638534545913,-24.4476749049815,-5.8616781884997));
#9739=CARTESIAN_POINT('Ctrl Pts',(-12.319754059164,-24.4476749049815,-5.66164026982369));
#9740=CARTESIAN_POINT('Ctrl Pts',(-12.5903250277042,-24.4476749049815,-5.56427672505379));
#9741=CARTESIAN_POINT('',(-11.096414476633,-24.4476749049815,-6.45737543702126));
#9742=CARTESIAN_POINT('Ctrl Pts',(-10.9523005783557,-24.1476749049815,-6.5223278105259));
#9743=CARTESIAN_POINT('Ctrl Pts',(-10.9523005783557,-24.4476749049815,-6.5223278105259));
#9744=CARTESIAN_POINT('Ctrl Pts',(-10.9781181032302,-24.1476749049815,-6.519090885222));
#9745=CARTESIAN_POINT('Ctrl Pts',(-10.9781181032302,-24.4476749049815,-6.519090885222));
#9746=CARTESIAN_POINT('Ctrl Pts',(-11.0326438905719,-24.1476749049815,-6.51225460244048));
#9747=CARTESIAN_POINT('Ctrl Pts',(-11.0326438905719,-24.4476749049815,-6.51225460244048));
#9748=CARTESIAN_POINT('Ctrl Pts',(-11.0744193589314,-24.1476749049815,-6.47630381415121));
#9749=CARTESIAN_POINT('Ctrl Pts',(-11.0744193589314,-24.4476749049815,-6.47630381415121));
#9750=CARTESIAN_POINT('Ctrl Pts',(-11.096414476633,-24.1476749049815,-6.45737543702126));
#9751=CARTESIAN_POINT('Ctrl Pts',(-11.096414476633,-24.4476749049815,-6.45737543702126));
#9752=CARTESIAN_POINT('',(-10.9523005783557,-24.4476749049815,-6.5223278105259));
#9753=CARTESIAN_POINT('Ctrl Pts',(-10.9523005783557,-24.4476749049815,-6.5223278105259));
#9754=CARTESIAN_POINT('Ctrl Pts',(-10.9781181032302,-24.4476749049815,-6.519090885222));
#9755=CARTESIAN_POINT('Ctrl Pts',(-11.0326438905719,-24.4476749049815,-6.51225460244048));
#9756=CARTESIAN_POINT('Ctrl Pts',(-11.0744193589314,-24.4476749049815,-6.47630381415121));
#9757=CARTESIAN_POINT('Ctrl Pts',(-11.096414476633,-24.4476749049815,-6.45737543702126));
#9758=CARTESIAN_POINT('',(-10.9523005783557,-24.4476749049815,-6.5223278105259));
#9759=CARTESIAN_POINT('Ctrl Pts',(-10.8071722090244,-24.1476749049815,-6.45940497517586));
#9760=CARTESIAN_POINT('Ctrl Pts',(-10.8071722090244,-24.4476749049815,-6.45940497517586));
#9761=CARTESIAN_POINT('Ctrl Pts',(-10.828458969022,-24.1476749049815,-6.47775592714654));
#9762=CARTESIAN_POINT('Ctrl Pts',(-10.828458969022,-24.4476749049815,-6.47775592714654));
#9763=CARTESIAN_POINT('Ctrl Pts',(-10.8703379963428,-24.1476749049815,-6.5138591208231));
#9764=CARTESIAN_POINT('Ctrl Pts',(-10.8703379963428,-24.4476749049815,-6.5138591208231));
#9765=CARTESIAN_POINT('Ctrl Pts',(-10.9252834433832,-24.1476749049815,-6.51953629606745));
#9766=CARTESIAN_POINT('Ctrl Pts',(-10.9252834433832,-24.4476749049815,-6.51953629606745));
#9767=CARTESIAN_POINT('Ctrl Pts',(-10.9523005783557,-24.1476749049815,-6.5223278105259));
#9768=CARTESIAN_POINT('Ctrl Pts',(-10.9523005783557,-24.4476749049815,-6.5223278105259));
#9769=CARTESIAN_POINT('Ctrl Pts',(-10.8071722090244,-24.4476749049815,-6.45940497517586));
#9770=CARTESIAN_POINT('Ctrl Pts',(-10.828458969022,-24.4476749049815,-6.47775592714654));
#9771=CARTESIAN_POINT('Ctrl Pts',(-10.8703379963428,-24.4476749049815,-6.5138591208231));
#9772=CARTESIAN_POINT('Ctrl Pts',(-10.9252834433832,-24.4476749049815,-6.51953629606745));
#9773=CARTESIAN_POINT('Ctrl Pts',(-10.9523005783557,-24.4476749049815,-6.5223278105259));
#9774=CARTESIAN_POINT('Origin',(-15.9,-24.4476749049815,0.0852157301896808));
#9775=CARTESIAN_POINT('',(-15.1,-24.4476749049815,-9.26478426981032));
#9776=CARTESIAN_POINT('',(-15.1,-24.4476749049815,-0.564784269810319));
#9777=CARTESIAN_POINT('',(-15.1,-24.4476749049815,0.0852157301896808));
#9778=CARTESIAN_POINT('',(-6.64999999999999,-24.4476749049815,-9.26478426981032));
#9779=CARTESIAN_POINT('',(-13.525,-24.4476749049815,-9.26478426981032));
#9780=CARTESIAN_POINT('',(-6.64999999999999,-24.4476749049815,-0.564784269810319));
#9781=CARTESIAN_POINT('',(-6.64999999999999,-24.4476749049815,0.0852157301896808));
#9782=CARTESIAN_POINT('',(-13.525,-24.4476749049815,-0.564784269810319));
#9783=CARTESIAN_POINT('Origin',(-15.2,-7.4976749049815,-2.91478426981032));
#9784=CARTESIAN_POINT('',(-15.1,-4.5476749049815,-2.91478426981032));
#9785=CARTESIAN_POINT('',(-15.3,-4.7476749049815,-2.91478426981032));
#9786=CARTESIAN_POINT('',(-15.1,-4.5476749049815,-2.91478426981032));
#9787=CARTESIAN_POINT('',(-15.3,-7.4976749049815,-0.164784269810315));
#9788=CARTESIAN_POINT('Origin',(-15.3,-7.4976749049815,-2.91478426981032));
#9789=CARTESIAN_POINT('',(-15.1,-7.4976749049815,0.0352157301896828));
#9790=CARTESIAN_POINT('',(-15.3,-7.4976749049815,-0.164784269810315));
#9791=CARTESIAN_POINT('Origin',(-15.1,-7.4976749049815,-2.91478426981032));
#9792=CARTESIAN_POINT('Origin',(-15.2,-4.6476749049815,0.0852157301896832));
#9793=CARTESIAN_POINT('',(-15.1,-4.5476749049815,-9.26478426981032));
#9794=CARTESIAN_POINT('',(-15.3,-4.7476749049815,-9.26478426981032));
#9795=CARTESIAN_POINT('',(-15.1,-4.5476749049815,-9.26478426981032));
#9796=CARTESIAN_POINT('',(-15.3,-4.7476749049815,0.0852157301896832));
#9797=CARTESIAN_POINT('',(-15.1,-4.5476749049815,0.0852157301896832));
#9798=CARTESIAN_POINT('Origin',(-15.2,-5.1476749049815,-9.26478426981032));
#9799=CARTESIAN_POINT('',(-15.1,-5.1476749049815,-9.86478426981032));
#9800=CARTESIAN_POINT('',(-15.3,-5.1476749049815,-9.66478426981032));
#9801=CARTESIAN_POINT('',(-15.1,-5.1476749049815,-9.86478426981032));
#9802=CARTESIAN_POINT('Origin',(-15.3,-5.1476749049815,-9.26478426981032));
#9803=CARTESIAN_POINT('Origin',(-15.1,-5.1476749049815,-9.26478426981032));
#9804=CARTESIAN_POINT('Origin',(-15.2,-9.4976749049815,-9.76478426981032));
#9805=CARTESIAN_POINT('',(-15.1,-23.8476749049815,-9.86478426981032));
#9806=CARTESIAN_POINT('',(-15.3,-23.8476749049815,-9.66478426981032));
#9807=CARTESIAN_POINT('',(-15.1,-23.8476749049815,-9.86478426981032));
#9808=CARTESIAN_POINT('',(-15.3,-9.4976749049815,-9.66478426981032));
#9809=CARTESIAN_POINT('',(-15.1,-9.4976749049815,-9.86478426981032));
#9810=CARTESIAN_POINT('Origin',(-15.2,-23.8476749049815,-9.26478426981032));
#9811=CARTESIAN_POINT('',(-15.3,-24.2476749049815,-9.26478426981032));
#9812=CARTESIAN_POINT('',(-15.1,-24.4476749049815,-9.26478426981032));
#9813=CARTESIAN_POINT('Origin',(-15.3,-23.8476749049815,-9.26478426981032));
#9814=CARTESIAN_POINT('Origin',(-15.1,-23.8476749049815,-9.26478426981032));
#9815=CARTESIAN_POINT('Origin',(-15.2,-24.3476749049815,0.0852157301896808));
#9816=CARTESIAN_POINT('',(-15.3,-24.2476749049815,-0.564784269810319));
#9817=CARTESIAN_POINT('',(-15.1,-24.4476749049815,-0.564784269810319));
#9818=CARTESIAN_POINT('',(-15.3,-24.2476749049815,0.0852157301896808));
#9819=CARTESIAN_POINT('Origin',(-15.2,-23.8476749049815,-0.564784269810319));
#9820=CARTESIAN_POINT('',(-15.1,-23.8476749049815,0.0352157301896808));
#9821=CARTESIAN_POINT('',(-15.3,-23.8476749049815,-0.164784269810319));
#9822=CARTESIAN_POINT('',(-15.1,-23.8476749049815,0.0352157301896808));
#9823=CARTESIAN_POINT('Origin',(-15.3,-23.8476749049815,-0.564784269810319));
#9824=CARTESIAN_POINT('Origin',(-15.1,-23.8476749049815,-0.564784269810319));
#9825=CARTESIAN_POINT('Origin',(-15.2,-9.4976749049815,-0.0647842698103174));
#9826=CARTESIAN_POINT('',(-15.3,-9.4976749049815,-0.164784269810317));
#9827=CARTESIAN_POINT('',(-15.1,-9.4976749049815,0.0352157301896826));
#9828=CARTESIAN_POINT('Origin',(-11.15,-14.4976749049815,-9.86478426981032));
#9829=CARTESIAN_POINT('',(-6.64999999999999,-5.14767490498149,-9.86478426981032));
#9830=CARTESIAN_POINT('',(-8.775,-5.1476749049815,-9.86478426981032));
#9831=CARTESIAN_POINT('',(-6.64999999999999,-23.8476749049815,-9.86478426981032));
#9832=CARTESIAN_POINT('',(-6.64999999999999,-19.4976749049815,-9.86478426981032));
#9833=CARTESIAN_POINT('',(-13.525,-23.8476749049815,-9.86478426981032));
#9834=CARTESIAN_POINT('',(-12.8,-9.09534980996299,-9.86478426981032));
#9835=CARTESIAN_POINT('Origin',(-10.9,-9.09534980996299,-9.86478426981032));
#9836=CARTESIAN_POINT('',(-7.59999999999999,-18.3766952038805,-9.86478426981032));
#9837=CARTESIAN_POINT('',(-7.6,-13.617349809963,-9.86478426981032));
#9838=CARTESIAN_POINT('',(-7.6,-14.1575123574722,-9.86478426981032));
#9839=CARTESIAN_POINT('',(-14.2,-13.617349809963,-9.86478426981032));
#9840=CARTESIAN_POINT('',(-12.575,-13.617349809963,-9.86478426981032));
#9841=CARTESIAN_POINT('',(-14.2,-18.3766952038805,-9.86478426981032));
#9842=CARTESIAN_POINT('',(-14.2,-16.5475123574722,-9.86478426981032));
#9843=CARTESIAN_POINT('',(-14.,-18.3766952038805,-9.86478426981032));
#9844=CARTESIAN_POINT('Origin',(-8.775,-5.1476749049815,-9.26478426981032));
#9845=CARTESIAN_POINT('',(-6.65000000000002,-4.54767490498149,-9.26478426981032));
#9846=CARTESIAN_POINT('',(-8.775,-4.54767490498149,-9.26478426981032));
#9847=CARTESIAN_POINT('Origin',(-6.65000000000002,-5.14767490498149,-9.26478426981032));
#9848=CARTESIAN_POINT('Origin',(-6.4,-4.54767490498149,0.0852157301896832));
#9849=CARTESIAN_POINT('',(-6.64999999999999,-4.54767490498149,-2.91478426981032));
#9850=CARTESIAN_POINT('',(-8.775,-4.5476749049815,-2.91478426981032));
#9851=CARTESIAN_POINT('',(-6.64999999999999,-4.54767490498149,0.0852157301896832));
#9852=CARTESIAN_POINT('Origin',(-8.775,-7.4976749049815,-2.91478426981032));
#9853=CARTESIAN_POINT('',(-12.7242970969643,-7.4976749049815,0.0352157301896828));
#9854=CARTESIAN_POINT('',(-8.775,-7.4976749049815,0.0352157301896828));
#9855=CARTESIAN_POINT('',(-12.5877428094331,-7.35408562736592,0.0317191018751517));
#9856=CARTESIAN_POINT('Ctrl Pts',(-12.7242970969643,-7.4976749049815,0.0352157301896827));
#9857=CARTESIAN_POINT('Ctrl Pts',(-12.6807678058037,-7.44797120165018,0.0352157301896827));
#9858=CARTESIAN_POINT('Ctrl Pts',(-12.6352115021159,-7.40004073600825,0.0339585905233259));
#9859=CARTESIAN_POINT('Ctrl Pts',(-12.5877428094331,-7.35408562736592,0.0317191018751516));
#9860=CARTESIAN_POINT('',(-9.21225719056691,-7.35408562736592,0.0317191018751516));
#9861=CARTESIAN_POINT('Ctrl Pts',(-12.5877428094331,-7.35408562736592,0.0317191018751516));
#9862=CARTESIAN_POINT('Ctrl Pts',(-12.3404100813704,-7.11463933663156,0.0200503828624157));
#9863=CARTESIAN_POINT('Ctrl Pts',(-11.6958281533994,-6.72662605484256,-0.0613920218562289));
#9864=CARTESIAN_POINT('Ctrl Pts',(-10.7228034473411,-6.62482058280756,-0.0989969006136365));
#9865=CARTESIAN_POINT('Ctrl Pts',(-9.84857211611763,-6.86134409712735,-0.0270476769045364));
#9866=CARTESIAN_POINT('Ctrl Pts',(-9.39775673661388,-7.17450090931514,0.0229675626155994));
#9867=CARTESIAN_POINT('Ctrl Pts',(-9.21225719056691,-7.35408562736592,0.0317191018751516));
#9868=CARTESIAN_POINT('',(-9.07570290303568,-7.4976749049815,0.0352157301896828));
#9869=CARTESIAN_POINT('Ctrl Pts',(-9.21225719056691,-7.35408562736592,0.0317191018751517));
#9870=CARTESIAN_POINT('Ctrl Pts',(-9.16478849788405,-7.40004073600824,0.033958590523326));
#9871=CARTESIAN_POINT('Ctrl Pts',(-9.11923219419623,-7.44797120165017,0.0352157301896827));
#9872=CARTESIAN_POINT('Ctrl Pts',(-9.07570290303568,-7.4976749049815,0.0352157301896827));
#9873=CARTESIAN_POINT('',(-6.65000000000002,-7.4976749049815,0.0352157301896828));
#9874=CARTESIAN_POINT('',(-8.775,-7.4976749049815,0.0352157301896828));
#9875=CARTESIAN_POINT('Origin',(-6.65000000000002,-7.4976749049815,-2.91478426981032));
#9876=CARTESIAN_POINT('Origin',(-15.3,-4.4976749049815,0.0852157301896832));
#9877=CARTESIAN_POINT('Origin',(-13.525,-23.8476749049815,-0.564784269810319));
#9878=CARTESIAN_POINT('',(-6.64999999999999,-23.8476749049815,0.0352157301896808));
#9879=CARTESIAN_POINT('Origin',(-6.64999999999999,-23.8476749049815,-0.564784269810319));
#9880=CARTESIAN_POINT('',(-13.525,-23.8476749049815,0.0352157301896808));
#9881=CARTESIAN_POINT('Origin',(-13.525,-23.8476749049815,-9.26478426981032));
#9882=CARTESIAN_POINT('Origin',(-6.64999999999999,-23.8476749049815,-9.26478426981032));
#9883=CARTESIAN_POINT('Origin',(-11.15,-14.4976749049815,0.035215730189682));
#9884=CARTESIAN_POINT('',(-6.64999999999999,-19.4976749049815,0.0352157301896814));
#9885=CARTESIAN_POINT('Origin',(-10.9,-9.09534980996299,0.0352157301896826));
#9886=CARTESIAN_POINT('',(-14.2,-13.617349809963,0.0352157301896821));
#9887=CARTESIAN_POINT('',(-7.6,-13.617349809963,0.0352157301896821));
#9888=CARTESIAN_POINT('',(-12.575,-13.617349809963,0.0352157301896821));
#9889=CARTESIAN_POINT('',(-7.59999999999999,-18.3950929691246,0.0352157301896815));
#9890=CARTESIAN_POINT('',(-7.6,-14.1575123574722,0.035215730189682));
#9891=CARTESIAN_POINT('',(-14.2,-18.3950929691246,0.0352157301896815));
#9892=CARTESIAN_POINT('',(-14.,-18.3950929691246,0.0352157301896815));
#9893=CARTESIAN_POINT('',(-14.2,-16.5475123574722,0.0352157301896817));
#9894=CARTESIAN_POINT('',(-11.9,-21.1213839370315,0.0352157301896838));
#9895=CARTESIAN_POINT('Origin',(-11.15,-21.1213839370315,0.035215730189682));
#9896=CARTESIAN_POINT('Origin',(-15.9,-24.4476749049815,0.0852157301896808));
#9897=CARTESIAN_POINT('Origin',(-11.15,-21.1213839370315,0.0352157301896838));
#9898=CARTESIAN_POINT('',(-11.15,-21.1213839370315,-0.714784269810316));
#9899=CARTESIAN_POINT('Origin',(-11.15,-21.1213839370315,0.0352157301896838));
#9900=CARTESIAN_POINT('Origin',(-6.54999999999999,-19.4976749049815,-9.76478426981032));
#9901=CARTESIAN_POINT('',(-6.44999999999999,-5.14767490498149,-9.66478426981032));
#9902=CARTESIAN_POINT('',(-6.44999999999999,-5.14767490498149,-9.66478426981032));
#9903=CARTESIAN_POINT('',(-6.44999999999999,-23.8476749049815,-9.66478426981032));
#9904=CARTESIAN_POINT('',(-6.44999999999999,-19.4976749049815,-9.66478426981032));
#9905=CARTESIAN_POINT('',(-6.64999999999999,-23.8476749049815,-9.86478426981032));
#9906=CARTESIAN_POINT('Origin',(-6.55000000000001,-5.14767490498149,-9.26478426981032));
#9907=CARTESIAN_POINT('',(-6.44999999999999,-4.74767490498149,-9.26478426981032));
#9908=CARTESIAN_POINT('',(-6.44999999999999,-4.74767490498149,-9.26478426981032));
#9909=CARTESIAN_POINT('Origin',(-6.44999999999999,-5.14767490498149,-9.26478426981032));
#9910=CARTESIAN_POINT('Origin',(-6.54999999999999,-4.64767490498149,0.0852157301896832));
#9911=CARTESIAN_POINT('',(-6.44999999999999,-4.74767490498149,-2.91478426981032));
#9912=CARTESIAN_POINT('',(-6.44999999999999,-4.74767490498149,-2.91478426981032));
#9913=CARTESIAN_POINT('',(-6.44999999999999,-4.74767490498149,0.0852157301896832));
#9914=CARTESIAN_POINT('Origin',(-6.55,-7.4976749049815,-2.91478426981032));
#9915=CARTESIAN_POINT('',(-6.44999999999999,-7.4976749049815,-0.164784269810317));
#9916=CARTESIAN_POINT('',(-6.44999999999999,-7.4976749049815,-0.164784269810317));
#9917=CARTESIAN_POINT('Origin',(-6.44999999999999,-7.4976749049815,-2.91478426981032));
#9918=CARTESIAN_POINT('Origin',(-6.54999999999999,-19.4976749049815,-0.0647842698103186));
#9919=CARTESIAN_POINT('',(-6.44999999999999,-23.8476749049815,-0.164784269810319));
#9920=CARTESIAN_POINT('',(-6.44999999999999,-23.8476749049815,-0.164784269810319));
#9921=CARTESIAN_POINT('',(-6.44999999999999,-19.4976749049815,-0.164784269810319));
#9922=CARTESIAN_POINT('Origin',(-6.54999999999999,-23.8476749049815,-0.564784269810319));
#9923=CARTESIAN_POINT('',(-6.44999999999999,-24.2476749049815,-0.564784269810319));
#9924=CARTESIAN_POINT('',(-6.44999999999999,-24.2476749049815,-0.564784269810319));
#9925=CARTESIAN_POINT('Origin',(-6.44999999999999,-23.8476749049815,-0.564784269810319));
#9926=CARTESIAN_POINT('Origin',(-6.54999999999999,-24.3476749049815,0.0852157301896808));
#9927=CARTESIAN_POINT('',(-6.44999999999999,-24.2476749049815,-9.26478426981032));
#9928=CARTESIAN_POINT('',(-6.44999999999999,-24.2476749049815,-9.26478426981032));
#9929=CARTESIAN_POINT('',(-6.44999999999999,-24.2476749049815,0.0852157301896808));
#9930=CARTESIAN_POINT('Origin',(-6.54999999999999,-23.8476749049815,-9.26478426981032));
#9931=CARTESIAN_POINT('Origin',(-6.44999999999999,-23.8476749049815,-9.26478426981032));
#9932=CARTESIAN_POINT('Origin',(-6.44999999999999,-24.4976749049815,0.0852157301896808));
#9933=CARTESIAN_POINT('Origin',(-10.9,-9.09534980996299,-9.76478426981032));
#9934=CARTESIAN_POINT('',(-12.6,-9.09534980996299,-9.66478426981032));
#9935=CARTESIAN_POINT('',(-12.7,-9.09534980996299,-9.76478426981032));
#9936=CARTESIAN_POINT('Origin',(-10.9,-9.09534980996299,-9.66478426981032));
#9937=CARTESIAN_POINT('Origin',(-10.9,-9.09534980996299,0.0852157301896826));
#9938=CARTESIAN_POINT('',(-12.6,-9.09534980996299,-5.43978426981032));
#9939=CARTESIAN_POINT('',(-12.6,-9.09534980996299,0.0852157301896826));
#9940=CARTESIAN_POINT('Origin',(-10.9,-9.09534980996299,-5.43978426981032));
#9941=CARTESIAN_POINT('Origin',(-7.7,-14.1575123574722,-9.76478426981032));
#9942=CARTESIAN_POINT('',(-7.77966597055247,-18.088830882194,-9.68511829925784));
#9943=CARTESIAN_POINT('',(-7.77966597055247,-18.088830882194,-9.68511829925784));
#9944=CARTESIAN_POINT('',(-7.79999999999999,-18.0730759410496,-9.66478426981032));
#9945=CARTESIAN_POINT('Origin',(-7.45000000000034,-17.6423498099639,-10.01478426981));
#9946=CARTESIAN_POINT('',(-7.8,-13.817349809963,-9.66478426981032));
#9947=CARTESIAN_POINT('',(-7.8,-14.1575123574722,-9.66478426981032));
#9948=CARTESIAN_POINT('',(-7.6,-13.617349809963,-9.86478426981032));
#9949=CARTESIAN_POINT('Origin',(-12.575,-13.717349809963,-9.76478426981032));
#9950=CARTESIAN_POINT('',(-14.,-13.817349809963,-9.66478426981032));
#9951=CARTESIAN_POINT('',(-12.575,-13.817349809963,-9.66478426981032));
#9952=CARTESIAN_POINT('',(-14.2,-13.617349809963,-9.86478426981032));
#9953=CARTESIAN_POINT('Origin',(-14.1,-16.5475123574722,-9.76478426981032));
#9954=CARTESIAN_POINT('',(-14.,-18.0730759410496,-9.66478426981032));
#9955=CARTESIAN_POINT('',(-14.,-16.5475123574722,-9.66478426981032));
#9956=CARTESIAN_POINT('',(-14.0203340294475,-18.088830882194,-9.68511829925784));
#9957=CARTESIAN_POINT('Origin',(-14.3499999999996,-17.6423498099639,-10.01478426981));
#9958=CARTESIAN_POINT('',(-14.0203340294475,-18.088830882194,-9.68511829925784));
#9959=CARTESIAN_POINT('Origin',(-14.,-18.2327630430373,-9.77495128453408));
#9960=CARTESIAN_POINT('',(-14.,-18.088830882194,-9.68511829925784));
#9961=CARTESIAN_POINT('Origin',(-14.,-18.597349809963,0.0852157301896815));
#9962=CARTESIAN_POINT('',(-14.,-13.817349809963,-8.01478426981032));
#9963=CARTESIAN_POINT('',(-14.,-13.817349809963,0.0852157301896821));
#9964=CARTESIAN_POINT('',(-14.,-17.597349809963,-8.01478426981029));
#9965=CARTESIAN_POINT('',(-14.,-13.817349809963,-8.01478426981033));
#9966=CARTESIAN_POINT('',(-14.,-17.597349809963,-7.42609827314651));
#9967=CARTESIAN_POINT('',(-14.,-17.5973498099623,-3.59469655726073));
#9968=CARTESIAN_POINT('',(-14.,-17.8855520571537,-7.51590786531826));
#9969=CARTESIAN_POINT('Origin',(-14.,-17.4473498099572,-8.41478426980944));
#9970=CARTESIAN_POINT('',(-14.,-17.8855520571525,-8.51366067430583));
#9971=CARTESIAN_POINT('Origin',(-14.,-17.6423498099631,-8.01478426981079));
#9972=CARTESIAN_POINT('',(-14.,-17.597349809963,-8.60347026647454));
#9973=CARTESIAN_POINT('Origin',(-14.,-17.4473498099647,-7.61478426981104));
#9974=CARTESIAN_POINT('',(-14.,-17.597349809963,-9.42609827314651));
#9975=CARTESIAN_POINT('',(-14.,-17.597349809963,0.0852157301896816));
#9976=CARTESIAN_POINT('',(-14.,-17.8855520571531,-9.51590786531486));
#9977=CARTESIAN_POINT('Origin',(-14.,-17.4473498099572,-10.4147842698094));
#9978=CARTESIAN_POINT('Origin',(-14.,-17.6423498099639,-10.01478426981));
#9979=CARTESIAN_POINT('Origin',(-14.,-17.6423498099639,-10.01478426981));
#9980=CARTESIAN_POINT('',(-7.79999999999999,-17.8855520571531,-9.51590786531486));
#9981=CARTESIAN_POINT('',(-14.,-17.8855520571531,-9.51590786531486));
#9982=CARTESIAN_POINT('Origin',(-7.79999999999999,-17.6423498099639,-10.01478426981));
#9983=CARTESIAN_POINT('Origin',(-12.575,-13.717349809963,-0.0647842698103179));
#9984=CARTESIAN_POINT('',(-7.8,-13.817349809963,-0.164784269810318));
#9985=CARTESIAN_POINT('',(-14.,-13.817349809963,-0.164784269810318));
#9986=CARTESIAN_POINT('',(-12.575,-13.817349809963,-0.164784269810318));
#9987=CARTESIAN_POINT('',(-7.6,-13.617349809963,0.0352157301896821));
#9988=CARTESIAN_POINT('',(-14.,-13.817349809963,-0.164784269810318));
#9989=CARTESIAN_POINT('Origin',(-14.1,-16.5475123574722,-0.0647842698103183));
#9990=CARTESIAN_POINT('',(-14.0008267514281,-18.1769265976284,-0.163957518382163));
#9991=CARTESIAN_POINT('',(-14.0008267514281,-18.1769265976284,-0.163957518382163));
#9992=CARTESIAN_POINT('',(-14.,-18.1766952038798,-0.164784269810319));
#9993=CARTESIAN_POINT('Origin',(-14.1499999999995,-17.6423498099631,-0.0147842698107914));
#9994=CARTESIAN_POINT('',(-14.,-16.5475123574722,-0.164784269810318));
#9995=CARTESIAN_POINT('Origin',(-7.7,-14.1575123574722,-0.064784269810318));
#9996=CARTESIAN_POINT('',(-7.79999999999999,-18.1766952038798,-0.164784269810319));
#9997=CARTESIAN_POINT('',(-7.8,-14.1575123574722,-0.164784269810318));
#9998=CARTESIAN_POINT('',(-7.79917324857184,-18.1769265976284,-0.163957518382163));
#9999=CARTESIAN_POINT('Origin',(-7.65000000000047,-17.6423498099631,-0.0147842698107914));
#10000=CARTESIAN_POINT('',(-7.79917324857184,-18.1769265976284,-0.163957518382163));
#10001=CARTESIAN_POINT('Origin',(-14.,-18.2860097833765,-0.0643708940962409));
#10002=CARTESIAN_POINT('',(-14.,-18.1769265976284,-0.163957518382163));
#10003=CARTESIAN_POINT('Origin',(-14.,-18.597349809963,0.0852157301896815));
#10004=CARTESIAN_POINT('',(-14.,-17.8855520571525,-0.51366067430583));
#10005=CARTESIAN_POINT('Origin',(-14.,-17.6423498099631,-0.0147842698107914));
#10006=CARTESIAN_POINT('',(-14.,-17.597349809963,-0.603470266474539));
#10007=CARTESIAN_POINT('Origin',(-14.,-17.4473498099647,0.385215730188962));
#10008=CARTESIAN_POINT('',(-14.,-17.597349809963,-1.42609827314651));
#10009=CARTESIAN_POINT('',(-14.,-17.597349809963,0.0852157301896816));
#10010=CARTESIAN_POINT('',(-14.,-17.8855520571537,-1.51590786531826));
#10011=CARTESIAN_POINT('Origin',(-14.,-17.4473498099572,-2.41478426980944));
#10012=CARTESIAN_POINT('',(-14.,-17.8855520571525,-2.51366067430583));
#10013=CARTESIAN_POINT('Origin',(-14.,-17.6423498099631,-2.01478426981079));
#10014=CARTESIAN_POINT('',(-14.,-17.597349809963,-2.60347026647454));
#10015=CARTESIAN_POINT('Origin',(-14.,-17.4473498099647,-1.61478426981104));
#10016=CARTESIAN_POINT('',(-14.,-17.597349809963,-3.42609827314651));
#10017=CARTESIAN_POINT('',(-14.,-17.597349809963,0.0852157301896816));
#10018=CARTESIAN_POINT('',(-14.,-17.8855520571537,-3.51590786531826));
#10019=CARTESIAN_POINT('Origin',(-14.,-17.4473498099572,-4.41478426980944));
#10020=CARTESIAN_POINT('',(-14.,-17.8855520571525,-4.51366067430583));
#10021=CARTESIAN_POINT('Origin',(-14.,-17.6423498099631,-4.01478426981079));
#10022=CARTESIAN_POINT('',(-14.,-17.597349809963,-4.60347026647454));
#10023=CARTESIAN_POINT('Origin',(-14.,-17.4473498099647,-3.61478426981104));
#10024=CARTESIAN_POINT('',(-14.,-17.597349809963,-5.42609827314651));
#10025=CARTESIAN_POINT('',(-14.,-17.597349809963,0.0852157301896816));
#10026=CARTESIAN_POINT('',(-14.,-17.8855520571537,-5.51590786531826));
#10027=CARTESIAN_POINT('Origin',(-14.,-17.4473498099572,-6.41478426980944));
#10028=CARTESIAN_POINT('',(-14.,-17.8855520571525,-6.51366067430583));
#10029=CARTESIAN_POINT('Origin',(-14.,-17.6423498099631,-6.01478426981079));
#10030=CARTESIAN_POINT('',(-14.,-17.597349809963,-6.60347026647454));
#10031=CARTESIAN_POINT('Origin',(-14.,-17.4473498099647,-5.61478426981104));
#10032=CARTESIAN_POINT('',(-14.,-17.597349809963,-5.7787162923105));
#10033=CARTESIAN_POINT('',(-14.,-17.5973498099623,-3.59469655726073));
#10034=CARTESIAN_POINT('',(-14.,-13.817349809963,-5.77871629231053));
#10035=CARTESIAN_POINT('',(-14.,-13.817349809963,-5.77871629231051));
#10036=CARTESIAN_POINT('',(-14.,-13.817349809963,0.0852157301896821));
#10037=CARTESIAN_POINT('Origin',(-14.,-13.817349809963,0.0852157301896821));
#10038=CARTESIAN_POINT('',(-7.79999999999999,-13.817349809963,-8.01478426981032));
#10039=CARTESIAN_POINT('',(-7.8,-13.817349809963,0.0852157301896821));
#10040=CARTESIAN_POINT('',(-7.79999999999999,-13.817349809963,-5.77871629231052));
#10041=CARTESIAN_POINT('Origin',(-8.79999999999999,-13.817349809963,-6.89675028106042));
#10042=CARTESIAN_POINT('',(-7.8,-13.817349809963,0.0852157301896821));
#10043=CARTESIAN_POINT('Origin',(-13.,-13.817349809963,-6.89675028106042));
#10044=CARTESIAN_POINT('Origin',(-10.9,-9.09534980996299,-0.0647842698103174));
#10045=CARTESIAN_POINT('',(-12.5738396044312,-7.6294419074542,-0.164784269810317));
#10046=CARTESIAN_POINT('',(-12.7242970969643,-7.4976749049815,0.0352157301896828));
#10047=CARTESIAN_POINT('',(-9.22616039556882,-7.6294419074542,-0.164784269810317));
#10048=CARTESIAN_POINT('',(-9.22616039556882,-7.6294419074542,-0.164784269810317));
#10049=CARTESIAN_POINT('',(-13.125,-9.09534980996299,-0.164784269810317));
#10050=CARTESIAN_POINT('Origin',(-10.9,-9.09534980996299,-0.164784269810317));
#10051=CARTESIAN_POINT('Origin',(-10.9,-9.09534980996299,-0.164784269810317));
#10052=CARTESIAN_POINT('Ctrl Pts',(-9.21225719056691,-7.35408562736592,
0.0317191018751516));
#10053=CARTESIAN_POINT('Ctrl Pts',(-9.39775673661388,-7.17450090931514,
0.0229675626155994));
#10054=CARTESIAN_POINT('Ctrl Pts',(-9.84857211611763,-6.86134409712735,
-0.0270476769045364));
#10055=CARTESIAN_POINT('Ctrl Pts',(-10.7228034473411,-6.62482058280756,
-0.0989969006136365));
#10056=CARTESIAN_POINT('Ctrl Pts',(-11.6958281533994,-6.72662605484256,
-0.0613920218562289));
#10057=CARTESIAN_POINT('Ctrl Pts',(-12.3404100813704,-7.11463933663156,
0.0200503828624157));
#10058=CARTESIAN_POINT('Ctrl Pts',(-12.5877428094331,-7.35408562736592,
0.0317191018751516));
#10059=CARTESIAN_POINT('Ctrl Pts',(-9.25864911149223,-7.40194871990444,
-0.0337820220200048));
#10060=CARTESIAN_POINT('Ctrl Pts',(-9.43718395593386,-7.22904359089425,
-0.0396163815263729));
#10061=CARTESIAN_POINT('Ctrl Pts',(-9.87288031755351,-6.92410369407022,
-0.0825061279978082));
#10062=CARTESIAN_POINT('Ctrl Pts',(-10.7261987218408,-6.68961825612286,
-0.147787931953503));
#10063=CARTESIAN_POINT('Ctrl Pts',(-11.6790191162542,-6.79140923226248,
-0.113253554465239));
#10064=CARTESIAN_POINT('Ctrl Pts',(-12.3033044292522,-7.17140854789086,
-0.0415611680284953));
#10065=CARTESIAN_POINT('Ctrl Pts',(-12.5413508885078,-7.40194871990445,
-0.0337820220200048));
#10066=CARTESIAN_POINT('Ctrl Pts',(-9.30504103241754,-7.44981181244297,
-0.0992831459151612));
#10067=CARTESIAN_POINT('Ctrl Pts',(-9.47661117525383,-7.28358627247336,
-0.102200325668345));
#10068=CARTESIAN_POINT('Ctrl Pts',(-9.8971885189894,-6.9868632910131,-0.13796457909108));
#10069=CARTESIAN_POINT('Ctrl Pts',(-10.7295939963404,-6.75441592943815,
-0.19657896329337));
#10070=CARTESIAN_POINT('Ctrl Pts',(-11.6622100791091,-6.85619240968239,
-0.165115087074249));
#10071=CARTESIAN_POINT('Ctrl Pts',(-12.266198777134,-7.22817775915016,-0.103172718919406));
#10072=CARTESIAN_POINT('Ctrl Pts',(-12.4949589675824,-7.44981181244297,
-0.0992831459151612));
#10073=CARTESIAN_POINT('Ctrl Pts',(-9.35143295334286,-7.4976749049815,-0.164784269810318));
#10074=CARTESIAN_POINT('Ctrl Pts',(-9.51603839457381,-7.33812895405247,
-0.164784269810318));
#10075=CARTESIAN_POINT('Ctrl Pts',(-9.92149672042528,-7.04962288795597,
-0.193423030184352));
#10076=CARTESIAN_POINT('Ctrl Pts',(-10.7329892708401,-6.81921360275345,
-0.245369994633236));
#10077=CARTESIAN_POINT('Ctrl Pts',(-11.6454010419639,-6.92097558710229,
-0.216976619683258));
#10078=CARTESIAN_POINT('Ctrl Pts',(-12.2290931250158,-7.28494697040946,
-0.164784269810318));
#10079=CARTESIAN_POINT('Ctrl Pts',(-12.4485670466571,-7.4976749049815,-0.164784269810318));
#10080=CARTESIAN_POINT('',(-12.4485670466571,-7.4976749049815,-0.164784269810317));
#10081=CARTESIAN_POINT('',(-12.4485670466571,-7.4976749049815,-0.164784269810317));
#10082=CARTESIAN_POINT('',(-9.35143295334286,-7.4976749049815,-0.164784269810317));
#10083=CARTESIAN_POINT('Ctrl Pts',(-9.35143295334286,-7.4976749049815,-0.164784269810318));
#10084=CARTESIAN_POINT('Ctrl Pts',(-9.51603839457381,-7.33812895405247,
-0.164784269810318));
#10085=CARTESIAN_POINT('Ctrl Pts',(-9.92149672042528,-7.04962288795597,
-0.193423030184352));
#10086=CARTESIAN_POINT('Ctrl Pts',(-10.7329892708401,-6.81921360275345,
-0.245369994633236));
#10087=CARTESIAN_POINT('Ctrl Pts',(-11.6454010419639,-6.92097558710229,
-0.216976619683258));
#10088=CARTESIAN_POINT('Ctrl Pts',(-12.2290931250158,-7.28494697040946,
-0.164784269810318));
#10089=CARTESIAN_POINT('Ctrl Pts',(-12.4485670466571,-7.4976749049815,-0.164784269810318));
#10090=CARTESIAN_POINT('',(-9.21225719056691,-7.35408562736592,0.0317191018751516));
#10091=CARTESIAN_POINT('Ctrl Pts',(-9.07570290303568,-7.4976749049815,0.0352157301896827));
#10092=CARTESIAN_POINT('Ctrl Pts',(-9.11923219419623,-7.44797120165017,
0.0352157301896827));
#10093=CARTESIAN_POINT('Ctrl Pts',(-9.16478849788405,-7.40004073600824,
0.033958590523326));
#10094=CARTESIAN_POINT('Ctrl Pts',(-9.21225719056691,-7.35408562736592,
0.0317191018751517));
#10095=CARTESIAN_POINT('Ctrl Pts',(-9.12585540054673,-7.54159723913906,
-0.0314509364769839));
#10096=CARTESIAN_POINT('Ctrl Pts',(-9.16818801016334,-7.49325996064159,
-0.0314509364769839));
#10097=CARTESIAN_POINT('Ctrl Pts',(-9.21249355265014,-7.4466492349789,-0.0322890295878884));
#10098=CARTESIAN_POINT('Ctrl Pts',(-9.25864911149223,-7.40194871990444,
-0.0337820220200046));
#10099=CARTESIAN_POINT('Ctrl Pts',(-9.17600789805778,-7.58551957329663,
-0.0981176031436506));
#10100=CARTESIAN_POINT('Ctrl Pts',(-9.21714382613046,-7.53854871963301,
-0.0981176031436506));
#10101=CARTESIAN_POINT('Ctrl Pts',(-9.26019860741622,-7.49325773394957,
-0.0985366496991028));
#10102=CARTESIAN_POINT('Ctrl Pts',(-9.30504103241754,-7.44981181244297,
-0.0992831459151609));
#10103=CARTESIAN_POINT('Ctrl Pts',(-9.22616039556882,-7.6294419074542,-0.164784269810317));
#10104=CARTESIAN_POINT('Ctrl Pts',(-9.26609964209757,-7.58383747862443,
-0.164784269810317));
#10105=CARTESIAN_POINT('Ctrl Pts',(-9.30790366218231,-7.53986623292023,
-0.164784269810317));
#10106=CARTESIAN_POINT('Ctrl Pts',(-9.35143295334286,-7.4976749049815,-0.164784269810317));
#10107=CARTESIAN_POINT('Ctrl Pts',(-9.22616039556882,-7.6294419074542,-0.164784269810317));
#10108=CARTESIAN_POINT('Ctrl Pts',(-9.26609964209757,-7.58383747862443,
-0.164784269810317));
#10109=CARTESIAN_POINT('Ctrl Pts',(-9.30790366218231,-7.53986623292023,
-0.164784269810317));
#10110=CARTESIAN_POINT('Ctrl Pts',(-9.35143295334286,-7.4976749049815,-0.164784269810317));
#10111=CARTESIAN_POINT('Ctrl Pts',(-12.5877428094331,-7.35408562736592,
0.0317191018751516));
#10112=CARTESIAN_POINT('Ctrl Pts',(-12.6352115021159,-7.40004073600825,
0.0339585905233259));
#10113=CARTESIAN_POINT('Ctrl Pts',(-12.6807678058037,-7.44797120165018,
0.0352157301896827));
#10114=CARTESIAN_POINT('Ctrl Pts',(-12.7242970969643,-7.4976749049815,0.0352157301896827));
#10115=CARTESIAN_POINT('Ctrl Pts',(-12.5413508885078,-7.40194871990445,
-0.0337820220200046));
#10116=CARTESIAN_POINT('Ctrl Pts',(-12.5875064473498,-7.44664923497891,
-0.0322890295878885));
#10117=CARTESIAN_POINT('Ctrl Pts',(-12.6318119898366,-7.4932599606416,-0.0314509364769839));
#10118=CARTESIAN_POINT('Ctrl Pts',(-12.6741445994532,-7.54159723913907,
-0.0314509364769839));
#10119=CARTESIAN_POINT('Ctrl Pts',(-12.4949589675824,-7.44981181244297,
-0.0992831459151609));
#10120=CARTESIAN_POINT('Ctrl Pts',(-12.5398013925838,-7.49325773394957,
-0.0985366496991029));
#10121=CARTESIAN_POINT('Ctrl Pts',(-12.5828561738695,-7.53854871963301,
-0.0981176031436506));
#10122=CARTESIAN_POINT('Ctrl Pts',(-12.6239921019422,-7.58551957329663,
-0.0981176031436506));
#10123=CARTESIAN_POINT('Ctrl Pts',(-12.4485670466571,-7.4976749049815,-0.164784269810317));
#10124=CARTESIAN_POINT('Ctrl Pts',(-12.4920963378177,-7.53986623292024,
-0.164784269810317));
#10125=CARTESIAN_POINT('Ctrl Pts',(-12.5339003579024,-7.58383747862443,
-0.164784269810317));
#10126=CARTESIAN_POINT('Ctrl Pts',(-12.5738396044312,-7.6294419074542,-0.164784269810317));
#10127=CARTESIAN_POINT('Ctrl Pts',(-12.4485670466571,-7.4976749049815,-0.164784269810317));
#10128=CARTESIAN_POINT('Ctrl Pts',(-12.4920963378177,-7.53986623292024,
-0.164784269810317));
#10129=CARTESIAN_POINT('Ctrl Pts',(-12.5339003579024,-7.58383747862443,
-0.164784269810317));
#10130=CARTESIAN_POINT('Ctrl Pts',(-12.5738396044312,-7.6294419074542,-0.164784269810317));
#10131=CARTESIAN_POINT('Origin',(-10.9,-9.09534980996299,0.0852157301896826));
#10132=CARTESIAN_POINT('',(-13.125,-9.09534980996299,-4.91478426981032));
#10133=CARTESIAN_POINT('',(-13.125,-9.09534980996299,0.0852157301896826));
#10134=CARTESIAN_POINT('Origin',(-10.9,-9.09534980996299,-4.91478426981032));
#10135=CARTESIAN_POINT('Origin',(-10.9,-9.09534980996299,-5.17728426981032));
#10136=CARTESIAN_POINT('',(-12.8625,-9.09534980996299,-5.17728426981032));
#10137=CARTESIAN_POINT('Origin',(-7.8,-13.817349809963,0.0852157301896821));
#10138=CARTESIAN_POINT('',(-7.79999999999999,-17.597349809963,-5.77871629231049));
#10139=CARTESIAN_POINT('',(-7.8,-13.817349809963,-5.77871629231052));
#10140=CARTESIAN_POINT('',(-7.79999999999999,-17.597349809963,-6.60347026647454));
#10141=CARTESIAN_POINT('',(-7.79999999999999,-17.5973498099623,-3.59469655726025));
#10142=CARTESIAN_POINT('',(-7.79999999999999,-17.8855520571525,-6.51366067430583));
#10143=CARTESIAN_POINT('Origin',(-7.79999999999999,-17.4473498099647,-5.61478426981104));
#10144=CARTESIAN_POINT('',(-7.79999999999999,-17.8855520571537,-5.51590786531825));
#10145=CARTESIAN_POINT('Origin',(-7.79999999999999,-17.6423498099631,-6.01478426981079));
#10146=CARTESIAN_POINT('',(-7.79999999999999,-17.597349809963,-5.42609827314651));
#10147=CARTESIAN_POINT('Origin',(-7.79999999999999,-17.4473498099572,-6.41478426980944));
#10148=CARTESIAN_POINT('',(-7.79999999999999,-17.597349809963,-4.60347026647454));
#10149=CARTESIAN_POINT('',(-7.79999999999999,-17.597349809963,0.0852157301896816));
#10150=CARTESIAN_POINT('',(-7.79999999999999,-17.8855520571525,-4.51366067430583));
#10151=CARTESIAN_POINT('Origin',(-7.79999999999999,-17.4473498099647,-3.61478426981104));
#10152=CARTESIAN_POINT('',(-7.79999999999999,-17.8855520571537,-3.51590786531826));
#10153=CARTESIAN_POINT('Origin',(-7.79999999999999,-17.6423498099631,-4.01478426981079));
#10154=CARTESIAN_POINT('',(-7.79999999999999,-17.597349809963,-3.42609827314651));
#10155=CARTESIAN_POINT('Origin',(-7.79999999999999,-17.4473498099572,-4.41478426980944));
#10156=CARTESIAN_POINT('',(-7.79999999999999,-17.597349809963,-2.60347026647454));
#10157=CARTESIAN_POINT('',(-7.79999999999999,-17.597349809963,0.0852157301896816));
#10158=CARTESIAN_POINT('',(-7.79999999999999,-17.8855520571525,-2.51366067430582));
#10159=CARTESIAN_POINT('Origin',(-7.79999999999999,-17.4473498099647,-1.61478426981104));
#10160=CARTESIAN_POINT('',(-7.79999999999999,-17.8855520571537,-1.51590786531826));
#10161=CARTESIAN_POINT('Origin',(-7.79999999999999,-17.6423498099631,-2.01478426981079));
#10162=CARTESIAN_POINT('',(-7.79999999999999,-17.597349809963,-1.42609827314651));
#10163=CARTESIAN_POINT('Origin',(-7.79999999999999,-17.4473498099572,-2.41478426980944));
#10164=CARTESIAN_POINT('',(-7.79999999999999,-17.597349809963,-0.603470266474539));
#10165=CARTESIAN_POINT('',(-7.79999999999999,-17.597349809963,0.0852157301896816));
#10166=CARTESIAN_POINT('',(-7.79999999999999,-17.8855520571525,-0.51366067430583));
#10167=CARTESIAN_POINT('Origin',(-7.79999999999999,-17.4473498099647,0.385215730188962));
#10168=CARTESIAN_POINT('Origin',(-7.79999999999999,-17.6423498099631,-0.0147842698107914));
#10169=CARTESIAN_POINT('Origin',(-7.8,-13.817349809963,0.0852157301896821));
#10170=CARTESIAN_POINT('',(-7.79999999999999,-17.597349809963,-9.42609827314651));
#10171=CARTESIAN_POINT('Origin',(-7.79999999999999,-17.4473498099572,-10.4147842698094));
#10172=CARTESIAN_POINT('',(-7.79999999999999,-17.597349809963,-8.60347026647454));
#10173=CARTESIAN_POINT('',(-7.79999999999999,-17.597349809963,0.0852157301896816));
#10174=CARTESIAN_POINT('',(-7.79999999999999,-17.8855520571525,-8.51366067430584));
#10175=CARTESIAN_POINT('Origin',(-7.79999999999999,-17.4473498099647,-7.61478426981104));
#10176=CARTESIAN_POINT('',(-7.79999999999999,-17.8855520571537,-7.51590786531826));
#10177=CARTESIAN_POINT('Origin',(-7.79999999999999,-17.6423498099631,-8.01478426981079));
#10178=CARTESIAN_POINT('',(-7.79999999999999,-17.597349809963,-7.42609827314651));
#10179=CARTESIAN_POINT('Origin',(-7.79999999999999,-17.4473498099572,-8.41478426980944));
#10180=CARTESIAN_POINT('',(-7.79999999999999,-17.597349809963,-8.01478426981029));
#10181=CARTESIAN_POINT('',(-7.79999999999999,-17.5973498099623,-3.59469655726025));
#10182=CARTESIAN_POINT('',(-7.8,-13.817349809963,-8.01478426981032));
#10183=CARTESIAN_POINT('Origin',(-14.,-17.4473498099647,-1.61478426981104));
#10184=CARTESIAN_POINT('',(-14.,-17.597349809963,-2.60347026647454));
#10185=CARTESIAN_POINT('',(-14.,-17.8855520571525,-2.51366067430583));
#10186=CARTESIAN_POINT('Origin',(-14.,-17.4473498099647,-3.61478426981104));
#10187=CARTESIAN_POINT('',(-14.,-17.597349809963,-4.60347026647454));
#10188=CARTESIAN_POINT('',(-14.,-17.8855520571525,-4.51366067430583));
#10189=CARTESIAN_POINT('Origin',(-14.,-17.4473498099647,0.385215730188962));
#10190=CARTESIAN_POINT('',(-14.,-17.597349809963,-0.603470266474539));
#10191=CARTESIAN_POINT('',(-14.,-17.8855520571525,-0.51366067430583));
#10192=CARTESIAN_POINT('Origin',(-14.,-17.4473498099647,-5.61478426981104));
#10193=CARTESIAN_POINT('',(-14.,-17.597349809963,-6.60347026647454));
#10194=CARTESIAN_POINT('',(-14.,-17.8855520571525,-6.51366067430583));
#10195=CARTESIAN_POINT('Origin',(-14.,-17.4473498099647,-7.61478426981104));
#10196=CARTESIAN_POINT('',(-14.,-17.597349809963,-8.60347026647454));
#10197=CARTESIAN_POINT('',(-14.,-17.8855520571525,-8.51366067430583));
#10198=CARTESIAN_POINT('Origin',(-13.,-13.817349809963,-6.89675028106042));
#10199=CARTESIAN_POINT('Origin',(-13.,-17.597349809963,-6.89675028106039));
#10200=CARTESIAN_POINT('Origin',(-8.79999999999999,-13.817349809963,-6.89675028106042));
#10201=CARTESIAN_POINT('Origin',(-8.79999999999999,-17.597349809963,-6.89675028106039));
#10202=CARTESIAN_POINT('Origin',(-14.,-17.6423498099631,-0.0147842698107914));
#10203=CARTESIAN_POINT('Origin',(-14.,-17.4473498099572,-2.41478426980944));
#10204=CARTESIAN_POINT('',(-14.,-17.597349809963,-1.42609827314651));
#10205=CARTESIAN_POINT('',(-14.,-17.8855520571537,-1.51590786531826));
#10206=CARTESIAN_POINT('Origin',(-14.,-17.6423498099631,-2.01478426981079));
#10207=CARTESIAN_POINT('Origin',(-14.,-17.4473498099572,-4.41478426980944));
#10208=CARTESIAN_POINT('',(-14.,-17.597349809963,-3.42609827314651));
#10209=CARTESIAN_POINT('',(-14.,-17.8855520571537,-3.51590786531826));
#10210=CARTESIAN_POINT('Origin',(-14.,-17.6423498099631,-4.01478426981079));
#10211=CARTESIAN_POINT('Origin',(-14.,-17.4473498099572,-6.41478426980944));
#10212=CARTESIAN_POINT('',(-14.,-17.597349809963,-5.42609827314651));
#10213=CARTESIAN_POINT('',(-14.,-17.8855520571537,-5.51590786531826));
#10214=CARTESIAN_POINT('Origin',(-14.,-17.6423498099631,-6.01478426981079));
#10215=CARTESIAN_POINT('Origin',(-14.,-17.4473498099572,-8.41478426980944));
#10216=CARTESIAN_POINT('',(-14.,-17.597349809963,-7.42609827314651));
#10217=CARTESIAN_POINT('',(-14.,-17.8855520571537,-7.51590786531826));
#10218=CARTESIAN_POINT('Origin',(-14.,-17.6423498099631,-8.01478426981079));
#10219=CARTESIAN_POINT('Origin',(-14.,-17.4473498099572,-10.4147842698094));
#10220=CARTESIAN_POINT('',(-14.,-17.597349809963,-9.42609827314651));
#10221=CARTESIAN_POINT('Origin',(-7.79999999999999,-17.597349809963,0.0852157301896816));
#10222=CARTESIAN_POINT('Origin',(-7.79999999999999,-17.597349809963,0.0852157301896816));
#10223=CARTESIAN_POINT('Origin',(-7.79999999999999,-17.597349809963,0.0852157301896816));
#10224=CARTESIAN_POINT('Origin',(-7.79999999999999,-17.597349809963,0.0852157301896816));
#10225=CARTESIAN_POINT('Origin',(-7.79999999999999,-17.597349809963,0.0852157301896816));
#10226=CARTESIAN_POINT('',(0.,0.,0.));
#10227=CARTESIAN_POINT('',(0.,0.,0.));
#10228=UNCERTAINTY_MEASURE_WITH_UNIT(LENGTH_MEASURE(0.01),#10236,
'DISTANCE_ACCURACY_VALUE',
'Maximum model space distance between geometric entities at asserted c
onnectivities');
#10229=UNCERTAINTY_MEASURE_WITH_UNIT(LENGTH_MEASURE(0.01),#10236,
'DISTANCE_ACCURACY_VALUE',
'Maximum model space distance between geometric entities at asserted c
onnectivities');
#10230=UNCERTAINTY_MEASURE_WITH_UNIT(LENGTH_MEASURE(0.01),#10236,
'DISTANCE_ACCURACY_VALUE',
'Maximum model space distance between geometric entities at asserted c
onnectivities');
#10231=UNCERTAINTY_MEASURE_WITH_UNIT(LENGTH_MEASURE(0.01),#10236,
'DISTANCE_ACCURACY_VALUE',
'Maximum model space distance between geometric entities at asserted c
onnectivities');
#10232=(
GEOMETRIC_REPRESENTATION_CONTEXT(3)
GLOBAL_UNCERTAINTY_ASSIGNED_CONTEXT((#10228))
GLOBAL_UNIT_ASSIGNED_CONTEXT((#10236,#10238,#10239))
REPRESENTATION_CONTEXT('','3D')
);
#10233=(
GEOMETRIC_REPRESENTATION_CONTEXT(3)
GLOBAL_UNCERTAINTY_ASSIGNED_CONTEXT((#10229))
GLOBAL_UNIT_ASSIGNED_CONTEXT((#10236,#10238,#10239))
REPRESENTATION_CONTEXT('','3D')
);
#10234=(
GEOMETRIC_REPRESENTATION_CONTEXT(3)
GLOBAL_UNCERTAINTY_ASSIGNED_CONTEXT((#10230))
GLOBAL_UNIT_ASSIGNED_CONTEXT((#10236,#10238,#10239))
REPRESENTATION_CONTEXT('','3D')
);
#10235=(
GEOMETRIC_REPRESENTATION_CONTEXT(3)
GLOBAL_UNCERTAINTY_ASSIGNED_CONTEXT((#10231))
GLOBAL_UNIT_ASSIGNED_CONTEXT((#10236,#10238,#10239))
REPRESENTATION_CONTEXT('','3D')
);
#10236=(
LENGTH_UNIT()
NAMED_UNIT(*)
SI_UNIT(.MILLI.,.METRE.)
);
#10237=(
LENGTH_UNIT()
NAMED_UNIT(*)
SI_UNIT($,.METRE.)
);
#10238=(
NAMED_UNIT(*)
PLANE_ANGLE_UNIT()
SI_UNIT($,.RADIAN.)
);
#10239=(
NAMED_UNIT(*)
SI_UNIT($,.STERADIAN.)
SOLID_ANGLE_UNIT()
);
#10240=SHAPE_DEFINITION_REPRESENTATION(#10243,#10248);
#10241=SHAPE_DEFINITION_REPRESENTATION(#10244,#10249);
#10242=SHAPE_DEFINITION_REPRESENTATION(#10245,#10250);
#10243=PRODUCT_DEFINITION_SHAPE('',$,#10252);
#10244=PRODUCT_DEFINITION_SHAPE('',$,#10253);
#10245=PRODUCT_DEFINITION_SHAPE('',$,#10254);
#10246=PRODUCT_DEFINITION_SHAPE($,$,#17);
#10247=PRODUCT_DEFINITION_SHAPE($,$,#18);
#10248=SHAPE_REPRESENTATION('',(#5244,#5544,#5545),#10232);
#10249=SHAPE_REPRESENTATION('',(#5245),#10233);
#10250=SHAPE_REPRESENTATION('',(#5396),#10234);
#10251=PRODUCT_DEFINITION_CONTEXT('part definition',#10262,'design');
#10252=PRODUCT_DEFINITION('[a]_belt_tensioner_clips',
'[a]_belt_tensioner_clips',#10255,#10251);
#10253=PRODUCT_DEFINITION('Component2','Component2',#10256,#10251);
#10254=PRODUCT_DEFINITION('Component3','Component3',#10257,#10251);
#10255=PRODUCT_DEFINITION_FORMATION('',$,#10264);
#10256=PRODUCT_DEFINITION_FORMATION('',$,#10265);
#10257=PRODUCT_DEFINITION_FORMATION('',$,#10266);
#10258=PRODUCT_RELATED_PRODUCT_CATEGORY('[a]_belt_tensioner_clips',
'[a]_belt_tensioner_clips',(#10264));
#10259=PRODUCT_RELATED_PRODUCT_CATEGORY('Component2','Component2',(#10265));
#10260=PRODUCT_RELATED_PRODUCT_CATEGORY('Component3','Component3',(#10266));
#10261=APPLICATION_PROTOCOL_DEFINITION('international standard',
'automotive_design',2009,#10262);
#10262=APPLICATION_CONTEXT(
'Core Data for Automotive Mechanical Design Process');
#10263=PRODUCT_CONTEXT('part definition',#10262,'mechanical');
#10264=PRODUCT('[a]_belt_tensioner_clips','[a]_belt_tensioner_clips',$,
(#10263));
#10265=PRODUCT('Component2','Component2',$,(#10263));
#10266=PRODUCT('Component3','Component3',$,(#10263));
#10267=PRESENTATION_STYLE_ASSIGNMENT((#10269));
#10268=PRESENTATION_STYLE_ASSIGNMENT((#10270));
#10269=SURFACE_STYLE_USAGE(.BOTH.,#10271);
#10270=SURFACE_STYLE_USAGE(.BOTH.,#10272);
#10271=SURFACE_SIDE_STYLE('',(#10273));
#10272=SURFACE_SIDE_STYLE('',(#10274));
#10273=SURFACE_STYLE_FILL_AREA(#10275);
#10274=SURFACE_STYLE_FILL_AREA(#10276);
#10275=FILL_AREA_STYLE('Steel - Satin',(#10277));
#10276=FILL_AREA_STYLE('Plastic - Matte (Red)',(#10278));
#10277=FILL_AREA_STYLE_COLOUR('Steel - Satin',#10279);
#10278=FILL_AREA_STYLE_COLOUR('Plastic - Matte (Red)',#10280);
#10279=COLOUR_RGB('Steel - Satin',0.627450980392157,0.627450980392157,0.627450980392157);
#10280=COLOUR_RGB('Plastic - Matte (Red)',0.588235294117647,0.196078431372549,
0.117647058823529);
ENDSEC;
END-ISO-10303-21;
