ISO-10303-21;
HEADER;
/* Generated by software containing ST-Developer
 * from STEP Tools, Inc. (www.steptools.com) 
 */

FILE_DESCRIPTION(
/* description */ (''),
/* implementation_level */ '2;1');

FILE_NAME(
/* name */ 'x_carriage_right_pz.step',
/* time_stamp */ '2026-08-02T23:18:19-07:00',
/* author */ (''),
/* organization */ (''),
/* preprocessor_version */ 'ST-DEVELOPER v20.1',
/* originating_system */ 'Autodesk Translation Framework v15.8.0.0',
/* authorisation */ '');

FILE_SCHEMA (('AUTOMOTIVE_DESIGN { 1 0 10303 214 3 1 1 }'));
ENDSEC;

DATA;
#10=MECHANICAL_DESIGN_GEOMETRIC_PRESENTATION_REPRESENTATION('',(#13),#10932);
#11=SHAPE_REPRESENTATION_RELATIONSHIP('SRR','None',#10939,#12);
#12=ADVANCED_BREP_SHAPE_REPRESENTATION('',(#14),#10931);
#13=STYLED_ITEM('',(#10949),#14);
#14=MANIFOLD_SOLID_BREP('Body1',#6076);
#15=SPHERICAL_SURFACE('',#6530,0.999999999999996);
#16=SPHERICAL_SURFACE('',#6534,0.999999999999996);
#17=SPHERICAL_SURFACE('',#6615,1.);
#18=TOROIDAL_SURFACE('',#6257,2.,1.);
#19=TOROIDAL_SURFACE('',#6300,2.,1.);
#20=TOROIDAL_SURFACE('',#6403,7.5,2.49999999999999);
#21=TOROIDAL_SURFACE('',#6620,5.,1.);
#22=TOROIDAL_SURFACE('',#6629,3.6,0.4);
#23=(
BOUNDED_CURVE()
B_SPLINE_CURVE(2,(#8995,#8996,#8997),.UNSPECIFIED.,.F.,.F.)
B_SPLINE_CURVE_WITH_KNOTS((3,3),(-0.25480787091363,-0.23681688136397),
 .UNSPECIFIED.)
CURVE()
GEOMETRIC_REPRESENTATION_ITEM()
RATIONAL_B_SPLINE_CURVE((1.25111293011601,1.24254870482656,1.23394199912269))
REPRESENTATION_ITEM('')
);
#24=(
BOUNDED_CURVE()
B_SPLINE_CURVE(2,(#10069,#10070,#10071),.UNSPECIFIED.,.F.,.F.)
B_SPLINE_CURVE_WITH_KNOTS((3,3),(1.37565059033857,1.50143171150215),
 .UNSPECIFIED.)
CURVE()
GEOMETRIC_REPRESENTATION_ITEM()
RATIONAL_B_SPLINE_CURVE((1.02597625055899,1.02330781262236,1.01993423758402))
REPRESENTATION_ITEM('')
);
#25=(
BOUNDED_CURVE()
B_SPLINE_CURVE(2,(#10242,#10243,#10244),.UNSPECIFIED.,.F.,.F.)
B_SPLINE_CURVE_WITH_KNOTS((3,3),(0.107079771594007,0.214159543188015),
 .UNSPECIFIED.)
CURVE()
GEOMETRIC_REPRESENTATION_ITEM()
RATIONAL_B_SPLINE_CURVE((1.,1.09544511501057,1.))
REPRESENTATION_ITEM('')
);
#26=(
BOUNDED_CURVE()
B_SPLINE_CURVE(2,(#10329,#10330,#10331),.UNSPECIFIED.,.F.,.F.)
B_SPLINE_CURVE_WITH_KNOTS((3,3),(-0.237844508237116,-0.18509407374453),
 .UNSPECIFIED.)
CURVE()
GEOMETRIC_REPRESENTATION_ITEM()
RATIONAL_B_SPLINE_CURVE((1.03236452115576,1.02908840590814,1.02567350910084))
REPRESENTATION_ITEM('')
);
#27=(
BOUNDED_SURFACE()
B_SPLINE_SURFACE(2,2,((#8542,#8543,#8544,#8545,#8546,#8547,#8548,#8549,
#8550),(#8551,#8552,#8553,#8554,#8555,#8556,#8557,#8558,#8559),(#8560,#8561,
#8562,#8563,#8564,#8565,#8566,#8567,#8568)),.UNSPECIFIED.,.F.,.T.,.F.)
B_SPLINE_SURFACE_WITH_KNOTS((3,3),(3,2,2,2,3),(-4.39020099499612E-14,1.57079632679503),
(-3.14159265358979,-1.5707963267949,0.,1.5707963267949,3.14159265358979),
 .UNSPECIFIED.)
GEOMETRIC_REPRESENTATION_ITEM()
RATIONAL_B_SPLINE_SURFACE(((1.,0.707106781186548,1.,0.707106781186548,1.,
0.707106781186548,1.,0.707106781186548,1.),(0.707106781186486,0.499999999999957,
0.707106781186486,0.499999999999957,0.707106781186486,0.499999999999957,
0.707106781186486,0.499999999999957,0.707106781186486),(1.,0.707106781186548,
1.,0.707106781186548,1.,0.707106781186548,1.,0.707106781186548,1.)))
REPRESENTATION_ITEM('')
SURFACE()
);
#28=(
BOUNDED_SURFACE()
B_SPLINE_SURFACE(2,2,((#8575,#8576,#8577,#8578,#8579,#8580,#8581,#8582,
#8583),(#8584,#8585,#8586,#8587,#8588,#8589,#8590,#8591,#8592),(#8593,#8594,
#8595,#8596,#8597,#8598,#8599,#8600,#8601)),.UNSPECIFIED.,.F.,.T.,.F.)
B_SPLINE_SURFACE_WITH_KNOTS((3,3),(3,2,2,2,3),(-3.64146525044198E-14,1.57079632679501),
(-3.14159265358979,-1.5707963267949,0.,1.5707963267949,3.14159265358979),
 .UNSPECIFIED.)
GEOMETRIC_REPRESENTATION_ITEM()
RATIONAL_B_SPLINE_SURFACE(((1.,0.707106781186548,1.,0.707106781186548,1.,
0.707106781186548,1.,0.707106781186548,1.),(0.707106781186492,0.499999999999961,
0.707106781186492,0.499999999999961,0.707106781186492,0.499999999999961,
0.707106781186492,0.499999999999961,0.707106781186492),(1.,0.707106781186548,
1.,0.707106781186548,1.,0.707106781186548,1.,0.707106781186548,1.)))
REPRESENTATION_ITEM('')
SURFACE()
);
#29=(
BOUNDED_SURFACE()
B_SPLINE_SURFACE(2,2,((#8608,#8609,#8610,#8611,#8612,#8613,#8614,#8615,
#8616),(#8617,#8618,#8619,#8620,#8621,#8622,#8623,#8624,#8625),(#8626,#8627,
#8628,#8629,#8630,#8631,#8632,#8633,#8634)),.UNSPECIFIED.,.F.,.T.,.F.)
B_SPLINE_SURFACE_WITH_KNOTS((3,3),(3,2,2,2,3),(-2.57060058040793E-14,1.57079632679501),
(-3.14159265358979,-1.5707963267949,0.,1.5707963267949,3.14159265358979),
 .UNSPECIFIED.)
GEOMETRIC_REPRESENTATION_ITEM()
RATIONAL_B_SPLINE_SURFACE(((1.,0.707106781186548,1.,0.707106781186548,1.,
0.707106781186548,1.,0.707106781186548,1.),(0.707106781186497,0.499999999999965,
0.707106781186497,0.499999999999965,0.707106781186497,0.499999999999965,
0.707106781186497,0.499999999999965,0.707106781186497),(1.,0.707106781186548,
1.,0.707106781186548,1.,0.707106781186548,1.,0.707106781186548,1.)))
REPRESENTATION_ITEM('')
SURFACE()
);
#30=B_SPLINE_SURFACE_WITH_KNOTS('',3,3,((#8392,#8393,#8394,#8395),(#8396,
#8397,#8398,#8399),(#8400,#8401,#8402,#8403),(#8404,#8405,#8406,#8407),
(#8408,#8409,#8410,#8411),(#8412,#8413,#8414,#8415)),.UNSPECIFIED.,.F.,
 .F.,.F.,(4,1,1,4),(4,4),(0.,0.285714285714286,0.571428571428571,1.),(-0.225172391022615,
-0.178984369487362),.UNSPECIFIED.);
#31=B_SPLINE_SURFACE_WITH_KNOTS('',3,1,((#8675,#8676),(#8677,#8678),(#8679,
#8680),(#8681,#8682),(#8683,#8684),(#8685,#8686),(#8687,#8688),(#8689,#8690),
(#8691,#8692),(#8693,#8694),(#8695,#8696),(#8697,#8698),(#8699,#8700)),
 .UNSPECIFIED.,.F.,.F.,.F.,(4,1,1,1,1,1,1,1,1,1,4),(2,2),(0.,0.128058793237362,
0.256117586474725,0.268539103125449,0.280960619776173,0.305803653077622,
0.343015970761638,0.380228288445654,0.401913750197672,0.42359921194969,
0.466970135453727),(0.,0.0360000000000041),.UNSPECIFIED.);
#32=B_SPLINE_SURFACE_WITH_KNOTS('',3,1,((#8718,#8719),(#8720,#8721),(#8722,
#8723),(#8724,#8725)),.UNSPECIFIED.,.F.,.F.,.F.,(4,4),(2,2),(0.,0.214747102183914),
(0.,0.036),.UNSPECIFIED.);
#33=B_SPLINE_SURFACE_WITH_KNOTS('',3,1,((#8732,#8733),(#8734,#8735),(#8736,
#8737),(#8738,#8739),(#8740,#8741),(#8742,#8743),(#8744,#8745),(#8746,#8747),
(#8748,#8749),(#8750,#8751),(#8752,#8753),(#8754,#8755),(#8756,#8757)),
 .UNSPECIFIED.,.F.,.F.,.F.,(4,1,1,1,1,1,1,1,1,1,4),(2,2),(0.,0.0331497303195588,
0.0565011229326318,0.0681768192391684,0.0798525155457049,0.130153670576617,
0.18045482560753,0.201194368070985,0.221933910534439,0.242673452997894,
0.263412995461348),(0.,0.036),.UNSPECIFIED.);
#34=B_SPLINE_SURFACE_WITH_KNOTS('',3,1,((#8823,#8824),(#8825,#8826),(#8827,
#8828),(#8829,#8830),(#8831,#8832),(#8833,#8834),(#8835,#8836),(#8837,#8838),
(#8839,#8840),(#8841,#8842),(#8843,#8844),(#8845,#8846),(#8847,#8848),(#8849,
#8850),(#8851,#8852),(#8853,#8854),(#8855,#8856),(#8857,#8858),(#8859,#8860),
(#8861,#8862),(#8863,#8864),(#8865,#8866)),.UNSPECIFIED.,.F.,.F.,.F.,(4,
1,1,1,1,1,1,1,1,1,1,1,1,1,1,1,1,1,1,4),(2,2),(0.,0.0632932904093776,0.126586580818755,
0.186240812695758,0.245895044572761,0.305549276449764,0.365203508326767,
0.38436807470727,0.403532641087772,0.422697207468275,0.441861773848778,
0.548771100628985,0.602225764019089,0.655680427409192,0.697799063847643,
0.718858382066869,0.739917700286094,0.76097701850532,0.782036336724545,
0.824154973162996),(0.,0.0360000000000051),.UNSPECIFIED.);
#35=B_SPLINE_SURFACE_WITH_KNOTS('',3,1,((#8893,#8894),(#8895,#8896),(#8897,
#8898),(#8899,#8900),(#8901,#8902),(#8903,#8904),(#8905,#8906),(#8907,#8908),
(#8909,#8910),(#8911,#8912),(#8913,#8914),(#8915,#8916),(#8917,#8918)),
 .UNSPECIFIED.,.F.,.F.,.F.,(4,1,1,1,1,1,1,1,1,1,4),(2,2),(0.,0.0878501220633934,
0.13177518309509,0.175700244126787,0.187111554700368,0.198522865273949,
0.221345486421111,0.244168107568273,0.266990728715435,0.31263597100976,
0.358281213304084),(0.,0.036),.UNSPECIFIED.);
#36=B_SPLINE_SURFACE_WITH_KNOTS('',3,1,((#8932,#8933),(#8934,#8935),(#8936,
#8937),(#8938,#8939)),.UNSPECIFIED.,.F.,.F.,.F.,(4,4),(2,2),(0.,0.130360588361318),
(0.,0.036),.UNSPECIFIED.);
#37=B_SPLINE_SURFACE_WITH_KNOTS('',3,1,((#8948,#8949),(#8950,#8951),(#8952,
#8953),(#8954,#8955),(#8956,#8957),(#8958,#8959),(#8960,#8961),(#8962,#8963)),
 .UNSPECIFIED.,.F.,.F.,.F.,(4,1,1,1,1,4),(2,2),(0.,0.0804901813026837,0.160980362605367,
0.17890345566397,0.196826548722572,0.307398027962127),(0.,0.036),
 .UNSPECIFIED.);
#38=B_SPLINE_SURFACE_WITH_KNOTS('',3,3,((#9128,#9129,#9130,#9131,#9132,
#9133,#9134,#9135),(#9136,#9137,#9138,#9139,#9140,#9141,#9142,#9143),(#9144,
#9145,#9146,#9147,#9148,#9149,#9150,#9151),(#9152,#9153,#9154,#9155,#9156,
#9157,#9158,#9159)),.UNSPECIFIED.,.F.,.F.,.F.,(4,4),(4,2,2,4),(0.,1.00083938000474),
(-0.624856900177107,-0.5676832889548,-0.515835520629382,-0.510837306460329),
 .UNSPECIFIED.);
#39=B_SPLINE_SURFACE_WITH_KNOTS('',3,3,((#9198,#9199,#9200,#9201),(#9202,
#9203,#9204,#9205),(#9206,#9207,#9208,#9209),(#9210,#9211,#9212,#9213)),
 .UNSPECIFIED.,.F.,.F.,.F.,(4,4),(4,4),(0.,1.),(-2.7928743382576,-2.56971067569696),
 .UNSPECIFIED.);
#40=B_SPLINE_SURFACE_WITH_KNOTS('',3,3,((#9224,#9225,#9226,#9227),(#9228,
#9229,#9230,#9231),(#9232,#9233,#9234,#9235),(#9236,#9237,#9238,#9239)),
 .UNSPECIFIED.,.F.,.F.,.F.,(4,4),(4,4),(0.,1.),(-3.71347463138647,-3.49031096892198),
 .UNSPECIFIED.);
#41=B_SPLINE_SURFACE_WITH_KNOTS('',3,3,((#9284,#9285,#9286,#9287,#9288,
#9289,#9290,#9291,#9292,#9293),(#9294,#9295,#9296,#9297,#9298,#9299,#9300,
#9301,#9302,#9303),(#9304,#9305,#9306,#9307,#9308,#9309,#9310,#9311,#9312,
#9313),(#9314,#9315,#9316,#9317,#9318,#9319,#9320,#9321,#9322,#9323)),
 .UNSPECIFIED.,.F.,.F.,.F.,(4,4),(4,2,2,2,4),(0.,1.00049954831849),(-0.62451706836339,
-0.619531057229184,-0.567683288910455,-0.515835520591725,-0.510849509459334),
 .UNSPECIFIED.);
#42=B_SPLINE_SURFACE_WITH_KNOTS('',3,3,((#9363,#9364,#9365,#9366),(#9367,
#9368,#9369,#9370),(#9371,#9372,#9373,#9374),(#9375,#9376,#9377,#9378)),
 .UNSPECIFIED.,.F.,.F.,.F.,(4,4),(4,4),(0.,1.),(-2.79287433878025,-2.5697106759922),
 .UNSPECIFIED.);
#43=B_SPLINE_SURFACE_WITH_KNOTS('',3,3,((#9389,#9390,#9391,#9392),(#9393,
#9394,#9395,#9396),(#9397,#9398,#9399,#9400),(#9401,#9402,#9403,#9404)),
 .UNSPECIFIED.,.F.,.F.,.F.,(4,4),(4,4),(0.,1.),(-3.71347463109124,-3.49031096839934),
 .UNSPECIFIED.);
#44=B_SPLINE_SURFACE_WITH_KNOTS('',3,3,((#10437,#10438,#10439,#10440),(#10441,
#10442,#10443,#10444),(#10445,#10446,#10447,#10448),(#10449,#10450,#10451,
#10452),(#10453,#10454,#10455,#10456),(#10457,#10458,#10459,#10460)),
 .UNSPECIFIED.,.F.,.F.,.F.,(4,1,1,4),(4,4),(-3.86247279912889E-5,0.285714285714286,
0.571428571428571,1.000038511028),(0.0831527798280477,0.129379409363086),
 .UNSPECIFIED.);
#45=B_SPLINE_SURFACE_WITH_KNOTS('',3,3,((#10498,#10499,#10500,#10501),(#10502,
#10503,#10504,#10505),(#10506,#10507,#10508,#10509),(#10510,#10511,#10512,
#10513),(#10514,#10515,#10516,#10517),(#10518,#10519,#10520,#10521)),
 .UNSPECIFIED.,.F.,.F.,.F.,(4,1,1,4),(4,4),(-3.84571570349086E-5,0.285714285714286,
0.571428571428571,1.00003834345664),(0.329431398474277,0.375657860438313),
 .UNSPECIFIED.);
#46=B_SPLINE_SURFACE_WITH_KNOTS('',3,3,((#10569,#10570,#10571,#10572,#10573,
#10574,#10575,#10576),(#10577,#10578,#10579,#10580,#10581,#10582,#10583,
#10584),(#10585,#10586,#10587,#10588,#10589,#10590,#10591,#10592),(#10593,
#10594,#10595,#10596,#10597,#10598,#10599,#10600),(#10601,#10602,#10603,
#10604,#10605,#10606,#10607,#10608)),.UNSPECIFIED.,.F.,.F.,.F.,(4,1,4),
(4,1,1,2,4),(-0.000850851104980908,0.571428571428571,1.),(-0.740931306162022,
-0.444048273034224,-0.296032182022816,0.,0.000894427361784184),
 .UNSPECIFIED.);
#47=B_SPLINE_SURFACE_WITH_KNOTS('',3,3,((#10883,#10884,#10885,#10886,#10887),
(#10888,#10889,#10890,#10891,#10892),(#10893,#10894,#10895,#10896,#10897),
(#10898,#10899,#10900,#10901,#10902),(#10903,#10904,#10905,#10906,#10907)),
 .UNSPECIFIED.,.F.,.F.,.F.,(4,1,4),(4,1,4),(0.,0.5,1.),(0.,0.0893371725017176,
0.208453402504008),.UNSPECIFIED.);
#48=B_SPLINE_SURFACE_WITH_KNOTS('',3,3,((#10909,#10910,#10911,#10912),(#10913,
#10914,#10915,#10916),(#10917,#10918,#10919,#10920),(#10921,#10922,#10923,
#10924),(#10925,#10926,#10927,#10928)),.UNSPECIFIED.,.F.,.F.,.F.,(4,1,4),
(4,4),(0.,0.571428571428571,1.),(-1.5707963267949,-0.775397496610776),
 .UNSPECIFIED.);
#49=ELLIPSE('',#6100,0.565685424949232,0.4);
#50=ELLIPSE('',#6101,0.565685424949244,0.4);
#51=ELLIPSE('',#6270,1.41421356237309,1.);
#52=ELLIPSE('',#6275,1.4142135623731,1.);
#53=ELLIPSE('',#6304,1.4142135623731,1.);
#54=ELLIPSE('',#6309,1.4142135623731,1.);
#55=ELLIPSE('',#6502,1.41421356237312,1.);
#56=ELLIPSE('',#6622,1.72046505340853,0.999999999999997);
#57=ELLIPSE('',#6624,1.72046505340852,0.999999999999979);
#58=B_SPLINE_CURVE_WITH_KNOTS('',3,(#8350,#8351,#8352,#8353,#8354,#8355,
#8356,#8357,#8358,#8359),.UNSPECIFIED.,.F.,.F.,(4,2,2,2,4),(-0.000691117933789721,
0.,0.0490933038734456,0.0968757189328654,0.139470082974424),
 .UNSPECIFIED.);
#59=B_SPLINE_CURVE_WITH_KNOTS('',3,(#8382,#8383,#8384,#8385,#8386,#8387,
#8388,#8389,#8390,#8391),.UNSPECIFIED.,.F.,.F.,(4,3,3,4),(-0.157582855789855,
-0.0900473461656317,-0.0450236730828103,0.),.UNSPECIFIED.);
#60=B_SPLINE_CURVE_WITH_KNOTS('',3,(#8418,#8419,#8420,#8421,#8422,#8423,
#8424,#8425,#8426,#8427),.UNSPECIFIED.,.F.,.F.,(4,3,3,4),(0.,0.0405213057745553,
0.0675355096242587,0.0945497134739623),.UNSPECIFIED.);
#61=B_SPLINE_CURVE_WITH_KNOTS('',3,(#8428,#8429,#8430,#8431),
 .UNSPECIFIED.,.F.,.F.,(4,4),(0.178984369487362,0.225172391022615),
 .UNSPECIFIED.);
#62=B_SPLINE_CURVE_WITH_KNOTS('',3,(#8432,#8433,#8434,#8435),
 .UNSPECIFIED.,.F.,.F.,(4,4),(-0.225172391022615,-0.178984369487362),
 .UNSPECIFIED.);
#63=B_SPLINE_CURVE_WITH_KNOTS('',3,(#8644,#8645,#8646,#8647,#8648,#8649,
#8650,#8651,#8652,#8653,#8654,#8655,#8656),.UNSPECIFIED.,.F.,.F.,(4,1,1,
1,1,1,1,1,1,1,4),(0.,0.128058793237362,0.256117586474725,0.268539103125449,
0.280960619776173,0.305803653077622,0.343015970761638,0.380228288445654,
0.401913750197672,0.42359921194969,0.466970135453727),.UNSPECIFIED.);
#64=B_SPLINE_CURVE_WITH_KNOTS('',3,(#8658,#8659,#8660,#8661),
 .UNSPECIFIED.,.F.,.F.,(4,4),(0.,0.214747102183914),.UNSPECIFIED.);
#65=B_SPLINE_CURVE_WITH_KNOTS('',3,(#8662,#8663,#8664,#8665,#8666,#8667,
#8668,#8669,#8670,#8671,#8672,#8673,#8674),.UNSPECIFIED.,.F.,.F.,(4,1,1,
1,1,1,1,1,1,1,4),(0.,0.0331497303195588,0.0565011229326318,0.0681768192391684,
0.0798525155457049,0.130153670576617,0.18045482560753,0.201194368070985,
0.221933910534439,0.242673452997894,0.263412995461348),.UNSPECIFIED.);
#66=B_SPLINE_CURVE_WITH_KNOTS('',3,(#8704,#8705,#8706,#8707,#8708,#8709,
#8710,#8711,#8712,#8713,#8714,#8715,#8716),.UNSPECIFIED.,.F.,.F.,(4,1,1,
1,1,1,1,1,1,1,4),(-0.466970135453727,-0.42359921194969,-0.401913750197672,
-0.380228288445654,-0.343015970761638,-0.305803653077622,-0.280960619776173,
-0.268539103125449,-0.256117586474725,-0.128058793237362,0.),
 .UNSPECIFIED.);
#67=B_SPLINE_CURVE_WITH_KNOTS('',3,(#8727,#8728,#8729,#8730),
 .UNSPECIFIED.,.F.,.F.,(4,4),(-0.214747102183914,0.),.UNSPECIFIED.);
#68=B_SPLINE_CURVE_WITH_KNOTS('',3,(#8758,#8759,#8760,#8761,#8762,#8763,
#8764,#8765,#8766,#8767,#8768,#8769,#8770),.UNSPECIFIED.,.F.,.F.,(4,1,1,
1,1,1,1,1,1,1,4),(-0.263412995461348,-0.242673452997894,-0.221933910534439,
-0.201194368070985,-0.18045482560753,-0.130153670576617,-0.0798525155457049,
-0.0681768192391684,-0.0565011229326318,-0.0331497303195588,0.),
 .UNSPECIFIED.);
#69=B_SPLINE_CURVE_WITH_KNOTS('',3,(#8774,#8775,#8776,#8777,#8778,#8779,
#8780,#8781,#8782,#8783,#8784,#8785,#8786,#8787,#8788,#8789,#8790,#8791,
#8792,#8793,#8794,#8795),.UNSPECIFIED.,.F.,.F.,(4,1,1,1,1,1,1,1,1,1,1,1,
1,1,1,1,1,1,1,4),(0.,0.0632932904093776,0.126586580818755,0.186240812695758,
0.245895044572761,0.305549276449764,0.365203508326767,0.38436807470727,
0.403532641087772,0.422697207468275,0.441861773848778,0.548771100628985,
0.602225764019089,0.655680427409192,0.697799063847643,0.718858382066869,
0.739917700286094,0.76097701850532,0.782036336724545,0.824154973162996),
 .UNSPECIFIED.);
#70=B_SPLINE_CURVE_WITH_KNOTS('',3,(#8796,#8797,#8798,#8799,#8800,#8801,
#8802,#8803,#8804,#8805,#8806,#8807,#8808),.UNSPECIFIED.,.F.,.F.,(4,1,1,
1,1,1,1,1,1,1,4),(0.,0.0878501220633934,0.13177518309509,0.175700244126787,
0.187111554700368,0.198522865273949,0.221345486421111,0.244168107568273,
0.266990728715435,0.31263597100976,0.358281213304084),.UNSPECIFIED.);
#71=B_SPLINE_CURVE_WITH_KNOTS('',3,(#8811,#8812,#8813,#8814),
 .UNSPECIFIED.,.F.,.F.,(4,4),(0.,0.130360588361318),.UNSPECIFIED.);
#72=B_SPLINE_CURVE_WITH_KNOTS('',3,(#8815,#8816,#8817,#8818,#8819,#8820,
#8821,#8822),.UNSPECIFIED.,.F.,.F.,(4,1,1,1,1,4),(0.,0.0804901813026837,
0.160980362605367,0.17890345566397,0.196826548722572,0.307398027962127),
 .UNSPECIFIED.);
#73=B_SPLINE_CURVE_WITH_KNOTS('',3,(#8870,#8871,#8872,#8873,#8874,#8875,
#8876,#8877,#8878,#8879,#8880,#8881,#8882,#8883,#8884,#8885,#8886,#8887,
#8888,#8889,#8890,#8891),.UNSPECIFIED.,.F.,.F.,(4,1,1,1,1,1,1,1,1,1,1,1,
1,1,1,1,1,1,1,4),(-0.824154973162996,-0.782036336724545,-0.76097701850532,
-0.739917700286094,-0.718858382066869,-0.697799063847643,-0.655680427409192,
-0.602225764019089,-0.548771100628985,-0.441861773848778,-0.422697207468275,
-0.403532641087772,-0.38436807470727,-0.365203508326767,-0.305549276449764,
-0.245895044572761,-0.186240812695758,-0.126586580818755,-0.0632932904093776,
0.),.UNSPECIFIED.);
#74=B_SPLINE_CURVE_WITH_KNOTS('',3,(#8919,#8920,#8921,#8922,#8923,#8924,
#8925,#8926,#8927,#8928,#8929,#8930,#8931),.UNSPECIFIED.,.F.,.F.,(4,1,1,
1,1,1,1,1,1,1,4),(-0.358281213304084,-0.31263597100976,-0.266990728715435,
-0.244168107568273,-0.221345486421111,-0.198522865273949,-0.187111554700368,
-0.175700244126787,-0.13177518309509,-0.0878501220633934,0.),
 .UNSPECIFIED.);
#75=B_SPLINE_CURVE_WITH_KNOTS('',3,(#8943,#8944,#8945,#8946),
 .UNSPECIFIED.,.F.,.F.,(4,4),(-0.130360588361318,0.),.UNSPECIFIED.);
#76=B_SPLINE_CURVE_WITH_KNOTS('',3,(#8964,#8965,#8966,#8967,#8968,#8969,
#8970,#8971),.UNSPECIFIED.,.F.,.F.,(4,1,1,1,1,4),(-0.307398027962127,-0.196826548722572,
-0.17890345566397,-0.160980362605367,-0.0804901813026837,0.),
 .UNSPECIFIED.);
#77=B_SPLINE_CURVE_WITH_KNOTS('',3,(#9164,#9165,#9166,#9167,#9168,#9169,
#9170,#9171),.UNSPECIFIED.,.F.,.F.,(4,2,2,4),(0.511349057737234,0.515835520629382,
0.5676832889548,0.624017520172365),.UNSPECIFIED.);
#78=B_SPLINE_CURVE_WITH_KNOTS('',3,(#9175,#9176,#9177,#9178,#9179,#9180),
 .UNSPECIFIED.,.F.,.F.,(4,2,4),(-0.118415324407485,-0.0882264591592102,
-0.0592219187372919),.UNSPECIFIED.);
#79=B_SPLINE_CURVE_WITH_KNOTS('',3,(#9181,#9182,#9183,#9184,#9185,#9186,
#9187,#9188),.UNSPECIFIED.,.F.,.F.,(4,2,2,4),(-0.0592219187372919,-0.0302167206462512,
-0.0151994086524947,-3.63298116728077E-5),.UNSPECIFIED.);
#80=B_SPLINE_CURVE_WITH_KNOTS('',3,(#9214,#9215,#9216,#9217),
 .UNSPECIFIED.,.F.,.F.,(4,4),(2.56971067569696,2.7928743382576),
 .UNSPECIFIED.);
#81=B_SPLINE_CURVE_WITH_KNOTS('',3,(#9218,#9219,#9220,#9221,#9222,#9223),
 .UNSPECIFIED.,.F.,.F.,(4,2,4),(-0.0379475963554979,-0.0189737955554807,
-1.63438984568387E-11),.UNSPECIFIED.);
#82=B_SPLINE_CURVE_WITH_KNOTS('',3,(#9240,#9241,#9242,#9243),
 .UNSPECIFIED.,.F.,.F.,(4,4),(3.49031096892198,3.71347463138647),
 .UNSPECIFIED.);
#83=B_SPLINE_CURVE_WITH_KNOTS('',3,(#9244,#9245,#9246,#9247,#9248,#9249),
 .UNSPECIFIED.,.F.,.F.,(4,2,4),(-0.037947577935941,-0.018973791606607,0.),
 .UNSPECIFIED.);
#84=B_SPLINE_CURVE_WITH_KNOTS('',3,(#9328,#9329,#9330,#9331,#9332,#9333,
#9334,#9335,#9336,#9337),.UNSPECIFIED.,.F.,.F.,(4,2,2,2,4),(0.511349057776013,
0.515835520591725,0.567683288910455,0.619531057229184,0.624017520044896),
 .UNSPECIFIED.);
#85=B_SPLINE_CURVE_WITH_KNOTS('',3,(#9341,#9342,#9343,#9344,#9345,#9346,
#9347,#9348),.UNSPECIFIED.,.F.,.F.,(4,2,2,4),(-0.11846839237553,-0.103291168958878,
-0.0882657029623898,-0.0592463858443859),.UNSPECIFIED.);
#86=B_SPLINE_CURVE_WITH_KNOTS('',3,(#9349,#9350,#9351,#9352,#9353,#9354,
#9355,#9356),.UNSPECIFIED.,.F.,.F.,(4,2,2,4),(-0.0592463858443859,-0.0302270687263953,
-0.015201602729914,-2.43793131681434E-5),.UNSPECIFIED.);
#87=B_SPLINE_CURVE_WITH_KNOTS('',3,(#9379,#9380,#9381,#9382),
 .UNSPECIFIED.,.F.,.F.,(4,4),(2.5697106759922,2.79287433878025),
 .UNSPECIFIED.);
#88=B_SPLINE_CURVE_WITH_KNOTS('',3,(#9383,#9384,#9385,#9386,#9387,#9388),
 .UNSPECIFIED.,.F.,.F.,(4,2,4),(-0.0379475963941733,-0.0189737955748283,
-1.63380003970204E-11),.UNSPECIFIED.);
#89=B_SPLINE_CURVE_WITH_KNOTS('',3,(#9405,#9406,#9407,#9408),
 .UNSPECIFIED.,.F.,.F.,(4,4),(3.49031096839934,3.71347463109124),
 .UNSPECIFIED.);
#90=B_SPLINE_CURVE_WITH_KNOTS('',3,(#9409,#9410,#9411,#9412,#9413,#9414),
 .UNSPECIFIED.,.F.,.F.,(4,2,4),(-0.037947577974989,-0.018973791625989,0.),
 .UNSPECIFIED.);
#91=B_SPLINE_CURVE_WITH_KNOTS('',3,(#9626,#9627,#9628,#9629,#9630,#9631),
 .UNSPECIFIED.,.F.,.F.,(4,2,4),(-0.699558285734087,-0.581995466601177,-0.505532240038505),
 .UNSPECIFIED.);
#92=B_SPLINE_CURVE_WITH_KNOTS('',3,(#9778,#9779,#9780,#9781,#9782,#9783),
 .UNSPECIFIED.,.F.,.F.,(4,2,4),(0.505532240038506,0.581995466601177,0.699558285734088),
 .UNSPECIFIED.);
#93=B_SPLINE_CURVE_WITH_KNOTS('',3,(#9811,#9812,#9813,#9814,#9815,#9816,
#9817,#9818,#9819,#9820),.UNSPECIFIED.,.F.,.F.,(4,2,2,2,4),(0.534445444412084,
0.579786117550403,0.625126790688723,0.691655605499099,0.758184420309475),
 .UNSPECIFIED.);
#94=B_SPLINE_CURVE_WITH_KNOTS('',3,(#10109,#10110,#10111,#10112,#10113,
#10114,#10115,#10116,#10117,#10118,#10119,#10120,#10121,#10122,#10123,#10124,
#10125,#10126,#10127,#10128,#10129,#10130,#10131,#10132,#10133,#10134,#10135,
#10136,#10137,#10138,#10139,#10140,#10141,#10142,#10143,#10144,#10145,#10146,
#10147,#10148,#10149,#10150),.UNSPECIFIED.,.F.,.F.,(4,2,2,2,2,2,2,2,2,2,
2,2,2,2,2,2,2,2,2,2,4),(-0.740080455057041,-0.700567599219057,-0.660938248302994,
-0.621222609354379,-0.5814419714283,-0.541597413253709,-0.501750102837882,
-0.46196981834632,-0.444048273034224,-0.399293248579755,-0.353015422554868,
-0.304341290365644,-0.296032182022816,-0.25647407392892,-0.216134173068457,
-0.174978665962043,-0.131233999471532,-0.0881534348494736,-0.0440767174247368,
0.,0.000894427361784184),.UNSPECIFIED.);
#95=B_SPLINE_CURVE_WITH_KNOTS('',3,(#10340,#10341,#10342,#10343,#10344,
#10345),.UNSPECIFIED.,.F.,.F.,(4,2,4),(-0.407344401330383,-0.34194052257986,
-0.276536643829338),.UNSPECIFIED.);
#96=B_SPLINE_CURVE_WITH_KNOTS('',3,(#10462,#10463,#10464,#10465,#10466,
#10467,#10468,#10469,#10470,#10471),.UNSPECIFIED.,.F.,.F.,(4,3,3,4),(0.,
0.0270142062532573,0.0540284125065145,0.0945497218864005),.UNSPECIFIED.);
#97=B_SPLINE_CURVE_WITH_KNOTS('',3,(#10523,#10524,#10525,#10526,#10527,
#10528,#10529,#10530,#10531,#10532),.UNSPECIFIED.,.F.,.F.,(4,3,3,4),(0.,
0.0270142062532574,0.0540284125065147,0.0945497218864008),.UNSPECIFIED.);
#98=B_SPLINE_CURVE_WITH_KNOTS('',3,(#10610,#10611,#10612,#10613,#10614,
#10615,#10616,#10617),.UNSPECIFIED.,.F.,.F.,(4,2,1,1,4),(-0.000894427361784184,
0.,0.296032182022816,0.444048273034224,0.740080455057041),.UNSPECIFIED.);
#99=B_SPLINE_CURVE_WITH_KNOTS('',3,(#10844,#10845,#10846,#10847,#10848),
 .UNSPECIFIED.,.F.,.F.,(4,1,4),(0.,0.0893371725017176,0.208453402504008),
 .UNSPECIFIED.);
#100=B_SPLINE_CURVE_WITH_KNOTS('',3,(#10868,#10869,#10870,#10871,#10872),
 .UNSPECIFIED.,.F.,.F.,(4,1,4),(-0.208453402504008,-0.0893371725017176,
0.),.UNSPECIFIED.);
#101=FACE_BOUND('',#761,.T.);
#102=FACE_BOUND('',#769,.T.);
#103=FACE_BOUND('',#772,.T.);
#104=FACE_BOUND('',#773,.T.);
#105=FACE_BOUND('',#776,.T.);
#106=FACE_BOUND('',#792,.T.);
#107=FACE_BOUND('',#800,.T.);
#108=FACE_BOUND('',#801,.T.);
#109=FACE_BOUND('',#802,.T.);
#110=FACE_BOUND('',#803,.T.);
#111=FACE_BOUND('',#804,.T.);
#112=FACE_BOUND('',#805,.T.);
#113=FACE_BOUND('',#806,.T.);
#114=FACE_BOUND('',#807,.T.);
#115=FACE_BOUND('',#808,.T.);
#116=FACE_BOUND('',#809,.T.);
#117=FACE_BOUND('',#810,.T.);
#118=FACE_BOUND('',#811,.T.);
#119=FACE_BOUND('',#812,.T.);
#120=FACE_BOUND('',#823,.T.);
#121=FACE_BOUND('',#824,.T.);
#122=FACE_BOUND('',#858,.T.);
#123=FACE_BOUND('',#863,.T.);
#124=FACE_BOUND('',#887,.T.);
#125=FACE_BOUND('',#892,.T.);
#126=FACE_BOUND('',#908,.T.);
#127=FACE_BOUND('',#909,.T.);
#128=FACE_BOUND('',#924,.T.);
#129=FACE_BOUND('',#934,.T.);
#130=FACE_BOUND('',#936,.T.);
#131=FACE_BOUND('',#954,.T.);
#132=FACE_BOUND('',#1045,.T.);
#133=FACE_BOUND('',#1046,.T.);
#134=FACE_BOUND('',#1051,.T.);
#135=PLANE('',#6095);
#136=PLANE('',#6102);
#137=PLANE('',#6106);
#138=PLANE('',#6108);
#139=PLANE('',#6112);
#140=PLANE('',#6113);
#141=PLANE('',#6129);
#142=PLANE('',#6130);
#143=PLANE('',#6132);
#144=PLANE('',#6133);
#145=PLANE('',#6134);
#146=PLANE('',#6135);
#147=PLANE('',#6139);
#148=PLANE('',#6143);
#149=PLANE('',#6147);
#150=PLANE('',#6148);
#151=PLANE('',#6149);
#152=PLANE('',#6150);
#153=PLANE('',#6154);
#154=PLANE('',#6180);
#155=PLANE('',#6181);
#156=PLANE('',#6185);
#157=PLANE('',#6193);
#158=PLANE('',#6194);
#159=PLANE('',#6195);
#160=PLANE('',#6196);
#161=PLANE('',#6197);
#162=PLANE('',#6198);
#163=PLANE('',#6199);
#164=PLANE('',#6200);
#165=PLANE('',#6201);
#166=PLANE('',#6202);
#167=PLANE('',#6203);
#168=PLANE('',#6204);
#169=PLANE('',#6205);
#170=PLANE('',#6206);
#171=PLANE('',#6207);
#172=PLANE('',#6208);
#173=PLANE('',#6209);
#174=PLANE('',#6210);
#175=PLANE('',#6211);
#176=PLANE('',#6212);
#177=PLANE('',#6213);
#178=PLANE('',#6214);
#179=PLANE('',#6221);
#180=PLANE('',#6232);
#181=PLANE('',#6248);
#182=PLANE('',#6249);
#183=PLANE('',#6250);
#184=PLANE('',#6251);
#185=PLANE('',#6252);
#186=PLANE('',#6253);
#187=PLANE('',#6254);
#188=PLANE('',#6255);
#189=PLANE('',#6256);
#190=PLANE('',#6263);
#191=PLANE('',#6265);
#192=PLANE('',#6271);
#193=PLANE('',#6276);
#194=PLANE('',#6284);
#195=PLANE('',#6285);
#196=PLANE('',#6286);
#197=PLANE('',#6287);
#198=PLANE('',#6289);
#199=PLANE('',#6290);
#200=PLANE('',#6291);
#201=PLANE('',#6292);
#202=PLANE('',#6293);
#203=PLANE('',#6294);
#204=PLANE('',#6295);
#205=PLANE('',#6296);
#206=PLANE('',#6297);
#207=PLANE('',#6298);
#208=PLANE('',#6299);
#209=PLANE('',#6306);
#210=PLANE('',#6311);
#211=PLANE('',#6316);
#212=PLANE('',#6317);
#213=PLANE('',#6318);
#214=PLANE('',#6320);
#215=PLANE('',#6325);
#216=PLANE('',#6326);
#217=PLANE('',#6333);
#218=PLANE('',#6334);
#219=PLANE('',#6335);
#220=PLANE('',#6336);
#221=PLANE('',#6339);
#222=PLANE('',#6340);
#223=PLANE('',#6341);
#224=PLANE('',#6345);
#225=PLANE('',#6355);
#226=PLANE('',#6358);
#227=PLANE('',#6361);
#228=PLANE('',#6365);
#229=PLANE('',#6366);
#230=PLANE('',#6367);
#231=PLANE('',#6370);
#232=PLANE('',#6373);
#233=PLANE('',#6377);
#234=PLANE('',#6384);
#235=PLANE('',#6388);
#236=PLANE('',#6392);
#237=PLANE('',#6393);
#238=PLANE('',#6395);
#239=PLANE('',#6396);
#240=PLANE('',#6399);
#241=PLANE('',#6400);
#242=PLANE('',#6402);
#243=PLANE('',#6410);
#244=PLANE('',#6411);
#245=PLANE('',#6413);
#246=PLANE('',#6414);
#247=PLANE('',#6415);
#248=PLANE('',#6416);
#249=PLANE('',#6417);
#250=PLANE('',#6418);
#251=PLANE('',#6424);
#252=PLANE('',#6426);
#253=PLANE('',#6435);
#254=PLANE('',#6444);
#255=PLANE('',#6448);
#256=PLANE('',#6457);
#257=PLANE('',#6464);
#258=PLANE('',#6470);
#259=PLANE('',#6471);
#260=PLANE('',#6475);
#261=PLANE('',#6476);
#262=PLANE('',#6479);
#263=PLANE('',#6482);
#264=PLANE('',#6487);
#265=PLANE('',#6493);
#266=PLANE('',#6494);
#267=PLANE('',#6495);
#268=PLANE('',#6496);
#269=PLANE('',#6497);
#270=PLANE('',#6498);
#271=PLANE('',#6503);
#272=PLANE('',#6507);
#273=PLANE('',#6508);
#274=PLANE('',#6511);
#275=PLANE('',#6513);
#276=PLANE('',#6517);
#277=PLANE('',#6518);
#278=PLANE('',#6535);
#279=PLANE('',#6541);
#280=PLANE('',#6543);
#281=PLANE('',#6545);
#282=PLANE('',#6547);
#283=PLANE('',#6548);
#284=PLANE('',#6550);
#285=PLANE('',#6552);
#286=PLANE('',#6554);
#287=PLANE('',#6555);
#288=PLANE('',#6566);
#289=PLANE('',#6567);
#290=PLANE('',#6568);
#291=PLANE('',#6569);
#292=PLANE('',#6570);
#293=PLANE('',#6571);
#294=PLANE('',#6572);
#295=PLANE('',#6573);
#296=PLANE('',#6574);
#297=PLANE('',#6575);
#298=PLANE('',#6576);
#299=PLANE('',#6577);
#300=PLANE('',#6578);
#301=PLANE('',#6579);
#302=PLANE('',#6580);
#303=PLANE('',#6581);
#304=PLANE('',#6582);
#305=PLANE('',#6583);
#306=PLANE('',#6584);
#307=PLANE('',#6585);
#308=PLANE('',#6586);
#309=PLANE('',#6587);
#310=PLANE('',#6588);
#311=PLANE('',#6589);
#312=PLANE('',#6590);
#313=PLANE('',#6591);
#314=PLANE('',#6592);
#315=PLANE('',#6593);
#316=PLANE('',#6594);
#317=PLANE('',#6595);
#318=PLANE('',#6596);
#319=PLANE('',#6597);
#320=PLANE('',#6598);
#321=PLANE('',#6599);
#322=PLANE('',#6600);
#323=PLANE('',#6601);
#324=PLANE('',#6602);
#325=PLANE('',#6603);
#326=PLANE('',#6604);
#327=PLANE('',#6605);
#328=PLANE('',#6606);
#329=PLANE('',#6608);
#330=PLANE('',#6614);
#331=PLANE('',#6625);
#332=CYLINDRICAL_SURFACE('',#6093,1.1);
#333=CYLINDRICAL_SURFACE('',#6096,2.);
#334=CYLINDRICAL_SURFACE('',#6099,0.4);
#335=CYLINDRICAL_SURFACE('',#6104,1.);
#336=CYLINDRICAL_SURFACE('',#6174,2.3);
#337=CYLINDRICAL_SURFACE('',#6178,2.3);
#338=CYLINDRICAL_SURFACE('',#6187,1.7);
#339=CYLINDRICAL_SURFACE('',#6191,1.7);
#340=CYLINDRICAL_SURFACE('',#6217,0.5);
#341=CYLINDRICAL_SURFACE('',#6219,1.7);
#342=CYLINDRICAL_SURFACE('',#6227,0.5);
#343=CYLINDRICAL_SURFACE('',#6228,0.5);
#344=CYLINDRICAL_SURFACE('',#6230,1.7);
#345=CYLINDRICAL_SURFACE('',#6239,0.5);
#346=CYLINDRICAL_SURFACE('',#6240,0.249999999999999);
#347=CYLINDRICAL_SURFACE('',#6241,0.25);
#348=CYLINDRICAL_SURFACE('',#6246,1.7);
#349=CYLINDRICAL_SURFACE('',#6261,1.);
#350=CYLINDRICAL_SURFACE('',#6269,1.);
#351=CYLINDRICAL_SURFACE('',#6272,1.);
#352=CYLINDRICAL_SURFACE('',#6274,1.);
#353=CYLINDRICAL_SURFACE('',#6302,1.);
#354=CYLINDRICAL_SURFACE('',#6303,1.);
#355=CYLINDRICAL_SURFACE('',#6308,1.);
#356=CYLINDRICAL_SURFACE('',#6310,1.);
#357=CYLINDRICAL_SURFACE('',#6312,1.);
#358=CYLINDRICAL_SURFACE('',#6313,1.);
#359=CYLINDRICAL_SURFACE('',#6314,3.);
#360=CYLINDRICAL_SURFACE('',#6321,2.);
#361=CYLINDRICAL_SURFACE('',#6323,2.2);
#362=CYLINDRICAL_SURFACE('',#6331,2.2);
#363=CYLINDRICAL_SURFACE('',#6337,1.7);
#364=CYLINDRICAL_SURFACE('',#6362,4.);
#365=CYLINDRICAL_SURFACE('',#6363,10.);
#366=CYLINDRICAL_SURFACE('',#6364,1.);
#367=CYLINDRICAL_SURFACE('',#6371,4.);
#368=CYLINDRICAL_SURFACE('',#6372,1.70000000000001);
#369=CYLINDRICAL_SURFACE('',#6379,2.225);
#370=CYLINDRICAL_SURFACE('',#6381,3.);
#371=CYLINDRICAL_SURFACE('',#6385,1.);
#372=CYLINDRICAL_SURFACE('',#6397,3.);
#373=CYLINDRICAL_SURFACE('',#6406,2.49999999999999);
#374=CYLINDRICAL_SURFACE('',#6408,1.);
#375=CYLINDRICAL_SURFACE('',#6409,2.49999999999999);
#376=CYLINDRICAL_SURFACE('',#6412,1.7);
#377=CYLINDRICAL_SURFACE('',#6420,1.45);
#378=CYLINDRICAL_SURFACE('',#6427,0.5);
#379=CYLINDRICAL_SURFACE('',#6429,3.00000000000001);
#380=CYLINDRICAL_SURFACE('',#6431,3.00000000000001);
#381=CYLINDRICAL_SURFACE('',#6433,1.99999999999999);
#382=CYLINDRICAL_SURFACE('',#6455,1.);
#383=CYLINDRICAL_SURFACE('',#6458,1.);
#384=CYLINDRICAL_SURFACE('',#6460,23.7231471362137);
#385=CYLINDRICAL_SURFACE('',#6466,2.);
#386=CYLINDRICAL_SURFACE('',#6467,0.4);
#387=CYLINDRICAL_SURFACE('',#6474,1.);
#388=CYLINDRICAL_SURFACE('',#6477,1.);
#389=CYLINDRICAL_SURFACE('',#6481,1.7);
#390=CYLINDRICAL_SURFACE('',#6483,3.00000000000001);
#391=CYLINDRICAL_SURFACE('',#6485,3.00000000000001);
#392=CYLINDRICAL_SURFACE('',#6490,1.);
#393=CYLINDRICAL_SURFACE('',#6491,2.225);
#394=CYLINDRICAL_SURFACE('',#6500,1.);
#395=CYLINDRICAL_SURFACE('',#6501,1.);
#396=CYLINDRICAL_SURFACE('',#6510,1.);
#397=CYLINDRICAL_SURFACE('',#6516,1.);
#398=CYLINDRICAL_SURFACE('',#6519,1.);
#399=CYLINDRICAL_SURFACE('',#6522,1.);
#400=CYLINDRICAL_SURFACE('',#6524,1.);
#401=CYLINDRICAL_SURFACE('',#6527,1.);
#402=CYLINDRICAL_SURFACE('',#6531,1.);
#403=CYLINDRICAL_SURFACE('',#6536,2.99999999999999);
#404=CYLINDRICAL_SURFACE('',#6538,2.99999999999999);
#405=CYLINDRICAL_SURFACE('',#6556,1.7);
#406=CYLINDRICAL_SURFACE('',#6561,1.7);
#407=CYLINDRICAL_SURFACE('',#6609,4.);
#408=CYLINDRICAL_SURFACE('',#6612,1.);
#409=CYLINDRICAL_SURFACE('',#6618,1.);
#410=CYLINDRICAL_SURFACE('',#6621,1.);
#411=CYLINDRICAL_SURFACE('',#6623,1.);
#412=CYLINDRICAL_SURFACE('',#6627,0.4);
#413=FACE_OUTER_BOUND('',#758,.T.);
#414=FACE_OUTER_BOUND('',#759,.T.);
#415=FACE_OUTER_BOUND('',#760,.T.);
#416=FACE_OUTER_BOUND('',#762,.T.);
#417=FACE_OUTER_BOUND('',#763,.T.);
#418=FACE_OUTER_BOUND('',#764,.T.);
#419=FACE_OUTER_BOUND('',#765,.T.);
#420=FACE_OUTER_BOUND('',#766,.T.);
#421=FACE_OUTER_BOUND('',#767,.T.);
#422=FACE_OUTER_BOUND('',#768,.T.);
#423=FACE_OUTER_BOUND('',#770,.T.);
#424=FACE_OUTER_BOUND('',#771,.T.);
#425=FACE_OUTER_BOUND('',#774,.T.);
#426=FACE_OUTER_BOUND('',#775,.T.);
#427=FACE_OUTER_BOUND('',#777,.T.);
#428=FACE_OUTER_BOUND('',#778,.T.);
#429=FACE_OUTER_BOUND('',#779,.T.);
#430=FACE_OUTER_BOUND('',#780,.T.);
#431=FACE_OUTER_BOUND('',#781,.T.);
#432=FACE_OUTER_BOUND('',#782,.T.);
#433=FACE_OUTER_BOUND('',#783,.T.);
#434=FACE_OUTER_BOUND('',#784,.T.);
#435=FACE_OUTER_BOUND('',#785,.T.);
#436=FACE_OUTER_BOUND('',#786,.T.);
#437=FACE_OUTER_BOUND('',#787,.T.);
#438=FACE_OUTER_BOUND('',#788,.T.);
#439=FACE_OUTER_BOUND('',#789,.T.);
#440=FACE_OUTER_BOUND('',#790,.T.);
#441=FACE_OUTER_BOUND('',#791,.T.);
#442=FACE_OUTER_BOUND('',#793,.T.);
#443=FACE_OUTER_BOUND('',#794,.T.);
#444=FACE_OUTER_BOUND('',#795,.T.);
#445=FACE_OUTER_BOUND('',#796,.T.);
#446=FACE_OUTER_BOUND('',#797,.T.);
#447=FACE_OUTER_BOUND('',#798,.T.);
#448=FACE_OUTER_BOUND('',#799,.T.);
#449=FACE_OUTER_BOUND('',#813,.T.);
#450=FACE_OUTER_BOUND('',#814,.T.);
#451=FACE_OUTER_BOUND('',#815,.T.);
#452=FACE_OUTER_BOUND('',#816,.T.);
#453=FACE_OUTER_BOUND('',#817,.T.);
#454=FACE_OUTER_BOUND('',#818,.T.);
#455=FACE_OUTER_BOUND('',#819,.T.);
#456=FACE_OUTER_BOUND('',#820,.T.);
#457=FACE_OUTER_BOUND('',#821,.T.);
#458=FACE_OUTER_BOUND('',#822,.T.);
#459=FACE_OUTER_BOUND('',#825,.T.);
#460=FACE_OUTER_BOUND('',#826,.T.);
#461=FACE_OUTER_BOUND('',#827,.T.);
#462=FACE_OUTER_BOUND('',#828,.T.);
#463=FACE_OUTER_BOUND('',#829,.T.);
#464=FACE_OUTER_BOUND('',#830,.T.);
#465=FACE_OUTER_BOUND('',#831,.T.);
#466=FACE_OUTER_BOUND('',#832,.T.);
#467=FACE_OUTER_BOUND('',#833,.T.);
#468=FACE_OUTER_BOUND('',#834,.T.);
#469=FACE_OUTER_BOUND('',#835,.T.);
#470=FACE_OUTER_BOUND('',#836,.T.);
#471=FACE_OUTER_BOUND('',#837,.T.);
#472=FACE_OUTER_BOUND('',#838,.T.);
#473=FACE_OUTER_BOUND('',#839,.T.);
#474=FACE_OUTER_BOUND('',#840,.T.);
#475=FACE_OUTER_BOUND('',#841,.T.);
#476=FACE_OUTER_BOUND('',#842,.T.);
#477=FACE_OUTER_BOUND('',#843,.T.);
#478=FACE_OUTER_BOUND('',#844,.T.);
#479=FACE_OUTER_BOUND('',#845,.T.);
#480=FACE_OUTER_BOUND('',#846,.T.);
#481=FACE_OUTER_BOUND('',#847,.T.);
#482=FACE_OUTER_BOUND('',#848,.T.);
#483=FACE_OUTER_BOUND('',#849,.T.);
#484=FACE_OUTER_BOUND('',#850,.T.);
#485=FACE_OUTER_BOUND('',#851,.T.);
#486=FACE_OUTER_BOUND('',#852,.T.);
#487=FACE_OUTER_BOUND('',#853,.T.);
#488=FACE_OUTER_BOUND('',#854,.T.);
#489=FACE_OUTER_BOUND('',#855,.T.);
#490=FACE_OUTER_BOUND('',#856,.T.);
#491=FACE_OUTER_BOUND('',#857,.T.);
#492=FACE_OUTER_BOUND('',#859,.T.);
#493=FACE_OUTER_BOUND('',#860,.T.);
#494=FACE_OUTER_BOUND('',#861,.T.);
#495=FACE_OUTER_BOUND('',#862,.T.);
#496=FACE_OUTER_BOUND('',#864,.T.);
#497=FACE_OUTER_BOUND('',#865,.T.);
#498=FACE_OUTER_BOUND('',#866,.T.);
#499=FACE_OUTER_BOUND('',#867,.T.);
#500=FACE_OUTER_BOUND('',#868,.T.);
#501=FACE_OUTER_BOUND('',#869,.T.);
#502=FACE_OUTER_BOUND('',#870,.T.);
#503=FACE_OUTER_BOUND('',#871,.T.);
#504=FACE_OUTER_BOUND('',#872,.T.);
#505=FACE_OUTER_BOUND('',#873,.T.);
#506=FACE_OUTER_BOUND('',#874,.T.);
#507=FACE_OUTER_BOUND('',#875,.T.);
#508=FACE_OUTER_BOUND('',#876,.T.);
#509=FACE_OUTER_BOUND('',#877,.T.);
#510=FACE_OUTER_BOUND('',#878,.T.);
#511=FACE_OUTER_BOUND('',#879,.T.);
#512=FACE_OUTER_BOUND('',#880,.T.);
#513=FACE_OUTER_BOUND('',#881,.T.);
#514=FACE_OUTER_BOUND('',#882,.T.);
#515=FACE_OUTER_BOUND('',#883,.T.);
#516=FACE_OUTER_BOUND('',#884,.T.);
#517=FACE_OUTER_BOUND('',#885,.T.);
#518=FACE_OUTER_BOUND('',#886,.T.);
#519=FACE_OUTER_BOUND('',#888,.T.);
#520=FACE_OUTER_BOUND('',#889,.T.);
#521=FACE_OUTER_BOUND('',#890,.T.);
#522=FACE_OUTER_BOUND('',#891,.T.);
#523=FACE_OUTER_BOUND('',#893,.T.);
#524=FACE_OUTER_BOUND('',#894,.T.);
#525=FACE_OUTER_BOUND('',#895,.T.);
#526=FACE_OUTER_BOUND('',#896,.T.);
#527=FACE_OUTER_BOUND('',#897,.T.);
#528=FACE_OUTER_BOUND('',#898,.T.);
#529=FACE_OUTER_BOUND('',#899,.T.);
#530=FACE_OUTER_BOUND('',#900,.T.);
#531=FACE_OUTER_BOUND('',#901,.T.);
#532=FACE_OUTER_BOUND('',#902,.T.);
#533=FACE_OUTER_BOUND('',#903,.T.);
#534=FACE_OUTER_BOUND('',#904,.T.);
#535=FACE_OUTER_BOUND('',#905,.T.);
#536=FACE_OUTER_BOUND('',#906,.T.);
#537=FACE_OUTER_BOUND('',#907,.T.);
#538=FACE_OUTER_BOUND('',#910,.T.);
#539=FACE_OUTER_BOUND('',#911,.T.);
#540=FACE_OUTER_BOUND('',#912,.T.);
#541=FACE_OUTER_BOUND('',#913,.T.);
#542=FACE_OUTER_BOUND('',#914,.T.);
#543=FACE_OUTER_BOUND('',#915,.T.);
#544=FACE_OUTER_BOUND('',#916,.T.);
#545=FACE_OUTER_BOUND('',#917,.T.);
#546=FACE_OUTER_BOUND('',#918,.T.);
#547=FACE_OUTER_BOUND('',#919,.T.);
#548=FACE_OUTER_BOUND('',#920,.T.);
#549=FACE_OUTER_BOUND('',#921,.T.);
#550=FACE_OUTER_BOUND('',#922,.T.);
#551=FACE_OUTER_BOUND('',#923,.T.);
#552=FACE_OUTER_BOUND('',#925,.T.);
#553=FACE_OUTER_BOUND('',#926,.T.);
#554=FACE_OUTER_BOUND('',#927,.T.);
#555=FACE_OUTER_BOUND('',#928,.T.);
#556=FACE_OUTER_BOUND('',#929,.T.);
#557=FACE_OUTER_BOUND('',#930,.T.);
#558=FACE_OUTER_BOUND('',#931,.T.);
#559=FACE_OUTER_BOUND('',#932,.T.);
#560=FACE_OUTER_BOUND('',#933,.T.);
#561=FACE_OUTER_BOUND('',#935,.T.);
#562=FACE_OUTER_BOUND('',#937,.T.);
#563=FACE_OUTER_BOUND('',#938,.T.);
#564=FACE_OUTER_BOUND('',#939,.T.);
#565=FACE_OUTER_BOUND('',#940,.T.);
#566=FACE_OUTER_BOUND('',#941,.T.);
#567=FACE_OUTER_BOUND('',#942,.T.);
#568=FACE_OUTER_BOUND('',#943,.T.);
#569=FACE_OUTER_BOUND('',#944,.T.);
#570=FACE_OUTER_BOUND('',#945,.T.);
#571=FACE_OUTER_BOUND('',#946,.T.);
#572=FACE_OUTER_BOUND('',#947,.T.);
#573=FACE_OUTER_BOUND('',#948,.T.);
#574=FACE_OUTER_BOUND('',#949,.T.);
#575=FACE_OUTER_BOUND('',#950,.T.);
#576=FACE_OUTER_BOUND('',#951,.T.);
#577=FACE_OUTER_BOUND('',#952,.T.);
#578=FACE_OUTER_BOUND('',#953,.T.);
#579=FACE_OUTER_BOUND('',#955,.T.);
#580=FACE_OUTER_BOUND('',#956,.T.);
#581=FACE_OUTER_BOUND('',#957,.T.);
#582=FACE_OUTER_BOUND('',#958,.T.);
#583=FACE_OUTER_BOUND('',#959,.T.);
#584=FACE_OUTER_BOUND('',#960,.T.);
#585=FACE_OUTER_BOUND('',#961,.T.);
#586=FACE_OUTER_BOUND('',#962,.T.);
#587=FACE_OUTER_BOUND('',#963,.T.);
#588=FACE_OUTER_BOUND('',#964,.T.);
#589=FACE_OUTER_BOUND('',#965,.T.);
#590=FACE_OUTER_BOUND('',#966,.T.);
#591=FACE_OUTER_BOUND('',#967,.T.);
#592=FACE_OUTER_BOUND('',#968,.T.);
#593=FACE_OUTER_BOUND('',#969,.T.);
#594=FACE_OUTER_BOUND('',#970,.T.);
#595=FACE_OUTER_BOUND('',#971,.T.);
#596=FACE_OUTER_BOUND('',#972,.T.);
#597=FACE_OUTER_BOUND('',#973,.T.);
#598=FACE_OUTER_BOUND('',#974,.T.);
#599=FACE_OUTER_BOUND('',#975,.T.);
#600=FACE_OUTER_BOUND('',#976,.T.);
#601=FACE_OUTER_BOUND('',#977,.T.);
#602=FACE_OUTER_BOUND('',#978,.T.);
#603=FACE_OUTER_BOUND('',#979,.T.);
#604=FACE_OUTER_BOUND('',#980,.T.);
#605=FACE_OUTER_BOUND('',#981,.T.);
#606=FACE_OUTER_BOUND('',#982,.T.);
#607=FACE_OUTER_BOUND('',#983,.T.);
#608=FACE_OUTER_BOUND('',#984,.T.);
#609=FACE_OUTER_BOUND('',#985,.T.);
#610=FACE_OUTER_BOUND('',#986,.T.);
#611=FACE_OUTER_BOUND('',#987,.T.);
#612=FACE_OUTER_BOUND('',#988,.T.);
#613=FACE_OUTER_BOUND('',#989,.T.);
#614=FACE_OUTER_BOUND('',#990,.T.);
#615=FACE_OUTER_BOUND('',#991,.T.);
#616=FACE_OUTER_BOUND('',#992,.T.);
#617=FACE_OUTER_BOUND('',#993,.T.);
#618=FACE_OUTER_BOUND('',#994,.T.);
#619=FACE_OUTER_BOUND('',#995,.T.);
#620=FACE_OUTER_BOUND('',#996,.T.);
#621=FACE_OUTER_BOUND('',#997,.T.);
#622=FACE_OUTER_BOUND('',#998,.T.);
#623=FACE_OUTER_BOUND('',#999,.T.);
#624=FACE_OUTER_BOUND('',#1000,.T.);
#625=FACE_OUTER_BOUND('',#1001,.T.);
#626=FACE_OUTER_BOUND('',#1002,.T.);
#627=FACE_OUTER_BOUND('',#1003,.T.);
#628=FACE_OUTER_BOUND('',#1004,.T.);
#629=FACE_OUTER_BOUND('',#1005,.T.);
#630=FACE_OUTER_BOUND('',#1006,.T.);
#631=FACE_OUTER_BOUND('',#1007,.T.);
#632=FACE_OUTER_BOUND('',#1008,.T.);
#633=FACE_OUTER_BOUND('',#1009,.T.);
#634=FACE_OUTER_BOUND('',#1010,.T.);
#635=FACE_OUTER_BOUND('',#1011,.T.);
#636=FACE_OUTER_BOUND('',#1012,.T.);
#637=FACE_OUTER_BOUND('',#1013,.T.);
#638=FACE_OUTER_BOUND('',#1014,.T.);
#639=FACE_OUTER_BOUND('',#1015,.T.);
#640=FACE_OUTER_BOUND('',#1016,.T.);
#641=FACE_OUTER_BOUND('',#1017,.T.);
#642=FACE_OUTER_BOUND('',#1018,.T.);
#643=FACE_OUTER_BOUND('',#1019,.T.);
#644=FACE_OUTER_BOUND('',#1020,.T.);
#645=FACE_OUTER_BOUND('',#1021,.T.);
#646=FACE_OUTER_BOUND('',#1022,.T.);
#647=FACE_OUTER_BOUND('',#1023,.T.);
#648=FACE_OUTER_BOUND('',#1024,.T.);
#649=FACE_OUTER_BOUND('',#1025,.T.);
#650=FACE_OUTER_BOUND('',#1026,.T.);
#651=FACE_OUTER_BOUND('',#1027,.T.);
#652=FACE_OUTER_BOUND('',#1028,.T.);
#653=FACE_OUTER_BOUND('',#1029,.T.);
#654=FACE_OUTER_BOUND('',#1030,.T.);
#655=FACE_OUTER_BOUND('',#1031,.T.);
#656=FACE_OUTER_BOUND('',#1032,.T.);
#657=FACE_OUTER_BOUND('',#1033,.T.);
#658=FACE_OUTER_BOUND('',#1034,.T.);
#659=FACE_OUTER_BOUND('',#1035,.T.);
#660=FACE_OUTER_BOUND('',#1036,.T.);
#661=FACE_OUTER_BOUND('',#1037,.T.);
#662=FACE_OUTER_BOUND('',#1038,.T.);
#663=FACE_OUTER_BOUND('',#1039,.T.);
#664=FACE_OUTER_BOUND('',#1040,.T.);
#665=FACE_OUTER_BOUND('',#1041,.T.);
#666=FACE_OUTER_BOUND('',#1042,.T.);
#667=FACE_OUTER_BOUND('',#1043,.T.);
#668=FACE_OUTER_BOUND('',#1044,.T.);
#669=FACE_OUTER_BOUND('',#1047,.T.);
#670=FACE_OUTER_BOUND('',#1048,.T.);
#671=FACE_OUTER_BOUND('',#1049,.T.);
#672=FACE_OUTER_BOUND('',#1050,.T.);
#673=FACE_OUTER_BOUND('',#1052,.T.);
#674=FACE_OUTER_BOUND('',#1053,.T.);
#675=FACE_OUTER_BOUND('',#1054,.T.);
#676=FACE_OUTER_BOUND('',#1055,.T.);
#677=FACE_OUTER_BOUND('',#1056,.T.);
#678=FACE_OUTER_BOUND('',#1057,.T.);
#679=FACE_OUTER_BOUND('',#1058,.T.);
#680=FACE_OUTER_BOUND('',#1059,.T.);
#681=FACE_OUTER_BOUND('',#1060,.T.);
#682=FACE_OUTER_BOUND('',#1061,.T.);
#683=FACE_OUTER_BOUND('',#1062,.T.);
#684=FACE_OUTER_BOUND('',#1063,.T.);
#685=FACE_OUTER_BOUND('',#1064,.T.);
#686=FACE_OUTER_BOUND('',#1065,.T.);
#687=FACE_OUTER_BOUND('',#1066,.T.);
#688=FACE_OUTER_BOUND('',#1067,.T.);
#689=FACE_OUTER_BOUND('',#1068,.T.);
#690=FACE_OUTER_BOUND('',#1069,.T.);
#691=FACE_OUTER_BOUND('',#1070,.T.);
#692=FACE_OUTER_BOUND('',#1071,.T.);
#693=FACE_OUTER_BOUND('',#1072,.T.);
#694=FACE_OUTER_BOUND('',#1073,.T.);
#695=FACE_OUTER_BOUND('',#1074,.T.);
#696=FACE_OUTER_BOUND('',#1075,.T.);
#697=FACE_OUTER_BOUND('',#1076,.T.);
#698=FACE_OUTER_BOUND('',#1077,.T.);
#699=FACE_OUTER_BOUND('',#1078,.T.);
#700=FACE_OUTER_BOUND('',#1079,.T.);
#701=FACE_OUTER_BOUND('',#1080,.T.);
#702=FACE_OUTER_BOUND('',#1081,.T.);
#703=FACE_OUTER_BOUND('',#1082,.T.);
#704=FACE_OUTER_BOUND('',#1083,.T.);
#705=FACE_OUTER_BOUND('',#1084,.T.);
#706=FACE_OUTER_BOUND('',#1085,.T.);
#707=FACE_OUTER_BOUND('',#1086,.T.);
#708=FACE_OUTER_BOUND('',#1087,.T.);
#709=FACE_OUTER_BOUND('',#1088,.T.);
#710=FACE_OUTER_BOUND('',#1089,.T.);
#711=FACE_OUTER_BOUND('',#1090,.T.);
#712=FACE_OUTER_BOUND('',#1091,.T.);
#713=FACE_OUTER_BOUND('',#1092,.T.);
#714=FACE_OUTER_BOUND('',#1093,.T.);
#715=FACE_OUTER_BOUND('',#1094,.T.);
#716=FACE_OUTER_BOUND('',#1095,.T.);
#717=FACE_OUTER_BOUND('',#1096,.T.);
#718=FACE_OUTER_BOUND('',#1097,.T.);
#719=FACE_OUTER_BOUND('',#1098,.T.);
#720=FACE_OUTER_BOUND('',#1099,.T.);
#721=FACE_OUTER_BOUND('',#1100,.T.);
#722=FACE_OUTER_BOUND('',#1101,.T.);
#723=FACE_OUTER_BOUND('',#1102,.T.);
#724=FACE_OUTER_BOUND('',#1103,.T.);
#725=FACE_OUTER_BOUND('',#1104,.T.);
#726=FACE_OUTER_BOUND('',#1105,.T.);
#727=FACE_OUTER_BOUND('',#1106,.T.);
#728=FACE_OUTER_BOUND('',#1107,.T.);
#729=FACE_OUTER_BOUND('',#1108,.T.);
#730=FACE_OUTER_BOUND('',#1109,.T.);
#731=FACE_OUTER_BOUND('',#1110,.T.);
#732=FACE_OUTER_BOUND('',#1111,.T.);
#733=FACE_OUTER_BOUND('',#1112,.T.);
#734=FACE_OUTER_BOUND('',#1113,.T.);
#735=FACE_OUTER_BOUND('',#1114,.T.);
#736=FACE_OUTER_BOUND('',#1115,.T.);
#737=FACE_OUTER_BOUND('',#1116,.T.);
#738=FACE_OUTER_BOUND('',#1117,.T.);
#739=FACE_OUTER_BOUND('',#1118,.T.);
#740=FACE_OUTER_BOUND('',#1119,.T.);
#741=FACE_OUTER_BOUND('',#1120,.T.);
#742=FACE_OUTER_BOUND('',#1121,.T.);
#743=FACE_OUTER_BOUND('',#1122,.T.);
#744=FACE_OUTER_BOUND('',#1123,.T.);
#745=FACE_OUTER_BOUND('',#1124,.T.);
#746=FACE_OUTER_BOUND('',#1125,.T.);
#747=FACE_OUTER_BOUND('',#1126,.T.);
#748=FACE_OUTER_BOUND('',#1127,.T.);
#749=FACE_OUTER_BOUND('',#1128,.T.);
#750=FACE_OUTER_BOUND('',#1129,.T.);
#751=FACE_OUTER_BOUND('',#1130,.T.);
#752=FACE_OUTER_BOUND('',#1131,.T.);
#753=FACE_OUTER_BOUND('',#1132,.T.);
#754=FACE_OUTER_BOUND('',#1133,.T.);
#755=FACE_OUTER_BOUND('',#1134,.T.);
#756=FACE_OUTER_BOUND('',#1135,.T.);
#757=FACE_OUTER_BOUND('',#1136,.T.);
#758=EDGE_LOOP('',(#3956,#3957,#3958,#3959));
#759=EDGE_LOOP('',(#3960,#3961,#3962,#3963));
#760=EDGE_LOOP('',(#3964,#3965,#3966,#3967));
#761=EDGE_LOOP('',(#3968));
#762=EDGE_LOOP('',(#3969,#3970,#3971,#3972,#3973));
#763=EDGE_LOOP('',(#3974,#3975,#3976,#3977,#3978));
#764=EDGE_LOOP('',(#3979,#3980,#3981,#3982,#3983,#3984));
#765=EDGE_LOOP('',(#3985,#3986,#3987,#3988));
#766=EDGE_LOOP('',(#3989,#3990,#3991,#3992));
#767=EDGE_LOOP('',(#3993,#3994,#3995,#3996,#3997));
#768=EDGE_LOOP('',(#3998,#3999,#4000,#4001,#4002,#4003,#4004,#4005,#4006));
#769=EDGE_LOOP('',(#4007));
#770=EDGE_LOOP('',(#4008,#4009,#4010,#4011,#4012,#4013,#4014,#4015));
#771=EDGE_LOOP('',(#4016,#4017,#4018,#4019,#4020,#4021,#4022,#4023,#4024,
#4025,#4026,#4027,#4028,#4029,#4030,#4031));
#772=EDGE_LOOP('',(#4032,#4033,#4034,#4035));
#773=EDGE_LOOP('',(#4036,#4037,#4038,#4039));
#774=EDGE_LOOP('',(#4040,#4041,#4042));
#775=EDGE_LOOP('',(#4043,#4044,#4045,#4046,#4047,#4048,#4049,#4050));
#776=EDGE_LOOP('',(#4051));
#777=EDGE_LOOP('',(#4052,#4053,#4054,#4055,#4056,#4057));
#778=EDGE_LOOP('',(#4058,#4059,#4060,#4061,#4062,#4063));
#779=EDGE_LOOP('',(#4064,#4065,#4066));
#780=EDGE_LOOP('',(#4067,#4068,#4069,#4070));
#781=EDGE_LOOP('',(#4071,#4072,#4073,#4074));
#782=EDGE_LOOP('',(#4075));
#783=EDGE_LOOP('',(#4076,#4077,#4078,#4079));
#784=EDGE_LOOP('',(#4080));
#785=EDGE_LOOP('',(#4081,#4082,#4083,#4084));
#786=EDGE_LOOP('',(#4085));
#787=EDGE_LOOP('',(#4086,#4087,#4088));
#788=EDGE_LOOP('',(#4089,#4090,#4091,#4092));
#789=EDGE_LOOP('',(#4093,#4094,#4095,#4096));
#790=EDGE_LOOP('',(#4097,#4098,#4099,#4100));
#791=EDGE_LOOP('',(#4101,#4102));
#792=EDGE_LOOP('',(#4103,#4104));
#793=EDGE_LOOP('',(#4105,#4106,#4107,#4108));
#794=EDGE_LOOP('',(#4109,#4110,#4111,#4112));
#795=EDGE_LOOP('',(#4113,#4114,#4115,#4116));
#796=EDGE_LOOP('',(#4117,#4118,#4119,#4120));
#797=EDGE_LOOP('',(#4121,#4122));
#798=EDGE_LOOP('',(#4123,#4124,#4125,#4126));
#799=EDGE_LOOP('',(#4127,#4128,#4129,#4130,#4131,#4132,#4133,#4134,#4135,
#4136,#4137,#4138,#4139,#4140,#4141,#4142,#4143,#4144,#4145,#4146,#4147,
#4148,#4149,#4150,#4151,#4152,#4153,#4154,#4155,#4156,#4157,#4158,#4159,
#4160,#4161,#4162));
#800=EDGE_LOOP('',(#4163));
#801=EDGE_LOOP('',(#4164));
#802=EDGE_LOOP('',(#4165));
#803=EDGE_LOOP('',(#4166));
#804=EDGE_LOOP('',(#4167,#4168,#4169,#4170));
#805=EDGE_LOOP('',(#4171));
#806=EDGE_LOOP('',(#4172,#4173,#4174,#4175,#4176,#4177));
#807=EDGE_LOOP('',(#4178,#4179,#4180,#4181,#4182,#4183,#4184,#4185));
#808=EDGE_LOOP('',(#4186,#4187,#4188,#4189,#4190,#4191));
#809=EDGE_LOOP('',(#4192,#4193,#4194,#4195,#4196,#4197));
#810=EDGE_LOOP('',(#4198));
#811=EDGE_LOOP('',(#4199,#4200,#4201,#4202));
#812=EDGE_LOOP('',(#4203));
#813=EDGE_LOOP('',(#4204,#4205,#4206,#4207));
#814=EDGE_LOOP('',(#4208,#4209,#4210,#4211));
#815=EDGE_LOOP('',(#4212,#4213,#4214,#4215));
#816=EDGE_LOOP('',(#4216));
#817=EDGE_LOOP('',(#4217));
#818=EDGE_LOOP('',(#4218,#4219,#4220,#4221,#4222));
#819=EDGE_LOOP('',(#4223,#4224,#4225,#4226));
#820=EDGE_LOOP('',(#4227,#4228,#4229,#4230));
#821=EDGE_LOOP('',(#4231,#4232,#4233,#4234));
#822=EDGE_LOOP('',(#4235,#4236,#4237,#4238,#4239,#4240,#4241,#4242));
#823=EDGE_LOOP('',(#4243,#4244,#4245,#4246));
#824=EDGE_LOOP('',(#4247,#4248,#4249,#4250));
#825=EDGE_LOOP('',(#4251,#4252,#4253,#4254,#4255,#4256,#4257,#4258));
#826=EDGE_LOOP('',(#4259,#4260,#4261,#4262,#4263));
#827=EDGE_LOOP('',(#4264,#4265,#4266,#4267));
#828=EDGE_LOOP('',(#4268,#4269,#4270,#4271));
#829=EDGE_LOOP('',(#4272,#4273,#4274,#4275));
#830=EDGE_LOOP('',(#4276,#4277,#4278,#4279,#4280,#4281,#4282,#4283));
#831=EDGE_LOOP('',(#4284,#4285,#4286,#4287));
#832=EDGE_LOOP('',(#4288,#4289,#4290,#4291));
#833=EDGE_LOOP('',(#4292,#4293,#4294,#4295));
#834=EDGE_LOOP('',(#4296,#4297,#4298,#4299));
#835=EDGE_LOOP('',(#4300,#4301,#4302,#4303));
#836=EDGE_LOOP('',(#4304,#4305,#4306,#4307));
#837=EDGE_LOOP('',(#4308,#4309,#4310,#4311));
#838=EDGE_LOOP('',(#4312,#4313,#4314,#4315));
#839=EDGE_LOOP('',(#4316,#4317,#4318,#4319));
#840=EDGE_LOOP('',(#4320,#4321,#4322,#4323));
#841=EDGE_LOOP('',(#4324,#4325,#4326,#4327));
#842=EDGE_LOOP('',(#4328,#4329,#4330,#4331));
#843=EDGE_LOOP('',(#4332,#4333,#4334,#4335));
#844=EDGE_LOOP('',(#4336,#4337,#4338,#4339));
#845=EDGE_LOOP('',(#4340,#4341,#4342,#4343));
#846=EDGE_LOOP('',(#4344,#4345,#4346,#4347));
#847=EDGE_LOOP('',(#4348,#4349,#4350,#4351));
#848=EDGE_LOOP('',(#4352,#4353,#4354,#4355));
#849=EDGE_LOOP('',(#4356,#4357,#4358,#4359));
#850=EDGE_LOOP('',(#4360,#4361,#4362,#4363));
#851=EDGE_LOOP('',(#4364,#4365,#4366,#4367));
#852=EDGE_LOOP('',(#4368,#4369,#4370,#4371));
#853=EDGE_LOOP('',(#4372,#4373,#4374,#4375));
#854=EDGE_LOOP('',(#4376,#4377,#4378,#4379));
#855=EDGE_LOOP('',(#4380,#4381,#4382,#4383));
#856=EDGE_LOOP('',(#4384,#4385,#4386,#4387));
#857=EDGE_LOOP('',(#4388,#4389,#4390,#4391,#4392,#4393));
#858=EDGE_LOOP('',(#4394,#4395,#4396,#4397));
#859=EDGE_LOOP('',(#4398,#4399,#4400,#4401));
#860=EDGE_LOOP('',(#4402,#4403,#4404,#4405));
#861=EDGE_LOOP('',(#4406,#4407,#4408,#4409));
#862=EDGE_LOOP('',(#4410,#4411,#4412,#4413,#4414,#4415,#4416));
#863=EDGE_LOOP('',(#4417,#4418,#4419,#4420));
#864=EDGE_LOOP('',(#4421,#4422,#4423,#4424));
#865=EDGE_LOOP('',(#4425,#4426,#4427,#4428));
#866=EDGE_LOOP('',(#4429,#4430,#4431,#4432));
#867=EDGE_LOOP('',(#4433,#4434,#4435,#4436,#4437));
#868=EDGE_LOOP('',(#4438,#4439,#4440,#4441));
#869=EDGE_LOOP('',(#4442,#4443,#4444,#4445));
#870=EDGE_LOOP('',(#4446,#4447,#4448,#4449));
#871=EDGE_LOOP('',(#4450,#4451,#4452,#4453));
#872=EDGE_LOOP('',(#4454,#4455,#4456,#4457));
#873=EDGE_LOOP('',(#4458,#4459,#4460,#4461));
#874=EDGE_LOOP('',(#4462,#4463,#4464,#4465));
#875=EDGE_LOOP('',(#4466,#4467,#4468,#4469));
#876=EDGE_LOOP('',(#4470,#4471,#4472,#4473,#4474,#4475));
#877=EDGE_LOOP('',(#4476,#4477,#4478,#4479,#4480,#4481));
#878=EDGE_LOOP('',(#4482,#4483,#4484,#4485));
#879=EDGE_LOOP('',(#4486,#4487,#4488,#4489));
#880=EDGE_LOOP('',(#4490,#4491,#4492,#4493,#4494,#4495,#4496,#4497));
#881=EDGE_LOOP('',(#4498,#4499,#4500,#4501,#4502,#4503,#4504,#4505));
#882=EDGE_LOOP('',(#4506,#4507,#4508,#4509));
#883=EDGE_LOOP('',(#4510,#4511,#4512,#4513));
#884=EDGE_LOOP('',(#4514,#4515,#4516,#4517));
#885=EDGE_LOOP('',(#4518,#4519,#4520,#4521));
#886=EDGE_LOOP('',(#4522,#4523,#4524,#4525,#4526,#4527,#4528,#4529,#4530,
#4531,#4532,#4533,#4534,#4535,#4536,#4537));
#887=EDGE_LOOP('',(#4538));
#888=EDGE_LOOP('',(#4539,#4540,#4541,#4542,#4543,#4544,#4545,#4546,#4547,
#4548));
#889=EDGE_LOOP('',(#4549,#4550,#4551,#4552));
#890=EDGE_LOOP('',(#4553,#4554,#4555,#4556));
#891=EDGE_LOOP('',(#4557,#4558,#4559,#4560));
#892=EDGE_LOOP('',(#4561));
#893=EDGE_LOOP('',(#4562,#4563,#4564,#4565,#4566));
#894=EDGE_LOOP('',(#4567,#4568,#4569,#4570,#4571,#4572,#4573,#4574));
#895=EDGE_LOOP('',(#4575,#4576,#4577,#4578,#4579,#4580,#4581,#4582));
#896=EDGE_LOOP('',(#4583,#4584,#4585,#4586,#4587));
#897=EDGE_LOOP('',(#4588,#4589,#4590,#4591));
#898=EDGE_LOOP('',(#4592,#4593,#4594,#4595));
#899=EDGE_LOOP('',(#4596,#4597,#4598,#4599));
#900=EDGE_LOOP('',(#4600,#4601,#4602,#4603,#4604,#4605));
#901=EDGE_LOOP('',(#4606,#4607,#4608,#4609,#4610,#4611));
#902=EDGE_LOOP('',(#4612,#4613,#4614,#4615));
#903=EDGE_LOOP('',(#4616,#4617,#4618,#4619,#4620,#4621,#4622));
#904=EDGE_LOOP('',(#4623,#4624,#4625,#4626));
#905=EDGE_LOOP('',(#4627,#4628,#4629,#4630));
#906=EDGE_LOOP('',(#4631,#4632,#4633,#4634));
#907=EDGE_LOOP('',(#4635,#4636,#4637,#4638,#4639,#4640,#4641,#4642,#4643));
#908=EDGE_LOOP('',(#4644,#4645,#4646));
#909=EDGE_LOOP('',(#4647,#4648));
#910=EDGE_LOOP('',(#4649,#4650,#4651,#4652));
#911=EDGE_LOOP('',(#4653,#4654,#4655,#4656));
#912=EDGE_LOOP('',(#4657,#4658,#4659,#4660,#4661,#4662,#4663,#4664,#4665,
#4666));
#913=EDGE_LOOP('',(#4667,#4668,#4669,#4670));
#914=EDGE_LOOP('',(#4671,#4672,#4673,#4674));
#915=EDGE_LOOP('',(#4675,#4676,#4677,#4678,#4679,#4680,#4681,#4682,#4683,
#4684,#4685,#4686));
#916=EDGE_LOOP('',(#4687,#4688,#4689,#4690));
#917=EDGE_LOOP('',(#4691,#4692,#4693,#4694,#4695));
#918=EDGE_LOOP('',(#4696,#4697,#4698,#4699,#4700,#4701,#4702,#4703));
#919=EDGE_LOOP('',(#4704,#4705,#4706,#4707));
#920=EDGE_LOOP('',(#4708,#4709,#4710,#4711,#4712));
#921=EDGE_LOOP('',(#4713,#4714,#4715,#4716));
#922=EDGE_LOOP('',(#4717,#4718,#4719,#4720));
#923=EDGE_LOOP('',(#4721,#4722,#4723,#4724,#4725,#4726));
#924=EDGE_LOOP('',(#4727,#4728,#4729,#4730,#4731,#4732));
#925=EDGE_LOOP('',(#4733,#4734,#4735,#4736));
#926=EDGE_LOOP('',(#4737,#4738,#4739,#4740));
#927=EDGE_LOOP('',(#4741,#4742,#4743,#4744,#4745));
#928=EDGE_LOOP('',(#4746,#4747,#4748,#4749));
#929=EDGE_LOOP('',(#4750,#4751,#4752,#4753));
#930=EDGE_LOOP('',(#4754,#4755,#4756,#4757));
#931=EDGE_LOOP('',(#4758,#4759,#4760,#4761));
#932=EDGE_LOOP('',(#4762,#4763,#4764,#4765));
#933=EDGE_LOOP('',(#4766,#4767,#4768,#4769,#4770));
#934=EDGE_LOOP('',(#4771,#4772,#4773,#4774,#4775,#4776));
#935=EDGE_LOOP('',(#4777,#4778,#4779,#4780,#4781,#4782,#4783,#4784,#4785,
#4786,#4787,#4788));
#936=EDGE_LOOP('',(#4789,#4790,#4791,#4792,#4793,#4794,#4795,#4796));
#937=EDGE_LOOP('',(#4797,#4798,#4799,#4800));
#938=EDGE_LOOP('',(#4801,#4802,#4803,#4804));
#939=EDGE_LOOP('',(#4805,#4806,#4807,#4808));
#940=EDGE_LOOP('',(#4809,#4810,#4811,#4812));
#941=EDGE_LOOP('',(#4813,#4814,#4815,#4816));
#942=EDGE_LOOP('',(#4817,#4818,#4819,#4820));
#943=EDGE_LOOP('',(#4821,#4822,#4823,#4824));
#944=EDGE_LOOP('',(#4825,#4826,#4827,#4828));
#945=EDGE_LOOP('',(#4829,#4830,#4831,#4832));
#946=EDGE_LOOP('',(#4833,#4834,#4835,#4836));
#947=EDGE_LOOP('',(#4837,#4838,#4839,#4840));
#948=EDGE_LOOP('',(#4841,#4842,#4843,#4844));
#949=EDGE_LOOP('',(#4845,#4846,#4847,#4848));
#950=EDGE_LOOP('',(#4849,#4850,#4851,#4852));
#951=EDGE_LOOP('',(#4853,#4854,#4855,#4856));
#952=EDGE_LOOP('',(#4857,#4858,#4859,#4860));
#953=EDGE_LOOP('',(#4861,#4862,#4863,#4864,#4865,#4866,#4867,#4868,#4869,
#4870,#4871));
#954=EDGE_LOOP('',(#4872));
#955=EDGE_LOOP('',(#4873));
#956=EDGE_LOOP('',(#4874,#4875,#4876,#4877));
#957=EDGE_LOOP('',(#4878,#4879,#4880,#4881));
#958=EDGE_LOOP('',(#4882,#4883,#4884,#4885));
#959=EDGE_LOOP('',(#4886,#4887,#4888,#4889));
#960=EDGE_LOOP('',(#4890,#4891,#4892,#4893,#4894,#4895,#4896,#4897,#4898));
#961=EDGE_LOOP('',(#4899,#4900,#4901,#4902,#4903));
#962=EDGE_LOOP('',(#4904,#4905,#4906,#4907,#4908));
#963=EDGE_LOOP('',(#4909,#4910,#4911,#4912,#4913,#4914,#4915));
#964=EDGE_LOOP('',(#4916,#4917,#4918,#4919));
#965=EDGE_LOOP('',(#4920,#4921,#4922,#4923));
#966=EDGE_LOOP('',(#4924,#4925,#4926,#4927));
#967=EDGE_LOOP('',(#4928,#4929,#4930,#4931));
#968=EDGE_LOOP('',(#4932,#4933,#4934,#4935));
#969=EDGE_LOOP('',(#4936,#4937,#4938,#4939));
#970=EDGE_LOOP('',(#4940,#4941,#4942,#4943,#4944,#4945));
#971=EDGE_LOOP('',(#4946,#4947,#4948,#4949));
#972=EDGE_LOOP('',(#4950,#4951,#4952,#4953));
#973=EDGE_LOOP('',(#4954,#4955,#4956,#4957));
#974=EDGE_LOOP('',(#4958,#4959,#4960,#4961));
#975=EDGE_LOOP('',(#4962,#4963,#4964,#4965));
#976=EDGE_LOOP('',(#4966,#4967,#4968,#4969));
#977=EDGE_LOOP('',(#4970,#4971,#4972,#4973));
#978=EDGE_LOOP('',(#4974,#4975,#4976,#4977,#4978,#4979));
#979=EDGE_LOOP('',(#4980,#4981,#4982,#4983,#4984,#4985));
#980=EDGE_LOOP('',(#4986,#4987,#4988,#4989));
#981=EDGE_LOOP('',(#4990,#4991,#4992,#4993,#4994,#4995));
#982=EDGE_LOOP('',(#4996,#4997));
#983=EDGE_LOOP('',(#4998,#4999,#5000,#5001,#5002,#5003,#5004,#5005));
#984=EDGE_LOOP('',(#5006,#5007,#5008,#5009));
#985=EDGE_LOOP('',(#5010,#5011,#5012,#5013));
#986=EDGE_LOOP('',(#5014,#5015,#5016,#5017,#5018,#5019,#5020,#5021,#5022));
#987=EDGE_LOOP('',(#5023,#5024,#5025,#5026));
#988=EDGE_LOOP('',(#5027,#5028,#5029,#5030));
#989=EDGE_LOOP('',(#5031,#5032,#5033,#5034));
#990=EDGE_LOOP('',(#5035,#5036,#5037,#5038,#5039,#5040,#5041,#5042));
#991=EDGE_LOOP('',(#5043,#5044,#5045,#5046));
#992=EDGE_LOOP('',(#5047,#5048,#5049,#5050));
#993=EDGE_LOOP('',(#5051,#5052,#5053,#5054));
#994=EDGE_LOOP('',(#5055,#5056,#5057,#5058));
#995=EDGE_LOOP('',(#5059,#5060,#5061,#5062));
#996=EDGE_LOOP('',(#5063,#5064,#5065,#5066));
#997=EDGE_LOOP('',(#5067,#5068,#5069,#5070));
#998=EDGE_LOOP('',(#5071,#5072,#5073,#5074));
#999=EDGE_LOOP('',(#5075,#5076,#5077,#5078));
#1000=EDGE_LOOP('',(#5079,#5080,#5081,#5082));
#1001=EDGE_LOOP('',(#5083,#5084,#5085,#5086));
#1002=EDGE_LOOP('',(#5087,#5088,#5089,#5090));
#1003=EDGE_LOOP('',(#5091,#5092,#5093,#5094));
#1004=EDGE_LOOP('',(#5095,#5096,#5097,#5098));
#1005=EDGE_LOOP('',(#5099,#5100,#5101,#5102,#5103,#5104));
#1006=EDGE_LOOP('',(#5105,#5106,#5107,#5108));
#1007=EDGE_LOOP('',(#5109,#5110,#5111,#5112));
#1008=EDGE_LOOP('',(#5113,#5114,#5115,#5116));
#1009=EDGE_LOOP('',(#5117,#5118,#5119,#5120,#5121));
#1010=EDGE_LOOP('',(#5122,#5123,#5124,#5125));
#1011=EDGE_LOOP('',(#5126,#5127,#5128,#5129));
#1012=EDGE_LOOP('',(#5130,#5131,#5132,#5133,#5134,#5135));
#1013=EDGE_LOOP('',(#5136,#5137,#5138,#5139));
#1014=EDGE_LOOP('',(#5140,#5141,#5142,#5143));
#1015=EDGE_LOOP('',(#5144,#5145,#5146,#5147));
#1016=EDGE_LOOP('',(#5148,#5149,#5150,#5151));
#1017=EDGE_LOOP('',(#5152,#5153,#5154,#5155,#5156,#5157,#5158,#5159));
#1018=EDGE_LOOP('',(#5160,#5161,#5162,#5163));
#1019=EDGE_LOOP('',(#5164,#5165,#5166,#5167));
#1020=EDGE_LOOP('',(#5168,#5169,#5170,#5171));
#1021=EDGE_LOOP('',(#5172,#5173,#5174,#5175));
#1022=EDGE_LOOP('',(#5176,#5177,#5178,#5179));
#1023=EDGE_LOOP('',(#5180,#5181,#5182,#5183));
#1024=EDGE_LOOP('',(#5184,#5185,#5186,#5187));
#1025=EDGE_LOOP('',(#5188,#5189,#5190,#5191));
#1026=EDGE_LOOP('',(#5192,#5193,#5194,#5195));
#1027=EDGE_LOOP('',(#5196,#5197,#5198,#5199));
#1028=EDGE_LOOP('',(#5200,#5201,#5202,#5203,#5204));
#1029=EDGE_LOOP('',(#5205));
#1030=EDGE_LOOP('',(#5206,#5207,#5208,#5209));
#1031=EDGE_LOOP('',(#5210,#5211,#5212,#5213));
#1032=EDGE_LOOP('',(#5214,#5215,#5216,#5217));
#1033=EDGE_LOOP('',(#5218,#5219,#5220,#5221));
#1034=EDGE_LOOP('',(#5222,#5223,#5224,#5225));
#1035=EDGE_LOOP('',(#5226,#5227,#5228,#5229));
#1036=EDGE_LOOP('',(#5230,#5231,#5232,#5233));
#1037=EDGE_LOOP('',(#5234,#5235,#5236,#5237));
#1038=EDGE_LOOP('',(#5238,#5239,#5240,#5241));
#1039=EDGE_LOOP('',(#5242,#5243,#5244,#5245));
#1040=EDGE_LOOP('',(#5246,#5247,#5248,#5249));
#1041=EDGE_LOOP('',(#5250,#5251,#5252,#5253));
#1042=EDGE_LOOP('',(#5254,#5255,#5256,#5257));
#1043=EDGE_LOOP('',(#5258,#5259,#5260,#5261));
#1044=EDGE_LOOP('',(#5262,#5263,#5264,#5265,#5266,#5267,#5268,#5269,#5270,
#5271,#5272,#5273,#5274,#5275,#5276,#5277,#5278,#5279,#5280,#5281,#5282,
#5283));
#1045=EDGE_LOOP('',(#5284));
#1046=EDGE_LOOP('',(#5285));
#1047=EDGE_LOOP('',(#5286,#5287,#5288,#5289));
#1048=EDGE_LOOP('',(#5290,#5291,#5292,#5293));
#1049=EDGE_LOOP('',(#5294,#5295,#5296,#5297));
#1050=EDGE_LOOP('',(#5298,#5299,#5300,#5301,#5302,#5303,#5304,#5305));
#1051=EDGE_LOOP('',(#5306));
#1052=EDGE_LOOP('',(#5307,#5308,#5309,#5310));
#1053=EDGE_LOOP('',(#5311,#5312,#5313,#5314));
#1054=EDGE_LOOP('',(#5315,#5316,#5317));
#1055=EDGE_LOOP('',(#5318,#5319,#5320,#5321));
#1056=EDGE_LOOP('',(#5322,#5323,#5324,#5325));
#1057=EDGE_LOOP('',(#5326,#5327,#5328,#5329));
#1058=EDGE_LOOP('',(#5330,#5331,#5332));
#1059=EDGE_LOOP('',(#5333,#5334,#5335,#5336));
#1060=EDGE_LOOP('',(#5337,#5338,#5339));
#1061=EDGE_LOOP('',(#5340,#5341,#5342,#5343));
#1062=EDGE_LOOP('',(#5344,#5345,#5346,#5347));
#1063=EDGE_LOOP('',(#5348,#5349,#5350,#5351));
#1064=EDGE_LOOP('',(#5352,#5353,#5354,#5355));
#1065=EDGE_LOOP('',(#5356,#5357,#5358,#5359));
#1066=EDGE_LOOP('',(#5360,#5361,#5362,#5363));
#1067=EDGE_LOOP('',(#5364,#5365,#5366,#5367));
#1068=EDGE_LOOP('',(#5368,#5369,#5370,#5371));
#1069=EDGE_LOOP('',(#5372,#5373,#5374,#5375));
#1070=EDGE_LOOP('',(#5376,#5377,#5378,#5379));
#1071=EDGE_LOOP('',(#5380,#5381,#5382,#5383));
#1072=EDGE_LOOP('',(#5384,#5385,#5386,#5387));
#1073=EDGE_LOOP('',(#5388,#5389,#5390,#5391));
#1074=EDGE_LOOP('',(#5392,#5393,#5394,#5395));
#1075=EDGE_LOOP('',(#5396,#5397,#5398,#5399));
#1076=EDGE_LOOP('',(#5400,#5401,#5402,#5403));
#1077=EDGE_LOOP('',(#5404,#5405,#5406,#5407));
#1078=EDGE_LOOP('',(#5408,#5409,#5410,#5411));
#1079=EDGE_LOOP('',(#5412,#5413,#5414,#5415));
#1080=EDGE_LOOP('',(#5416,#5417,#5418,#5419,#5420,#5421,#5422));
#1081=EDGE_LOOP('',(#5423,#5424,#5425,#5426,#5427,#5428,#5429));
#1082=EDGE_LOOP('',(#5430,#5431,#5432));
#1083=EDGE_LOOP('',(#5433,#5434,#5435,#5436,#5437,#5438,#5439,#5440,#5441));
#1084=EDGE_LOOP('',(#5442,#5443,#5444));
#1085=EDGE_LOOP('',(#5445,#5446,#5447,#5448,#5449));
#1086=EDGE_LOOP('',(#5450,#5451,#5452));
#1087=EDGE_LOOP('',(#5453,#5454,#5455,#5456,#5457,#5458,#5459,#5460,#5461));
#1088=EDGE_LOOP('',(#5462,#5463,#5464));
#1089=EDGE_LOOP('',(#5465,#5466,#5467,#5468,#5469));
#1090=EDGE_LOOP('',(#5470,#5471,#5472));
#1091=EDGE_LOOP('',(#5473,#5474,#5475,#5476,#5477,#5478,#5479,#5480,#5481));
#1092=EDGE_LOOP('',(#5482,#5483,#5484));
#1093=EDGE_LOOP('',(#5485,#5486,#5487,#5488,#5489,#5490,#5491,#5492,#5493));
#1094=EDGE_LOOP('',(#5494,#5495,#5496));
#1095=EDGE_LOOP('',(#5497,#5498,#5499,#5500,#5501));
#1096=EDGE_LOOP('',(#5502,#5503,#5504));
#1097=EDGE_LOOP('',(#5505,#5506,#5507,#5508,#5509));
#1098=EDGE_LOOP('',(#5510,#5511,#5512,#5513));
#1099=EDGE_LOOP('',(#5514,#5515,#5516,#5517));
#1100=EDGE_LOOP('',(#5518,#5519,#5520,#5521,#5522));
#1101=EDGE_LOOP('',(#5523,#5524,#5525,#5526,#5527));
#1102=EDGE_LOOP('',(#5528,#5529,#5530,#5531,#5532));
#1103=EDGE_LOOP('',(#5533,#5534,#5535,#5536,#5537));
#1104=EDGE_LOOP('',(#5538,#5539,#5540,#5541,#5542,#5543));
#1105=EDGE_LOOP('',(#5544,#5545,#5546,#5547));
#1106=EDGE_LOOP('',(#5548,#5549,#5550,#5551,#5552,#5553));
#1107=EDGE_LOOP('',(#5554,#5555,#5556,#5557));
#1108=EDGE_LOOP('',(#5558,#5559,#5560,#5561));
#1109=EDGE_LOOP('',(#5562,#5563,#5564,#5565));
#1110=EDGE_LOOP('',(#5566,#5567,#5568,#5569));
#1111=EDGE_LOOP('',(#5570,#5571,#5572,#5573));
#1112=EDGE_LOOP('',(#5574,#5575,#5576,#5577));
#1113=EDGE_LOOP('',(#5578,#5579,#5580,#5581,#5582,#5583));
#1114=EDGE_LOOP('',(#5584,#5585,#5586,#5587));
#1115=EDGE_LOOP('',(#5588,#5589,#5590,#5591,#5592,#5593));
#1116=EDGE_LOOP('',(#5594,#5595,#5596,#5597));
#1117=EDGE_LOOP('',(#5598,#5599,#5600,#5601));
#1118=EDGE_LOOP('',(#5602,#5603,#5604,#5605));
#1119=EDGE_LOOP('',(#5606,#5607,#5608,#5609));
#1120=EDGE_LOOP('',(#5610,#5611,#5612,#5613));
#1121=EDGE_LOOP('',(#5614,#5615,#5616,#5617));
#1122=EDGE_LOOP('',(#5618,#5619,#5620,#5621,#5622,#5623));
#1123=EDGE_LOOP('',(#5624,#5625,#5626,#5627));
#1124=EDGE_LOOP('',(#5628,#5629,#5630,#5631,#5632));
#1125=EDGE_LOOP('',(#5633,#5634,#5635,#5636));
#1126=EDGE_LOOP('',(#5637,#5638,#5639,#5640,#5641,#5642,#5643,#5644,#5645,
#5646,#5647,#5648,#5649,#5650,#5651,#5652,#5653,#5654));
#1127=EDGE_LOOP('',(#5655,#5656,#5657));
#1128=EDGE_LOOP('',(#5658,#5659,#5660,#5661));
#1129=EDGE_LOOP('',(#5662,#5663,#5664,#5665));
#1130=EDGE_LOOP('',(#5666,#5667,#5668,#5669));
#1131=EDGE_LOOP('',(#5670,#5671,#5672,#5673,#5674));
#1132=EDGE_LOOP('',(#5675,#5676,#5677,#5678));
#1133=EDGE_LOOP('',(#5679,#5680,#5681,#5682));
#1134=EDGE_LOOP('',(#5683,#5684,#5685,#5686));
#1135=EDGE_LOOP('',(#5687,#5688,#5689,#5690));
#1136=EDGE_LOOP('',(#5691,#5692,#5693));
#1137=LINE('',#8326,#1740);
#1138=LINE('',#8330,#1741);
#1139=LINE('',#8335,#1742);
#1140=LINE('',#8337,#1743);
#1141=LINE('',#8339,#1744);
#1142=LINE('',#8340,#1745);
#1143=LINE('',#8344,#1746);
#1144=LINE('',#8348,#1747);
#1145=LINE('',#8363,#1748);
#1146=LINE('',#8368,#1749);
#1147=LINE('',#8371,#1750);
#1148=LINE('',#8373,#1751);
#1149=LINE('',#8376,#1752);
#1150=LINE('',#8381,#1753);
#1151=LINE('',#8438,#1754);
#1152=LINE('',#8442,#1755);
#1153=LINE('',#8443,#1756);
#1154=LINE('',#8448,#1757);
#1155=LINE('',#8452,#1758);
#1156=LINE('',#8454,#1759);
#1157=LINE('',#8455,#1760);
#1158=LINE('',#8460,#1761);
#1159=LINE('',#8462,#1762);
#1160=LINE('',#8464,#1763);
#1161=LINE('',#8466,#1764);
#1162=LINE('',#8468,#1765);
#1163=LINE('',#8469,#1766);
#1164=LINE('',#8477,#1767);
#1165=LINE('',#8481,#1768);
#1166=LINE('',#8485,#1769);
#1167=LINE('',#8489,#1770);
#1168=LINE('',#8493,#1771);
#1169=LINE('',#8494,#1772);
#1170=LINE('',#8514,#1773);
#1171=LINE('',#8516,#1774);
#1172=LINE('',#8517,#1775);
#1173=LINE('',#8520,#1776);
#1174=LINE('',#8523,#1777);
#1175=LINE('',#8524,#1778);
#1176=LINE('',#8527,#1779);
#1177=LINE('',#8528,#1780);
#1178=LINE('',#8529,#1781);
#1179=LINE('',#8532,#1782);
#1180=LINE('',#8534,#1783);
#1181=LINE('',#8535,#1784);
#1182=LINE('',#8537,#1785);
#1183=LINE('',#8540,#1786);
#1184=LINE('',#8541,#1787);
#1185=LINE('',#8702,#1788);
#1186=LINE('',#8717,#1789);
#1187=LINE('',#8731,#1790);
#1188=LINE('',#8868,#1791);
#1189=LINE('',#8892,#1792);
#1190=LINE('',#8941,#1793);
#1191=LINE('',#8947,#1794);
#1192=LINE('',#8977,#1795);
#1193=LINE('',#8983,#1796);
#1194=LINE('',#8987,#1797);
#1195=LINE('',#8991,#1798);
#1196=LINE('',#8993,#1799);
#1197=LINE('',#8999,#1800);
#1198=LINE('',#9001,#1801);
#1199=LINE('',#9003,#1802);
#1200=LINE('',#9005,#1803);
#1201=LINE('',#9009,#1804);
#1202=LINE('',#9013,#1805);
#1203=LINE('',#9017,#1806);
#1204=LINE('',#9021,#1807);
#1205=LINE('',#9025,#1808);
#1206=LINE('',#9027,#1809);
#1207=LINE('',#9031,#1810);
#1208=LINE('',#9036,#1811);
#1209=LINE('',#9039,#1812);
#1210=LINE('',#9044,#1813);
#1211=LINE('',#9046,#1814);
#1212=LINE('',#9048,#1815);
#1213=LINE('',#9049,#1816);
#1214=LINE('',#9054,#1817);
#1215=LINE('',#9056,#1818);
#1216=LINE('',#9058,#1819);
#1217=LINE('',#9060,#1820);
#1218=LINE('',#9062,#1821);
#1219=LINE('',#9063,#1822);
#1220=LINE('',#9066,#1823);
#1221=LINE('',#9070,#1824);
#1222=LINE('',#9074,#1825);
#1223=LINE('',#9078,#1826);
#1224=LINE('',#9082,#1827);
#1225=LINE('',#9084,#1828);
#1226=LINE('',#9086,#1829);
#1227=LINE('',#9088,#1830);
#1228=LINE('',#9090,#1831);
#1229=LINE('',#9091,#1832);
#1230=LINE('',#9094,#1833);
#1231=LINE('',#9096,#1834);
#1232=LINE('',#9098,#1835);
#1233=LINE('',#9100,#1836);
#1234=LINE('',#9102,#1837);
#1235=LINE('',#9103,#1838);
#1236=LINE('',#9108,#1839);
#1237=LINE('',#9110,#1840);
#1238=LINE('',#9112,#1841);
#1239=LINE('',#9113,#1842);
#1240=LINE('',#9116,#1843);
#1241=LINE('',#9121,#1844);
#1242=LINE('',#9124,#1845);
#1243=LINE('',#9162,#1846);
#1244=LINE('',#9173,#1847);
#1245=LINE('',#9192,#1848);
#1246=LINE('',#9196,#1849);
#1247=LINE('',#9252,#1850);
#1248=LINE('',#9254,#1851);
#1249=LINE('',#9256,#1852);
#1250=LINE('',#9258,#1853);
#1251=LINE('',#9260,#1854);
#1252=LINE('',#9263,#1855);
#1253=LINE('',#9266,#1856);
#1254=LINE('',#9268,#1857);
#1255=LINE('',#9270,#1858);
#1256=LINE('',#9271,#1859);
#1257=LINE('',#9274,#1860);
#1258=LINE('',#9276,#1861);
#1259=LINE('',#9278,#1862);
#1260=LINE('',#9279,#1863);
#1261=LINE('',#9283,#1864);
#1262=LINE('',#9326,#1865);
#1263=LINE('',#9339,#1866);
#1264=LINE('',#9359,#1867);
#1265=LINE('',#9362,#1868);
#1266=LINE('',#9418,#1869);
#1267=LINE('',#9421,#1870);
#1268=LINE('',#9423,#1871);
#1269=LINE('',#9424,#1872);
#1270=LINE('',#9427,#1873);
#1271=LINE('',#9428,#1874);
#1272=LINE('',#9431,#1875);
#1273=LINE('',#9432,#1876);
#1274=LINE('',#9434,#1877);
#1275=LINE('',#9437,#1878);
#1276=LINE('',#9439,#1879);
#1277=LINE('',#9440,#1880);
#1278=LINE('',#9443,#1881);
#1279=LINE('',#9444,#1882);
#1280=LINE('',#9447,#1883);
#1281=LINE('',#9449,#1884);
#1282=LINE('',#9450,#1885);
#1283=LINE('',#9453,#1886);
#1284=LINE('',#9454,#1887);
#1285=LINE('',#9457,#1888);
#1286=LINE('',#9458,#1889);
#1287=LINE('',#9460,#1890);
#1288=LINE('',#9463,#1891);
#1289=LINE('',#9465,#1892);
#1290=LINE('',#9466,#1893);
#1291=LINE('',#9469,#1894);
#1292=LINE('',#9470,#1895);
#1293=LINE('',#9472,#1896);
#1294=LINE('',#9473,#1897);
#1295=LINE('',#9476,#1898);
#1296=LINE('',#9477,#1899);
#1297=LINE('',#9479,#1900);
#1298=LINE('',#9480,#1901);
#1299=LINE('',#9483,#1902);
#1300=LINE('',#9485,#1903);
#1301=LINE('',#9486,#1904);
#1302=LINE('',#9489,#1905);
#1303=LINE('',#9490,#1906);
#1304=LINE('',#9492,#1907);
#1305=LINE('',#9493,#1908);
#1306=LINE('',#9496,#1909);
#1307=LINE('',#9498,#1910);
#1308=LINE('',#9500,#1911);
#1309=LINE('',#9505,#1912);
#1310=LINE('',#9506,#1913);
#1311=LINE('',#9510,#1914);
#1312=LINE('',#9514,#1915);
#1313=LINE('',#9518,#1916);
#1314=LINE('',#9522,#1917);
#1315=LINE('',#9528,#1918);
#1316=LINE('',#9533,#1919);
#1317=LINE('',#9534,#1920);
#1318=LINE('',#9538,#1921);
#1319=LINE('',#9544,#1922);
#1320=LINE('',#9548,#1923);
#1321=LINE('',#9553,#1924);
#1322=LINE('',#9558,#1925);
#1323=LINE('',#9565,#1926);
#1324=LINE('',#9572,#1927);
#1325=LINE('',#9575,#1928);
#1326=LINE('',#9577,#1929);
#1327=LINE('',#9578,#1930);
#1328=LINE('',#9581,#1931);
#1329=LINE('',#9582,#1932);
#1330=LINE('',#9585,#1933);
#1331=LINE('',#9586,#1934);
#1332=LINE('',#9589,#1935);
#1333=LINE('',#9590,#1936);
#1334=LINE('',#9593,#1937);
#1335=LINE('',#9594,#1938);
#1336=LINE('',#9596,#1939);
#1337=LINE('',#9599,#1940);
#1338=LINE('',#9601,#1941);
#1339=LINE('',#9602,#1942);
#1340=LINE('',#9605,#1943);
#1341=LINE('',#9607,#1944);
#1342=LINE('',#9609,#1945);
#1343=LINE('',#9610,#1946);
#1344=LINE('',#9613,#1947);
#1345=LINE('',#9615,#1948);
#1346=LINE('',#9617,#1949);
#1347=LINE('',#9618,#1950);
#1348=LINE('',#9637,#1951);
#1349=LINE('',#9638,#1952);
#1350=LINE('',#9641,#1953);
#1351=LINE('',#9642,#1954);
#1352=LINE('',#9646,#1955);
#1353=LINE('',#9647,#1956);
#1354=LINE('',#9650,#1957);
#1355=LINE('',#9654,#1958);
#1356=LINE('',#9658,#1959);
#1357=LINE('',#9662,#1960);
#1358=LINE('',#9666,#1961);
#1359=LINE('',#9667,#1962);
#1360=LINE('',#9670,#1963);
#1361=LINE('',#9674,#1964);
#1362=LINE('',#9679,#1965);
#1363=LINE('',#9682,#1966);
#1364=LINE('',#9684,#1967);
#1365=LINE('',#9688,#1968);
#1366=LINE('',#9692,#1969);
#1367=LINE('',#9696,#1970);
#1368=LINE('',#9700,#1971);
#1369=LINE('',#9706,#1972);
#1370=LINE('',#9708,#1973);
#1371=LINE('',#9710,#1974);
#1372=LINE('',#9712,#1975);
#1373=LINE('',#9713,#1976);
#1374=LINE('',#9714,#1977);
#1375=LINE('',#9718,#1978);
#1376=LINE('',#9720,#1979);
#1377=LINE('',#9722,#1980);
#1378=LINE('',#9723,#1981);
#1379=LINE('',#9727,#1982);
#1380=LINE('',#9729,#1983);
#1381=LINE('',#9731,#1984);
#1382=LINE('',#9732,#1985);
#1383=LINE('',#9734,#1986);
#1384=LINE('',#9735,#1987);
#1385=LINE('',#9739,#1988);
#1386=LINE('',#9740,#1989);
#1387=LINE('',#9743,#1990);
#1388=LINE('',#9745,#1991);
#1389=LINE('',#9746,#1992);
#1390=LINE('',#9749,#1993);
#1391=LINE('',#9751,#1994);
#1392=LINE('',#9752,#1995);
#1393=LINE('',#9755,#1996);
#1394=LINE('',#9756,#1997);
#1395=LINE('',#9759,#1998);
#1396=LINE('',#9760,#1999);
#1397=LINE('',#9762,#2000);
#1398=LINE('',#9764,#2001);
#1399=LINE('',#9766,#2002);
#1400=LINE('',#9769,#2003);
#1401=LINE('',#9771,#2004);
#1402=LINE('',#9772,#2005);
#1403=LINE('',#9775,#2006);
#1404=LINE('',#9777,#2007);
#1405=LINE('',#9785,#2008);
#1406=LINE('',#9786,#2009);
#1407=LINE('',#9793,#2010);
#1408=LINE('',#9797,#2011);
#1409=LINE('',#9801,#2012);
#1410=LINE('',#9803,#2013);
#1411=LINE('',#9805,#2014);
#1412=LINE('',#9807,#2015);
#1413=LINE('',#9808,#2016);
#1414=LINE('',#9823,#2017);
#1415=LINE('',#9825,#2018);
#1416=LINE('',#9828,#2019);
#1417=LINE('',#9830,#2020);
#1418=LINE('',#9832,#2021);
#1419=LINE('',#9834,#2022);
#1420=LINE('',#9836,#2023);
#1421=LINE('',#9838,#2024);
#1422=LINE('',#9839,#2025);
#1423=LINE('',#9842,#2026);
#1424=LINE('',#9846,#2027);
#1425=LINE('',#9848,#2028);
#1426=LINE('',#9854,#2029);
#1427=LINE('',#9856,#2030);
#1428=LINE('',#9857,#2031);
#1429=LINE('',#9860,#2032);
#1430=LINE('',#9862,#2033);
#1431=LINE('',#9863,#2034);
#1432=LINE('',#9867,#2035);
#1433=LINE('',#9871,#2036);
#1434=LINE('',#9874,#2037);
#1435=LINE('',#9875,#2038);
#1436=LINE('',#9880,#2039);
#1437=LINE('',#9881,#2040);
#1438=LINE('',#9886,#2041);
#1439=LINE('',#9890,#2042);
#1440=LINE('',#9893,#2043);
#1441=LINE('',#9897,#2044);
#1442=LINE('',#9900,#2045);
#1443=LINE('',#9901,#2046);
#1444=LINE('',#9903,#2047);
#1445=LINE('',#9907,#2048);
#1446=LINE('',#9909,#2049);
#1447=LINE('',#9911,#2050);
#1448=LINE('',#9912,#2051);
#1449=LINE('',#9916,#2052);
#1450=LINE('',#9918,#2053);
#1451=LINE('',#9920,#2054);
#1452=LINE('',#9921,#2055);
#1453=LINE('',#9924,#2056);
#1454=LINE('',#9927,#2057);
#1455=LINE('',#9930,#2058);
#1456=LINE('',#9931,#2059);
#1457=LINE('',#9934,#2060);
#1458=LINE('',#9935,#2061);
#1459=LINE('',#9939,#2062);
#1460=LINE('',#9943,#2063);
#1461=LINE('',#9945,#2064);
#1462=LINE('',#9946,#2065);
#1463=LINE('',#9950,#2066);
#1464=LINE('',#9955,#2067);
#1465=LINE('',#9956,#2068);
#1466=LINE('',#9961,#2069);
#1467=LINE('',#9965,#2070);
#1468=LINE('',#9967,#2071);
#1469=LINE('',#9969,#2072);
#1470=LINE('',#9970,#2073);
#1471=LINE('',#9974,#2074);
#1472=LINE('',#9979,#2075);
#1473=LINE('',#9983,#2076);
#1474=LINE('',#9985,#2077);
#1475=LINE('',#9987,#2078);
#1476=LINE('',#9990,#2079);
#1477=LINE('',#9992,#2080);
#1478=LINE('',#9995,#2081);
#1479=LINE('',#9999,#2082);
#1480=LINE('',#10000,#2083);
#1481=LINE('',#10002,#2084);
#1482=LINE('',#10005,#2085);
#1483=LINE('',#10009,#2086);
#1484=LINE('',#10013,#2087);
#1485=LINE('',#10016,#2088);
#1486=LINE('',#10020,#2089);
#1487=LINE('',#10030,#2090);
#1488=LINE('',#10036,#2091);
#1489=LINE('',#10039,#2092);
#1490=LINE('',#10042,#2093);
#1491=LINE('',#10044,#2094);
#1492=LINE('',#10045,#2095);
#1493=LINE('',#10050,#2096);
#1494=LINE('',#10056,#2097);
#1495=LINE('',#10058,#2098);
#1496=LINE('',#10062,#2099);
#1497=LINE('',#10067,#2100);
#1498=LINE('',#10068,#2101);
#1499=LINE('',#10075,#2102);
#1500=LINE('',#10077,#2103);
#1501=LINE('',#10081,#2104);
#1502=LINE('',#10082,#2105);
#1503=LINE('',#10085,#2106);
#1504=LINE('',#10087,#2107);
#1505=LINE('',#10089,#2108);
#1506=LINE('',#10090,#2109);
#1507=LINE('',#10091,#2110);
#1508=LINE('',#10094,#2111);
#1509=LINE('',#10095,#2112);
#1510=LINE('',#10099,#2113);
#1511=LINE('',#10101,#2114);
#1512=LINE('',#10103,#2115);
#1513=LINE('',#10105,#2116);
#1514=LINE('',#10157,#2117);
#1515=LINE('',#10161,#2118);
#1516=LINE('',#10163,#2119);
#1517=LINE('',#10165,#2120);
#1518=LINE('',#10166,#2121);
#1519=LINE('',#10168,#2122);
#1520=LINE('',#10169,#2123);
#1521=LINE('',#10174,#2124);
#1522=LINE('',#10176,#2125);
#1523=LINE('',#10178,#2126);
#1524=LINE('',#10179,#2127);
#1525=LINE('',#10182,#2128);
#1526=LINE('',#10184,#2129);
#1527=LINE('',#10186,#2130);
#1528=LINE('',#10188,#2131);
#1529=LINE('',#10189,#2132);
#1530=LINE('',#10193,#2133);
#1531=LINE('',#10195,#2134);
#1532=LINE('',#10197,#2135);
#1533=LINE('',#10199,#2136);
#1534=LINE('',#10201,#2137);
#1535=LINE('',#10202,#2138);
#1536=LINE('',#10205,#2139);
#1537=LINE('',#10207,#2140);
#1538=LINE('',#10208,#2141);
#1539=LINE('',#10211,#2142);
#1540=LINE('',#10213,#2143);
#1541=LINE('',#10215,#2144);
#1542=LINE('',#10217,#2145);
#1543=LINE('',#10218,#2146);
#1544=LINE('',#10224,#2147);
#1545=LINE('',#10227,#2148);
#1546=LINE('',#10232,#2149);
#1547=LINE('',#10235,#2150);
#1548=LINE('',#10237,#2151);
#1549=LINE('',#10239,#2152);
#1550=LINE('',#10241,#2153);
#1551=LINE('',#10245,#2154);
#1552=LINE('',#10249,#2155);
#1553=LINE('',#10253,#2156);
#1554=LINE('',#10258,#2157);
#1555=LINE('',#10259,#2158);
#1556=LINE('',#10263,#2159);
#1557=LINE('',#10264,#2160);
#1558=LINE('',#10267,#2161);
#1559=LINE('',#10268,#2162);
#1560=LINE('',#10271,#2163);
#1561=LINE('',#10275,#2164);
#1562=LINE('',#10278,#2165);
#1563=LINE('',#10281,#2166);
#1564=LINE('',#10284,#2167);
#1565=LINE('',#10287,#2168);
#1566=LINE('',#10291,#2169);
#1567=LINE('',#10292,#2170);
#1568=LINE('',#10296,#2171);
#1569=LINE('',#10301,#2172);
#1570=LINE('',#10303,#2173);
#1571=LINE('',#10304,#2174);
#1572=LINE('',#10308,#2175);
#1573=LINE('',#10317,#2176);
#1574=LINE('',#10320,#2177);
#1575=LINE('',#10321,#2178);
#1576=LINE('',#10325,#2179);
#1577=LINE('',#10332,#2180);
#1578=LINE('',#10334,#2181);
#1579=LINE('',#10336,#2182);
#1580=LINE('',#10346,#2183);
#1581=LINE('',#10350,#2184);
#1582=LINE('',#10352,#2185);
#1583=LINE('',#10355,#2186);
#1584=LINE('',#10357,#2187);
#1585=LINE('',#10359,#2188);
#1586=LINE('',#10361,#2189);
#1587=LINE('',#10362,#2190);
#1588=LINE('',#10366,#2191);
#1589=LINE('',#10368,#2192);
#1590=LINE('',#10370,#2193);
#1591=LINE('',#10371,#2194);
#1592=LINE('',#10374,#2195);
#1593=LINE('',#10376,#2196);
#1594=LINE('',#10378,#2197);
#1595=LINE('',#10381,#2198);
#1596=LINE('',#10382,#2199);
#1597=LINE('',#10385,#2200);
#1598=LINE('',#10386,#2201);
#1599=LINE('',#10390,#2202);
#1600=LINE('',#10396,#2203);
#1601=LINE('',#10397,#2204);
#1602=LINE('',#10398,#2205);
#1603=LINE('',#10404,#2206);
#1604=LINE('',#10406,#2207);
#1605=LINE('',#10413,#2208);
#1606=LINE('',#10417,#2209);
#1607=LINE('',#10418,#2210);
#1608=LINE('',#10422,#2211);
#1609=LINE('',#10423,#2212);
#1610=LINE('',#10424,#2213);
#1611=LINE('',#10427,#2214);
#1612=LINE('',#10428,#2215);
#1613=LINE('',#10432,#2216);
#1614=LINE('',#10433,#2217);
#1615=LINE('',#10434,#2218);
#1616=LINE('',#10436,#2219);
#1617=LINE('',#10474,#2220);
#1618=LINE('',#10476,#2221);
#1619=LINE('',#10480,#2222);
#1620=LINE('',#10484,#2223);
#1621=LINE('',#10485,#2224);
#1622=LINE('',#10486,#2225);
#1623=LINE('',#10493,#2226);
#1624=LINE('',#10494,#2227);
#1625=LINE('',#10495,#2228);
#1626=LINE('',#10497,#2229);
#1627=LINE('',#10535,#2230);
#1628=LINE('',#10537,#2231);
#1629=LINE('',#10541,#2232);
#1630=LINE('',#10544,#2233);
#1631=LINE('',#10545,#2234);
#1632=LINE('',#10549,#2235);
#1633=LINE('',#10552,#2236);
#1634=LINE('',#10554,#2237);
#1635=LINE('',#10555,#2238);
#1636=LINE('',#10559,#2239);
#1637=LINE('',#10561,#2240);
#1638=LINE('',#10563,#2241);
#1639=LINE('',#10564,#2242);
#1640=LINE('',#10568,#2243);
#1641=LINE('',#10621,#2244);
#1642=LINE('',#10629,#2245);
#1643=LINE('',#10637,#2246);
#1644=LINE('',#10638,#2247);
#1645=LINE('',#10644,#2248);
#1646=LINE('',#10645,#2249);
#1647=LINE('',#10647,#2250);
#1648=LINE('',#10649,#2251);
#1649=LINE('',#10651,#2252);
#1650=LINE('',#10653,#2253);
#1651=LINE('',#10655,#2254);
#1652=LINE('',#10657,#2255);
#1653=LINE('',#10661,#2256);
#1654=LINE('',#10663,#2257);
#1655=LINE('',#10665,#2258);
#1656=LINE('',#10667,#2259);
#1657=LINE('',#10669,#2260);
#1658=LINE('',#10671,#2261);
#1659=LINE('',#10675,#2262);
#1660=LINE('',#10692,#2263);
#1661=LINE('',#10695,#2264);
#1662=LINE('',#10696,#2265);
#1663=LINE('',#10698,#2266);
#1664=LINE('',#10700,#2267);
#1665=LINE('',#10701,#2268);
#1666=LINE('',#10703,#2269);
#1667=LINE('',#10705,#2270);
#1668=LINE('',#10706,#2271);
#1669=LINE('',#10709,#2272);
#1670=LINE('',#10710,#2273);
#1671=LINE('',#10713,#2274);
#1672=LINE('',#10714,#2275);
#1673=LINE('',#10717,#2276);
#1674=LINE('',#10718,#2277);
#1675=LINE('',#10721,#2278);
#1676=LINE('',#10723,#2279);
#1677=LINE('',#10724,#2280);
#1678=LINE('',#10726,#2281);
#1679=LINE('',#10727,#2282);
#1680=LINE('',#10729,#2283);
#1681=LINE('',#10731,#2284);
#1682=LINE('',#10734,#2285);
#1683=LINE('',#10735,#2286);
#1684=LINE('',#10737,#2287);
#1685=LINE('',#10739,#2288);
#1686=LINE('',#10741,#2289);
#1687=LINE('',#10742,#2290);
#1688=LINE('',#10744,#2291);
#1689=LINE('',#10745,#2292);
#1690=LINE('',#10748,#2293);
#1691=LINE('',#10749,#2294);
#1692=LINE('',#10752,#2295);
#1693=LINE('',#10754,#2296);
#1694=LINE('',#10755,#2297);
#1695=LINE('',#10757,#2298);
#1696=LINE('',#10759,#2299);
#1697=LINE('',#10761,#2300);
#1698=LINE('',#10762,#2301);
#1699=LINE('',#10764,#2302);
#1700=LINE('',#10766,#2303);
#1701=LINE('',#10767,#2304);
#1702=LINE('',#10770,#2305);
#1703=LINE('',#10774,#2306);
#1704=LINE('',#10776,#2307);
#1705=LINE('',#10778,#2308);
#1706=LINE('',#10780,#2309);
#1707=LINE('',#10783,#2310);
#1708=LINE('',#10784,#2311);
#1709=LINE('',#10787,#2312);
#1710=LINE('',#10788,#2313);
#1711=LINE('',#10790,#2314);
#1712=LINE('',#10792,#2315);
#1713=LINE('',#10793,#2316);
#1714=LINE('',#10795,#2317);
#1715=LINE('',#10796,#2318);
#1716=LINE('',#10799,#2319);
#1717=LINE('',#10801,#2320);
#1718=LINE('',#10805,#2321);
#1719=LINE('',#10806,#2322);
#1720=LINE('',#10809,#2323);
#1721=LINE('',#10810,#2324);
#1722=LINE('',#10812,#2325);
#1723=LINE('',#10814,#2326);
#1724=LINE('',#10815,#2327);
#1725=LINE('',#10817,#2328);
#1726=LINE('',#10818,#2329);
#1727=LINE('',#10820,#2330);
#1728=LINE('',#10823,#2331);
#1729=LINE('',#10827,#2332);
#1730=LINE('',#10829,#2333);
#1731=LINE('',#10833,#2334);
#1732=LINE('',#10835,#2335);
#1733=LINE('',#10836,#2336);
#1734=LINE('',#10843,#2337);
#1735=LINE('',#10852,#2338);
#1736=LINE('',#10855,#2339);
#1737=LINE('',#10856,#2340);
#1738=LINE('',#10874,#2341);
#1739=LINE('',#10877,#2342);
#1740=VECTOR('',#6638,1.29999999999992);
#1741=VECTOR('',#6643,1.1);
#1742=VECTOR('',#6648,10.);
#1743=VECTOR('',#6649,10.);
#1744=VECTOR('',#6650,10.);
#1745=VECTOR('',#6651,10.);
#1746=VECTOR('',#6654,10.);
#1747=VECTOR('',#6657,10.);
#1748=VECTOR('',#6662,10.);
#1749=VECTOR('',#6667,10.);
#1750=VECTOR('',#6670,10.);
#1751=VECTOR('',#6671,10.);
#1752=VECTOR('',#6674,10.);
#1753=VECTOR('',#6679,10.);
#1754=VECTOR('',#6682,10.);
#1755=VECTOR('',#6685,10.);
#1756=VECTOR('',#6686,10.);
#1757=VECTOR('',#6691,10.);
#1758=VECTOR('',#6694,10.);
#1759=VECTOR('',#6695,10.);
#1760=VECTOR('',#6696,10.);
#1761=VECTOR('',#6701,10.);
#1762=VECTOR('',#6702,10.);
#1763=VECTOR('',#6703,10.);
#1764=VECTOR('',#6704,10.);
#1765=VECTOR('',#6705,10.);
#1766=VECTOR('',#6706,10.);
#1767=VECTOR('',#6715,10.);
#1768=VECTOR('',#6718,10.);
#1769=VECTOR('',#6721,10.);
#1770=VECTOR('',#6724,10.);
#1771=VECTOR('',#6727,10.);
#1772=VECTOR('',#6728,10.);
#1773=VECTOR('',#6747,10.);
#1774=VECTOR('',#6748,10.);
#1775=VECTOR('',#6749,10.);
#1776=VECTOR('',#6752,10.);
#1777=VECTOR('',#6755,10.);
#1778=VECTOR('',#6756,10.);
#1779=VECTOR('',#6759,10.);
#1780=VECTOR('',#6760,10.);
#1781=VECTOR('',#6761,10.);
#1782=VECTOR('',#6764,10.);
#1783=VECTOR('',#6765,10.);
#1784=VECTOR('',#6766,10.);
#1785=VECTOR('',#6769,10.);
#1786=VECTOR('',#6772,10.);
#1787=VECTOR('',#6773,10.);
#1788=VECTOR('',#6800,10.);
#1789=VECTOR('',#6801,10.);
#1790=VECTOR('',#6802,10.);
#1791=VECTOR('',#6805,10.);
#1792=VECTOR('',#6806,10.);
#1793=VECTOR('',#6807,10.);
#1794=VECTOR('',#6808,10.);
#1795=VECTOR('',#6815,2.5);
#1796=VECTOR('',#6822,10.);
#1797=VECTOR('',#6825,10.);
#1798=VECTOR('',#6828,10.);
#1799=VECTOR('',#6829,10.);
#1800=VECTOR('',#6830,10.);
#1801=VECTOR('',#6831,10.);
#1802=VECTOR('',#6832,10.);
#1803=VECTOR('',#6833,10.);
#1804=VECTOR('',#6836,10.);
#1805=VECTOR('',#6839,10.);
#1806=VECTOR('',#6842,10.);
#1807=VECTOR('',#6845,10.);
#1808=VECTOR('',#6848,10.);
#1809=VECTOR('',#6849,10.);
#1810=VECTOR('',#6852,10.);
#1811=VECTOR('',#6857,10.);
#1812=VECTOR('',#6860,10.);
#1813=VECTOR('',#6863,10.);
#1814=VECTOR('',#6864,10.);
#1815=VECTOR('',#6865,10.);
#1816=VECTOR('',#6866,10.);
#1817=VECTOR('',#6869,10.);
#1818=VECTOR('',#6870,10.);
#1819=VECTOR('',#6871,10.);
#1820=VECTOR('',#6872,10.);
#1821=VECTOR('',#6873,10.);
#1822=VECTOR('',#6874,10.);
#1823=VECTOR('',#6875,10.);
#1824=VECTOR('',#6878,10.);
#1825=VECTOR('',#6881,10.);
#1826=VECTOR('',#6884,10.);
#1827=VECTOR('',#6887,10.);
#1828=VECTOR('',#6888,10.);
#1829=VECTOR('',#6889,10.);
#1830=VECTOR('',#6890,10.);
#1831=VECTOR('',#6891,10.);
#1832=VECTOR('',#6892,10.);
#1833=VECTOR('',#6893,10.);
#1834=VECTOR('',#6894,10.);
#1835=VECTOR('',#6895,10.);
#1836=VECTOR('',#6896,10.);
#1837=VECTOR('',#6897,10.);
#1838=VECTOR('',#6898,10.);
#1839=VECTOR('',#6901,10.);
#1840=VECTOR('',#6902,10.);
#1841=VECTOR('',#6903,10.);
#1842=VECTOR('',#6904,10.);
#1843=VECTOR('',#6907,2.3);
#1844=VECTOR('',#6914,2.5);
#1845=VECTOR('',#6917,2.3);
#1846=VECTOR('',#6924,10.);
#1847=VECTOR('',#6925,10.);
#1848=VECTOR('',#6928,10.);
#1849=VECTOR('',#6931,10.);
#1850=VECTOR('',#6936,10.);
#1851=VECTOR('',#6937,10.);
#1852=VECTOR('',#6938,10.);
#1853=VECTOR('',#6939,10.);
#1854=VECTOR('',#6940,10.);
#1855=VECTOR('',#6943,10.);
#1856=VECTOR('',#6944,10.);
#1857=VECTOR('',#6945,10.);
#1858=VECTOR('',#6946,10.);
#1859=VECTOR('',#6947,10.);
#1860=VECTOR('',#6948,10.);
#1861=VECTOR('',#6949,10.);
#1862=VECTOR('',#6950,10.);
#1863=VECTOR('',#6951,10.);
#1864=VECTOR('',#6956,1.7);
#1865=VECTOR('',#6957,10.);
#1866=VECTOR('',#6958,10.);
#1867=VECTOR('',#6961,10.);
#1868=VECTOR('',#6964,10.);
#1869=VECTOR('',#6969,1.7);
#1870=VECTOR('',#6972,10.);
#1871=VECTOR('',#6973,10.);
#1872=VECTOR('',#6974,10.);
#1873=VECTOR('',#6977,10.);
#1874=VECTOR('',#6978,10.);
#1875=VECTOR('',#6981,10.);
#1876=VECTOR('',#6982,10.);
#1877=VECTOR('',#6985,10.);
#1878=VECTOR('',#6988,10.);
#1879=VECTOR('',#6989,10.);
#1880=VECTOR('',#6990,10.);
#1881=VECTOR('',#6993,10.);
#1882=VECTOR('',#6994,10.);
#1883=VECTOR('',#6997,10.);
#1884=VECTOR('',#6998,10.);
#1885=VECTOR('',#6999,10.);
#1886=VECTOR('',#7002,10.);
#1887=VECTOR('',#7003,10.);
#1888=VECTOR('',#7006,10.);
#1889=VECTOR('',#7007,10.);
#1890=VECTOR('',#7010,10.);
#1891=VECTOR('',#7013,10.);
#1892=VECTOR('',#7014,10.);
#1893=VECTOR('',#7015,10.);
#1894=VECTOR('',#7018,10.);
#1895=VECTOR('',#7019,10.);
#1896=VECTOR('',#7022,10.);
#1897=VECTOR('',#7023,10.);
#1898=VECTOR('',#7026,10.);
#1899=VECTOR('',#7027,10.);
#1900=VECTOR('',#7030,10.);
#1901=VECTOR('',#7031,10.);
#1902=VECTOR('',#7036,10.);
#1903=VECTOR('',#7039,10.);
#1904=VECTOR('',#7040,10.);
#1905=VECTOR('',#7043,10.);
#1906=VECTOR('',#7044,10.);
#1907=VECTOR('',#7047,10.);
#1908=VECTOR('',#7048,10.);
#1909=VECTOR('',#7053,10.);
#1910=VECTOR('',#7056,1.9);
#1911=VECTOR('',#7059,1.9);
#1912=VECTOR('',#7064,10.);
#1913=VECTOR('',#7065,10.);
#1914=VECTOR('',#7070,10.);
#1915=VECTOR('',#7073,10.);
#1916=VECTOR('',#7076,10.);
#1917=VECTOR('',#7079,10.);
#1918=VECTOR('',#7088,10.);
#1919=VECTOR('',#7093,10.);
#1920=VECTOR('',#7094,10.);
#1921=VECTOR('',#7099,10.);
#1922=VECTOR('',#7104,10.);
#1923=VECTOR('',#7107,10.);
#1924=VECTOR('',#7112,10.);
#1925=VECTOR('',#7119,10.);
#1926=VECTOR('',#7128,1.9625);
#1927=VECTOR('',#7137,1.7);
#1928=VECTOR('',#7140,10.);
#1929=VECTOR('',#7141,10.);
#1930=VECTOR('',#7142,10.);
#1931=VECTOR('',#7145,10.);
#1932=VECTOR('',#7146,10.);
#1933=VECTOR('',#7149,10.);
#1934=VECTOR('',#7150,10.);
#1935=VECTOR('',#7153,10.);
#1936=VECTOR('',#7154,10.);
#1937=VECTOR('',#7157,10.);
#1938=VECTOR('',#7158,10.);
#1939=VECTOR('',#7161,10.);
#1940=VECTOR('',#7164,10.);
#1941=VECTOR('',#7165,10.);
#1942=VECTOR('',#7166,10.);
#1943=VECTOR('',#7169,10.);
#1944=VECTOR('',#7170,10.);
#1945=VECTOR('',#7171,10.);
#1946=VECTOR('',#7172,10.);
#1947=VECTOR('',#7175,10.);
#1948=VECTOR('',#7176,10.);
#1949=VECTOR('',#7177,10.);
#1950=VECTOR('',#7178,10.);
#1951=VECTOR('',#7191,10.);
#1952=VECTOR('',#7192,10.);
#1953=VECTOR('',#7195,10.);
#1954=VECTOR('',#7196,10.);
#1955=VECTOR('',#7199,10.);
#1956=VECTOR('',#7200,10.);
#1957=VECTOR('',#7203,10.);
#1958=VECTOR('',#7206,10.);
#1959=VECTOR('',#7209,10.);
#1960=VECTOR('',#7214,10.);
#1961=VECTOR('',#7219,10.);
#1962=VECTOR('',#7220,10.);
#1963=VECTOR('',#7223,10.);
#1964=VECTOR('',#7228,10.);
#1965=VECTOR('',#7233,10.);
#1966=VECTOR('',#7236,10.);
#1967=VECTOR('',#7237,10.);
#1968=VECTOR('',#7240,10.);
#1969=VECTOR('',#7243,10.);
#1970=VECTOR('',#7246,10.);
#1971=VECTOR('',#7249,10.);
#1972=VECTOR('',#7256,10.);
#1973=VECTOR('',#7257,10.);
#1974=VECTOR('',#7258,10.);
#1975=VECTOR('',#7259,10.);
#1976=VECTOR('',#7260,10.);
#1977=VECTOR('',#7261,10.);
#1978=VECTOR('',#7264,10.);
#1979=VECTOR('',#7265,10.);
#1980=VECTOR('',#7266,10.);
#1981=VECTOR('',#7267,10.);
#1982=VECTOR('',#7270,10.);
#1983=VECTOR('',#7271,10.);
#1984=VECTOR('',#7272,10.);
#1985=VECTOR('',#7273,10.);
#1986=VECTOR('',#7276,10.);
#1987=VECTOR('',#7277,10.);
#1988=VECTOR('',#7282,10.);
#1989=VECTOR('',#7283,10.);
#1990=VECTOR('',#7286,10.);
#1991=VECTOR('',#7287,10.);
#1992=VECTOR('',#7288,10.);
#1993=VECTOR('',#7291,10.);
#1994=VECTOR('',#7292,10.);
#1995=VECTOR('',#7293,10.);
#1996=VECTOR('',#7296,10.);
#1997=VECTOR('',#7297,10.);
#1998=VECTOR('',#7300,10.);
#1999=VECTOR('',#7301,10.);
#2000=VECTOR('',#7304,10.);
#2001=VECTOR('',#7307,10.);
#2002=VECTOR('',#7310,10.);
#2003=VECTOR('',#7315,10.);
#2004=VECTOR('',#7316,10.);
#2005=VECTOR('',#7317,10.);
#2006=VECTOR('',#7320,10.);
#2007=VECTOR('',#7321,10.);
#2008=VECTOR('',#7322,10.);
#2009=VECTOR('',#7323,10.);
#2010=VECTOR('',#7334,10.);
#2011=VECTOR('',#7339,10.);
#2012=VECTOR('',#7342,10.);
#2013=VECTOR('',#7343,10.);
#2014=VECTOR('',#7344,10.);
#2015=VECTOR('',#7345,10.);
#2016=VECTOR('',#7346,10.);
#2017=VECTOR('',#7351,10.);
#2018=VECTOR('',#7354,10.);
#2019=VECTOR('',#7357,10.);
#2020=VECTOR('',#7358,10.);
#2021=VECTOR('',#7359,1.);
#2022=VECTOR('',#7360,10.);
#2023=VECTOR('',#7361,10.);
#2024=VECTOR('',#7362,10.);
#2025=VECTOR('',#7363,10.);
#2026=VECTOR('',#7368,10.);
#2027=VECTOR('',#7373,10.);
#2028=VECTOR('',#7376,10.);
#2029=VECTOR('',#7383,10.);
#2030=VECTOR('',#7384,10.);
#2031=VECTOR('',#7385,10.);
#2032=VECTOR('',#7388,10.);
#2033=VECTOR('',#7389,10.);
#2034=VECTOR('',#7390,10.);
#2035=VECTOR('',#7395,10.);
#2036=VECTOR('',#7400,10.);
#2037=VECTOR('',#7403,10.);
#2038=VECTOR('',#7404,10.);
#2039=VECTOR('',#7409,10.);
#2040=VECTOR('',#7410,10.);
#2041=VECTOR('',#7413,10.);
#2042=VECTOR('',#7416,10.);
#2043=VECTOR('',#7419,10.);
#2044=VECTOR('',#7424,10.);
#2045=VECTOR('',#7427,10.);
#2046=VECTOR('',#7428,10.);
#2047=VECTOR('',#7431,10.);
#2048=VECTOR('',#7434,10.);
#2049=VECTOR('',#7435,10.);
#2050=VECTOR('',#7436,10.);
#2051=VECTOR('',#7437,10.);
#2052=VECTOR('',#7440,10.);
#2053=VECTOR('',#7441,10.);
#2054=VECTOR('',#7442,10.);
#2055=VECTOR('',#7443,10.);
#2056=VECTOR('',#7446,10.);
#2057=VECTOR('',#7449,10.);
#2058=VECTOR('',#7452,10.);
#2059=VECTOR('',#7453,10.);
#2060=VECTOR('',#7456,10.);
#2061=VECTOR('',#7457,1.7);
#2062=VECTOR('',#7460,10.);
#2063=VECTOR('',#7463,10.);
#2064=VECTOR('',#7464,10.);
#2065=VECTOR('',#7465,10.);
#2066=VECTOR('',#7468,10.);
#2067=VECTOR('',#7473,1.);
#2068=VECTOR('',#7474,10.);
#2069=VECTOR('',#7479,10.);
#2070=VECTOR('',#7482,10.);
#2071=VECTOR('',#7483,10.);
#2072=VECTOR('',#7484,10.);
#2073=VECTOR('',#7485,10.);
#2074=VECTOR('',#7488,10.);
#2075=VECTOR('',#7493,10.);
#2076=VECTOR('',#7498,10.);
#2077=VECTOR('',#7501,10.);
#2078=VECTOR('',#7504,10.);
#2079=VECTOR('',#7509,10.);
#2080=VECTOR('',#7512,10.);
#2081=VECTOR('',#7515,10.);
#2082=VECTOR('',#7520,10.);
#2083=VECTOR('',#7521,10.);
#2084=VECTOR('',#7524,4.);
#2085=VECTOR('',#7529,10.);
#2086=VECTOR('',#7536,10.);
#2087=VECTOR('',#7543,10.);
#2088=VECTOR('',#7548,1.70000000000001);
#2089=VECTOR('',#7553,10.);
#2090=VECTOR('',#7566,2.225);
#2091=VECTOR('',#7571,10.);
#2092=VECTOR('',#7574,10.);
#2093=VECTOR('',#7577,10.);
#2094=VECTOR('',#7578,10.);
#2095=VECTOR('',#7579,10.);
#2096=VECTOR('',#7584,10.);
#2097=VECTOR('',#7591,10.);
#2098=VECTOR('',#7592,10.);
#2099=VECTOR('',#7595,10.);
#2100=VECTOR('',#7600,10.);
#2101=VECTOR('',#7601,10.);
#2102=VECTOR('',#7604,10.);
#2103=VECTOR('',#7605,10.);
#2104=VECTOR('',#7608,10.);
#2105=VECTOR('',#7609,10.);
#2106=VECTOR('',#7612,10.);
#2107=VECTOR('',#7613,10.);
#2108=VECTOR('',#7614,10.);
#2109=VECTOR('',#7615,9.99999999999999);
#2110=VECTOR('',#7616,10.);
#2111=VECTOR('',#7619,10.);
#2112=VECTOR('',#7620,10.);
#2113=VECTOR('',#7625,3.);
#2114=VECTOR('',#7628,10.);
#2115=VECTOR('',#7631,10.);
#2116=VECTOR('',#7634,10.);
#2117=VECTOR('',#7651,10.);
#2118=VECTOR('',#7654,10.);
#2119=VECTOR('',#7655,10.);
#2120=VECTOR('',#7656,10.);
#2121=VECTOR('',#7657,10.);
#2122=VECTOR('',#7660,10.);
#2123=VECTOR('',#7661,10.);
#2124=VECTOR('',#7666,10.);
#2125=VECTOR('',#7667,10.);
#2126=VECTOR('',#7668,10.);
#2127=VECTOR('',#7669,10.);
#2128=VECTOR('',#7672,10.);
#2129=VECTOR('',#7673,10.);
#2130=VECTOR('',#7674,10.);
#2131=VECTOR('',#7675,10.);
#2132=VECTOR('',#7676,10.);
#2133=VECTOR('',#7679,10.);
#2134=VECTOR('',#7680,10.);
#2135=VECTOR('',#7681,10.);
#2136=VECTOR('',#7682,10.);
#2137=VECTOR('',#7683,10.);
#2138=VECTOR('',#7684,10.);
#2139=VECTOR('',#7687,10.);
#2140=VECTOR('',#7688,10.);
#2141=VECTOR('',#7689,10.);
#2142=VECTOR('',#7692,10.);
#2143=VECTOR('',#7693,10.);
#2144=VECTOR('',#7694,10.);
#2145=VECTOR('',#7695,10.);
#2146=VECTOR('',#7696,10.);
#2147=VECTOR('',#7705,1.45);
#2148=VECTOR('',#7708,1.64999999999999);
#2149=VECTOR('',#7715,10.);
#2150=VECTOR('',#7718,10.);
#2151=VECTOR('',#7719,10.);
#2152=VECTOR('',#7720,10.);
#2153=VECTOR('',#7721,10.);
#2154=VECTOR('',#7722,10.);
#2155=VECTOR('',#7727,10.);
#2156=VECTOR('',#7732,10.);
#2157=VECTOR('',#7737,10.);
#2158=VECTOR('',#7738,10.);
#2159=VECTOR('',#7743,10.);
#2160=VECTOR('',#7744,10.);
#2161=VECTOR('',#7747,10.);
#2162=VECTOR('',#7748,9.99999999999999);
#2163=VECTOR('',#7751,10.);
#2164=VECTOR('',#7756,10.);
#2165=VECTOR('',#7759,10.);
#2166=VECTOR('',#7762,10.);
#2167=VECTOR('',#7765,10.);
#2168=VECTOR('',#7768,10.);
#2169=VECTOR('',#7773,10.);
#2170=VECTOR('',#7774,10.);
#2171=VECTOR('',#7777,9.99999999999999);
#2172=VECTOR('',#7784,10.);
#2173=VECTOR('',#7785,9.99999999999999);
#2174=VECTOR('',#7786,10.);
#2175=VECTOR('',#7789,9.99999999999999);
#2176=VECTOR('',#7804,10.);
#2177=VECTOR('',#7807,10.);
#2178=VECTOR('',#7808,10.);
#2179=VECTOR('',#7813,10.);
#2180=VECTOR('',#7820,10.);
#2181=VECTOR('',#7823,10.);
#2182=VECTOR('',#7826,10.);
#2183=VECTOR('',#7831,10.);
#2184=VECTOR('',#7836,10.);
#2185=VECTOR('',#7839,10.);
#2186=VECTOR('',#7842,10.);
#2187=VECTOR('',#7843,10.);
#2188=VECTOR('',#7844,10.);
#2189=VECTOR('',#7845,10.);
#2190=VECTOR('',#7846,10.);
#2191=VECTOR('',#7849,10.);
#2192=VECTOR('',#7850,10.);
#2193=VECTOR('',#7851,10.);
#2194=VECTOR('',#7852,10.);
#2195=VECTOR('',#7855,9.99999999999999);
#2196=VECTOR('',#7858,10.);
#2197=VECTOR('',#7861,10.);
#2198=VECTOR('',#7864,10.);
#2199=VECTOR('',#7865,10.);
#2200=VECTOR('',#7868,10.);
#2201=VECTOR('',#7869,10.);
#2202=VECTOR('',#7876,10.);
#2203=VECTOR('',#7883,10.);
#2204=VECTOR('',#7884,10.);
#2205=VECTOR('',#7885,10.);
#2206=VECTOR('',#7894,10.);
#2207=VECTOR('',#7897,10.);
#2208=VECTOR('',#7908,2.225);
#2209=VECTOR('',#7913,10.);
#2210=VECTOR('',#7914,10.);
#2211=VECTOR('',#7917,12.2474470793639);
#2212=VECTOR('',#7918,10.);
#2213=VECTOR('',#7919,10.);
#2214=VECTOR('',#7922,12.2474508933192);
#2215=VECTOR('',#7923,10.);
#2216=VECTOR('',#7926,10.);
#2217=VECTOR('',#7927,10.);
#2218=VECTOR('',#7928,10.);
#2219=VECTOR('',#7931,10.);
#2220=VECTOR('',#7934,10.);
#2221=VECTOR('',#7937,10.);
#2222=VECTOR('',#7942,10.);
#2223=VECTOR('',#7945,12.2474470793639);
#2224=VECTOR('',#7946,10.);
#2225=VECTOR('',#7947,10.);
#2226=VECTOR('',#7956,10.);
#2227=VECTOR('',#7957,10.);
#2228=VECTOR('',#7958,10.);
#2229=VECTOR('',#7961,10.);
#2230=VECTOR('',#7964,10.);
#2231=VECTOR('',#7967,10.);
#2232=VECTOR('',#7972,10.);
#2233=VECTOR('',#7975,12.2474508933192);
#2234=VECTOR('',#7976,10.);
#2235=VECTOR('',#7983,10.);
#2236=VECTOR('',#7986,10.);
#2237=VECTOR('',#7987,10.);
#2238=VECTOR('',#7988,10.);
#2239=VECTOR('',#7991,10.);
#2240=VECTOR('',#7992,10.);
#2241=VECTOR('',#7993,10.);
#2242=VECTOR('',#7994,10.);
#2243=VECTOR('',#7999,10.);
#2244=VECTOR('',#8004,10.);
#2245=VECTOR('',#8019,10.);
#2246=VECTOR('',#8032,10.);
#2247=VECTOR('',#8033,10.);
#2248=VECTOR('',#8044,10.);
#2249=VECTOR('',#8045,10.);
#2250=VECTOR('',#8048,10.);
#2251=VECTOR('',#8051,10.);
#2252=VECTOR('',#8054,10.);
#2253=VECTOR('',#8057,10.);
#2254=VECTOR('',#8060,10.);
#2255=VECTOR('',#8063,10.);
#2256=VECTOR('',#8070,10.);
#2257=VECTOR('',#8073,10.);
#2258=VECTOR('',#8076,10.);
#2259=VECTOR('',#8079,10.);
#2260=VECTOR('',#8082,10.);
#2261=VECTOR('',#8085,10.);
#2262=VECTOR('',#8090,1.7);
#2263=VECTOR('',#8109,1.7);
#2264=VECTOR('',#8112,10.);
#2265=VECTOR('',#8113,10.);
#2266=VECTOR('',#8116,10.);
#2267=VECTOR('',#8117,10.);
#2268=VECTOR('',#8118,10.);
#2269=VECTOR('',#8119,10.);
#2270=VECTOR('',#8120,10.);
#2271=VECTOR('',#8121,10.);
#2272=VECTOR('',#8124,10.);
#2273=VECTOR('',#8125,10.);
#2274=VECTOR('',#8128,10.);
#2275=VECTOR('',#8129,10.);
#2276=VECTOR('',#8132,10.);
#2277=VECTOR('',#8133,10.);
#2278=VECTOR('',#8136,10.);
#2279=VECTOR('',#8137,10.);
#2280=VECTOR('',#8138,10.);
#2281=VECTOR('',#8139,10.);
#2282=VECTOR('',#8140,10.);
#2283=VECTOR('',#8143,10.);
#2284=VECTOR('',#8146,10.);
#2285=VECTOR('',#8149,10.);
#2286=VECTOR('',#8150,10.);
#2287=VECTOR('',#8153,10.);
#2288=VECTOR('',#8154,10.);
#2289=VECTOR('',#8155,10.);
#2290=VECTOR('',#8156,10.);
#2291=VECTOR('',#8157,10.);
#2292=VECTOR('',#8158,10.);
#2293=VECTOR('',#8161,10.);
#2294=VECTOR('',#8162,10.);
#2295=VECTOR('',#8165,10.);
#2296=VECTOR('',#8166,10.);
#2297=VECTOR('',#8167,10.);
#2298=VECTOR('',#8168,10.);
#2299=VECTOR('',#8169,10.);
#2300=VECTOR('',#8170,10.);
#2301=VECTOR('',#8171,10.);
#2302=VECTOR('',#8174,10.);
#2303=VECTOR('',#8177,10.);
#2304=VECTOR('',#8178,10.);
#2305=VECTOR('',#8183,10.);
#2306=VECTOR('',#8190,10.);
#2307=VECTOR('',#8193,10.);
#2308=VECTOR('',#8196,10.);
#2309=VECTOR('',#8199,10.);
#2310=VECTOR('',#8202,10.);
#2311=VECTOR('',#8203,10.);
#2312=VECTOR('',#8206,10.);
#2313=VECTOR('',#8207,10.);
#2314=VECTOR('',#8210,10.);
#2315=VECTOR('',#8213,10.);
#2316=VECTOR('',#8214,10.);
#2317=VECTOR('',#8217,10.);
#2318=VECTOR('',#8218,10.);
#2319=VECTOR('',#8223,10.);
#2320=VECTOR('',#8226,10.);
#2321=VECTOR('',#8231,10.);
#2322=VECTOR('',#8232,10.);
#2323=VECTOR('',#8235,10.);
#2324=VECTOR('',#8236,10.);
#2325=VECTOR('',#8239,10.);
#2326=VECTOR('',#8242,10.);
#2327=VECTOR('',#8243,10.);
#2328=VECTOR('',#8246,10.);
#2329=VECTOR('',#8247,10.);
#2330=VECTOR('',#8250,10.);
#2331=VECTOR('',#8255,10.);
#2332=VECTOR('',#8260,10.);
#2333=VECTOR('',#8261,10.);
#2334=VECTOR('',#8266,10.);
#2335=VECTOR('',#8267,10.);
#2336=VECTOR('',#8268,10.);
#2337=VECTOR('',#8275,10.);
#2338=VECTOR('',#8280,10.);
#2339=VECTOR('',#8283,10.);
#2340=VECTOR('',#8284,10.);
#2341=VECTOR('',#8305,10.);
#2342=VECTOR('',#8308,10.);
#2343=CIRCLE('',#6091,1.49999999999999);
#2344=CIRCLE('',#6092,1.1);
#2345=CIRCLE('',#6094,1.1);
#2346=CIRCLE('',#6097,2.);
#2347=CIRCLE('',#6098,2.);
#2348=CIRCLE('',#6103,2.);
#2349=CIRCLE('',#6105,1.);
#2350=CIRCLE('',#6107,7.5);
#2351=CIRCLE('',#6109,1.);
#2352=CIRCLE('',#6110,1.);
#2353=CIRCLE('',#6111,1.7);
#2354=CIRCLE('',#6114,1.45);
#2355=CIRCLE('',#6115,1.45);
#2356=CIRCLE('',#6116,2.);
#2357=CIRCLE('',#6117,1.99999999999999);
#2358=CIRCLE('',#6118,1.);
#2359=CIRCLE('',#6119,0.4);
#2360=CIRCLE('',#6120,1.);
#2361=CIRCLE('',#6121,0.5);
#2362=CIRCLE('',#6122,1.7);
#2363=CIRCLE('',#6123,0.5);
#2364=CIRCLE('',#6124,0.249999999999999);
#2365=CIRCLE('',#6125,0.5);
#2366=CIRCLE('',#6126,1.7);
#2367=CIRCLE('',#6127,0.5);
#2368=CIRCLE('',#6128,0.25);
#2369=CIRCLE('',#6131,2.49999999999999);
#2370=CIRCLE('',#6136,0.25);
#2371=CIRCLE('',#6137,0.750000000000004);
#2372=CIRCLE('',#6138,1.);
#2373=CIRCLE('',#6140,0.25);
#2374=CIRCLE('',#6141,0.749999999999998);
#2375=CIRCLE('',#6142,1.);
#2376=CIRCLE('',#6144,0.25);
#2377=CIRCLE('',#6145,0.749999999999997);
#2378=CIRCLE('',#6146,1.);
#2379=CIRCLE('',#6152,2.3);
#2380=CIRCLE('',#6153,2.7);
#2381=CIRCLE('',#6155,2.9);
#2382=CIRCLE('',#6156,0.600000000000008);
#2383=CIRCLE('',#6157,0.600000000000014);
#2384=CIRCLE('',#6158,2.6);
#2385=CIRCLE('',#6159,0.600000000000005);
#2386=CIRCLE('',#6160,9.6);
#2387=CIRCLE('',#6161,3.59999999999999);
#2388=CIRCLE('',#6162,3.6);
#2389=CIRCLE('',#6163,0.599999999999998);
#2390=CIRCLE('',#6164,0.800000000000008);
#2391=CIRCLE('',#6165,0.600000000000001);
#2392=CIRCLE('',#6166,0.599999999999996);
#2393=CIRCLE('',#6167,2.7);
#2394=CIRCLE('',#6168,2.1);
#2395=CIRCLE('',#6169,4.99999999999917);
#2396=CIRCLE('',#6170,5.00000000000085);
#2397=CIRCLE('',#6171,5.00000000000084);
#2398=CIRCLE('',#6172,4.99999999999916);
#2399=CIRCLE('',#6173,2.1);
#2400=CIRCLE('',#6175,2.3);
#2401=CIRCLE('',#6177,2.3);
#2402=CIRCLE('',#6179,2.3);
#2403=CIRCLE('',#6183,1.7);
#2404=CIRCLE('',#6184,1.9);
#2405=CIRCLE('',#6186,1.9);
#2406=CIRCLE('',#6188,1.7);
#2407=CIRCLE('',#6190,1.7);
#2408=CIRCLE('',#6192,1.7);
#2409=CIRCLE('',#6218,0.5);
#2410=CIRCLE('',#6220,1.7);
#2411=CIRCLE('',#6222,1.);
#2412=CIRCLE('',#6223,3.00000000000001);
#2413=CIRCLE('',#6224,1.);
#2414=CIRCLE('',#6225,0.25);
#2415=CIRCLE('',#6226,0.5);
#2416=CIRCLE('',#6229,0.5);
#2417=CIRCLE('',#6231,1.7);
#2418=CIRCLE('',#6233,1.);
#2419=CIRCLE('',#6234,1.);
#2420=CIRCLE('',#6235,3.00000000000001);
#2421=CIRCLE('',#6236,0.5);
#2422=CIRCLE('',#6237,0.249999999999999);
#2423=CIRCLE('',#6238,0.5);
#2424=CIRCLE('',#6243,1.7);
#2425=CIRCLE('',#6244,2.225);
#2426=CIRCLE('',#6245,2.225);
#2427=CIRCLE('',#6247,1.7);
#2428=CIRCLE('',#6258,1.);
#2429=CIRCLE('',#6259,2.);
#2430=CIRCLE('',#6260,1.);
#2431=CIRCLE('',#6262,1.);
#2432=CIRCLE('',#6264,3.);
#2433=CIRCLE('',#6266,1.);
#2434=CIRCLE('',#6267,1.);
#2435=CIRCLE('',#6268,1.);
#2436=CIRCLE('',#6273,1.);
#2437=CIRCLE('',#6277,2.);
#2438=CIRCLE('',#6278,1.);
#2439=CIRCLE('',#6279,4.);
#2440=CIRCLE('',#6280,3.99999999999191);
#2441=CIRCLE('',#6281,9.99999999999982);
#2442=CIRCLE('',#6282,1.);
#2443=CIRCLE('',#6283,1.7);
#2444=CIRCLE('',#6288,1.70000000000001);
#2445=CIRCLE('',#6301,1.);
#2446=CIRCLE('',#6305,1.);
#2447=CIRCLE('',#6307,2.);
#2448=CIRCLE('',#6315,3.);
#2449=CIRCLE('',#6319,2.2);
#2450=CIRCLE('',#6322,2.);
#2451=CIRCLE('',#6324,2.2);
#2452=CIRCLE('',#6327,2.2);
#2453=CIRCLE('',#6328,1.7);
#2454=CIRCLE('',#6329,1.7);
#2455=CIRCLE('',#6330,1.7);
#2456=CIRCLE('',#6332,2.2);
#2457=CIRCLE('',#6338,1.7);
#2458=CIRCLE('',#6342,1.99999999999999);
#2459=CIRCLE('',#6343,1.7);
#2460=CIRCLE('',#6344,1.7);
#2461=CIRCLE('',#6346,1.);
#2462=CIRCLE('',#6347,1.);
#2463=CIRCLE('',#6348,3.);
#2464=CIRCLE('',#6349,3.00000000000001);
#2465=CIRCLE('',#6350,2.99999999999999);
#2466=CIRCLE('',#6351,2.99999999999999);
#2467=CIRCLE('',#6352,3.00000000000001);
#2468=CIRCLE('',#6354,1.);
#2469=CIRCLE('',#6357,10.);
#2470=CIRCLE('',#6360,4.);
#2471=CIRCLE('',#6369,4.);
#2472=CIRCLE('',#6374,1.);
#2473=CIRCLE('',#6375,1.);
#2474=CIRCLE('',#6376,1.7);
#2475=CIRCLE('',#6378,2.225);
#2476=CIRCLE('',#6380,2.225);
#2477=CIRCLE('',#6382,3.);
#2478=CIRCLE('',#6383,3.);
#2479=CIRCLE('',#6386,1.);
#2480=CIRCLE('',#6387,1.);
#2481=CIRCLE('',#6389,23.3231471362136);
#2482=CIRCLE('',#6390,1.40000000000001);
#2483=CIRCLE('',#6391,0.599999999999949);
#2484=CIRCLE('',#6394,7.5);
#2485=CIRCLE('',#6398,3.);
#2486=CIRCLE('',#6404,2.49999999999999);
#2487=CIRCLE('',#6405,2.49999999999999);
#2488=CIRCLE('',#6407,2.49999999999999);
#2489=CIRCLE('',#6419,1.45);
#2490=CIRCLE('',#6421,1.45);
#2491=CIRCLE('',#6423,1.84999999999999);
#2492=CIRCLE('',#6425,113.171343737891);
#2493=CIRCLE('',#6428,0.5);
#2494=CIRCLE('',#6430,3.00000000000001);
#2495=CIRCLE('',#6432,3.00000000000001);
#2496=CIRCLE('',#6434,1.99999999999999);
#2497=CIRCLE('',#6437,2.39999999999988);
#2498=CIRCLE('',#6439,3.4);
#2499=CIRCLE('',#6441,3.40000000000001);
#2500=CIRCLE('',#6443,0.100000000000011);
#2501=CIRCLE('',#6446,1.);
#2502=CIRCLE('',#6447,1.39999999999991);
#2503=CIRCLE('',#6450,1.);
#2504=CIRCLE('',#6451,0.600000000000127);
#2505=CIRCLE('',#6453,23.7231471362137);
#2506=CIRCLE('',#6454,23.3231471362138);
#2507=CIRCLE('',#6456,1.);
#2508=CIRCLE('',#6459,1.);
#2509=CIRCLE('',#6461,23.7231471362137);
#2510=CIRCLE('',#6468,0.4);
#2511=CIRCLE('',#6473,1.);
#2512=CIRCLE('',#6478,1.);
#2513=CIRCLE('',#6484,3.00000000000001);
#2514=CIRCLE('',#6486,3.00000000000001);
#2515=CIRCLE('',#6489,1.);
#2516=CIRCLE('',#6492,2.225);
#2517=CIRCLE('',#6499,1.00000000000007);
#2518=CIRCLE('',#6505,0.599999999999917);
#2519=CIRCLE('',#6506,0.999999999999995);
#2520=CIRCLE('',#6509,1.00000000000009);
#2521=CIRCLE('',#6512,0.599999893231757);
#2522=CIRCLE('',#6515,0.999999999999604);
#2523=CIRCLE('',#6520,1.00000000000001);
#2524=CIRCLE('',#6521,1.0000000000001);
#2525=CIRCLE('',#6523,0.999999999999996);
#2526=CIRCLE('',#6525,1.);
#2527=CIRCLE('',#6526,1.00000000000001);
#2528=CIRCLE('',#6528,0.999999999999996);
#2529=CIRCLE('',#6529,0.999999999999996);
#2530=CIRCLE('',#6532,1.);
#2531=CIRCLE('',#6533,0.999999999999996);
#2532=CIRCLE('',#6537,2.99999999999999);
#2533=CIRCLE('',#6539,2.99999999999999);
#2534=CIRCLE('',#6557,1.7);
#2535=CIRCLE('',#6558,1.7);
#2536=CIRCLE('',#6559,1.7);
#2537=CIRCLE('',#6560,1.7);
#2538=CIRCLE('',#6562,1.7);
#2539=CIRCLE('',#6563,1.7);
#2540=CIRCLE('',#6564,1.7);
#2541=CIRCLE('',#6565,1.7);
#2542=CIRCLE('',#6607,5.);
#2543=CIRCLE('',#6610,4.);
#2544=CIRCLE('',#6611,4.);
#2545=CIRCLE('',#6613,1.);
#2546=CIRCLE('',#6616,0.999999999998885);
#2547=CIRCLE('',#6617,0.999999999999998);
#2548=CIRCLE('',#6619,0.999999999999996);
#2549=CIRCLE('',#6626,3.6);
#2550=CIRCLE('',#6628,0.4);
#2551=CIRCLE('',#6630,0.4);
#2552=CIRCLE('',#6631,0.400000000000012);
#2553=VERTEX_POINT('',#8323);
#2554=VERTEX_POINT('',#8325);
#2555=VERTEX_POINT('',#8329);
#2556=VERTEX_POINT('',#8333);
#2557=VERTEX_POINT('',#8334);
#2558=VERTEX_POINT('',#8336);
#2559=VERTEX_POINT('',#8338);
#2560=VERTEX_POINT('',#8342);
#2561=VERTEX_POINT('',#8343);
#2562=VERTEX_POINT('',#8345);
#2563=VERTEX_POINT('',#8347);
#2564=VERTEX_POINT('',#8349);
#2565=VERTEX_POINT('',#8362);
#2566=VERTEX_POINT('',#8364);
#2567=VERTEX_POINT('',#8366);
#2568=VERTEX_POINT('',#8370);
#2569=VERTEX_POINT('',#8372);
#2570=VERTEX_POINT('',#8374);
#2571=VERTEX_POINT('',#8378);
#2572=VERTEX_POINT('',#8380);
#2573=VERTEX_POINT('',#8416);
#2574=VERTEX_POINT('',#8417);
#2575=VERTEX_POINT('',#8437);
#2576=VERTEX_POINT('',#8439);
#2577=VERTEX_POINT('',#8441);
#2578=VERTEX_POINT('',#8445);
#2579=VERTEX_POINT('',#8447);
#2580=VERTEX_POINT('',#8449);
#2581=VERTEX_POINT('',#8451);
#2582=VERTEX_POINT('',#8453);
#2583=VERTEX_POINT('',#8456);
#2584=VERTEX_POINT('',#8459);
#2585=VERTEX_POINT('',#8461);
#2586=VERTEX_POINT('',#8463);
#2587=VERTEX_POINT('',#8465);
#2588=VERTEX_POINT('',#8467);
#2589=VERTEX_POINT('',#8471);
#2590=VERTEX_POINT('',#8474);
#2591=VERTEX_POINT('',#8476);
#2592=VERTEX_POINT('',#8478);
#2593=VERTEX_POINT('',#8480);
#2594=VERTEX_POINT('',#8482);
#2595=VERTEX_POINT('',#8484);
#2596=VERTEX_POINT('',#8486);
#2597=VERTEX_POINT('',#8488);
#2598=VERTEX_POINT('',#8490);
#2599=VERTEX_POINT('',#8492);
#2600=VERTEX_POINT('',#8495);
#2601=VERTEX_POINT('',#8496);
#2602=VERTEX_POINT('',#8498);
#2603=VERTEX_POINT('',#8500);
#2604=VERTEX_POINT('',#8503);
#2605=VERTEX_POINT('',#8504);
#2606=VERTEX_POINT('',#8506);
#2607=VERTEX_POINT('',#8508);
#2608=VERTEX_POINT('',#8512);
#2609=VERTEX_POINT('',#8513);
#2610=VERTEX_POINT('',#8515);
#2611=VERTEX_POINT('',#8519);
#2612=VERTEX_POINT('',#8522);
#2613=VERTEX_POINT('',#8526);
#2614=VERTEX_POINT('',#8531);
#2615=VERTEX_POINT('',#8533);
#2616=VERTEX_POINT('',#8539);
#2617=VERTEX_POINT('',#8569);
#2618=VERTEX_POINT('',#8571);
#2619=VERTEX_POINT('',#8602);
#2620=VERTEX_POINT('',#8604);
#2621=VERTEX_POINT('',#8635);
#2622=VERTEX_POINT('',#8637);
#2623=VERTEX_POINT('',#8642);
#2624=VERTEX_POINT('',#8643);
#2625=VERTEX_POINT('',#8657);
#2626=VERTEX_POINT('',#8701);
#2627=VERTEX_POINT('',#8703);
#2628=VERTEX_POINT('',#8726);
#2629=VERTEX_POINT('',#8772);
#2630=VERTEX_POINT('',#8773);
#2631=VERTEX_POINT('',#8809);
#2632=VERTEX_POINT('',#8810);
#2633=VERTEX_POINT('',#8867);
#2634=VERTEX_POINT('',#8869);
#2635=VERTEX_POINT('',#8940);
#2636=VERTEX_POINT('',#8942);
#2637=VERTEX_POINT('',#8974);
#2638=VERTEX_POINT('',#8976);
#2639=VERTEX_POINT('',#8980);
#2640=VERTEX_POINT('',#8982);
#2641=VERTEX_POINT('',#8984);
#2642=VERTEX_POINT('',#8986);
#2643=VERTEX_POINT('',#8988);
#2644=VERTEX_POINT('',#8990);
#2645=VERTEX_POINT('',#8992);
#2646=VERTEX_POINT('',#8994);
#2647=VERTEX_POINT('',#8998);
#2648=VERTEX_POINT('',#9000);
#2649=VERTEX_POINT('',#9002);
#2650=VERTEX_POINT('',#9004);
#2651=VERTEX_POINT('',#9006);
#2652=VERTEX_POINT('',#9008);
#2653=VERTEX_POINT('',#9010);
#2654=VERTEX_POINT('',#9012);
#2655=VERTEX_POINT('',#9014);
#2656=VERTEX_POINT('',#9016);
#2657=VERTEX_POINT('',#9018);
#2658=VERTEX_POINT('',#9020);
#2659=VERTEX_POINT('',#9022);
#2660=VERTEX_POINT('',#9024);
#2661=VERTEX_POINT('',#9026);
#2662=VERTEX_POINT('',#9028);
#2663=VERTEX_POINT('',#9030);
#2664=VERTEX_POINT('',#9033);
#2665=VERTEX_POINT('',#9035);
#2666=VERTEX_POINT('',#9037);
#2667=VERTEX_POINT('',#9040);
#2668=VERTEX_POINT('',#9042);
#2669=VERTEX_POINT('',#9043);
#2670=VERTEX_POINT('',#9045);
#2671=VERTEX_POINT('',#9047);
#2672=VERTEX_POINT('',#9050);
#2673=VERTEX_POINT('',#9052);
#2674=VERTEX_POINT('',#9053);
#2675=VERTEX_POINT('',#9055);
#2676=VERTEX_POINT('',#9057);
#2677=VERTEX_POINT('',#9059);
#2678=VERTEX_POINT('',#9061);
#2679=VERTEX_POINT('',#9064);
#2680=VERTEX_POINT('',#9065);
#2681=VERTEX_POINT('',#9067);
#2682=VERTEX_POINT('',#9069);
#2683=VERTEX_POINT('',#9071);
#2684=VERTEX_POINT('',#9073);
#2685=VERTEX_POINT('',#9075);
#2686=VERTEX_POINT('',#9077);
#2687=VERTEX_POINT('',#9080);
#2688=VERTEX_POINT('',#9081);
#2689=VERTEX_POINT('',#9083);
#2690=VERTEX_POINT('',#9085);
#2691=VERTEX_POINT('',#9087);
#2692=VERTEX_POINT('',#9089);
#2693=VERTEX_POINT('',#9092);
#2694=VERTEX_POINT('',#9093);
#2695=VERTEX_POINT('',#9095);
#2696=VERTEX_POINT('',#9097);
#2697=VERTEX_POINT('',#9099);
#2698=VERTEX_POINT('',#9101);
#2699=VERTEX_POINT('',#9104);
#2700=VERTEX_POINT('',#9106);
#2701=VERTEX_POINT('',#9107);
#2702=VERTEX_POINT('',#9109);
#2703=VERTEX_POINT('',#9111);
#2704=VERTEX_POINT('',#9115);
#2705=VERTEX_POINT('',#9119);
#2706=VERTEX_POINT('',#9123);
#2707=VERTEX_POINT('',#9160);
#2708=VERTEX_POINT('',#9161);
#2709=VERTEX_POINT('',#9163);
#2710=VERTEX_POINT('',#9172);
#2711=VERTEX_POINT('',#9174);
#2712=VERTEX_POINT('',#9190);
#2713=VERTEX_POINT('',#9191);
#2714=VERTEX_POINT('',#9193);
#2715=VERTEX_POINT('',#9195);
#2716=VERTEX_POINT('',#9251);
#2717=VERTEX_POINT('',#9253);
#2718=VERTEX_POINT('',#9255);
#2719=VERTEX_POINT('',#9257);
#2720=VERTEX_POINT('',#9259);
#2721=VERTEX_POINT('',#9261);
#2722=VERTEX_POINT('',#9264);
#2723=VERTEX_POINT('',#9265);
#2724=VERTEX_POINT('',#9267);
#2725=VERTEX_POINT('',#9269);
#2726=VERTEX_POINT('',#9272);
#2727=VERTEX_POINT('',#9273);
#2728=VERTEX_POINT('',#9275);
#2729=VERTEX_POINT('',#9277);
#2730=VERTEX_POINT('',#9281);
#2731=VERTEX_POINT('',#9324);
#2732=VERTEX_POINT('',#9325);
#2733=VERTEX_POINT('',#9327);
#2734=VERTEX_POINT('',#9338);
#2735=VERTEX_POINT('',#9340);
#2736=VERTEX_POINT('',#9358);
#2737=VERTEX_POINT('',#9360);
#2738=VERTEX_POINT('',#9416);
#2739=VERTEX_POINT('',#9420);
#2740=VERTEX_POINT('',#9422);
#2741=VERTEX_POINT('',#9426);
#2742=VERTEX_POINT('',#9430);
#2743=VERTEX_POINT('',#9436);
#2744=VERTEX_POINT('',#9438);
#2745=VERTEX_POINT('',#9442);
#2746=VERTEX_POINT('',#9446);
#2747=VERTEX_POINT('',#9448);
#2748=VERTEX_POINT('',#9452);
#2749=VERTEX_POINT('',#9456);
#2750=VERTEX_POINT('',#9462);
#2751=VERTEX_POINT('',#9464);
#2752=VERTEX_POINT('',#9468);
#2753=VERTEX_POINT('',#9475);
#2754=VERTEX_POINT('',#9488);
#2755=VERTEX_POINT('',#9502);
#2756=VERTEX_POINT('',#9503);
#2757=VERTEX_POINT('',#9508);
#2758=VERTEX_POINT('',#9512);
#2759=VERTEX_POINT('',#9513);
#2760=VERTEX_POINT('',#9515);
#2761=VERTEX_POINT('',#9517);
#2762=VERTEX_POINT('',#9519);
#2763=VERTEX_POINT('',#9521);
#2764=VERTEX_POINT('',#9524);
#2765=VERTEX_POINT('',#9530);
#2766=VERTEX_POINT('',#9531);
#2767=VERTEX_POINT('',#9536);
#2768=VERTEX_POINT('',#9540);
#2769=VERTEX_POINT('',#9541);
#2770=VERTEX_POINT('',#9543);
#2771=VERTEX_POINT('',#9545);
#2772=VERTEX_POINT('',#9547);
#2773=VERTEX_POINT('',#9549);
#2774=VERTEX_POINT('',#9551);
#2775=VERTEX_POINT('',#9554);
#2776=VERTEX_POINT('',#9562);
#2777=VERTEX_POINT('',#9564);
#2778=VERTEX_POINT('',#9566);
#2779=VERTEX_POINT('',#9570);
#2780=VERTEX_POINT('',#9574);
#2781=VERTEX_POINT('',#9576);
#2782=VERTEX_POINT('',#9580);
#2783=VERTEX_POINT('',#9584);
#2784=VERTEX_POINT('',#9588);
#2785=VERTEX_POINT('',#9592);
#2786=VERTEX_POINT('',#9598);
#2787=VERTEX_POINT('',#9600);
#2788=VERTEX_POINT('',#9604);
#2789=VERTEX_POINT('',#9606);
#2790=VERTEX_POINT('',#9608);
#2791=VERTEX_POINT('',#9612);
#2792=VERTEX_POINT('',#9614);
#2793=VERTEX_POINT('',#9616);
#2794=VERTEX_POINT('',#9620);
#2795=VERTEX_POINT('',#9621);
#2796=VERTEX_POINT('',#9623);
#2797=VERTEX_POINT('',#9625);
#2798=VERTEX_POINT('',#9634);
#2799=VERTEX_POINT('',#9635);
#2800=VERTEX_POINT('',#9640);
#2801=VERTEX_POINT('',#9643);
#2802=VERTEX_POINT('',#9645);
#2803=VERTEX_POINT('',#9649);
#2804=VERTEX_POINT('',#9651);
#2805=VERTEX_POINT('',#9653);
#2806=VERTEX_POINT('',#9655);
#2807=VERTEX_POINT('',#9657);
#2808=VERTEX_POINT('',#9661);
#2809=VERTEX_POINT('',#9665);
#2810=VERTEX_POINT('',#9669);
#2811=VERTEX_POINT('',#9673);
#2812=VERTEX_POINT('',#9677);
#2813=VERTEX_POINT('',#9678);
#2814=VERTEX_POINT('',#9681);
#2815=VERTEX_POINT('',#9683);
#2816=VERTEX_POINT('',#9685);
#2817=VERTEX_POINT('',#9687);
#2818=VERTEX_POINT('',#9689);
#2819=VERTEX_POINT('',#9691);
#2820=VERTEX_POINT('',#9693);
#2821=VERTEX_POINT('',#9695);
#2822=VERTEX_POINT('',#9697);
#2823=VERTEX_POINT('',#9699);
#2824=VERTEX_POINT('',#9702);
#2825=VERTEX_POINT('',#9705);
#2826=VERTEX_POINT('',#9707);
#2827=VERTEX_POINT('',#9709);
#2828=VERTEX_POINT('',#9711);
#2829=VERTEX_POINT('',#9716);
#2830=VERTEX_POINT('',#9717);
#2831=VERTEX_POINT('',#9719);
#2832=VERTEX_POINT('',#9721);
#2833=VERTEX_POINT('',#9725);
#2834=VERTEX_POINT('',#9726);
#2835=VERTEX_POINT('',#9728);
#2836=VERTEX_POINT('',#9730);
#2837=VERTEX_POINT('',#9736);
#2838=VERTEX_POINT('',#9742);
#2839=VERTEX_POINT('',#9744);
#2840=VERTEX_POINT('',#9748);
#2841=VERTEX_POINT('',#9750);
#2842=VERTEX_POINT('',#9754);
#2843=VERTEX_POINT('',#9758);
#2844=VERTEX_POINT('',#9770);
#2845=VERTEX_POINT('',#9774);
#2846=VERTEX_POINT('',#9776);
#2847=VERTEX_POINT('',#9784);
#2848=VERTEX_POINT('',#9792);
#2849=VERTEX_POINT('',#9796);
#2850=VERTEX_POINT('',#9798);
#2851=VERTEX_POINT('',#9800);
#2852=VERTEX_POINT('',#9802);
#2853=VERTEX_POINT('',#9804);
#2854=VERTEX_POINT('',#9806);
#2855=VERTEX_POINT('',#9810);
#2856=VERTEX_POINT('',#9821);
#2857=VERTEX_POINT('',#9827);
#2858=VERTEX_POINT('',#9829);
#2859=VERTEX_POINT('',#9831);
#2860=VERTEX_POINT('',#9833);
#2861=VERTEX_POINT('',#9835);
#2862=VERTEX_POINT('',#9837);
#2863=VERTEX_POINT('',#9844);
#2864=VERTEX_POINT('',#9851);
#2865=VERTEX_POINT('',#9853);
#2866=VERTEX_POINT('',#9855);
#2867=VERTEX_POINT('',#9859);
#2868=VERTEX_POINT('',#9861);
#2869=VERTEX_POINT('',#9865);
#2870=VERTEX_POINT('',#9869);
#2871=VERTEX_POINT('',#9873);
#2872=VERTEX_POINT('',#9877);
#2873=VERTEX_POINT('',#9879);
#2874=VERTEX_POINT('',#9882);
#2875=VERTEX_POINT('',#9883);
#2876=VERTEX_POINT('',#9885);
#2877=VERTEX_POINT('',#9887);
#2878=VERTEX_POINT('',#9889);
#2879=VERTEX_POINT('',#9891);
#2880=VERTEX_POINT('',#9895);
#2881=VERTEX_POINT('',#9899);
#2882=VERTEX_POINT('',#9905);
#2883=VERTEX_POINT('',#9906);
#2884=VERTEX_POINT('',#9908);
#2885=VERTEX_POINT('',#9910);
#2886=VERTEX_POINT('',#9914);
#2887=VERTEX_POINT('',#9915);
#2888=VERTEX_POINT('',#9917);
#2889=VERTEX_POINT('',#9919);
#2890=VERTEX_POINT('',#9923);
#2891=VERTEX_POINT('',#9925);
#2892=VERTEX_POINT('',#9929);
#2893=VERTEX_POINT('',#9933);
#2894=VERTEX_POINT('',#9937);
#2895=VERTEX_POINT('',#9938);
#2896=VERTEX_POINT('',#9940);
#2897=VERTEX_POINT('',#9942);
#2898=VERTEX_POINT('',#9944);
#2899=VERTEX_POINT('',#9947);
#2900=VERTEX_POINT('',#9949);
#2901=VERTEX_POINT('',#9953);
#2902=VERTEX_POINT('',#9954);
#2903=VERTEX_POINT('',#9958);
#2904=VERTEX_POINT('',#9960);
#2905=VERTEX_POINT('',#9962);
#2906=VERTEX_POINT('',#9964);
#2907=VERTEX_POINT('',#9966);
#2908=VERTEX_POINT('',#9968);
#2909=VERTEX_POINT('',#9971);
#2910=VERTEX_POINT('',#9973);
#2911=VERTEX_POINT('',#9976);
#2912=VERTEX_POINT('',#9978);
#2913=VERTEX_POINT('',#9982);
#2914=VERTEX_POINT('',#9994);
#2915=VERTEX_POINT('',#9998);
#2916=VERTEX_POINT('',#10019);
#2917=VERTEX_POINT('',#10022);
#2918=VERTEX_POINT('',#10025);
#2919=VERTEX_POINT('',#10028);
#2920=VERTEX_POINT('',#10032);
#2921=VERTEX_POINT('',#10033);
#2922=VERTEX_POINT('',#10035);
#2923=VERTEX_POINT('',#10037);
#2924=VERTEX_POINT('',#10041);
#2925=VERTEX_POINT('',#10043);
#2926=VERTEX_POINT('',#10047);
#2927=VERTEX_POINT('',#10049);
#2928=VERTEX_POINT('',#10053);
#2929=VERTEX_POINT('',#10054);
#2930=VERTEX_POINT('',#10057);
#2931=VERTEX_POINT('',#10059);
#2932=VERTEX_POINT('',#10061);
#2933=VERTEX_POINT('',#10065);
#2934=VERTEX_POINT('',#10066);
#2935=VERTEX_POINT('',#10073);
#2936=VERTEX_POINT('',#10074);
#2937=VERTEX_POINT('',#10076);
#2938=VERTEX_POINT('',#10078);
#2939=VERTEX_POINT('',#10080);
#2940=VERTEX_POINT('',#10084);
#2941=VERTEX_POINT('',#10086);
#2942=VERTEX_POINT('',#10088);
#2943=VERTEX_POINT('',#10093);
#2944=VERTEX_POINT('',#10097);
#2945=VERTEX_POINT('',#10108);
#2946=VERTEX_POINT('',#10159);
#2947=VERTEX_POINT('',#10160);
#2948=VERTEX_POINT('',#10162);
#2949=VERTEX_POINT('',#10164);
#2950=VERTEX_POINT('',#10172);
#2951=VERTEX_POINT('',#10173);
#2952=VERTEX_POINT('',#10175);
#2953=VERTEX_POINT('',#10177);
#2954=VERTEX_POINT('',#10181);
#2955=VERTEX_POINT('',#10183);
#2956=VERTEX_POINT('',#10185);
#2957=VERTEX_POINT('',#10187);
#2958=VERTEX_POINT('',#10191);
#2959=VERTEX_POINT('',#10192);
#2960=VERTEX_POINT('',#10194);
#2961=VERTEX_POINT('',#10196);
#2962=VERTEX_POINT('',#10198);
#2963=VERTEX_POINT('',#10200);
#2964=VERTEX_POINT('',#10204);
#2965=VERTEX_POINT('',#10206);
#2966=VERTEX_POINT('',#10210);
#2967=VERTEX_POINT('',#10212);
#2968=VERTEX_POINT('',#10214);
#2969=VERTEX_POINT('',#10216);
#2970=VERTEX_POINT('',#10222);
#2971=VERTEX_POINT('',#10226);
#2972=VERTEX_POINT('',#10230);
#2973=VERTEX_POINT('',#10234);
#2974=VERTEX_POINT('',#10236);
#2975=VERTEX_POINT('',#10238);
#2976=VERTEX_POINT('',#10240);
#2977=VERTEX_POINT('',#10247);
#2978=VERTEX_POINT('',#10251);
#2979=VERTEX_POINT('',#10255);
#2980=VERTEX_POINT('',#10256);
#2981=VERTEX_POINT('',#10261);
#2982=VERTEX_POINT('',#10266);
#2983=VERTEX_POINT('',#10270);
#2984=VERTEX_POINT('',#10274);
#2985=VERTEX_POINT('',#10276);
#2986=VERTEX_POINT('',#10280);
#2987=VERTEX_POINT('',#10282);
#2988=VERTEX_POINT('',#10286);
#2989=VERTEX_POINT('',#10290);
#2990=VERTEX_POINT('',#10294);
#2991=VERTEX_POINT('',#10295);
#2992=VERTEX_POINT('',#10300);
#2993=VERTEX_POINT('',#10302);
#2994=VERTEX_POINT('',#10306);
#2995=VERTEX_POINT('',#10307);
#2996=VERTEX_POINT('',#10315);
#2997=VERTEX_POINT('',#10319);
#2998=VERTEX_POINT('',#10323);
#2999=VERTEX_POINT('',#10339);
#3000=VERTEX_POINT('',#10348);
#3001=VERTEX_POINT('',#10354);
#3002=VERTEX_POINT('',#10356);
#3003=VERTEX_POINT('',#10358);
#3004=VERTEX_POINT('',#10360);
#3005=VERTEX_POINT('',#10364);
#3006=VERTEX_POINT('',#10365);
#3007=VERTEX_POINT('',#10367);
#3008=VERTEX_POINT('',#10369);
#3009=VERTEX_POINT('',#10373);
#3010=VERTEX_POINT('',#10380);
#3011=VERTEX_POINT('',#10384);
#3012=VERTEX_POINT('',#10394);
#3013=VERTEX_POINT('',#10395);
#3014=VERTEX_POINT('',#10402);
#3015=VERTEX_POINT('',#10411);
#3016=VERTEX_POINT('',#10416);
#3017=VERTEX_POINT('',#10420);
#3018=VERTEX_POINT('',#10421);
#3019=VERTEX_POINT('',#10426);
#3020=VERTEX_POINT('',#10430);
#3021=VERTEX_POINT('',#10431);
#3022=VERTEX_POINT('',#10461);
#3023=VERTEX_POINT('',#10472);
#3024=VERTEX_POINT('',#10478);
#3025=VERTEX_POINT('',#10482);
#3026=VERTEX_POINT('',#10483);
#3027=VERTEX_POINT('',#10491);
#3028=VERTEX_POINT('',#10492);
#3029=VERTEX_POINT('',#10522);
#3030=VERTEX_POINT('',#10533);
#3031=VERTEX_POINT('',#10539);
#3032=VERTEX_POINT('',#10543);
#3033=VERTEX_POINT('',#10551);
#3034=VERTEX_POINT('',#10553);
#3035=VERTEX_POINT('',#10557);
#3036=VERTEX_POINT('',#10558);
#3037=VERTEX_POINT('',#10560);
#3038=VERTEX_POINT('',#10562);
#3039=VERTEX_POINT('',#10566);
#3040=VERTEX_POINT('',#10609);
#3041=VERTEX_POINT('',#10620);
#3042=VERTEX_POINT('',#10636);
#3043=VERTEX_POINT('',#10674);
#3044=VERTEX_POINT('',#10676);
#3045=VERTEX_POINT('',#10678);
#3046=VERTEX_POINT('',#10680);
#3047=VERTEX_POINT('',#10684);
#3048=VERTEX_POINT('',#10685);
#3049=VERTEX_POINT('',#10687);
#3050=VERTEX_POINT('',#10689);
#3051=VERTEX_POINT('',#10694);
#3052=VERTEX_POINT('',#10699);
#3053=VERTEX_POINT('',#10702);
#3054=VERTEX_POINT('',#10704);
#3055=VERTEX_POINT('',#10708);
#3056=VERTEX_POINT('',#10712);
#3057=VERTEX_POINT('',#10716);
#3058=VERTEX_POINT('',#10720);
#3059=VERTEX_POINT('',#10722);
#3060=VERTEX_POINT('',#10725);
#3061=VERTEX_POINT('',#10733);
#3062=VERTEX_POINT('',#10738);
#3063=VERTEX_POINT('',#10740);
#3064=VERTEX_POINT('',#10743);
#3065=VERTEX_POINT('',#10747);
#3066=VERTEX_POINT('',#10751);
#3067=VERTEX_POINT('',#10753);
#3068=VERTEX_POINT('',#10756);
#3069=VERTEX_POINT('',#10758);
#3070=VERTEX_POINT('',#10760);
#3071=VERTEX_POINT('',#10782);
#3072=VERTEX_POINT('',#10786);
#3073=VERTEX_POINT('',#10804);
#3074=VERTEX_POINT('',#10808);
#3075=VERTEX_POINT('',#10826);
#3076=VERTEX_POINT('',#10828);
#3077=VERTEX_POINT('',#10832);
#3078=VERTEX_POINT('',#10834);
#3079=VERTEX_POINT('',#10838);
#3080=VERTEX_POINT('',#10840);
#3081=VERTEX_POINT('',#10842);
#3082=VERTEX_POINT('',#10850);
#3083=VERTEX_POINT('',#10854);
#3084=VERTEX_POINT('',#10866);
#3085=VERTEX_POINT('',#10867);
#3086=VERTEX_POINT('',#10876);
#3087=EDGE_CURVE('',#2553,#2553,#2343,.T.);
#3088=EDGE_CURVE('',#2553,#2554,#1137,.T.);
#3089=EDGE_CURVE('',#2554,#2554,#2344,.T.);
#3090=EDGE_CURVE('',#2554,#2555,#1138,.T.);
#3091=EDGE_CURVE('',#2555,#2555,#2345,.T.);
#3092=EDGE_CURVE('',#2556,#2557,#1139,.T.);
#3093=EDGE_CURVE('',#2558,#2556,#1140,.T.);
#3094=EDGE_CURVE('',#2559,#2558,#1141,.T.);
#3095=EDGE_CURVE('',#2559,#2557,#1142,.T.);
#3096=EDGE_CURVE('',#2560,#2561,#1143,.T.);
#3097=EDGE_CURVE('',#2562,#2561,#2346,.T.);
#3098=EDGE_CURVE('',#2562,#2563,#1144,.T.);
#3099=EDGE_CURVE('',#2563,#2564,#58,.T.);
#3100=EDGE_CURVE('',#2564,#2560,#2347,.T.);
#3101=EDGE_CURVE('',#2563,#2565,#1145,.T.);
#3102=EDGE_CURVE('',#2566,#2565,#49,.F.);
#3103=EDGE_CURVE('',#2567,#2566,#50,.F.);
#3104=EDGE_CURVE('',#2567,#2564,#1146,.T.);
#3105=EDGE_CURVE('',#2568,#2567,#1147,.T.);
#3106=EDGE_CURVE('',#2569,#2568,#1148,.T.);
#3107=EDGE_CURVE('',#2570,#2569,#2348,.T.);
#3108=EDGE_CURVE('',#2570,#2560,#1149,.T.);
#3109=EDGE_CURVE('',#2557,#2571,#2349,.T.);
#3110=EDGE_CURVE('',#2571,#2572,#1150,.T.);
#3111=EDGE_CURVE('',#2572,#2556,#59,.T.);
#3112=EDGE_CURVE('',#2573,#2574,#60,.T.);
#3113=EDGE_CURVE('',#2574,#2556,#61,.T.);
#3114=EDGE_CURVE('',#2572,#2573,#62,.T.);
#3115=EDGE_CURVE('',#2575,#2571,#1151,.T.);
#3116=EDGE_CURVE('',#2576,#2575,#2350,.T.);
#3117=EDGE_CURVE('',#2577,#2576,#1152,.T.);
#3118=EDGE_CURVE('',#2572,#2577,#1153,.T.);
#3119=EDGE_CURVE('',#2578,#2559,#2351,.T.);
#3120=EDGE_CURVE('',#2579,#2578,#1154,.T.);
#3121=EDGE_CURVE('',#2580,#2579,#2352,.T.);
#3122=EDGE_CURVE('',#2581,#2580,#1155,.T.);
#3123=EDGE_CURVE('',#2582,#2581,#1156,.T.);
#3124=EDGE_CURVE('',#2575,#2582,#1157,.T.);
#3125=EDGE_CURVE('',#2583,#2583,#2353,.T.);
#3126=EDGE_CURVE('',#2584,#2570,#1158,.T.);
#3127=EDGE_CURVE('',#2585,#2584,#1159,.T.);
#3128=EDGE_CURVE('',#2585,#2586,#1160,.T.);
#3129=EDGE_CURVE('',#2586,#2587,#1161,.T.);
#3130=EDGE_CURVE('',#2587,#2588,#1162,.T.);
#3131=EDGE_CURVE('',#2561,#2588,#1163,.T.);
#3132=EDGE_CURVE('',#2588,#2589,#2354,.T.);
#3133=EDGE_CURVE('',#2589,#2585,#2355,.T.);
#3134=EDGE_CURVE('',#2584,#2590,#2356,.T.);
#3135=EDGE_CURVE('',#2590,#2591,#1164,.T.);
#3136=EDGE_CURVE('',#2591,#2592,#2357,.F.);
#3137=EDGE_CURVE('',#2593,#2592,#1165,.F.);
#3138=EDGE_CURVE('',#2594,#2593,#2358,.T.);
#3139=EDGE_CURVE('',#2594,#2595,#1166,.T.);
#3140=EDGE_CURVE('',#2596,#2595,#2359,.T.);
#3141=EDGE_CURVE('',#2596,#2597,#1167,.T.);
#3142=EDGE_CURVE('',#2598,#2597,#2360,.T.);
#3143=EDGE_CURVE('',#2598,#2599,#1168,.T.);
#3144=EDGE_CURVE('',#2599,#2562,#1169,.T.);
#3145=EDGE_CURVE('',#2600,#2601,#2361,.T.);
#3146=EDGE_CURVE('',#2600,#2602,#2362,.T.);
#3147=EDGE_CURVE('',#2603,#2602,#2363,.T.);
#3148=EDGE_CURVE('',#2603,#2601,#2364,.T.);
#3149=EDGE_CURVE('',#2604,#2605,#2365,.T.);
#3150=EDGE_CURVE('',#2604,#2606,#2366,.T.);
#3151=EDGE_CURVE('',#2607,#2606,#2367,.T.);
#3152=EDGE_CURVE('',#2607,#2605,#2368,.T.);
#3153=EDGE_CURVE('',#2608,#2609,#1170,.T.);
#3154=EDGE_CURVE('',#2610,#2608,#1171,.T.);
#3155=EDGE_CURVE('',#2610,#2609,#1172,.T.);
#3156=EDGE_CURVE('',#2599,#2611,#1173,.T.);
#3157=EDGE_CURVE('',#2611,#2581,#2369,.T.);
#3158=EDGE_CURVE('',#2612,#2580,#1174,.T.);
#3159=EDGE_CURVE('',#2565,#2612,#1175,.T.);
#3160=EDGE_CURVE('',#2610,#2613,#1176,.T.);
#3161=EDGE_CURVE('',#2568,#2613,#1177,.T.);
#3162=EDGE_CURVE('',#2566,#2609,#1178,.F.);
#3163=EDGE_CURVE('',#2612,#2614,#1179,.T.);
#3164=EDGE_CURVE('',#2614,#2615,#1180,.T.);
#3165=EDGE_CURVE('',#2609,#2615,#1181,.T.);
#3166=EDGE_CURVE('',#2608,#2615,#1182,.T.);
#3167=EDGE_CURVE('',#2616,#2577,#1183,.T.);
#3168=EDGE_CURVE('',#2616,#2573,#1184,.T.);
#3169=EDGE_CURVE('',#2617,#2617,#2370,.T.);
#3170=EDGE_CURVE('',#2617,#2618,#2371,.T.);
#3171=EDGE_CURVE('',#2618,#2618,#2372,.T.);
#3172=EDGE_CURVE('',#2619,#2619,#2373,.T.);
#3173=EDGE_CURVE('',#2619,#2620,#2374,.T.);
#3174=EDGE_CURVE('',#2620,#2620,#2375,.T.);
#3175=EDGE_CURVE('',#2621,#2621,#2376,.T.);
#3176=EDGE_CURVE('',#2621,#2622,#2377,.T.);
#3177=EDGE_CURVE('',#2622,#2622,#2378,.T.);
#3178=EDGE_CURVE('',#2623,#2624,#63,.T.);
#3179=EDGE_CURVE('',#2624,#2625,#64,.T.);
#3180=EDGE_CURVE('',#2625,#2623,#65,.T.);
#3181=EDGE_CURVE('',#2623,#2626,#1185,.T.);
#3182=EDGE_CURVE('',#2627,#2626,#66,.T.);
#3183=EDGE_CURVE('',#2624,#2627,#1186,.T.);
#3184=EDGE_CURVE('',#2628,#2627,#67,.T.);
#3185=EDGE_CURVE('',#2625,#2628,#1187,.T.);
#3186=EDGE_CURVE('',#2626,#2628,#68,.T.);
#3187=EDGE_CURVE('',#2629,#2630,#69,.T.);
#3188=EDGE_CURVE('',#2630,#2629,#70,.T.);
#3189=EDGE_CURVE('',#2631,#2632,#71,.T.);
#3190=EDGE_CURVE('',#2632,#2631,#72,.T.);
#3191=EDGE_CURVE('',#2629,#2633,#1188,.T.);
#3192=EDGE_CURVE('',#2634,#2633,#73,.T.);
#3193=EDGE_CURVE('',#2630,#2634,#1189,.T.);
#3194=EDGE_CURVE('',#2633,#2634,#74,.T.);
#3195=EDGE_CURVE('',#2631,#2635,#1190,.T.);
#3196=EDGE_CURVE('',#2636,#2635,#75,.T.);
#3197=EDGE_CURVE('',#2632,#2636,#1191,.T.);
#3198=EDGE_CURVE('',#2635,#2636,#76,.T.);
#3199=EDGE_CURVE('',#2637,#2637,#2379,.T.);
#3200=EDGE_CURVE('',#2637,#2638,#1192,.T.);
#3201=EDGE_CURVE('',#2638,#2638,#2380,.T.);
#3202=EDGE_CURVE('',#2639,#2616,#2381,.T.);
#3203=EDGE_CURVE('',#2640,#2639,#1193,.T.);
#3204=EDGE_CURVE('',#2641,#2640,#2382,.T.);
#3205=EDGE_CURVE('',#2642,#2641,#1194,.T.);
#3206=EDGE_CURVE('',#2643,#2642,#2383,.T.);
#3207=EDGE_CURVE('',#2644,#2643,#1195,.T.);
#3208=EDGE_CURVE('',#2645,#2644,#1196,.T.);
#3209=EDGE_CURVE('',#2646,#2645,#23,.F.);
#3210=EDGE_CURVE('',#2646,#2647,#1197,.T.);
#3211=EDGE_CURVE('',#2648,#2647,#1198,.T.);
#3212=EDGE_CURVE('',#2648,#2649,#1199,.T.);
#3213=EDGE_CURVE('',#2650,#2649,#1200,.T.);
#3214=EDGE_CURVE('',#2651,#2650,#2384,.T.);
#3215=EDGE_CURVE('',#2652,#2651,#1201,.T.);
#3216=EDGE_CURVE('',#2653,#2652,#2385,.T.);
#3217=EDGE_CURVE('',#2654,#2653,#1202,.T.);
#3218=EDGE_CURVE('',#2655,#2654,#2386,.T.);
#3219=EDGE_CURVE('',#2656,#2655,#1203,.T.);
#3220=EDGE_CURVE('',#2657,#2656,#2387,.T.);
#3221=EDGE_CURVE('',#2657,#2658,#1204,.T.);
#3222=EDGE_CURVE('',#2658,#2659,#2388,.T.);
#3223=EDGE_CURVE('',#2659,#2660,#1205,.T.);
#3224=EDGE_CURVE('',#2661,#2660,#1206,.T.);
#3225=EDGE_CURVE('',#2662,#2661,#2389,.T.);
#3226=EDGE_CURVE('',#2663,#2662,#1207,.T.);
#3227=EDGE_CURVE('',#2613,#2663,#2390,.T.);
#3228=EDGE_CURVE('',#2664,#2614,#2391,.T.);
#3229=EDGE_CURVE('',#2665,#2664,#1208,.T.);
#3230=EDGE_CURVE('',#2666,#2665,#2392,.T.);
#3231=EDGE_CURVE('',#2574,#2666,#1209,.T.);
#3232=EDGE_CURVE('',#2667,#2667,#2393,.T.);
#3233=EDGE_CURVE('',#2668,#2669,#1210,.T.);
#3234=EDGE_CURVE('',#2670,#2668,#1211,.T.);
#3235=EDGE_CURVE('',#2671,#2670,#1212,.T.);
#3236=EDGE_CURVE('',#2669,#2671,#1213,.T.);
#3237=EDGE_CURVE('',#2672,#2672,#2394,.T.);
#3238=EDGE_CURVE('',#2673,#2674,#1214,.T.);
#3239=EDGE_CURVE('',#2675,#2673,#1215,.T.);
#3240=EDGE_CURVE('',#2676,#2675,#1216,.T.);
#3241=EDGE_CURVE('',#2677,#2676,#1217,.T.);
#3242=EDGE_CURVE('',#2678,#2677,#1218,.T.);
#3243=EDGE_CURVE('',#2674,#2678,#1219,.T.);
#3244=EDGE_CURVE('',#2679,#2680,#1220,.T.);
#3245=EDGE_CURVE('',#2681,#2679,#2395,.T.);
#3246=EDGE_CURVE('',#2682,#2681,#1221,.T.);
#3247=EDGE_CURVE('',#2683,#2682,#2396,.T.);
#3248=EDGE_CURVE('',#2684,#2683,#1222,.T.);
#3249=EDGE_CURVE('',#2685,#2684,#2397,.T.);
#3250=EDGE_CURVE('',#2686,#2685,#1223,.T.);
#3251=EDGE_CURVE('',#2680,#2686,#2398,.T.);
#3252=EDGE_CURVE('',#2687,#2688,#1224,.T.);
#3253=EDGE_CURVE('',#2689,#2687,#1225,.T.);
#3254=EDGE_CURVE('',#2690,#2689,#1226,.T.);
#3255=EDGE_CURVE('',#2691,#2690,#1227,.T.);
#3256=EDGE_CURVE('',#2692,#2691,#1228,.T.);
#3257=EDGE_CURVE('',#2688,#2692,#1229,.T.);
#3258=EDGE_CURVE('',#2693,#2694,#1230,.T.);
#3259=EDGE_CURVE('',#2695,#2693,#1231,.T.);
#3260=EDGE_CURVE('',#2696,#2695,#1232,.T.);
#3261=EDGE_CURVE('',#2697,#2696,#1233,.T.);
#3262=EDGE_CURVE('',#2698,#2697,#1234,.T.);
#3263=EDGE_CURVE('',#2694,#2698,#1235,.T.);
#3264=EDGE_CURVE('',#2699,#2699,#2399,.T.);
#3265=EDGE_CURVE('',#2700,#2701,#1236,.T.);
#3266=EDGE_CURVE('',#2702,#2700,#1237,.T.);
#3267=EDGE_CURVE('',#2703,#2702,#1238,.T.);
#3268=EDGE_CURVE('',#2701,#2703,#1239,.T.);
#3269=EDGE_CURVE('',#2637,#2704,#1240,.T.);
#3270=EDGE_CURVE('',#2704,#2704,#2400,.T.);
#3271=EDGE_CURVE('',#2705,#2705,#2401,.T.);
#3272=EDGE_CURVE('',#2705,#2667,#1241,.T.);
#3273=EDGE_CURVE('',#2705,#2706,#1242,.T.);
#3274=EDGE_CURVE('',#2706,#2706,#2402,.T.);
#3275=EDGE_CURVE('',#2707,#2708,#1243,.T.);
#3276=EDGE_CURVE('',#2708,#2709,#77,.T.);
#3277=EDGE_CURVE('',#2709,#2710,#1244,.T.);
#3278=EDGE_CURVE('',#2710,#2711,#78,.T.);
#3279=EDGE_CURVE('',#2711,#2707,#79,.T.);
#3280=EDGE_CURVE('',#2712,#2713,#1245,.T.);
#3281=EDGE_CURVE('',#2713,#2714,#2403,.T.);
#3282=EDGE_CURVE('',#2714,#2715,#1246,.T.);
#3283=EDGE_CURVE('',#2715,#2712,#2404,.T.);
#3284=EDGE_CURVE('',#2712,#2708,#80,.T.);
#3285=EDGE_CURVE('',#2707,#2713,#81,.T.);
#3286=EDGE_CURVE('',#2709,#2715,#82,.T.);
#3287=EDGE_CURVE('',#2714,#2710,#83,.T.);
#3288=EDGE_CURVE('',#2716,#2715,#1247,.T.);
#3289=EDGE_CURVE('',#2716,#2717,#1248,.T.);
#3290=EDGE_CURVE('',#2718,#2717,#1249,.T.);
#3291=EDGE_CURVE('',#2718,#2719,#1250,.T.);
#3292=EDGE_CURVE('',#2720,#2719,#1251,.T.);
#3293=EDGE_CURVE('',#2721,#2720,#2405,.T.);
#3294=EDGE_CURVE('',#2712,#2721,#1252,.T.);
#3295=EDGE_CURVE('',#2722,#2723,#1253,.T.);
#3296=EDGE_CURVE('',#2724,#2722,#1254,.T.);
#3297=EDGE_CURVE('',#2725,#2724,#1255,.T.);
#3298=EDGE_CURVE('',#2723,#2725,#1256,.T.);
#3299=EDGE_CURVE('',#2726,#2727,#1257,.T.);
#3300=EDGE_CURVE('',#2728,#2726,#1258,.T.);
#3301=EDGE_CURVE('',#2729,#2728,#1259,.T.);
#3302=EDGE_CURVE('',#2727,#2729,#1260,.T.);
#3303=EDGE_CURVE('',#2730,#2730,#2406,.T.);
#3304=EDGE_CURVE('',#2730,#2711,#1261,.T.);
#3305=EDGE_CURVE('',#2731,#2732,#1262,.T.);
#3306=EDGE_CURVE('',#2732,#2733,#84,.T.);
#3307=EDGE_CURVE('',#2733,#2734,#1263,.T.);
#3308=EDGE_CURVE('',#2734,#2735,#85,.T.);
#3309=EDGE_CURVE('',#2735,#2731,#86,.T.);
#3310=EDGE_CURVE('',#2720,#2736,#1264,.T.);
#3311=EDGE_CURVE('',#2736,#2737,#2407,.T.);
#3312=EDGE_CURVE('',#2737,#2721,#1265,.T.);
#3313=EDGE_CURVE('',#2720,#2732,#87,.T.);
#3314=EDGE_CURVE('',#2731,#2736,#88,.T.);
#3315=EDGE_CURVE('',#2733,#2721,#89,.T.);
#3316=EDGE_CURVE('',#2737,#2734,#90,.T.);
#3317=EDGE_CURVE('',#2738,#2738,#2408,.T.);
#3318=EDGE_CURVE('',#2738,#2735,#1266,.T.);
#3319=EDGE_CURVE('',#2727,#2739,#1267,.T.);
#3320=EDGE_CURVE('',#2739,#2740,#1268,.T.);
#3321=EDGE_CURVE('',#2740,#2726,#1269,.T.);
#3322=EDGE_CURVE('',#2729,#2741,#1270,.T.);
#3323=EDGE_CURVE('',#2741,#2739,#1271,.T.);
#3324=EDGE_CURVE('',#2728,#2742,#1272,.T.);
#3325=EDGE_CURVE('',#2742,#2741,#1273,.T.);
#3326=EDGE_CURVE('',#2740,#2742,#1274,.T.);
#3327=EDGE_CURVE('',#2740,#2743,#1275,.T.);
#3328=EDGE_CURVE('',#2744,#2743,#1276,.T.);
#3329=EDGE_CURVE('',#2742,#2744,#1277,.F.);
#3330=EDGE_CURVE('',#2739,#2745,#1278,.F.);
#3331=EDGE_CURVE('',#2743,#2745,#1279,.T.);
#3332=EDGE_CURVE('',#2723,#2746,#1280,.T.);
#3333=EDGE_CURVE('',#2746,#2747,#1281,.T.);
#3334=EDGE_CURVE('',#2747,#2722,#1282,.T.);
#3335=EDGE_CURVE('',#2725,#2748,#1283,.T.);
#3336=EDGE_CURVE('',#2748,#2746,#1284,.T.);
#3337=EDGE_CURVE('',#2724,#2749,#1285,.T.);
#3338=EDGE_CURVE('',#2749,#2748,#1286,.T.);
#3339=EDGE_CURVE('',#2747,#2749,#1287,.T.);
#3340=EDGE_CURVE('',#2747,#2750,#1288,.T.);
#3341=EDGE_CURVE('',#2751,#2750,#1289,.T.);
#3342=EDGE_CURVE('',#2749,#2751,#1290,.F.);
#3343=EDGE_CURVE('',#2746,#2752,#1291,.F.);
#3344=EDGE_CURVE('',#2750,#2752,#1292,.T.);
#3345=EDGE_CURVE('',#2752,#2700,#1293,.T.);
#3346=EDGE_CURVE('',#2701,#2750,#1294,.T.);
#3347=EDGE_CURVE('',#2752,#2753,#1295,.T.);
#3348=EDGE_CURVE('',#2753,#2702,#1296,.T.);
#3349=EDGE_CURVE('',#2753,#2751,#1297,.T.);
#3350=EDGE_CURVE('',#2751,#2703,#1298,.T.);
#3351=EDGE_CURVE('',#2748,#2753,#1299,.T.);
#3352=EDGE_CURVE('',#2669,#2743,#1300,.T.);
#3353=EDGE_CURVE('',#2745,#2668,#1301,.T.);
#3354=EDGE_CURVE('',#2745,#2754,#1302,.T.);
#3355=EDGE_CURVE('',#2754,#2670,#1303,.T.);
#3356=EDGE_CURVE('',#2754,#2744,#1304,.T.);
#3357=EDGE_CURVE('',#2744,#2671,#1305,.T.);
#3358=EDGE_CURVE('',#2741,#2754,#1306,.T.);
#3359=EDGE_CURVE('',#2738,#2699,#1307,.T.);
#3360=EDGE_CURVE('',#2730,#2672,#1308,.T.);
#3361=EDGE_CURVE('',#2755,#2756,#2409,.T.);
#3362=EDGE_CURVE('',#2756,#2604,#1309,.T.);
#3363=EDGE_CURVE('',#2605,#2755,#1310,.T.);
#3364=EDGE_CURVE('',#2756,#2757,#2410,.T.);
#3365=EDGE_CURVE('',#2606,#2757,#1311,.T.);
#3366=EDGE_CURVE('',#2758,#2759,#1312,.T.);
#3367=EDGE_CURVE('',#2760,#2758,#2411,.F.);
#3368=EDGE_CURVE('',#2761,#2760,#1313,.T.);
#3369=EDGE_CURVE('',#2762,#2761,#2412,.T.);
#3370=EDGE_CURVE('',#2763,#2762,#1314,.T.);
#3371=EDGE_CURVE('',#2759,#2763,#2413,.F.);
#3372=EDGE_CURVE('',#2755,#2764,#2414,.T.);
#3373=EDGE_CURVE('',#2757,#2764,#2415,.T.);
#3374=EDGE_CURVE('',#2764,#2607,#1315,.T.);
#3375=EDGE_CURVE('',#2765,#2766,#2416,.T.);
#3376=EDGE_CURVE('',#2766,#2600,#1316,.T.);
#3377=EDGE_CURVE('',#2601,#2765,#1317,.T.);
#3378=EDGE_CURVE('',#2766,#2767,#2417,.T.);
#3379=EDGE_CURVE('',#2602,#2767,#1318,.T.);
#3380=EDGE_CURVE('',#2768,#2769,#2418,.T.);
#3381=EDGE_CURVE('',#2770,#2768,#1319,.T.);
#3382=EDGE_CURVE('',#2771,#2770,#2419,.F.);
#3383=EDGE_CURVE('',#2772,#2771,#1320,.T.);
#3384=EDGE_CURVE('',#2773,#2772,#2420,.T.);
#3385=EDGE_CURVE('',#2774,#2773,#2421,.F.);
#3386=EDGE_CURVE('',#2769,#2774,#1321,.T.);
#3387=EDGE_CURVE('',#2765,#2775,#2422,.T.);
#3388=EDGE_CURVE('',#2767,#2775,#2423,.T.);
#3389=EDGE_CURVE('',#2775,#2603,#1322,.T.);
#3390=EDGE_CURVE('',#2776,#2776,#2424,.T.);
#3391=EDGE_CURVE('',#2776,#2777,#1323,.T.);
#3392=EDGE_CURVE('',#2778,#2777,#2425,.T.);
#3393=EDGE_CURVE('',#2777,#2778,#2426,.T.);
#3394=EDGE_CURVE('',#2779,#2779,#2427,.T.);
#3395=EDGE_CURVE('',#2779,#2776,#1324,.T.);
#3396=EDGE_CURVE('',#2694,#2780,#1325,.T.);
#3397=EDGE_CURVE('',#2780,#2781,#1326,.T.);
#3398=EDGE_CURVE('',#2781,#2693,#1327,.T.);
#3399=EDGE_CURVE('',#2698,#2782,#1328,.T.);
#3400=EDGE_CURVE('',#2782,#2780,#1329,.T.);
#3401=EDGE_CURVE('',#2697,#2783,#1330,.T.);
#3402=EDGE_CURVE('',#2783,#2782,#1331,.T.);
#3403=EDGE_CURVE('',#2696,#2784,#1332,.T.);
#3404=EDGE_CURVE('',#2784,#2783,#1333,.T.);
#3405=EDGE_CURVE('',#2785,#2784,#1334,.T.);
#3406=EDGE_CURVE('',#2695,#2785,#1335,.T.);
#3407=EDGE_CURVE('',#2781,#2785,#1336,.T.);
#3408=EDGE_CURVE('',#2785,#2786,#1337,.T.);
#3409=EDGE_CURVE('',#2786,#2787,#1338,.T.);
#3410=EDGE_CURVE('',#2784,#2787,#1339,.T.);
#3411=EDGE_CURVE('',#2781,#2788,#1340,.T.);
#3412=EDGE_CURVE('',#2788,#2789,#1341,.T.);
#3413=EDGE_CURVE('',#2790,#2789,#1342,.T.);
#3414=EDGE_CURVE('',#2790,#2786,#1343,.T.);
#3415=EDGE_CURVE('',#2780,#2791,#1344,.T.);
#3416=EDGE_CURVE('',#2791,#2792,#1345,.T.);
#3417=EDGE_CURVE('',#2792,#2793,#1346,.T.);
#3418=EDGE_CURVE('',#2793,#2788,#1347,.T.);
#3419=EDGE_CURVE('',#2794,#2795,#2428,.T.);
#3420=EDGE_CURVE('',#2795,#2796,#2429,.T.);
#3421=EDGE_CURVE('',#2796,#2797,#91,.F.);
#3422=EDGE_CURVE('',#2797,#2794,#2430,.T.);
#3423=EDGE_CURVE('',#2798,#2799,#2431,.T.);
#3424=EDGE_CURVE('',#2799,#2795,#1348,.T.);
#3425=EDGE_CURVE('',#2794,#2798,#1349,.T.);
#3426=EDGE_CURVE('',#2800,#2799,#1350,.T.);
#3427=EDGE_CURVE('',#2717,#2800,#1351,.T.);
#3428=EDGE_CURVE('',#2716,#2801,#2432,.T.);
#3429=EDGE_CURVE('',#2801,#2802,#1352,.T.);
#3430=EDGE_CURVE('',#2796,#2802,#1353,.T.);
#3431=EDGE_CURVE('',#2798,#2803,#1354,.T.);
#3432=EDGE_CURVE('',#2804,#2803,#2433,.T.);
#3433=EDGE_CURVE('',#2804,#2805,#1355,.T.);
#3434=EDGE_CURVE('',#2806,#2805,#2434,.T.);
#3435=EDGE_CURVE('',#2806,#2807,#1356,.T.);
#3436=EDGE_CURVE('',#2800,#2807,#2435,.T.);
#3437=EDGE_CURVE('',#2807,#2808,#1357,.T.);
#3438=EDGE_CURVE('',#2808,#2717,#51,.F.);
#3439=EDGE_CURVE('',#2809,#2794,#1358,.T.);
#3440=EDGE_CURVE('',#2803,#2809,#1359,.T.);
#3441=EDGE_CURVE('',#2797,#2810,#1360,.T.);
#3442=EDGE_CURVE('',#2810,#2809,#2436,.T.);
#3443=EDGE_CURVE('',#2808,#2811,#1361,.T.);
#3444=EDGE_CURVE('',#2811,#2718,#52,.F.);
#3445=EDGE_CURVE('',#2812,#2813,#1362,.T.);
#3446=EDGE_CURVE('',#2810,#2813,#2437,.T.);
#3447=EDGE_CURVE('',#2802,#2814,#1363,.T.);
#3448=EDGE_CURVE('',#2814,#2815,#1364,.T.);
#3449=EDGE_CURVE('',#2816,#2815,#2438,.T.);
#3450=EDGE_CURVE('',#2816,#2817,#1365,.T.);
#3451=EDGE_CURVE('',#2817,#2818,#2439,.T.);
#3452=EDGE_CURVE('',#2819,#2818,#1366,.T.);
#3453=EDGE_CURVE('',#2820,#2819,#2440,.T.);
#3454=EDGE_CURVE('',#2820,#2821,#1367,.T.);
#3455=EDGE_CURVE('',#2821,#2822,#2441,.T.);
#3456=EDGE_CURVE('',#2822,#2823,#1368,.T.);
#3457=EDGE_CURVE('',#2812,#2823,#2442,.T.);
#3458=EDGE_CURVE('',#2824,#2824,#2443,.T.);
#3459=EDGE_CURVE('',#2825,#2806,#1369,.T.);
#3460=EDGE_CURVE('',#2826,#2825,#1370,.T.);
#3461=EDGE_CURVE('',#2826,#2827,#1371,.T.);
#3462=EDGE_CURVE('',#2827,#2828,#1372,.T.);
#3463=EDGE_CURVE('',#2828,#2817,#1373,.T.);
#3464=EDGE_CURVE('',#2811,#2816,#1374,.T.);
#3465=EDGE_CURVE('',#2829,#2830,#1375,.T.);
#3466=EDGE_CURVE('',#2829,#2831,#1376,.T.);
#3467=EDGE_CURVE('',#2831,#2832,#1377,.T.);
#3468=EDGE_CURVE('',#2830,#2832,#1378,.T.);
#3469=EDGE_CURVE('',#2833,#2834,#1379,.T.);
#3470=EDGE_CURVE('',#2833,#2835,#1380,.T.);
#3471=EDGE_CURVE('',#2835,#2836,#1381,.T.);
#3472=EDGE_CURVE('',#2834,#2836,#1382,.T.);
#3473=EDGE_CURVE('',#2832,#2835,#1383,.T.);
#3474=EDGE_CURVE('',#2836,#2831,#1384,.T.);
#3475=EDGE_CURVE('',#2837,#2837,#2444,.T.);
#3476=EDGE_CURVE('',#2789,#2830,#1385,.T.);
#3477=EDGE_CURVE('',#2829,#2793,#1386,.T.);
#3478=EDGE_CURVE('',#2838,#2792,#1387,.T.);
#3479=EDGE_CURVE('',#2838,#2839,#1388,.T.);
#3480=EDGE_CURVE('',#2839,#2834,#1389,.T.);
#3481=EDGE_CURVE('',#2790,#2840,#1390,.T.);
#3482=EDGE_CURVE('',#2833,#2841,#1391,.T.);
#3483=EDGE_CURVE('',#2840,#2841,#1392,.T.);
#3484=EDGE_CURVE('',#2842,#2839,#1393,.T.);
#3485=EDGE_CURVE('',#2841,#2842,#1394,.T.);
#3486=EDGE_CURVE('',#2843,#2791,#1395,.T.);
#3487=EDGE_CURVE('',#2838,#2843,#1396,.T.);
#3488=EDGE_CURVE('',#2787,#2840,#1397,.T.);
#3489=EDGE_CURVE('',#2782,#2843,#1398,.T.);
#3490=EDGE_CURVE('',#2783,#2842,#1399,.T.);
#3491=EDGE_CURVE('',#2660,#2827,#1400,.T.);
#3492=EDGE_CURVE('',#2827,#2844,#1401,.T.);
#3493=EDGE_CURVE('',#2661,#2844,#1402,.T.);
#3494=EDGE_CURVE('',#2805,#2845,#1403,.T.);
#3495=EDGE_CURVE('',#2846,#2804,#1404,.T.);
#3496=EDGE_CURVE('',#2813,#2846,#92,.T.);
#3497=EDGE_CURVE('',#2847,#2812,#1405,.T.);
#3498=EDGE_CURVE('',#2845,#2847,#1406,.T.);
#3499=EDGE_CURVE('',#2846,#2809,#2445,.T.);
#3500=EDGE_CURVE('',#2825,#2845,#53,.F.);
#3501=EDGE_CURVE('',#2845,#2848,#1407,.T.);
#3502=EDGE_CURVE('',#2848,#2826,#2446,.F.);
#3503=EDGE_CURVE('',#2849,#2847,#1408,.T.);
#3504=EDGE_CURVE('',#2850,#2849,#2447,.F.);
#3505=EDGE_CURVE('',#2851,#2850,#1409,.T.);
#3506=EDGE_CURVE('',#2852,#2851,#1410,.T.);
#3507=EDGE_CURVE('',#2853,#2852,#1411,.T.);
#3508=EDGE_CURVE('',#2854,#2853,#1412,.T.);
#3509=EDGE_CURVE('',#2854,#2848,#1413,.T.);
#3510=EDGE_CURVE('',#2855,#2849,#93,.F.);
#3511=EDGE_CURVE('',#2847,#2856,#54,.F.);
#3512=EDGE_CURVE('',#2856,#2855,#1414,.T.);
#3513=EDGE_CURVE('',#2823,#2856,#1415,.T.);
#3514=EDGE_CURVE('',#2857,#2822,#1416,.T.);
#3515=EDGE_CURVE('',#2858,#2857,#1417,.T.);
#3516=EDGE_CURVE('',#2859,#2858,#1418,.T.);
#3517=EDGE_CURVE('',#2860,#2859,#1419,.F.);
#3518=EDGE_CURVE('',#2861,#2860,#1420,.T.);
#3519=EDGE_CURVE('',#2861,#2862,#1421,.T.);
#3520=EDGE_CURVE('',#2855,#2862,#1422,.T.);
#3521=EDGE_CURVE('',#2815,#2718,#1423,.T.);
#3522=EDGE_CURVE('',#2863,#2719,#2448,.T.);
#3523=EDGE_CURVE('',#2863,#2801,#1424,.T.);
#3524=EDGE_CURVE('',#2814,#2863,#1425,.T.);
#3525=EDGE_CURVE('',#2854,#2864,#2449,.F.);
#3526=EDGE_CURVE('',#2865,#2864,#1426,.F.);
#3527=EDGE_CURVE('',#2866,#2865,#1427,.F.);
#3528=EDGE_CURVE('',#2844,#2866,#1428,.T.);
#3529=EDGE_CURVE('',#2820,#2867,#1429,.T.);
#3530=EDGE_CURVE('',#2868,#2867,#1430,.T.);
#3531=EDGE_CURVE('',#2868,#2821,#1431,.T.);
#3532=EDGE_CURVE('',#2862,#2869,#2450,.T.);
#3533=EDGE_CURVE('',#2869,#2850,#1432,.T.);
#3534=EDGE_CURVE('',#2870,#2853,#2451,.T.);
#3535=EDGE_CURVE('',#2870,#2864,#1433,.T.);
#3536=EDGE_CURVE('',#2870,#2871,#1434,.F.);
#3537=EDGE_CURVE('',#2871,#2865,#1435,.T.);
#3538=EDGE_CURVE('',#2852,#2872,#2452,.T.);
#3539=EDGE_CURVE('',#2873,#2872,#1436,.F.);
#3540=EDGE_CURVE('',#2873,#2871,#1437,.T.);
#3541=EDGE_CURVE('',#2874,#2875,#2453,.T.);
#3542=EDGE_CURVE('',#2874,#2876,#1438,.T.);
#3543=EDGE_CURVE('',#2876,#2877,#2454,.F.);
#3544=EDGE_CURVE('',#2878,#2877,#1439,.T.);
#3545=EDGE_CURVE('',#2879,#2878,#2455,.F.);
#3546=EDGE_CURVE('',#2875,#2879,#1440,.T.);
#3547=EDGE_CURVE('',#2851,#2880,#2456,.T.);
#3548=EDGE_CURVE('',#2880,#2872,#1441,.T.);
#3549=EDGE_CURVE('',#2880,#2881,#1442,.T.);
#3550=EDGE_CURVE('',#2881,#2873,#1443,.T.);
#3551=EDGE_CURVE('',#2869,#2881,#1444,.T.);
#3552=EDGE_CURVE('',#2882,#2883,#1445,.T.);
#3553=EDGE_CURVE('',#2884,#2883,#1446,.T.);
#3554=EDGE_CURVE('',#2885,#2884,#1447,.T.);
#3555=EDGE_CURVE('',#2882,#2885,#1448,.T.);
#3556=EDGE_CURVE('',#2886,#2887,#1449,.T.);
#3557=EDGE_CURVE('',#2888,#2886,#1450,.T.);
#3558=EDGE_CURVE('',#2889,#2888,#1451,.T.);
#3559=EDGE_CURVE('',#2887,#2889,#1452,.T.);
#3560=EDGE_CURVE('',#2875,#2890,#1453,.T.);
#3561=EDGE_CURVE('',#2890,#2891,#2457,.T.);
#3562=EDGE_CURVE('',#2891,#2874,#1454,.T.);
#3563=EDGE_CURVE('',#2892,#2879,#1455,.T.);
#3564=EDGE_CURVE('',#2892,#2890,#1456,.T.);
#3565=EDGE_CURVE('',#2893,#2891,#1457,.F.);
#3566=EDGE_CURVE('',#2876,#2893,#1458,.T.);
#3567=EDGE_CURVE('',#2894,#2895,#1459,.T.);
#3568=EDGE_CURVE('',#2894,#2896,#2458,.T.);
#3569=EDGE_CURVE('',#2897,#2896,#1460,.T.);
#3570=EDGE_CURVE('',#2897,#2898,#1461,.T.);
#3571=EDGE_CURVE('',#2895,#2898,#1462,.T.);
#3572=EDGE_CURVE('',#2892,#2899,#2459,.T.);
#3573=EDGE_CURVE('',#2899,#2900,#1463,.T.);
#3574=EDGE_CURVE('',#2893,#2900,#2460,.T.);
#3575=EDGE_CURVE('',#2901,#2902,#1464,.T.);
#3576=EDGE_CURVE('',#2894,#2902,#1465,.T.);
#3577=EDGE_CURVE('',#2860,#2895,#2461,.T.);
#3578=EDGE_CURVE('',#2859,#2903,#2462,.T.);
#3579=EDGE_CURVE('',#2903,#2904,#1466,.T.);
#3580=EDGE_CURVE('',#2904,#2905,#2463,.T.);
#3581=EDGE_CURVE('',#2905,#2906,#1467,.T.);
#3582=EDGE_CURVE('',#2907,#2906,#1468,.T.);
#3583=EDGE_CURVE('',#2908,#2907,#1469,.T.);
#3584=EDGE_CURVE('',#2901,#2908,#1470,.T.);
#3585=EDGE_CURVE('',#2885,#2909,#2464,.T.);
#3586=EDGE_CURVE('',#2909,#2910,#1471,.T.);
#3587=EDGE_CURVE('',#2910,#2888,#2465,.T.);
#3588=EDGE_CURVE('',#2886,#2911,#2466,.T.);
#3589=EDGE_CURVE('',#2911,#2912,#1472,.T.);
#3590=EDGE_CURVE('',#2912,#2882,#2467,.T.);
#3591=EDGE_CURVE('',#2652,#2913,#1473,.T.);
#3592=EDGE_CURVE('',#2913,#2858,#2468,.T.);
#3593=EDGE_CURVE('',#2858,#2653,#1474,.T.);
#3594=EDGE_CURVE('',#2857,#2654,#1475,.T.);
#3595=EDGE_CURVE('',#2857,#2868,#2469,.T.);
#3596=EDGE_CURVE('',#2868,#2655,#1476,.T.);
#3597=EDGE_CURVE('',#2867,#2656,#1477,.T.);
#3598=EDGE_CURVE('',#2914,#2657,#1478,.T.);
#3599=EDGE_CURVE('',#2867,#2914,#2470,.T.);
#3600=EDGE_CURVE('',#2915,#2914,#1479,.T.);
#3601=EDGE_CURVE('',#2915,#2658,#1480,.T.);
#3602=EDGE_CURVE('',#2914,#2819,#1481,.T.);
#3603=EDGE_CURVE('',#2913,#2903,#1482,.T.);
#3604=EDGE_CURVE('',#2659,#2828,#1483,.T.);
#3605=EDGE_CURVE('',#2828,#2915,#2471,.T.);
#3606=EDGE_CURVE('',#2818,#2915,#1484,.T.);
#3607=EDGE_CURVE('',#2837,#2824,#1485,.T.);
#3608=EDGE_CURVE('',#2898,#2861,#2472,.T.);
#3609=EDGE_CURVE('',#2916,#2897,#1486,.T.);
#3610=EDGE_CURVE('',#2866,#2916,#2473,.T.);
#3611=EDGE_CURVE('',#2917,#2917,#2474,.T.);
#3612=EDGE_CURVE('',#2918,#2918,#2475,.F.);
#3613=EDGE_CURVE('',#2919,#2919,#2476,.T.);
#3614=EDGE_CURVE('',#2919,#2918,#1487,.T.);
#3615=EDGE_CURVE('',#2920,#2921,#2477,.F.);
#3616=EDGE_CURVE('',#2921,#2922,#1488,.T.);
#3617=EDGE_CURVE('',#2922,#2923,#2478,.F.);
#3618=EDGE_CURVE('',#2923,#2920,#1489,.T.);
#3619=EDGE_CURVE('',#2921,#2924,#1490,.T.);
#3620=EDGE_CURVE('',#2925,#2924,#1491,.T.);
#3621=EDGE_CURVE('',#2925,#2922,#1492,.T.);
#3622=EDGE_CURVE('',#2926,#2924,#2479,.T.);
#3623=EDGE_CURVE('',#2926,#2927,#1493,.T.);
#3624=EDGE_CURVE('',#2925,#2927,#2480,.T.);
#3625=EDGE_CURVE('',#2928,#2929,#2481,.T.);
#3626=EDGE_CURVE('',#2923,#2928,#1494,.T.);
#3627=EDGE_CURVE('',#2930,#2927,#1495,.F.);
#3628=EDGE_CURVE('',#2931,#2930,#2482,.T.);
#3629=EDGE_CURVE('',#2932,#2931,#1496,.T.);
#3630=EDGE_CURVE('',#2929,#2932,#2483,.T.);
#3631=EDGE_CURVE('',#2933,#2934,#1497,.T.);
#3632=EDGE_CURVE('',#2920,#2933,#1498,.F.);
#3633=EDGE_CURVE('',#2928,#2934,#24,.T.);
#3634=EDGE_CURVE('',#2935,#2936,#1499,.T.);
#3635=EDGE_CURVE('',#2935,#2937,#1500,.T.);
#3636=EDGE_CURVE('',#2938,#2937,#2484,.T.);
#3637=EDGE_CURVE('',#2939,#2938,#1501,.T.);
#3638=EDGE_CURVE('',#2936,#2939,#1502,.T.);
#3639=EDGE_CURVE('',#2649,#2940,#1503,.T.);
#3640=EDGE_CURVE('',#2941,#2648,#1504,.F.);
#3641=EDGE_CURVE('',#2942,#2941,#1505,.T.);
#3642=EDGE_CURVE('',#2907,#2942,#1506,.F.);
#3643=EDGE_CURVE('',#2940,#2906,#1507,.T.);
#3644=EDGE_CURVE('',#2940,#2943,#1508,.T.);
#3645=EDGE_CURVE('',#2943,#2905,#1509,.T.);
#3646=EDGE_CURVE('',#2943,#2944,#2485,.T.);
#3647=EDGE_CURVE('',#2904,#2944,#1510,.T.);
#3648=EDGE_CURVE('',#2944,#2913,#1511,.T.);
#3649=EDGE_CURVE('',#2944,#2651,#1512,.T.);
#3650=EDGE_CURVE('',#2943,#2650,#1513,.T.);
#3651=EDGE_CURVE('',#2938,#2945,#94,.T.);
#3652=EDGE_CURVE('',#2937,#2576,#2486,.T.);
#3653=EDGE_CURVE('',#2945,#2582,#2487,.T.);
#3654=EDGE_CURVE('',#2577,#2935,#2488,.T.);
#3655=EDGE_CURVE('',#2611,#2945,#1514,.T.);
#3656=EDGE_CURVE('',#2946,#2947,#1515,.T.);
#3657=EDGE_CURVE('',#2948,#2947,#1516,.T.);
#3658=EDGE_CURVE('',#2949,#2948,#1517,.T.);
#3659=EDGE_CURVE('',#2946,#2949,#1518,.T.);
#3660=EDGE_CURVE('',#2900,#2877,#1519,.T.);
#3661=EDGE_CURVE('',#2899,#2878,#1520,.T.);
#3662=EDGE_CURVE('',#2950,#2951,#1521,.T.);
#3663=EDGE_CURVE('',#2950,#2952,#1522,.T.);
#3664=EDGE_CURVE('',#2952,#2953,#1523,.T.);
#3665=EDGE_CURVE('',#2951,#2953,#1524,.T.);
#3666=EDGE_CURVE('',#2954,#2950,#1525,.T.);
#3667=EDGE_CURVE('',#2954,#2955,#1526,.T.);
#3668=EDGE_CURVE('',#2955,#2956,#1527,.T.);
#3669=EDGE_CURVE('',#2957,#2956,#1528,.T.);
#3670=EDGE_CURVE('',#2957,#2952,#1529,.T.);
#3671=EDGE_CURVE('',#2958,#2959,#1530,.T.);
#3672=EDGE_CURVE('',#2958,#2960,#1531,.T.);
#3673=EDGE_CURVE('',#2960,#2961,#1532,.T.);
#3674=EDGE_CURVE('',#2961,#2962,#1533,.T.);
#3675=EDGE_CURVE('',#2962,#2963,#1534,.T.);
#3676=EDGE_CURVE('',#2959,#2963,#1535,.T.);
#3677=EDGE_CURVE('',#2964,#2958,#1536,.T.);
#3678=EDGE_CURVE('',#2964,#2965,#1537,.T.);
#3679=EDGE_CURVE('',#2965,#2960,#1538,.T.);
#3680=EDGE_CURVE('',#2966,#2964,#1539,.T.);
#3681=EDGE_CURVE('',#2966,#2967,#1540,.T.);
#3682=EDGE_CURVE('',#2967,#2968,#1541,.T.);
#3683=EDGE_CURVE('',#2969,#2968,#1542,.T.);
#3684=EDGE_CURVE('',#2969,#2965,#1543,.T.);
#3685=EDGE_CURVE('',#2587,#2586,#2489,.T.);
#3686=EDGE_CURVE('',#2970,#2970,#2490,.T.);
#3687=EDGE_CURVE('',#2970,#2589,#1544,.T.);
#3688=EDGE_CURVE('',#2970,#2971,#1545,.T.);
#3689=EDGE_CURVE('',#2971,#2971,#2491,.T.);
#3690=EDGE_CURVE('',#2972,#2647,#2492,.T.);
#3691=EDGE_CURVE('',#2972,#2941,#1546,.T.);
#3692=EDGE_CURVE('',#2769,#2973,#1547,.T.);
#3693=EDGE_CURVE('',#2974,#2774,#1548,.T.);
#3694=EDGE_CURVE('',#2975,#2974,#1549,.T.);
#3695=EDGE_CURVE('',#2976,#2975,#1550,.T.);
#3696=EDGE_CURVE('',#2930,#2976,#25,.F.);
#3697=EDGE_CURVE('',#2973,#2926,#1551,.T.);
#3698=EDGE_CURVE('',#2974,#2977,#2493,.T.);
#3699=EDGE_CURVE('',#2773,#2977,#1552,.T.);
#3700=EDGE_CURVE('',#2977,#2978,#2494,.T.);
#3701=EDGE_CURVE('',#2978,#2772,#1553,.T.);
#3702=EDGE_CURVE('',#2979,#2980,#2495,.T.);
#3703=EDGE_CURVE('',#2979,#2762,#1554,.T.);
#3704=EDGE_CURVE('',#2980,#2761,#1555,.T.);
#3705=EDGE_CURVE('',#2981,#2908,#2496,.T.);
#3706=EDGE_CURVE('',#2981,#2592,#1556,.T.);
#3707=EDGE_CURVE('',#2591,#2896,#1557,.T.);
#3708=EDGE_CURVE('',#2942,#2982,#1558,.T.);
#3709=EDGE_CURVE('',#2908,#2982,#1559,.T.);
#3710=EDGE_CURVE('',#2981,#2983,#1560,.T.);
#3711=EDGE_CURVE('',#2982,#2983,#2497,.T.);
#3712=EDGE_CURVE('',#2980,#2984,#1561,.T.);
#3713=EDGE_CURVE('',#2984,#2985,#2498,.T.);
#3714=EDGE_CURVE('',#2979,#2985,#1562,.T.);
#3715=EDGE_CURVE('',#2978,#2986,#1563,.T.);
#3716=EDGE_CURVE('',#2986,#2987,#2499,.T.);
#3717=EDGE_CURVE('',#2977,#2987,#1564,.T.);
#3718=EDGE_CURVE('',#2974,#2988,#1565,.T.);
#3719=EDGE_CURVE('',#2987,#2988,#2500,.T.);
#3720=EDGE_CURVE('',#2988,#2989,#1566,.T.);
#3721=EDGE_CURVE('',#2975,#2989,#1567,.T.);
#3722=EDGE_CURVE('',#2990,#2991,#1568,.T.);
#3723=EDGE_CURVE('',#2990,#2975,#2501,.T.);
#3724=EDGE_CURVE('',#2989,#2991,#2502,.T.);
#3725=EDGE_CURVE('',#2991,#2992,#1569,.T.);
#3726=EDGE_CURVE('',#2993,#2992,#1570,.T.);
#3727=EDGE_CURVE('',#2993,#2990,#1571,.T.);
#3728=EDGE_CURVE('',#2994,#2995,#1572,.T.);
#3729=EDGE_CURVE('',#2994,#2993,#2503,.T.);
#3730=EDGE_CURVE('',#2992,#2995,#2504,.T.);
#3731=EDGE_CURVE('',#2647,#2994,#2505,.T.);
#3732=EDGE_CURVE('',#2995,#2972,#2506,.T.);
#3733=EDGE_CURVE('',#2976,#2996,#2507,.T.);
#3734=EDGE_CURVE('',#2990,#2996,#1573,.T.);
#3735=EDGE_CURVE('',#2996,#2997,#1574,.T.);
#3736=EDGE_CURVE('',#2997,#2993,#1575,.T.);
#3737=EDGE_CURVE('',#2997,#2998,#2508,.T.);
#3738=EDGE_CURVE('',#2994,#2998,#1576,.T.);
#3739=EDGE_CURVE('',#2998,#2646,#2509,.T.);
#3740=EDGE_CURVE('',#2934,#2645,#26,.F.);
#3741=EDGE_CURVE('',#2998,#2929,#1577,.T.);
#3742=EDGE_CURVE('',#2997,#2932,#1578,.T.);
#3743=EDGE_CURVE('',#2996,#2931,#1579,.T.);
#3744=EDGE_CURVE('',#2999,#2569,#95,.T.);
#3745=EDGE_CURVE('',#2999,#2590,#1580,.T.);
#3746=EDGE_CURVE('',#3000,#2568,#2510,.T.);
#3747=EDGE_CURVE('',#3000,#2999,#1581,.T.);
#3748=EDGE_CURVE('',#3000,#2663,#1582,.T.);
#3749=EDGE_CURVE('',#2951,#3001,#1583,.T.);
#3750=EDGE_CURVE('',#2953,#3002,#1584,.T.);
#3751=EDGE_CURVE('',#3002,#3003,#1585,.T.);
#3752=EDGE_CURVE('',#3003,#3004,#1586,.T.);
#3753=EDGE_CURVE('',#3001,#3004,#1587,.T.);
#3754=EDGE_CURVE('',#3005,#3006,#1588,.T.);
#3755=EDGE_CURVE('',#3007,#3006,#1589,.T.);
#3756=EDGE_CURVE('',#3008,#3007,#1590,.T.);
#3757=EDGE_CURVE('',#3005,#3008,#1591,.T.);
#3758=EDGE_CURVE('',#3009,#2665,#1592,.T.);
#3759=EDGE_CURVE('',#3009,#2558,#2511,.T.);
#3760=EDGE_CURVE('',#2558,#2666,#1593,.T.);
#3761=EDGE_CURVE('',#3009,#2578,#1594,.T.);
#3762=EDGE_CURVE('',#3010,#2664,#1595,.T.);
#3763=EDGE_CURVE('',#3010,#3009,#1596,.T.);
#3764=EDGE_CURVE('',#2916,#3011,#1597,.T.);
#3765=EDGE_CURVE('',#3011,#3000,#1598,.T.);
#3766=EDGE_CURVE('',#2844,#3011,#2512,.T.);
#3767=EDGE_CURVE('',#2662,#3011,#1599,.T.);
#3768=EDGE_CURVE('',#3012,#3013,#1600,.T.);
#3769=EDGE_CURVE('',#2910,#3012,#1601,.T.);
#3770=EDGE_CURVE('',#3013,#2909,#1602,.T.);
#3771=EDGE_CURVE('',#3013,#2884,#2513,.T.);
#3772=EDGE_CURVE('',#2883,#3014,#2514,.T.);
#3773=EDGE_CURVE('',#2912,#3014,#1603,.T.);
#3774=EDGE_CURVE('',#2579,#3010,#1604,.T.);
#3775=EDGE_CURVE('',#3010,#2612,#2515,.T.);
#3776=EDGE_CURVE('',#3015,#3015,#2516,.T.);
#3777=EDGE_CURVE('',#3015,#2778,#1605,.T.);
#3778=EDGE_CURVE('',#2763,#3016,#1606,.T.);
#3779=EDGE_CURVE('',#3016,#2979,#1607,.T.);
#3780=EDGE_CURVE('',#3017,#3018,#1608,.T.);
#3781=EDGE_CURVE('',#3017,#2981,#1609,.T.);
#3782=EDGE_CURVE('',#2983,#3018,#1610,.T.);
#3783=EDGE_CURVE('',#3016,#3019,#1611,.T.);
#3784=EDGE_CURVE('',#2985,#3019,#1612,.T.);
#3785=EDGE_CURVE('',#3020,#3021,#1613,.T.);
#3786=EDGE_CURVE('',#3020,#2984,#1614,.T.);
#3787=EDGE_CURVE('',#2980,#3021,#1615,.T.);
#3788=EDGE_CURVE('',#3021,#2760,#1616,.T.);
#3789=EDGE_CURVE('',#3022,#3020,#96,.T.);
#3790=EDGE_CURVE('',#3023,#3021,#2517,.T.);
#3791=EDGE_CURVE('',#3023,#3022,#1617,.T.);
#3792=EDGE_CURVE('',#2758,#3023,#1618,.T.);
#3793=EDGE_CURVE('',#3024,#2973,#55,.F.);
#3794=EDGE_CURVE('',#3024,#2768,#1619,.T.);
#3795=EDGE_CURVE('',#3025,#3026,#1620,.T.);
#3796=EDGE_CURVE('',#3025,#3022,#1621,.T.);
#3797=EDGE_CURVE('',#3023,#3026,#1622,.T.);
#3798=EDGE_CURVE('',#3018,#3025,#2518,.T.);
#3799=EDGE_CURVE('',#3026,#3017,#2519,.T.);
#3800=EDGE_CURVE('',#3027,#3028,#1623,.T.);
#3801=EDGE_CURVE('',#3027,#2986,#1624,.T.);
#3802=EDGE_CURVE('',#2978,#3028,#1625,.T.);
#3803=EDGE_CURVE('',#3028,#2771,#1626,.T.);
#3804=EDGE_CURVE('',#3029,#3027,#97,.T.);
#3805=EDGE_CURVE('',#3030,#3028,#2520,.T.);
#3806=EDGE_CURVE('',#3030,#3029,#1627,.T.);
#3807=EDGE_CURVE('',#2770,#3030,#1628,.T.);
#3808=EDGE_CURVE('',#3019,#3031,#2521,.T.);
#3809=EDGE_CURVE('',#3031,#3029,#1629,.T.);
#3810=EDGE_CURVE('',#3031,#3032,#1630,.T.);
#3811=EDGE_CURVE('',#3030,#3032,#1631,.T.);
#3812=EDGE_CURVE('',#3016,#3032,#2522,.T.);
#3813=EDGE_CURVE('',#3032,#2759,#1632,.T.);
#3814=EDGE_CURVE('',#3033,#2933,#1633,.T.);
#3815=EDGE_CURVE('',#3034,#3033,#1634,.T.);
#3816=EDGE_CURVE('',#2973,#3034,#1635,.T.);
#3817=EDGE_CURVE('',#3035,#3036,#1636,.T.);
#3818=EDGE_CURVE('',#3037,#3035,#1637,.T.);
#3819=EDGE_CURVE('',#3038,#3037,#1638,.T.);
#3820=EDGE_CURVE('',#3036,#3038,#1639,.T.);
#3821=EDGE_CURVE('',#3034,#3039,#2523,.F.);
#3822=EDGE_CURVE('',#3039,#3024,#1640,.T.);
#3823=EDGE_CURVE('',#2945,#3040,#98,.T.);
#3824=EDGE_CURVE('',#2938,#3040,#2524,.T.);
#3825=EDGE_CURVE('',#3040,#3041,#1641,.T.);
#3826=EDGE_CURVE('',#3041,#2939,#2525,.F.);
#3827=EDGE_CURVE('',#2936,#3035,#2526,.T.);
#3828=EDGE_CURVE('',#2939,#3037,#2527,.F.);
#3829=EDGE_CURVE('',#3039,#3038,#2528,.F.);
#3830=EDGE_CURVE('',#3037,#3041,#2529,.F.);
#3831=EDGE_CURVE('',#3041,#3039,#1642,.T.);
#3832=EDGE_CURVE('',#3036,#3033,#2530,.T.);
#3833=EDGE_CURVE('',#3038,#3034,#2531,.F.);
#3834=EDGE_CURVE('',#3014,#3042,#1643,.T.);
#3835=EDGE_CURVE('',#3042,#2911,#1644,.T.);
#3836=EDGE_CURVE('',#3042,#2887,#2532,.T.);
#3837=EDGE_CURVE('',#2889,#3012,#2533,.T.);
#3838=EDGE_CURVE('',#2680,#3014,#1645,.T.);
#3839=EDGE_CURVE('',#2883,#2686,#1646,.T.);
#3840=EDGE_CURVE('',#2884,#2685,#1647,.T.);
#3841=EDGE_CURVE('',#3013,#2684,#1648,.T.);
#3842=EDGE_CURVE('',#3012,#2683,#1649,.T.);
#3843=EDGE_CURVE('',#2889,#2682,#1650,.T.);
#3844=EDGE_CURVE('',#2887,#2681,#1651,.T.);
#3845=EDGE_CURVE('',#3042,#2679,#1652,.T.);
#3846=EDGE_CURVE('',#2639,#2935,#1653,.T.);
#3847=EDGE_CURVE('',#2640,#2936,#1654,.T.);
#3848=EDGE_CURVE('',#2641,#3035,#1655,.T.);
#3849=EDGE_CURVE('',#2642,#3036,#1656,.T.);
#3850=EDGE_CURVE('',#2643,#3033,#1657,.T.);
#3851=EDGE_CURVE('',#2644,#2933,#1658,.T.);
#3852=EDGE_CURVE('',#2917,#3043,#1659,.T.);
#3853=EDGE_CURVE('',#3043,#3044,#2534,.T.);
#3854=EDGE_CURVE('',#3044,#3045,#2535,.T.);
#3855=EDGE_CURVE('',#3045,#3046,#2536,.T.);
#3856=EDGE_CURVE('',#3046,#3043,#2537,.T.);
#3857=EDGE_CURVE('',#3047,#3048,#2538,.T.);
#3858=EDGE_CURVE('',#3048,#3049,#2539,.T.);
#3859=EDGE_CURVE('',#3049,#3050,#2540,.T.);
#3860=EDGE_CURVE('',#3050,#3047,#2541,.T.);
#3861=EDGE_CURVE('',#3047,#2583,#1660,.T.);
#3862=EDGE_CURVE('',#3051,#3048,#1661,.T.);
#3863=EDGE_CURVE('',#3049,#3051,#1662,.T.);
#3864=EDGE_CURVE('',#2969,#2961,#1663,.T.);
#3865=EDGE_CURVE('',#2968,#3052,#1664,.T.);
#3866=EDGE_CURVE('',#3052,#3051,#1665,.T.);
#3867=EDGE_CURVE('',#3048,#3053,#1666,.T.);
#3868=EDGE_CURVE('',#3054,#3053,#1667,.T.);
#3869=EDGE_CURVE('',#3054,#2962,#1668,.T.);
#3870=EDGE_CURVE('',#3055,#3049,#1669,.T.);
#3871=EDGE_CURVE('',#3050,#3055,#1670,.T.);
#3872=EDGE_CURVE('',#3052,#3056,#1671,.T.);
#3873=EDGE_CURVE('',#3056,#3055,#1672,.T.);
#3874=EDGE_CURVE('',#3057,#3050,#1673,.T.);
#3875=EDGE_CURVE('',#3047,#3057,#1674,.T.);
#3876=EDGE_CURVE('',#2946,#3058,#1675,.T.);
#3877=EDGE_CURVE('',#3058,#3059,#1676,.T.);
#3878=EDGE_CURVE('',#3059,#3057,#1677,.T.);
#3879=EDGE_CURVE('',#3056,#3060,#1678,.T.);
#3880=EDGE_CURVE('',#2947,#3060,#1679,.T.);
#3881=EDGE_CURVE('',#3053,#3047,#1680,.T.);
#3882=EDGE_CURVE('',#3059,#3054,#1681,.T.);
#3883=EDGE_CURVE('',#3044,#3061,#1682,.T.);
#3884=EDGE_CURVE('',#3061,#3043,#1683,.T.);
#3885=EDGE_CURVE('',#2957,#3002,#1684,.T.);
#3886=EDGE_CURVE('',#2956,#3062,#1685,.T.);
#3887=EDGE_CURVE('',#3062,#3063,#1686,.T.);
#3888=EDGE_CURVE('',#3063,#3044,#1687,.T.);
#3889=EDGE_CURVE('',#3064,#3061,#1688,.T.);
#3890=EDGE_CURVE('',#3064,#3003,#1689,.T.);
#3891=EDGE_CURVE('',#3065,#3046,#1690,.T.);
#3892=EDGE_CURVE('',#3043,#3065,#1691,.T.);
#3893=EDGE_CURVE('',#3005,#3066,#1692,.T.);
#3894=EDGE_CURVE('',#3066,#3067,#1693,.T.);
#3895=EDGE_CURVE('',#3067,#3065,#1694,.T.);
#3896=EDGE_CURVE('',#3046,#3068,#1695,.T.);
#3897=EDGE_CURVE('',#3069,#3068,#1696,.T.);
#3898=EDGE_CURVE('',#3069,#3070,#1697,.T.);
#3899=EDGE_CURVE('',#3006,#3070,#1698,.T.);
#3900=EDGE_CURVE('',#3068,#3045,#1699,.T.);
#3901=EDGE_CURVE('',#3062,#3069,#1700,.T.);
#3902=EDGE_CURVE('',#3045,#3063,#1701,.T.);
#3903=EDGE_CURVE('',#3067,#3064,#1702,.T.);
#3904=EDGE_CURVE('',#3004,#3066,#1703,.T.);
#3905=EDGE_CURVE('',#2963,#3058,#1704,.T.);
#3906=EDGE_CURVE('',#3070,#2955,#1705,.T.);
#3907=EDGE_CURVE('',#3060,#2967,#1706,.T.);
#3908=EDGE_CURVE('',#3001,#3071,#1707,.T.);
#3909=EDGE_CURVE('',#3071,#3008,#1708,.T.);
#3910=EDGE_CURVE('',#3071,#3072,#1709,.T.);
#3911=EDGE_CURVE('',#3072,#3007,#1710,.T.);
#3912=EDGE_CURVE('',#3072,#2954,#1711,.T.);
#3913=EDGE_CURVE('',#2674,#3001,#1712,.T.);
#3914=EDGE_CURVE('',#2678,#2951,#1713,.T.);
#3915=EDGE_CURVE('',#3071,#2673,#1714,.T.);
#3916=EDGE_CURVE('',#2675,#3072,#1715,.T.);
#3917=EDGE_CURVE('',#2676,#2954,#1716,.T.);
#3918=EDGE_CURVE('',#2677,#2950,#1717,.T.);
#3919=EDGE_CURVE('',#2959,#3073,#1718,.T.);
#3920=EDGE_CURVE('',#3073,#2949,#1719,.T.);
#3921=EDGE_CURVE('',#3073,#3074,#1720,.T.);
#3922=EDGE_CURVE('',#3074,#2948,#1721,.T.);
#3923=EDGE_CURVE('',#3074,#2966,#1722,.T.);
#3924=EDGE_CURVE('',#2692,#2958,#1723,.T.);
#3925=EDGE_CURVE('',#2691,#2964,#1724,.T.);
#3926=EDGE_CURVE('',#3073,#2687,#1725,.T.);
#3927=EDGE_CURVE('',#2689,#3074,#1726,.T.);
#3928=EDGE_CURVE('',#2688,#2959,#1727,.T.);
#3929=EDGE_CURVE('',#2690,#2966,#1728,.T.);
#3930=EDGE_CURVE('',#2593,#3075,#1729,.T.);
#3931=EDGE_CURVE('',#3076,#3017,#1730,.T.);
#3932=EDGE_CURVE('',#3075,#3076,#2542,.T.);
#3933=EDGE_CURVE('',#2595,#3077,#1731,.T.);
#3934=EDGE_CURVE('',#3078,#2594,#1732,.T.);
#3935=EDGE_CURVE('',#3078,#3077,#1733,.T.);
#3936=EDGE_CURVE('',#3077,#3079,#2543,.T.);
#3937=EDGE_CURVE('',#3080,#3078,#2544,.T.);
#3938=EDGE_CURVE('',#3081,#3080,#1734,.T.);
#3939=EDGE_CURVE('',#3079,#3081,#99,.T.);
#3940=EDGE_CURVE('',#3076,#3082,#2545,.T.);
#3941=EDGE_CURVE('',#3026,#3082,#1735,.T.);
#3942=EDGE_CURVE('',#3083,#2598,#1736,.T.);
#3943=EDGE_CURVE('',#3082,#3083,#1737,.T.);
#3944=EDGE_CURVE('',#3076,#3080,#2546,.T.);
#3945=EDGE_CURVE('',#3080,#3082,#2547,.T.);
#3946=EDGE_CURVE('',#3078,#3075,#2548,.T.);
#3947=EDGE_CURVE('',#3081,#3083,#56,.T.);
#3948=EDGE_CURVE('',#3084,#3085,#100,.T.);
#3949=EDGE_CURVE('',#3083,#3084,#57,.T.);
#3950=EDGE_CURVE('',#2597,#3085,#1738,.T.);
#3951=EDGE_CURVE('',#3086,#2596,#1739,.T.);
#3952=EDGE_CURVE('',#3085,#3086,#2549,.T.);
#3953=EDGE_CURVE('',#3086,#3077,#2550,.T.);
#3954=EDGE_CURVE('',#3085,#3079,#2551,.T.);
#3955=EDGE_CURVE('',#3084,#3081,#2552,.T.);
#3956=ORIENTED_EDGE('',*,*,#3087,.T.);
#3957=ORIENTED_EDGE('',*,*,#3088,.T.);
#3958=ORIENTED_EDGE('',*,*,#3089,.T.);
#3959=ORIENTED_EDGE('',*,*,#3088,.F.);
#3960=ORIENTED_EDGE('',*,*,#3089,.F.);
#3961=ORIENTED_EDGE('',*,*,#3090,.T.);
#3962=ORIENTED_EDGE('',*,*,#3091,.F.);
#3963=ORIENTED_EDGE('',*,*,#3090,.F.);
#3964=ORIENTED_EDGE('',*,*,#3092,.F.);
#3965=ORIENTED_EDGE('',*,*,#3093,.F.);
#3966=ORIENTED_EDGE('',*,*,#3094,.F.);
#3967=ORIENTED_EDGE('',*,*,#3095,.T.);
#3968=ORIENTED_EDGE('',*,*,#3087,.F.);
#3969=ORIENTED_EDGE('',*,*,#3096,.T.);
#3970=ORIENTED_EDGE('',*,*,#3097,.F.);
#3971=ORIENTED_EDGE('',*,*,#3098,.T.);
#3972=ORIENTED_EDGE('',*,*,#3099,.T.);
#3973=ORIENTED_EDGE('',*,*,#3100,.T.);
#3974=ORIENTED_EDGE('',*,*,#3101,.T.);
#3975=ORIENTED_EDGE('',*,*,#3102,.F.);
#3976=ORIENTED_EDGE('',*,*,#3103,.F.);
#3977=ORIENTED_EDGE('',*,*,#3104,.T.);
#3978=ORIENTED_EDGE('',*,*,#3099,.F.);
#3979=ORIENTED_EDGE('',*,*,#3104,.F.);
#3980=ORIENTED_EDGE('',*,*,#3105,.F.);
#3981=ORIENTED_EDGE('',*,*,#3106,.F.);
#3982=ORIENTED_EDGE('',*,*,#3107,.F.);
#3983=ORIENTED_EDGE('',*,*,#3108,.T.);
#3984=ORIENTED_EDGE('',*,*,#3100,.F.);
#3985=ORIENTED_EDGE('',*,*,#3109,.T.);
#3986=ORIENTED_EDGE('',*,*,#3110,.T.);
#3987=ORIENTED_EDGE('',*,*,#3111,.T.);
#3988=ORIENTED_EDGE('',*,*,#3092,.T.);
#3989=ORIENTED_EDGE('',*,*,#3112,.T.);
#3990=ORIENTED_EDGE('',*,*,#3113,.T.);
#3991=ORIENTED_EDGE('',*,*,#3111,.F.);
#3992=ORIENTED_EDGE('',*,*,#3114,.T.);
#3993=ORIENTED_EDGE('',*,*,#3110,.F.);
#3994=ORIENTED_EDGE('',*,*,#3115,.F.);
#3995=ORIENTED_EDGE('',*,*,#3116,.F.);
#3996=ORIENTED_EDGE('',*,*,#3117,.F.);
#3997=ORIENTED_EDGE('',*,*,#3118,.F.);
#3998=ORIENTED_EDGE('',*,*,#3109,.F.);
#3999=ORIENTED_EDGE('',*,*,#3095,.F.);
#4000=ORIENTED_EDGE('',*,*,#3119,.F.);
#4001=ORIENTED_EDGE('',*,*,#3120,.F.);
#4002=ORIENTED_EDGE('',*,*,#3121,.F.);
#4003=ORIENTED_EDGE('',*,*,#3122,.F.);
#4004=ORIENTED_EDGE('',*,*,#3123,.F.);
#4005=ORIENTED_EDGE('',*,*,#3124,.F.);
#4006=ORIENTED_EDGE('',*,*,#3115,.T.);
#4007=ORIENTED_EDGE('',*,*,#3125,.F.);
#4008=ORIENTED_EDGE('',*,*,#3096,.F.);
#4009=ORIENTED_EDGE('',*,*,#3108,.F.);
#4010=ORIENTED_EDGE('',*,*,#3126,.F.);
#4011=ORIENTED_EDGE('',*,*,#3127,.F.);
#4012=ORIENTED_EDGE('',*,*,#3128,.T.);
#4013=ORIENTED_EDGE('',*,*,#3129,.T.);
#4014=ORIENTED_EDGE('',*,*,#3130,.T.);
#4015=ORIENTED_EDGE('',*,*,#3131,.F.);
#4016=ORIENTED_EDGE('',*,*,#3097,.T.);
#4017=ORIENTED_EDGE('',*,*,#3131,.T.);
#4018=ORIENTED_EDGE('',*,*,#3132,.T.);
#4019=ORIENTED_EDGE('',*,*,#3133,.T.);
#4020=ORIENTED_EDGE('',*,*,#3127,.T.);
#4021=ORIENTED_EDGE('',*,*,#3134,.T.);
#4022=ORIENTED_EDGE('',*,*,#3135,.T.);
#4023=ORIENTED_EDGE('',*,*,#3136,.T.);
#4024=ORIENTED_EDGE('',*,*,#3137,.F.);
#4025=ORIENTED_EDGE('',*,*,#3138,.F.);
#4026=ORIENTED_EDGE('',*,*,#3139,.T.);
#4027=ORIENTED_EDGE('',*,*,#3140,.F.);
#4028=ORIENTED_EDGE('',*,*,#3141,.T.);
#4029=ORIENTED_EDGE('',*,*,#3142,.F.);
#4030=ORIENTED_EDGE('',*,*,#3143,.T.);
#4031=ORIENTED_EDGE('',*,*,#3144,.T.);
#4032=ORIENTED_EDGE('',*,*,#3145,.F.);
#4033=ORIENTED_EDGE('',*,*,#3146,.T.);
#4034=ORIENTED_EDGE('',*,*,#3147,.F.);
#4035=ORIENTED_EDGE('',*,*,#3148,.T.);
#4036=ORIENTED_EDGE('',*,*,#3149,.F.);
#4037=ORIENTED_EDGE('',*,*,#3150,.T.);
#4038=ORIENTED_EDGE('',*,*,#3151,.F.);
#4039=ORIENTED_EDGE('',*,*,#3152,.T.);
#4040=ORIENTED_EDGE('',*,*,#3153,.F.);
#4041=ORIENTED_EDGE('',*,*,#3154,.F.);
#4042=ORIENTED_EDGE('',*,*,#3155,.T.);
#4043=ORIENTED_EDGE('',*,*,#3098,.F.);
#4044=ORIENTED_EDGE('',*,*,#3144,.F.);
#4045=ORIENTED_EDGE('',*,*,#3156,.T.);
#4046=ORIENTED_EDGE('',*,*,#3157,.T.);
#4047=ORIENTED_EDGE('',*,*,#3122,.T.);
#4048=ORIENTED_EDGE('',*,*,#3158,.F.);
#4049=ORIENTED_EDGE('',*,*,#3159,.F.);
#4050=ORIENTED_EDGE('',*,*,#3101,.F.);
#4051=ORIENTED_EDGE('',*,*,#3091,.T.);
#4052=ORIENTED_EDGE('',*,*,#3155,.F.);
#4053=ORIENTED_EDGE('',*,*,#3160,.T.);
#4054=ORIENTED_EDGE('',*,*,#3161,.F.);
#4055=ORIENTED_EDGE('',*,*,#3105,.T.);
#4056=ORIENTED_EDGE('',*,*,#3103,.T.);
#4057=ORIENTED_EDGE('',*,*,#3162,.T.);
#4058=ORIENTED_EDGE('',*,*,#3159,.T.);
#4059=ORIENTED_EDGE('',*,*,#3163,.T.);
#4060=ORIENTED_EDGE('',*,*,#3164,.T.);
#4061=ORIENTED_EDGE('',*,*,#3165,.F.);
#4062=ORIENTED_EDGE('',*,*,#3162,.F.);
#4063=ORIENTED_EDGE('',*,*,#3102,.T.);
#4064=ORIENTED_EDGE('',*,*,#3153,.T.);
#4065=ORIENTED_EDGE('',*,*,#3165,.T.);
#4066=ORIENTED_EDGE('',*,*,#3166,.F.);
#4067=ORIENTED_EDGE('',*,*,#3114,.F.);
#4068=ORIENTED_EDGE('',*,*,#3118,.T.);
#4069=ORIENTED_EDGE('',*,*,#3167,.F.);
#4070=ORIENTED_EDGE('',*,*,#3168,.T.);
#4071=ORIENTED_EDGE('',*,*,#3169,.T.);
#4072=ORIENTED_EDGE('',*,*,#3170,.T.);
#4073=ORIENTED_EDGE('',*,*,#3171,.F.);
#4074=ORIENTED_EDGE('',*,*,#3170,.F.);
#4075=ORIENTED_EDGE('',*,*,#3169,.F.);
#4076=ORIENTED_EDGE('',*,*,#3172,.T.);
#4077=ORIENTED_EDGE('',*,*,#3173,.T.);
#4078=ORIENTED_EDGE('',*,*,#3174,.F.);
#4079=ORIENTED_EDGE('',*,*,#3173,.F.);
#4080=ORIENTED_EDGE('',*,*,#3172,.F.);
#4081=ORIENTED_EDGE('',*,*,#3175,.T.);
#4082=ORIENTED_EDGE('',*,*,#3176,.T.);
#4083=ORIENTED_EDGE('',*,*,#3177,.F.);
#4084=ORIENTED_EDGE('',*,*,#3176,.F.);
#4085=ORIENTED_EDGE('',*,*,#3175,.F.);
#4086=ORIENTED_EDGE('',*,*,#3178,.T.);
#4087=ORIENTED_EDGE('',*,*,#3179,.T.);
#4088=ORIENTED_EDGE('',*,*,#3180,.T.);
#4089=ORIENTED_EDGE('',*,*,#3178,.F.);
#4090=ORIENTED_EDGE('',*,*,#3181,.T.);
#4091=ORIENTED_EDGE('',*,*,#3182,.F.);
#4092=ORIENTED_EDGE('',*,*,#3183,.F.);
#4093=ORIENTED_EDGE('',*,*,#3179,.F.);
#4094=ORIENTED_EDGE('',*,*,#3183,.T.);
#4095=ORIENTED_EDGE('',*,*,#3184,.F.);
#4096=ORIENTED_EDGE('',*,*,#3185,.F.);
#4097=ORIENTED_EDGE('',*,*,#3180,.F.);
#4098=ORIENTED_EDGE('',*,*,#3185,.T.);
#4099=ORIENTED_EDGE('',*,*,#3186,.F.);
#4100=ORIENTED_EDGE('',*,*,#3181,.F.);
#4101=ORIENTED_EDGE('',*,*,#3187,.T.);
#4102=ORIENTED_EDGE('',*,*,#3188,.T.);
#4103=ORIENTED_EDGE('',*,*,#3189,.T.);
#4104=ORIENTED_EDGE('',*,*,#3190,.T.);
#4105=ORIENTED_EDGE('',*,*,#3187,.F.);
#4106=ORIENTED_EDGE('',*,*,#3191,.T.);
#4107=ORIENTED_EDGE('',*,*,#3192,.F.);
#4108=ORIENTED_EDGE('',*,*,#3193,.F.);
#4109=ORIENTED_EDGE('',*,*,#3188,.F.);
#4110=ORIENTED_EDGE('',*,*,#3193,.T.);
#4111=ORIENTED_EDGE('',*,*,#3194,.F.);
#4112=ORIENTED_EDGE('',*,*,#3191,.F.);
#4113=ORIENTED_EDGE('',*,*,#3189,.F.);
#4114=ORIENTED_EDGE('',*,*,#3195,.T.);
#4115=ORIENTED_EDGE('',*,*,#3196,.F.);
#4116=ORIENTED_EDGE('',*,*,#3197,.F.);
#4117=ORIENTED_EDGE('',*,*,#3190,.F.);
#4118=ORIENTED_EDGE('',*,*,#3197,.T.);
#4119=ORIENTED_EDGE('',*,*,#3198,.F.);
#4120=ORIENTED_EDGE('',*,*,#3195,.F.);
#4121=ORIENTED_EDGE('',*,*,#3196,.T.);
#4122=ORIENTED_EDGE('',*,*,#3198,.T.);
#4123=ORIENTED_EDGE('',*,*,#3199,.T.);
#4124=ORIENTED_EDGE('',*,*,#3200,.T.);
#4125=ORIENTED_EDGE('',*,*,#3201,.T.);
#4126=ORIENTED_EDGE('',*,*,#3200,.F.);
#4127=ORIENTED_EDGE('',*,*,#3112,.F.);
#4128=ORIENTED_EDGE('',*,*,#3168,.F.);
#4129=ORIENTED_EDGE('',*,*,#3202,.F.);
#4130=ORIENTED_EDGE('',*,*,#3203,.F.);
#4131=ORIENTED_EDGE('',*,*,#3204,.F.);
#4132=ORIENTED_EDGE('',*,*,#3205,.F.);
#4133=ORIENTED_EDGE('',*,*,#3206,.F.);
#4134=ORIENTED_EDGE('',*,*,#3207,.F.);
#4135=ORIENTED_EDGE('',*,*,#3208,.F.);
#4136=ORIENTED_EDGE('',*,*,#3209,.F.);
#4137=ORIENTED_EDGE('',*,*,#3210,.T.);
#4138=ORIENTED_EDGE('',*,*,#3211,.F.);
#4139=ORIENTED_EDGE('',*,*,#3212,.T.);
#4140=ORIENTED_EDGE('',*,*,#3213,.F.);
#4141=ORIENTED_EDGE('',*,*,#3214,.F.);
#4142=ORIENTED_EDGE('',*,*,#3215,.F.);
#4143=ORIENTED_EDGE('',*,*,#3216,.F.);
#4144=ORIENTED_EDGE('',*,*,#3217,.F.);
#4145=ORIENTED_EDGE('',*,*,#3218,.F.);
#4146=ORIENTED_EDGE('',*,*,#3219,.F.);
#4147=ORIENTED_EDGE('',*,*,#3220,.F.);
#4148=ORIENTED_EDGE('',*,*,#3221,.T.);
#4149=ORIENTED_EDGE('',*,*,#3222,.T.);
#4150=ORIENTED_EDGE('',*,*,#3223,.T.);
#4151=ORIENTED_EDGE('',*,*,#3224,.F.);
#4152=ORIENTED_EDGE('',*,*,#3225,.F.);
#4153=ORIENTED_EDGE('',*,*,#3226,.F.);
#4154=ORIENTED_EDGE('',*,*,#3227,.F.);
#4155=ORIENTED_EDGE('',*,*,#3160,.F.);
#4156=ORIENTED_EDGE('',*,*,#3154,.T.);
#4157=ORIENTED_EDGE('',*,*,#3166,.T.);
#4158=ORIENTED_EDGE('',*,*,#3164,.F.);
#4159=ORIENTED_EDGE('',*,*,#3228,.F.);
#4160=ORIENTED_EDGE('',*,*,#3229,.F.);
#4161=ORIENTED_EDGE('',*,*,#3230,.F.);
#4162=ORIENTED_EDGE('',*,*,#3231,.F.);
#4163=ORIENTED_EDGE('',*,*,#3177,.T.);
#4164=ORIENTED_EDGE('',*,*,#3174,.T.);
#4165=ORIENTED_EDGE('',*,*,#3171,.T.);
#4166=ORIENTED_EDGE('',*,*,#3232,.F.);
#4167=ORIENTED_EDGE('',*,*,#3233,.F.);
#4168=ORIENTED_EDGE('',*,*,#3234,.F.);
#4169=ORIENTED_EDGE('',*,*,#3235,.F.);
#4170=ORIENTED_EDGE('',*,*,#3236,.F.);
#4171=ORIENTED_EDGE('',*,*,#3237,.F.);
#4172=ORIENTED_EDGE('',*,*,#3238,.F.);
#4173=ORIENTED_EDGE('',*,*,#3239,.F.);
#4174=ORIENTED_EDGE('',*,*,#3240,.F.);
#4175=ORIENTED_EDGE('',*,*,#3241,.F.);
#4176=ORIENTED_EDGE('',*,*,#3242,.F.);
#4177=ORIENTED_EDGE('',*,*,#3243,.F.);
#4178=ORIENTED_EDGE('',*,*,#3244,.F.);
#4179=ORIENTED_EDGE('',*,*,#3245,.F.);
#4180=ORIENTED_EDGE('',*,*,#3246,.F.);
#4181=ORIENTED_EDGE('',*,*,#3247,.F.);
#4182=ORIENTED_EDGE('',*,*,#3248,.F.);
#4183=ORIENTED_EDGE('',*,*,#3249,.F.);
#4184=ORIENTED_EDGE('',*,*,#3250,.F.);
#4185=ORIENTED_EDGE('',*,*,#3251,.F.);
#4186=ORIENTED_EDGE('',*,*,#3252,.F.);
#4187=ORIENTED_EDGE('',*,*,#3253,.F.);
#4188=ORIENTED_EDGE('',*,*,#3254,.F.);
#4189=ORIENTED_EDGE('',*,*,#3255,.F.);
#4190=ORIENTED_EDGE('',*,*,#3256,.F.);
#4191=ORIENTED_EDGE('',*,*,#3257,.F.);
#4192=ORIENTED_EDGE('',*,*,#3258,.F.);
#4193=ORIENTED_EDGE('',*,*,#3259,.F.);
#4194=ORIENTED_EDGE('',*,*,#3260,.F.);
#4195=ORIENTED_EDGE('',*,*,#3261,.F.);
#4196=ORIENTED_EDGE('',*,*,#3262,.F.);
#4197=ORIENTED_EDGE('',*,*,#3263,.F.);
#4198=ORIENTED_EDGE('',*,*,#3264,.F.);
#4199=ORIENTED_EDGE('',*,*,#3265,.F.);
#4200=ORIENTED_EDGE('',*,*,#3266,.F.);
#4201=ORIENTED_EDGE('',*,*,#3267,.F.);
#4202=ORIENTED_EDGE('',*,*,#3268,.F.);
#4203=ORIENTED_EDGE('',*,*,#3201,.F.);
#4204=ORIENTED_EDGE('',*,*,#3199,.F.);
#4205=ORIENTED_EDGE('',*,*,#3269,.T.);
#4206=ORIENTED_EDGE('',*,*,#3270,.T.);
#4207=ORIENTED_EDGE('',*,*,#3269,.F.);
#4208=ORIENTED_EDGE('',*,*,#3271,.T.);
#4209=ORIENTED_EDGE('',*,*,#3272,.T.);
#4210=ORIENTED_EDGE('',*,*,#3232,.T.);
#4211=ORIENTED_EDGE('',*,*,#3272,.F.);
#4212=ORIENTED_EDGE('',*,*,#3271,.F.);
#4213=ORIENTED_EDGE('',*,*,#3273,.T.);
#4214=ORIENTED_EDGE('',*,*,#3274,.T.);
#4215=ORIENTED_EDGE('',*,*,#3273,.F.);
#4216=ORIENTED_EDGE('',*,*,#3270,.F.);
#4217=ORIENTED_EDGE('',*,*,#3274,.F.);
#4218=ORIENTED_EDGE('',*,*,#3275,.T.);
#4219=ORIENTED_EDGE('',*,*,#3276,.T.);
#4220=ORIENTED_EDGE('',*,*,#3277,.T.);
#4221=ORIENTED_EDGE('',*,*,#3278,.T.);
#4222=ORIENTED_EDGE('',*,*,#3279,.T.);
#4223=ORIENTED_EDGE('',*,*,#3280,.T.);
#4224=ORIENTED_EDGE('',*,*,#3281,.T.);
#4225=ORIENTED_EDGE('',*,*,#3282,.T.);
#4226=ORIENTED_EDGE('',*,*,#3283,.T.);
#4227=ORIENTED_EDGE('',*,*,#3280,.F.);
#4228=ORIENTED_EDGE('',*,*,#3284,.T.);
#4229=ORIENTED_EDGE('',*,*,#3275,.F.);
#4230=ORIENTED_EDGE('',*,*,#3285,.T.);
#4231=ORIENTED_EDGE('',*,*,#3277,.F.);
#4232=ORIENTED_EDGE('',*,*,#3286,.T.);
#4233=ORIENTED_EDGE('',*,*,#3282,.F.);
#4234=ORIENTED_EDGE('',*,*,#3287,.T.);
#4235=ORIENTED_EDGE('',*,*,#3283,.F.);
#4236=ORIENTED_EDGE('',*,*,#3288,.F.);
#4237=ORIENTED_EDGE('',*,*,#3289,.T.);
#4238=ORIENTED_EDGE('',*,*,#3290,.F.);
#4239=ORIENTED_EDGE('',*,*,#3291,.T.);
#4240=ORIENTED_EDGE('',*,*,#3292,.F.);
#4241=ORIENTED_EDGE('',*,*,#3293,.F.);
#4242=ORIENTED_EDGE('',*,*,#3294,.F.);
#4243=ORIENTED_EDGE('',*,*,#3295,.F.);
#4244=ORIENTED_EDGE('',*,*,#3296,.F.);
#4245=ORIENTED_EDGE('',*,*,#3297,.F.);
#4246=ORIENTED_EDGE('',*,*,#3298,.F.);
#4247=ORIENTED_EDGE('',*,*,#3299,.F.);
#4248=ORIENTED_EDGE('',*,*,#3300,.F.);
#4249=ORIENTED_EDGE('',*,*,#3301,.F.);
#4250=ORIENTED_EDGE('',*,*,#3302,.F.);
#4251=ORIENTED_EDGE('',*,*,#3303,.F.);
#4252=ORIENTED_EDGE('',*,*,#3304,.T.);
#4253=ORIENTED_EDGE('',*,*,#3278,.F.);
#4254=ORIENTED_EDGE('',*,*,#3287,.F.);
#4255=ORIENTED_EDGE('',*,*,#3281,.F.);
#4256=ORIENTED_EDGE('',*,*,#3285,.F.);
#4257=ORIENTED_EDGE('',*,*,#3279,.F.);
#4258=ORIENTED_EDGE('',*,*,#3304,.F.);
#4259=ORIENTED_EDGE('',*,*,#3305,.T.);
#4260=ORIENTED_EDGE('',*,*,#3306,.T.);
#4261=ORIENTED_EDGE('',*,*,#3307,.T.);
#4262=ORIENTED_EDGE('',*,*,#3308,.T.);
#4263=ORIENTED_EDGE('',*,*,#3309,.T.);
#4264=ORIENTED_EDGE('',*,*,#3310,.T.);
#4265=ORIENTED_EDGE('',*,*,#3311,.T.);
#4266=ORIENTED_EDGE('',*,*,#3312,.T.);
#4267=ORIENTED_EDGE('',*,*,#3293,.T.);
#4268=ORIENTED_EDGE('',*,*,#3310,.F.);
#4269=ORIENTED_EDGE('',*,*,#3313,.T.);
#4270=ORIENTED_EDGE('',*,*,#3305,.F.);
#4271=ORIENTED_EDGE('',*,*,#3314,.T.);
#4272=ORIENTED_EDGE('',*,*,#3307,.F.);
#4273=ORIENTED_EDGE('',*,*,#3315,.T.);
#4274=ORIENTED_EDGE('',*,*,#3312,.F.);
#4275=ORIENTED_EDGE('',*,*,#3316,.T.);
#4276=ORIENTED_EDGE('',*,*,#3317,.F.);
#4277=ORIENTED_EDGE('',*,*,#3318,.T.);
#4278=ORIENTED_EDGE('',*,*,#3308,.F.);
#4279=ORIENTED_EDGE('',*,*,#3316,.F.);
#4280=ORIENTED_EDGE('',*,*,#3311,.F.);
#4281=ORIENTED_EDGE('',*,*,#3314,.F.);
#4282=ORIENTED_EDGE('',*,*,#3309,.F.);
#4283=ORIENTED_EDGE('',*,*,#3318,.F.);
#4284=ORIENTED_EDGE('',*,*,#3299,.T.);
#4285=ORIENTED_EDGE('',*,*,#3319,.T.);
#4286=ORIENTED_EDGE('',*,*,#3320,.T.);
#4287=ORIENTED_EDGE('',*,*,#3321,.T.);
#4288=ORIENTED_EDGE('',*,*,#3302,.T.);
#4289=ORIENTED_EDGE('',*,*,#3322,.T.);
#4290=ORIENTED_EDGE('',*,*,#3323,.T.);
#4291=ORIENTED_EDGE('',*,*,#3319,.F.);
#4292=ORIENTED_EDGE('',*,*,#3301,.T.);
#4293=ORIENTED_EDGE('',*,*,#3324,.T.);
#4294=ORIENTED_EDGE('',*,*,#3325,.T.);
#4295=ORIENTED_EDGE('',*,*,#3322,.F.);
#4296=ORIENTED_EDGE('',*,*,#3326,.T.);
#4297=ORIENTED_EDGE('',*,*,#3324,.F.);
#4298=ORIENTED_EDGE('',*,*,#3300,.T.);
#4299=ORIENTED_EDGE('',*,*,#3321,.F.);
#4300=ORIENTED_EDGE('',*,*,#3326,.F.);
#4301=ORIENTED_EDGE('',*,*,#3327,.T.);
#4302=ORIENTED_EDGE('',*,*,#3328,.F.);
#4303=ORIENTED_EDGE('',*,*,#3329,.F.);
#4304=ORIENTED_EDGE('',*,*,#3320,.F.);
#4305=ORIENTED_EDGE('',*,*,#3330,.T.);
#4306=ORIENTED_EDGE('',*,*,#3331,.F.);
#4307=ORIENTED_EDGE('',*,*,#3327,.F.);
#4308=ORIENTED_EDGE('',*,*,#3295,.T.);
#4309=ORIENTED_EDGE('',*,*,#3332,.T.);
#4310=ORIENTED_EDGE('',*,*,#3333,.T.);
#4311=ORIENTED_EDGE('',*,*,#3334,.T.);
#4312=ORIENTED_EDGE('',*,*,#3298,.T.);
#4313=ORIENTED_EDGE('',*,*,#3335,.T.);
#4314=ORIENTED_EDGE('',*,*,#3336,.T.);
#4315=ORIENTED_EDGE('',*,*,#3332,.F.);
#4316=ORIENTED_EDGE('',*,*,#3297,.T.);
#4317=ORIENTED_EDGE('',*,*,#3337,.T.);
#4318=ORIENTED_EDGE('',*,*,#3338,.T.);
#4319=ORIENTED_EDGE('',*,*,#3335,.F.);
#4320=ORIENTED_EDGE('',*,*,#3339,.T.);
#4321=ORIENTED_EDGE('',*,*,#3337,.F.);
#4322=ORIENTED_EDGE('',*,*,#3296,.T.);
#4323=ORIENTED_EDGE('',*,*,#3334,.F.);
#4324=ORIENTED_EDGE('',*,*,#3339,.F.);
#4325=ORIENTED_EDGE('',*,*,#3340,.T.);
#4326=ORIENTED_EDGE('',*,*,#3341,.F.);
#4327=ORIENTED_EDGE('',*,*,#3342,.F.);
#4328=ORIENTED_EDGE('',*,*,#3333,.F.);
#4329=ORIENTED_EDGE('',*,*,#3343,.T.);
#4330=ORIENTED_EDGE('',*,*,#3344,.F.);
#4331=ORIENTED_EDGE('',*,*,#3340,.F.);
#4332=ORIENTED_EDGE('',*,*,#3344,.T.);
#4333=ORIENTED_EDGE('',*,*,#3345,.T.);
#4334=ORIENTED_EDGE('',*,*,#3265,.T.);
#4335=ORIENTED_EDGE('',*,*,#3346,.T.);
#4336=ORIENTED_EDGE('',*,*,#3266,.T.);
#4337=ORIENTED_EDGE('',*,*,#3345,.F.);
#4338=ORIENTED_EDGE('',*,*,#3347,.T.);
#4339=ORIENTED_EDGE('',*,*,#3348,.T.);
#4340=ORIENTED_EDGE('',*,*,#3267,.T.);
#4341=ORIENTED_EDGE('',*,*,#3348,.F.);
#4342=ORIENTED_EDGE('',*,*,#3349,.T.);
#4343=ORIENTED_EDGE('',*,*,#3350,.T.);
#4344=ORIENTED_EDGE('',*,*,#3268,.T.);
#4345=ORIENTED_EDGE('',*,*,#3350,.F.);
#4346=ORIENTED_EDGE('',*,*,#3341,.T.);
#4347=ORIENTED_EDGE('',*,*,#3346,.F.);
#4348=ORIENTED_EDGE('',*,*,#3336,.F.);
#4349=ORIENTED_EDGE('',*,*,#3351,.T.);
#4350=ORIENTED_EDGE('',*,*,#3347,.F.);
#4351=ORIENTED_EDGE('',*,*,#3343,.F.);
#4352=ORIENTED_EDGE('',*,*,#3233,.T.);
#4353=ORIENTED_EDGE('',*,*,#3352,.T.);
#4354=ORIENTED_EDGE('',*,*,#3331,.T.);
#4355=ORIENTED_EDGE('',*,*,#3353,.T.);
#4356=ORIENTED_EDGE('',*,*,#3354,.T.);
#4357=ORIENTED_EDGE('',*,*,#3355,.T.);
#4358=ORIENTED_EDGE('',*,*,#3234,.T.);
#4359=ORIENTED_EDGE('',*,*,#3353,.F.);
#4360=ORIENTED_EDGE('',*,*,#3235,.T.);
#4361=ORIENTED_EDGE('',*,*,#3355,.F.);
#4362=ORIENTED_EDGE('',*,*,#3356,.T.);
#4363=ORIENTED_EDGE('',*,*,#3357,.T.);
#4364=ORIENTED_EDGE('',*,*,#3236,.T.);
#4365=ORIENTED_EDGE('',*,*,#3357,.F.);
#4366=ORIENTED_EDGE('',*,*,#3328,.T.);
#4367=ORIENTED_EDGE('',*,*,#3352,.F.);
#4368=ORIENTED_EDGE('',*,*,#3323,.F.);
#4369=ORIENTED_EDGE('',*,*,#3358,.T.);
#4370=ORIENTED_EDGE('',*,*,#3354,.F.);
#4371=ORIENTED_EDGE('',*,*,#3330,.F.);
#4372=ORIENTED_EDGE('',*,*,#3317,.T.);
#4373=ORIENTED_EDGE('',*,*,#3359,.T.);
#4374=ORIENTED_EDGE('',*,*,#3264,.T.);
#4375=ORIENTED_EDGE('',*,*,#3359,.F.);
#4376=ORIENTED_EDGE('',*,*,#3303,.T.);
#4377=ORIENTED_EDGE('',*,*,#3360,.T.);
#4378=ORIENTED_EDGE('',*,*,#3237,.T.);
#4379=ORIENTED_EDGE('',*,*,#3360,.F.);
#4380=ORIENTED_EDGE('',*,*,#3361,.T.);
#4381=ORIENTED_EDGE('',*,*,#3362,.T.);
#4382=ORIENTED_EDGE('',*,*,#3149,.T.);
#4383=ORIENTED_EDGE('',*,*,#3363,.T.);
#4384=ORIENTED_EDGE('',*,*,#3362,.F.);
#4385=ORIENTED_EDGE('',*,*,#3364,.T.);
#4386=ORIENTED_EDGE('',*,*,#3365,.F.);
#4387=ORIENTED_EDGE('',*,*,#3150,.F.);
#4388=ORIENTED_EDGE('',*,*,#3366,.F.);
#4389=ORIENTED_EDGE('',*,*,#3367,.F.);
#4390=ORIENTED_EDGE('',*,*,#3368,.F.);
#4391=ORIENTED_EDGE('',*,*,#3369,.F.);
#4392=ORIENTED_EDGE('',*,*,#3370,.F.);
#4393=ORIENTED_EDGE('',*,*,#3371,.F.);
#4394=ORIENTED_EDGE('',*,*,#3361,.F.);
#4395=ORIENTED_EDGE('',*,*,#3372,.T.);
#4396=ORIENTED_EDGE('',*,*,#3373,.F.);
#4397=ORIENTED_EDGE('',*,*,#3364,.F.);
#4398=ORIENTED_EDGE('',*,*,#3151,.T.);
#4399=ORIENTED_EDGE('',*,*,#3365,.T.);
#4400=ORIENTED_EDGE('',*,*,#3373,.T.);
#4401=ORIENTED_EDGE('',*,*,#3374,.T.);
#4402=ORIENTED_EDGE('',*,*,#3375,.T.);
#4403=ORIENTED_EDGE('',*,*,#3376,.T.);
#4404=ORIENTED_EDGE('',*,*,#3145,.T.);
#4405=ORIENTED_EDGE('',*,*,#3377,.T.);
#4406=ORIENTED_EDGE('',*,*,#3376,.F.);
#4407=ORIENTED_EDGE('',*,*,#3378,.T.);
#4408=ORIENTED_EDGE('',*,*,#3379,.F.);
#4409=ORIENTED_EDGE('',*,*,#3146,.F.);
#4410=ORIENTED_EDGE('',*,*,#3380,.F.);
#4411=ORIENTED_EDGE('',*,*,#3381,.F.);
#4412=ORIENTED_EDGE('',*,*,#3382,.F.);
#4413=ORIENTED_EDGE('',*,*,#3383,.F.);
#4414=ORIENTED_EDGE('',*,*,#3384,.F.);
#4415=ORIENTED_EDGE('',*,*,#3385,.F.);
#4416=ORIENTED_EDGE('',*,*,#3386,.F.);
#4417=ORIENTED_EDGE('',*,*,#3375,.F.);
#4418=ORIENTED_EDGE('',*,*,#3387,.T.);
#4419=ORIENTED_EDGE('',*,*,#3388,.F.);
#4420=ORIENTED_EDGE('',*,*,#3378,.F.);
#4421=ORIENTED_EDGE('',*,*,#3147,.T.);
#4422=ORIENTED_EDGE('',*,*,#3379,.T.);
#4423=ORIENTED_EDGE('',*,*,#3388,.T.);
#4424=ORIENTED_EDGE('',*,*,#3389,.T.);
#4425=ORIENTED_EDGE('',*,*,#3377,.F.);
#4426=ORIENTED_EDGE('',*,*,#3148,.F.);
#4427=ORIENTED_EDGE('',*,*,#3389,.F.);
#4428=ORIENTED_EDGE('',*,*,#3387,.F.);
#4429=ORIENTED_EDGE('',*,*,#3363,.F.);
#4430=ORIENTED_EDGE('',*,*,#3152,.F.);
#4431=ORIENTED_EDGE('',*,*,#3374,.F.);
#4432=ORIENTED_EDGE('',*,*,#3372,.F.);
#4433=ORIENTED_EDGE('',*,*,#3390,.T.);
#4434=ORIENTED_EDGE('',*,*,#3391,.T.);
#4435=ORIENTED_EDGE('',*,*,#3392,.F.);
#4436=ORIENTED_EDGE('',*,*,#3393,.F.);
#4437=ORIENTED_EDGE('',*,*,#3391,.F.);
#4438=ORIENTED_EDGE('',*,*,#3394,.T.);
#4439=ORIENTED_EDGE('',*,*,#3395,.T.);
#4440=ORIENTED_EDGE('',*,*,#3390,.F.);
#4441=ORIENTED_EDGE('',*,*,#3395,.F.);
#4442=ORIENTED_EDGE('',*,*,#3258,.T.);
#4443=ORIENTED_EDGE('',*,*,#3396,.T.);
#4444=ORIENTED_EDGE('',*,*,#3397,.T.);
#4445=ORIENTED_EDGE('',*,*,#3398,.T.);
#4446=ORIENTED_EDGE('',*,*,#3263,.T.);
#4447=ORIENTED_EDGE('',*,*,#3399,.T.);
#4448=ORIENTED_EDGE('',*,*,#3400,.T.);
#4449=ORIENTED_EDGE('',*,*,#3396,.F.);
#4450=ORIENTED_EDGE('',*,*,#3262,.T.);
#4451=ORIENTED_EDGE('',*,*,#3401,.T.);
#4452=ORIENTED_EDGE('',*,*,#3402,.T.);
#4453=ORIENTED_EDGE('',*,*,#3399,.F.);
#4454=ORIENTED_EDGE('',*,*,#3261,.T.);
#4455=ORIENTED_EDGE('',*,*,#3403,.T.);
#4456=ORIENTED_EDGE('',*,*,#3404,.T.);
#4457=ORIENTED_EDGE('',*,*,#3401,.F.);
#4458=ORIENTED_EDGE('',*,*,#3405,.T.);
#4459=ORIENTED_EDGE('',*,*,#3403,.F.);
#4460=ORIENTED_EDGE('',*,*,#3260,.T.);
#4461=ORIENTED_EDGE('',*,*,#3406,.T.);
#4462=ORIENTED_EDGE('',*,*,#3407,.T.);
#4463=ORIENTED_EDGE('',*,*,#3406,.F.);
#4464=ORIENTED_EDGE('',*,*,#3259,.T.);
#4465=ORIENTED_EDGE('',*,*,#3398,.F.);
#4466=ORIENTED_EDGE('',*,*,#3405,.F.);
#4467=ORIENTED_EDGE('',*,*,#3408,.T.);
#4468=ORIENTED_EDGE('',*,*,#3409,.T.);
#4469=ORIENTED_EDGE('',*,*,#3410,.F.);
#4470=ORIENTED_EDGE('',*,*,#3407,.F.);
#4471=ORIENTED_EDGE('',*,*,#3411,.T.);
#4472=ORIENTED_EDGE('',*,*,#3412,.T.);
#4473=ORIENTED_EDGE('',*,*,#3413,.F.);
#4474=ORIENTED_EDGE('',*,*,#3414,.T.);
#4475=ORIENTED_EDGE('',*,*,#3408,.F.);
#4476=ORIENTED_EDGE('',*,*,#3397,.F.);
#4477=ORIENTED_EDGE('',*,*,#3415,.T.);
#4478=ORIENTED_EDGE('',*,*,#3416,.T.);
#4479=ORIENTED_EDGE('',*,*,#3417,.T.);
#4480=ORIENTED_EDGE('',*,*,#3418,.T.);
#4481=ORIENTED_EDGE('',*,*,#3411,.F.);
#4482=ORIENTED_EDGE('',*,*,#3419,.T.);
#4483=ORIENTED_EDGE('',*,*,#3420,.T.);
#4484=ORIENTED_EDGE('',*,*,#3421,.T.);
#4485=ORIENTED_EDGE('',*,*,#3422,.T.);
#4486=ORIENTED_EDGE('',*,*,#3423,.T.);
#4487=ORIENTED_EDGE('',*,*,#3424,.T.);
#4488=ORIENTED_EDGE('',*,*,#3419,.F.);
#4489=ORIENTED_EDGE('',*,*,#3425,.T.);
#4490=ORIENTED_EDGE('',*,*,#3420,.F.);
#4491=ORIENTED_EDGE('',*,*,#3424,.F.);
#4492=ORIENTED_EDGE('',*,*,#3426,.F.);
#4493=ORIENTED_EDGE('',*,*,#3427,.F.);
#4494=ORIENTED_EDGE('',*,*,#3289,.F.);
#4495=ORIENTED_EDGE('',*,*,#3428,.T.);
#4496=ORIENTED_EDGE('',*,*,#3429,.T.);
#4497=ORIENTED_EDGE('',*,*,#3430,.F.);
#4498=ORIENTED_EDGE('',*,*,#3423,.F.);
#4499=ORIENTED_EDGE('',*,*,#3431,.T.);
#4500=ORIENTED_EDGE('',*,*,#3432,.F.);
#4501=ORIENTED_EDGE('',*,*,#3433,.T.);
#4502=ORIENTED_EDGE('',*,*,#3434,.F.);
#4503=ORIENTED_EDGE('',*,*,#3435,.T.);
#4504=ORIENTED_EDGE('',*,*,#3436,.F.);
#4505=ORIENTED_EDGE('',*,*,#3426,.T.);
#4506=ORIENTED_EDGE('',*,*,#3436,.T.);
#4507=ORIENTED_EDGE('',*,*,#3437,.T.);
#4508=ORIENTED_EDGE('',*,*,#3438,.T.);
#4509=ORIENTED_EDGE('',*,*,#3427,.T.);
#4510=ORIENTED_EDGE('',*,*,#3425,.F.);
#4511=ORIENTED_EDGE('',*,*,#3439,.F.);
#4512=ORIENTED_EDGE('',*,*,#3440,.F.);
#4513=ORIENTED_EDGE('',*,*,#3431,.F.);
#4514=ORIENTED_EDGE('',*,*,#3422,.F.);
#4515=ORIENTED_EDGE('',*,*,#3441,.T.);
#4516=ORIENTED_EDGE('',*,*,#3442,.T.);
#4517=ORIENTED_EDGE('',*,*,#3439,.T.);
#4518=ORIENTED_EDGE('',*,*,#3443,.T.);
#4519=ORIENTED_EDGE('',*,*,#3444,.T.);
#4520=ORIENTED_EDGE('',*,*,#3290,.T.);
#4521=ORIENTED_EDGE('',*,*,#3438,.F.);
#4522=ORIENTED_EDGE('',*,*,#3445,.T.);
#4523=ORIENTED_EDGE('',*,*,#3446,.F.);
#4524=ORIENTED_EDGE('',*,*,#3441,.F.);
#4525=ORIENTED_EDGE('',*,*,#3421,.F.);
#4526=ORIENTED_EDGE('',*,*,#3430,.T.);
#4527=ORIENTED_EDGE('',*,*,#3447,.T.);
#4528=ORIENTED_EDGE('',*,*,#3448,.T.);
#4529=ORIENTED_EDGE('',*,*,#3449,.F.);
#4530=ORIENTED_EDGE('',*,*,#3450,.T.);
#4531=ORIENTED_EDGE('',*,*,#3451,.T.);
#4532=ORIENTED_EDGE('',*,*,#3452,.F.);
#4533=ORIENTED_EDGE('',*,*,#3453,.F.);
#4534=ORIENTED_EDGE('',*,*,#3454,.T.);
#4535=ORIENTED_EDGE('',*,*,#3455,.T.);
#4536=ORIENTED_EDGE('',*,*,#3456,.T.);
#4537=ORIENTED_EDGE('',*,*,#3457,.F.);
#4538=ORIENTED_EDGE('',*,*,#3458,.F.);
#4539=ORIENTED_EDGE('',*,*,#3437,.F.);
#4540=ORIENTED_EDGE('',*,*,#3435,.F.);
#4541=ORIENTED_EDGE('',*,*,#3459,.F.);
#4542=ORIENTED_EDGE('',*,*,#3460,.F.);
#4543=ORIENTED_EDGE('',*,*,#3461,.T.);
#4544=ORIENTED_EDGE('',*,*,#3462,.T.);
#4545=ORIENTED_EDGE('',*,*,#3463,.T.);
#4546=ORIENTED_EDGE('',*,*,#3450,.F.);
#4547=ORIENTED_EDGE('',*,*,#3464,.F.);
#4548=ORIENTED_EDGE('',*,*,#3443,.F.);
#4549=ORIENTED_EDGE('',*,*,#3465,.F.);
#4550=ORIENTED_EDGE('',*,*,#3466,.T.);
#4551=ORIENTED_EDGE('',*,*,#3467,.T.);
#4552=ORIENTED_EDGE('',*,*,#3468,.F.);
#4553=ORIENTED_EDGE('',*,*,#3469,.F.);
#4554=ORIENTED_EDGE('',*,*,#3470,.T.);
#4555=ORIENTED_EDGE('',*,*,#3471,.T.);
#4556=ORIENTED_EDGE('',*,*,#3472,.F.);
#4557=ORIENTED_EDGE('',*,*,#3471,.F.);
#4558=ORIENTED_EDGE('',*,*,#3473,.F.);
#4559=ORIENTED_EDGE('',*,*,#3467,.F.);
#4560=ORIENTED_EDGE('',*,*,#3474,.F.);
#4561=ORIENTED_EDGE('',*,*,#3475,.F.);
#4562=ORIENTED_EDGE('',*,*,#3465,.T.);
#4563=ORIENTED_EDGE('',*,*,#3476,.F.);
#4564=ORIENTED_EDGE('',*,*,#3412,.F.);
#4565=ORIENTED_EDGE('',*,*,#3418,.F.);
#4566=ORIENTED_EDGE('',*,*,#3477,.F.);
#4567=ORIENTED_EDGE('',*,*,#3478,.F.);
#4568=ORIENTED_EDGE('',*,*,#3479,.T.);
#4569=ORIENTED_EDGE('',*,*,#3480,.T.);
#4570=ORIENTED_EDGE('',*,*,#3472,.T.);
#4571=ORIENTED_EDGE('',*,*,#3474,.T.);
#4572=ORIENTED_EDGE('',*,*,#3466,.F.);
#4573=ORIENTED_EDGE('',*,*,#3477,.T.);
#4574=ORIENTED_EDGE('',*,*,#3417,.F.);
#4575=ORIENTED_EDGE('',*,*,#3481,.F.);
#4576=ORIENTED_EDGE('',*,*,#3413,.T.);
#4577=ORIENTED_EDGE('',*,*,#3476,.T.);
#4578=ORIENTED_EDGE('',*,*,#3468,.T.);
#4579=ORIENTED_EDGE('',*,*,#3473,.T.);
#4580=ORIENTED_EDGE('',*,*,#3470,.F.);
#4581=ORIENTED_EDGE('',*,*,#3482,.T.);
#4582=ORIENTED_EDGE('',*,*,#3483,.F.);
#4583=ORIENTED_EDGE('',*,*,#3469,.T.);
#4584=ORIENTED_EDGE('',*,*,#3480,.F.);
#4585=ORIENTED_EDGE('',*,*,#3484,.F.);
#4586=ORIENTED_EDGE('',*,*,#3485,.F.);
#4587=ORIENTED_EDGE('',*,*,#3482,.F.);
#4588=ORIENTED_EDGE('',*,*,#3478,.T.);
#4589=ORIENTED_EDGE('',*,*,#3416,.F.);
#4590=ORIENTED_EDGE('',*,*,#3486,.F.);
#4591=ORIENTED_EDGE('',*,*,#3487,.F.);
#4592=ORIENTED_EDGE('',*,*,#3481,.T.);
#4593=ORIENTED_EDGE('',*,*,#3488,.F.);
#4594=ORIENTED_EDGE('',*,*,#3409,.F.);
#4595=ORIENTED_EDGE('',*,*,#3414,.F.);
#4596=ORIENTED_EDGE('',*,*,#3400,.F.);
#4597=ORIENTED_EDGE('',*,*,#3489,.T.);
#4598=ORIENTED_EDGE('',*,*,#3486,.T.);
#4599=ORIENTED_EDGE('',*,*,#3415,.F.);
#4600=ORIENTED_EDGE('',*,*,#3402,.F.);
#4601=ORIENTED_EDGE('',*,*,#3490,.T.);
#4602=ORIENTED_EDGE('',*,*,#3484,.T.);
#4603=ORIENTED_EDGE('',*,*,#3479,.F.);
#4604=ORIENTED_EDGE('',*,*,#3487,.T.);
#4605=ORIENTED_EDGE('',*,*,#3489,.F.);
#4606=ORIENTED_EDGE('',*,*,#3404,.F.);
#4607=ORIENTED_EDGE('',*,*,#3410,.T.);
#4608=ORIENTED_EDGE('',*,*,#3488,.T.);
#4609=ORIENTED_EDGE('',*,*,#3483,.T.);
#4610=ORIENTED_EDGE('',*,*,#3485,.T.);
#4611=ORIENTED_EDGE('',*,*,#3490,.F.);
#4612=ORIENTED_EDGE('',*,*,#3491,.T.);
#4613=ORIENTED_EDGE('',*,*,#3492,.T.);
#4614=ORIENTED_EDGE('',*,*,#3493,.F.);
#4615=ORIENTED_EDGE('',*,*,#3224,.T.);
#4616=ORIENTED_EDGE('',*,*,#3494,.F.);
#4617=ORIENTED_EDGE('',*,*,#3433,.F.);
#4618=ORIENTED_EDGE('',*,*,#3495,.F.);
#4619=ORIENTED_EDGE('',*,*,#3496,.F.);
#4620=ORIENTED_EDGE('',*,*,#3445,.F.);
#4621=ORIENTED_EDGE('',*,*,#3497,.F.);
#4622=ORIENTED_EDGE('',*,*,#3498,.F.);
#4623=ORIENTED_EDGE('',*,*,#3496,.T.);
#4624=ORIENTED_EDGE('',*,*,#3499,.T.);
#4625=ORIENTED_EDGE('',*,*,#3442,.F.);
#4626=ORIENTED_EDGE('',*,*,#3446,.T.);
#4627=ORIENTED_EDGE('',*,*,#3499,.F.);
#4628=ORIENTED_EDGE('',*,*,#3495,.T.);
#4629=ORIENTED_EDGE('',*,*,#3432,.T.);
#4630=ORIENTED_EDGE('',*,*,#3440,.T.);
#4631=ORIENTED_EDGE('',*,*,#3500,.T.);
#4632=ORIENTED_EDGE('',*,*,#3501,.T.);
#4633=ORIENTED_EDGE('',*,*,#3502,.T.);
#4634=ORIENTED_EDGE('',*,*,#3460,.T.);
#4635=ORIENTED_EDGE('',*,*,#3501,.F.);
#4636=ORIENTED_EDGE('',*,*,#3498,.T.);
#4637=ORIENTED_EDGE('',*,*,#3503,.F.);
#4638=ORIENTED_EDGE('',*,*,#3504,.F.);
#4639=ORIENTED_EDGE('',*,*,#3505,.F.);
#4640=ORIENTED_EDGE('',*,*,#3506,.F.);
#4641=ORIENTED_EDGE('',*,*,#3507,.F.);
#4642=ORIENTED_EDGE('',*,*,#3508,.F.);
#4643=ORIENTED_EDGE('',*,*,#3509,.T.);
#4644=ORIENTED_EDGE('',*,*,#3182,.T.);
#4645=ORIENTED_EDGE('',*,*,#3186,.T.);
#4646=ORIENTED_EDGE('',*,*,#3184,.T.);
#4647=ORIENTED_EDGE('',*,*,#3192,.T.);
#4648=ORIENTED_EDGE('',*,*,#3194,.T.);
#4649=ORIENTED_EDGE('',*,*,#3510,.T.);
#4650=ORIENTED_EDGE('',*,*,#3503,.T.);
#4651=ORIENTED_EDGE('',*,*,#3511,.T.);
#4652=ORIENTED_EDGE('',*,*,#3512,.T.);
#4653=ORIENTED_EDGE('',*,*,#3457,.T.);
#4654=ORIENTED_EDGE('',*,*,#3513,.T.);
#4655=ORIENTED_EDGE('',*,*,#3511,.F.);
#4656=ORIENTED_EDGE('',*,*,#3497,.T.);
#4657=ORIENTED_EDGE('',*,*,#3513,.F.);
#4658=ORIENTED_EDGE('',*,*,#3456,.F.);
#4659=ORIENTED_EDGE('',*,*,#3514,.F.);
#4660=ORIENTED_EDGE('',*,*,#3515,.F.);
#4661=ORIENTED_EDGE('',*,*,#3516,.F.);
#4662=ORIENTED_EDGE('',*,*,#3517,.F.);
#4663=ORIENTED_EDGE('',*,*,#3518,.F.);
#4664=ORIENTED_EDGE('',*,*,#3519,.T.);
#4665=ORIENTED_EDGE('',*,*,#3520,.F.);
#4666=ORIENTED_EDGE('',*,*,#3512,.F.);
#4667=ORIENTED_EDGE('',*,*,#3500,.F.);
#4668=ORIENTED_EDGE('',*,*,#3459,.T.);
#4669=ORIENTED_EDGE('',*,*,#3434,.T.);
#4670=ORIENTED_EDGE('',*,*,#3494,.T.);
#4671=ORIENTED_EDGE('',*,*,#3449,.T.);
#4672=ORIENTED_EDGE('',*,*,#3521,.T.);
#4673=ORIENTED_EDGE('',*,*,#3444,.F.);
#4674=ORIENTED_EDGE('',*,*,#3464,.T.);
#4675=ORIENTED_EDGE('',*,*,#3284,.F.);
#4676=ORIENTED_EDGE('',*,*,#3294,.T.);
#4677=ORIENTED_EDGE('',*,*,#3315,.F.);
#4678=ORIENTED_EDGE('',*,*,#3306,.F.);
#4679=ORIENTED_EDGE('',*,*,#3313,.F.);
#4680=ORIENTED_EDGE('',*,*,#3292,.T.);
#4681=ORIENTED_EDGE('',*,*,#3522,.F.);
#4682=ORIENTED_EDGE('',*,*,#3523,.T.);
#4683=ORIENTED_EDGE('',*,*,#3428,.F.);
#4684=ORIENTED_EDGE('',*,*,#3288,.T.);
#4685=ORIENTED_EDGE('',*,*,#3286,.F.);
#4686=ORIENTED_EDGE('',*,*,#3276,.F.);
#4687=ORIENTED_EDGE('',*,*,#3523,.F.);
#4688=ORIENTED_EDGE('',*,*,#3524,.F.);
#4689=ORIENTED_EDGE('',*,*,#3447,.F.);
#4690=ORIENTED_EDGE('',*,*,#3429,.F.);
#4691=ORIENTED_EDGE('',*,*,#3521,.F.);
#4692=ORIENTED_EDGE('',*,*,#3448,.F.);
#4693=ORIENTED_EDGE('',*,*,#3524,.T.);
#4694=ORIENTED_EDGE('',*,*,#3522,.T.);
#4695=ORIENTED_EDGE('',*,*,#3291,.F.);
#4696=ORIENTED_EDGE('',*,*,#3502,.F.);
#4697=ORIENTED_EDGE('',*,*,#3509,.F.);
#4698=ORIENTED_EDGE('',*,*,#3525,.T.);
#4699=ORIENTED_EDGE('',*,*,#3526,.F.);
#4700=ORIENTED_EDGE('',*,*,#3527,.F.);
#4701=ORIENTED_EDGE('',*,*,#3528,.F.);
#4702=ORIENTED_EDGE('',*,*,#3492,.F.);
#4703=ORIENTED_EDGE('',*,*,#3461,.F.);
#4704=ORIENTED_EDGE('',*,*,#3454,.F.);
#4705=ORIENTED_EDGE('',*,*,#3529,.T.);
#4706=ORIENTED_EDGE('',*,*,#3530,.F.);
#4707=ORIENTED_EDGE('',*,*,#3531,.T.);
#4708=ORIENTED_EDGE('',*,*,#3532,.T.);
#4709=ORIENTED_EDGE('',*,*,#3533,.T.);
#4710=ORIENTED_EDGE('',*,*,#3504,.T.);
#4711=ORIENTED_EDGE('',*,*,#3510,.F.);
#4712=ORIENTED_EDGE('',*,*,#3520,.T.);
#4713=ORIENTED_EDGE('',*,*,#3534,.F.);
#4714=ORIENTED_EDGE('',*,*,#3535,.T.);
#4715=ORIENTED_EDGE('',*,*,#3525,.F.);
#4716=ORIENTED_EDGE('',*,*,#3508,.T.);
#4717=ORIENTED_EDGE('',*,*,#3535,.F.);
#4718=ORIENTED_EDGE('',*,*,#3536,.T.);
#4719=ORIENTED_EDGE('',*,*,#3537,.T.);
#4720=ORIENTED_EDGE('',*,*,#3526,.T.);
#4721=ORIENTED_EDGE('',*,*,#3534,.T.);
#4722=ORIENTED_EDGE('',*,*,#3507,.T.);
#4723=ORIENTED_EDGE('',*,*,#3538,.T.);
#4724=ORIENTED_EDGE('',*,*,#3539,.F.);
#4725=ORIENTED_EDGE('',*,*,#3540,.T.);
#4726=ORIENTED_EDGE('',*,*,#3536,.F.);
#4727=ORIENTED_EDGE('',*,*,#3541,.F.);
#4728=ORIENTED_EDGE('',*,*,#3542,.T.);
#4729=ORIENTED_EDGE('',*,*,#3543,.T.);
#4730=ORIENTED_EDGE('',*,*,#3544,.F.);
#4731=ORIENTED_EDGE('',*,*,#3545,.F.);
#4732=ORIENTED_EDGE('',*,*,#3546,.F.);
#4733=ORIENTED_EDGE('',*,*,#3538,.F.);
#4734=ORIENTED_EDGE('',*,*,#3506,.T.);
#4735=ORIENTED_EDGE('',*,*,#3547,.T.);
#4736=ORIENTED_EDGE('',*,*,#3548,.T.);
#4737=ORIENTED_EDGE('',*,*,#3548,.F.);
#4738=ORIENTED_EDGE('',*,*,#3549,.T.);
#4739=ORIENTED_EDGE('',*,*,#3550,.T.);
#4740=ORIENTED_EDGE('',*,*,#3539,.T.);
#4741=ORIENTED_EDGE('',*,*,#3533,.F.);
#4742=ORIENTED_EDGE('',*,*,#3551,.T.);
#4743=ORIENTED_EDGE('',*,*,#3549,.F.);
#4744=ORIENTED_EDGE('',*,*,#3547,.F.);
#4745=ORIENTED_EDGE('',*,*,#3505,.T.);
#4746=ORIENTED_EDGE('',*,*,#3552,.T.);
#4747=ORIENTED_EDGE('',*,*,#3553,.F.);
#4748=ORIENTED_EDGE('',*,*,#3554,.F.);
#4749=ORIENTED_EDGE('',*,*,#3555,.F.);
#4750=ORIENTED_EDGE('',*,*,#3556,.F.);
#4751=ORIENTED_EDGE('',*,*,#3557,.F.);
#4752=ORIENTED_EDGE('',*,*,#3558,.F.);
#4753=ORIENTED_EDGE('',*,*,#3559,.F.);
#4754=ORIENTED_EDGE('',*,*,#3541,.T.);
#4755=ORIENTED_EDGE('',*,*,#3560,.T.);
#4756=ORIENTED_EDGE('',*,*,#3561,.T.);
#4757=ORIENTED_EDGE('',*,*,#3562,.T.);
#4758=ORIENTED_EDGE('',*,*,#3560,.F.);
#4759=ORIENTED_EDGE('',*,*,#3546,.T.);
#4760=ORIENTED_EDGE('',*,*,#3563,.F.);
#4761=ORIENTED_EDGE('',*,*,#3564,.T.);
#4762=ORIENTED_EDGE('',*,*,#3562,.F.);
#4763=ORIENTED_EDGE('',*,*,#3565,.F.);
#4764=ORIENTED_EDGE('',*,*,#3566,.F.);
#4765=ORIENTED_EDGE('',*,*,#3542,.F.);
#4766=ORIENTED_EDGE('',*,*,#3567,.F.);
#4767=ORIENTED_EDGE('',*,*,#3568,.T.);
#4768=ORIENTED_EDGE('',*,*,#3569,.F.);
#4769=ORIENTED_EDGE('',*,*,#3570,.T.);
#4770=ORIENTED_EDGE('',*,*,#3571,.F.);
#4771=ORIENTED_EDGE('',*,*,#3564,.F.);
#4772=ORIENTED_EDGE('',*,*,#3572,.T.);
#4773=ORIENTED_EDGE('',*,*,#3573,.T.);
#4774=ORIENTED_EDGE('',*,*,#3574,.F.);
#4775=ORIENTED_EDGE('',*,*,#3565,.T.);
#4776=ORIENTED_EDGE('',*,*,#3561,.F.);
#4777=ORIENTED_EDGE('',*,*,#3575,.T.);
#4778=ORIENTED_EDGE('',*,*,#3576,.F.);
#4779=ORIENTED_EDGE('',*,*,#3567,.T.);
#4780=ORIENTED_EDGE('',*,*,#3577,.F.);
#4781=ORIENTED_EDGE('',*,*,#3517,.T.);
#4782=ORIENTED_EDGE('',*,*,#3578,.T.);
#4783=ORIENTED_EDGE('',*,*,#3579,.T.);
#4784=ORIENTED_EDGE('',*,*,#3580,.T.);
#4785=ORIENTED_EDGE('',*,*,#3581,.T.);
#4786=ORIENTED_EDGE('',*,*,#3582,.F.);
#4787=ORIENTED_EDGE('',*,*,#3583,.F.);
#4788=ORIENTED_EDGE('',*,*,#3584,.F.);
#4789=ORIENTED_EDGE('',*,*,#3555,.T.);
#4790=ORIENTED_EDGE('',*,*,#3585,.T.);
#4791=ORIENTED_EDGE('',*,*,#3586,.T.);
#4792=ORIENTED_EDGE('',*,*,#3587,.T.);
#4793=ORIENTED_EDGE('',*,*,#3557,.T.);
#4794=ORIENTED_EDGE('',*,*,#3588,.T.);
#4795=ORIENTED_EDGE('',*,*,#3589,.T.);
#4796=ORIENTED_EDGE('',*,*,#3590,.T.);
#4797=ORIENTED_EDGE('',*,*,#3591,.T.);
#4798=ORIENTED_EDGE('',*,*,#3592,.T.);
#4799=ORIENTED_EDGE('',*,*,#3593,.T.);
#4800=ORIENTED_EDGE('',*,*,#3216,.T.);
#4801=ORIENTED_EDGE('',*,*,#3593,.F.);
#4802=ORIENTED_EDGE('',*,*,#3515,.T.);
#4803=ORIENTED_EDGE('',*,*,#3594,.T.);
#4804=ORIENTED_EDGE('',*,*,#3217,.T.);
#4805=ORIENTED_EDGE('',*,*,#3594,.F.);
#4806=ORIENTED_EDGE('',*,*,#3595,.T.);
#4807=ORIENTED_EDGE('',*,*,#3596,.T.);
#4808=ORIENTED_EDGE('',*,*,#3218,.T.);
#4809=ORIENTED_EDGE('',*,*,#3596,.F.);
#4810=ORIENTED_EDGE('',*,*,#3530,.T.);
#4811=ORIENTED_EDGE('',*,*,#3597,.T.);
#4812=ORIENTED_EDGE('',*,*,#3219,.T.);
#4813=ORIENTED_EDGE('',*,*,#3598,.T.);
#4814=ORIENTED_EDGE('',*,*,#3220,.T.);
#4815=ORIENTED_EDGE('',*,*,#3597,.F.);
#4816=ORIENTED_EDGE('',*,*,#3599,.T.);
#4817=ORIENTED_EDGE('',*,*,#3598,.F.);
#4818=ORIENTED_EDGE('',*,*,#3600,.F.);
#4819=ORIENTED_EDGE('',*,*,#3601,.T.);
#4820=ORIENTED_EDGE('',*,*,#3221,.F.);
#4821=ORIENTED_EDGE('',*,*,#3599,.F.);
#4822=ORIENTED_EDGE('',*,*,#3529,.F.);
#4823=ORIENTED_EDGE('',*,*,#3453,.T.);
#4824=ORIENTED_EDGE('',*,*,#3602,.F.);
#4825=ORIENTED_EDGE('',*,*,#3595,.F.);
#4826=ORIENTED_EDGE('',*,*,#3514,.T.);
#4827=ORIENTED_EDGE('',*,*,#3455,.F.);
#4828=ORIENTED_EDGE('',*,*,#3531,.F.);
#4829=ORIENTED_EDGE('',*,*,#3592,.F.);
#4830=ORIENTED_EDGE('',*,*,#3603,.T.);
#4831=ORIENTED_EDGE('',*,*,#3578,.F.);
#4832=ORIENTED_EDGE('',*,*,#3516,.T.);
#4833=ORIENTED_EDGE('',*,*,#3325,.F.);
#4834=ORIENTED_EDGE('',*,*,#3329,.T.);
#4835=ORIENTED_EDGE('',*,*,#3356,.F.);
#4836=ORIENTED_EDGE('',*,*,#3358,.F.);
#4837=ORIENTED_EDGE('',*,*,#3338,.F.);
#4838=ORIENTED_EDGE('',*,*,#3342,.T.);
#4839=ORIENTED_EDGE('',*,*,#3349,.F.);
#4840=ORIENTED_EDGE('',*,*,#3351,.F.);
#4841=ORIENTED_EDGE('',*,*,#3223,.F.);
#4842=ORIENTED_EDGE('',*,*,#3604,.T.);
#4843=ORIENTED_EDGE('',*,*,#3462,.F.);
#4844=ORIENTED_EDGE('',*,*,#3491,.F.);
#4845=ORIENTED_EDGE('',*,*,#3604,.F.);
#4846=ORIENTED_EDGE('',*,*,#3222,.F.);
#4847=ORIENTED_EDGE('',*,*,#3601,.F.);
#4848=ORIENTED_EDGE('',*,*,#3605,.F.);
#4849=ORIENTED_EDGE('',*,*,#3600,.T.);
#4850=ORIENTED_EDGE('',*,*,#3602,.T.);
#4851=ORIENTED_EDGE('',*,*,#3452,.T.);
#4852=ORIENTED_EDGE('',*,*,#3606,.T.);
#4853=ORIENTED_EDGE('',*,*,#3605,.T.);
#4854=ORIENTED_EDGE('',*,*,#3606,.F.);
#4855=ORIENTED_EDGE('',*,*,#3451,.F.);
#4856=ORIENTED_EDGE('',*,*,#3463,.F.);
#4857=ORIENTED_EDGE('',*,*,#3475,.T.);
#4858=ORIENTED_EDGE('',*,*,#3607,.T.);
#4859=ORIENTED_EDGE('',*,*,#3458,.T.);
#4860=ORIENTED_EDGE('',*,*,#3607,.F.);
#4861=ORIENTED_EDGE('',*,*,#3532,.F.);
#4862=ORIENTED_EDGE('',*,*,#3519,.F.);
#4863=ORIENTED_EDGE('',*,*,#3608,.F.);
#4864=ORIENTED_EDGE('',*,*,#3570,.F.);
#4865=ORIENTED_EDGE('',*,*,#3609,.F.);
#4866=ORIENTED_EDGE('',*,*,#3610,.F.);
#4867=ORIENTED_EDGE('',*,*,#3527,.T.);
#4868=ORIENTED_EDGE('',*,*,#3537,.F.);
#4869=ORIENTED_EDGE('',*,*,#3540,.F.);
#4870=ORIENTED_EDGE('',*,*,#3550,.F.);
#4871=ORIENTED_EDGE('',*,*,#3551,.F.);
#4872=ORIENTED_EDGE('',*,*,#3611,.F.);
#4873=ORIENTED_EDGE('',*,*,#3612,.T.);
#4874=ORIENTED_EDGE('',*,*,#3613,.F.);
#4875=ORIENTED_EDGE('',*,*,#3614,.T.);
#4876=ORIENTED_EDGE('',*,*,#3612,.F.);
#4877=ORIENTED_EDGE('',*,*,#3614,.F.);
#4878=ORIENTED_EDGE('',*,*,#3615,.T.);
#4879=ORIENTED_EDGE('',*,*,#3616,.T.);
#4880=ORIENTED_EDGE('',*,*,#3617,.T.);
#4881=ORIENTED_EDGE('',*,*,#3618,.T.);
#4882=ORIENTED_EDGE('',*,*,#3616,.F.);
#4883=ORIENTED_EDGE('',*,*,#3619,.T.);
#4884=ORIENTED_EDGE('',*,*,#3620,.F.);
#4885=ORIENTED_EDGE('',*,*,#3621,.T.);
#4886=ORIENTED_EDGE('',*,*,#3622,.F.);
#4887=ORIENTED_EDGE('',*,*,#3623,.T.);
#4888=ORIENTED_EDGE('',*,*,#3624,.F.);
#4889=ORIENTED_EDGE('',*,*,#3620,.T.);
#4890=ORIENTED_EDGE('',*,*,#3625,.F.);
#4891=ORIENTED_EDGE('',*,*,#3626,.F.);
#4892=ORIENTED_EDGE('',*,*,#3617,.F.);
#4893=ORIENTED_EDGE('',*,*,#3621,.F.);
#4894=ORIENTED_EDGE('',*,*,#3624,.T.);
#4895=ORIENTED_EDGE('',*,*,#3627,.F.);
#4896=ORIENTED_EDGE('',*,*,#3628,.F.);
#4897=ORIENTED_EDGE('',*,*,#3629,.F.);
#4898=ORIENTED_EDGE('',*,*,#3630,.F.);
#4899=ORIENTED_EDGE('',*,*,#3631,.F.);
#4900=ORIENTED_EDGE('',*,*,#3632,.F.);
#4901=ORIENTED_EDGE('',*,*,#3618,.F.);
#4902=ORIENTED_EDGE('',*,*,#3626,.T.);
#4903=ORIENTED_EDGE('',*,*,#3633,.T.);
#4904=ORIENTED_EDGE('',*,*,#3634,.F.);
#4905=ORIENTED_EDGE('',*,*,#3635,.T.);
#4906=ORIENTED_EDGE('',*,*,#3636,.F.);
#4907=ORIENTED_EDGE('',*,*,#3637,.F.);
#4908=ORIENTED_EDGE('',*,*,#3638,.F.);
#4909=ORIENTED_EDGE('',*,*,#3639,.F.);
#4910=ORIENTED_EDGE('',*,*,#3212,.F.);
#4911=ORIENTED_EDGE('',*,*,#3640,.F.);
#4912=ORIENTED_EDGE('',*,*,#3641,.F.);
#4913=ORIENTED_EDGE('',*,*,#3642,.F.);
#4914=ORIENTED_EDGE('',*,*,#3582,.T.);
#4915=ORIENTED_EDGE('',*,*,#3643,.F.);
#4916=ORIENTED_EDGE('',*,*,#3644,.F.);
#4917=ORIENTED_EDGE('',*,*,#3643,.T.);
#4918=ORIENTED_EDGE('',*,*,#3581,.F.);
#4919=ORIENTED_EDGE('',*,*,#3645,.F.);
#4920=ORIENTED_EDGE('',*,*,#3646,.F.);
#4921=ORIENTED_EDGE('',*,*,#3645,.T.);
#4922=ORIENTED_EDGE('',*,*,#3580,.F.);
#4923=ORIENTED_EDGE('',*,*,#3647,.T.);
#4924=ORIENTED_EDGE('',*,*,#3648,.F.);
#4925=ORIENTED_EDGE('',*,*,#3647,.F.);
#4926=ORIENTED_EDGE('',*,*,#3579,.F.);
#4927=ORIENTED_EDGE('',*,*,#3603,.F.);
#4928=ORIENTED_EDGE('',*,*,#3591,.F.);
#4929=ORIENTED_EDGE('',*,*,#3215,.T.);
#4930=ORIENTED_EDGE('',*,*,#3649,.F.);
#4931=ORIENTED_EDGE('',*,*,#3648,.T.);
#4932=ORIENTED_EDGE('',*,*,#3649,.T.);
#4933=ORIENTED_EDGE('',*,*,#3214,.T.);
#4934=ORIENTED_EDGE('',*,*,#3650,.F.);
#4935=ORIENTED_EDGE('',*,*,#3646,.T.);
#4936=ORIENTED_EDGE('',*,*,#3639,.T.);
#4937=ORIENTED_EDGE('',*,*,#3644,.T.);
#4938=ORIENTED_EDGE('',*,*,#3650,.T.);
#4939=ORIENTED_EDGE('',*,*,#3213,.T.);
#4940=ORIENTED_EDGE('',*,*,#3651,.F.);
#4941=ORIENTED_EDGE('',*,*,#3636,.T.);
#4942=ORIENTED_EDGE('',*,*,#3652,.T.);
#4943=ORIENTED_EDGE('',*,*,#3116,.T.);
#4944=ORIENTED_EDGE('',*,*,#3124,.T.);
#4945=ORIENTED_EDGE('',*,*,#3653,.F.);
#4946=ORIENTED_EDGE('',*,*,#3654,.F.);
#4947=ORIENTED_EDGE('',*,*,#3117,.T.);
#4948=ORIENTED_EDGE('',*,*,#3652,.F.);
#4949=ORIENTED_EDGE('',*,*,#3635,.F.);
#4950=ORIENTED_EDGE('',*,*,#3608,.T.);
#4951=ORIENTED_EDGE('',*,*,#3518,.T.);
#4952=ORIENTED_EDGE('',*,*,#3577,.T.);
#4953=ORIENTED_EDGE('',*,*,#3571,.T.);
#4954=ORIENTED_EDGE('',*,*,#3123,.T.);
#4955=ORIENTED_EDGE('',*,*,#3157,.F.);
#4956=ORIENTED_EDGE('',*,*,#3655,.T.);
#4957=ORIENTED_EDGE('',*,*,#3653,.T.);
#4958=ORIENTED_EDGE('',*,*,#3656,.T.);
#4959=ORIENTED_EDGE('',*,*,#3657,.F.);
#4960=ORIENTED_EDGE('',*,*,#3658,.F.);
#4961=ORIENTED_EDGE('',*,*,#3659,.F.);
#4962=ORIENTED_EDGE('',*,*,#3544,.T.);
#4963=ORIENTED_EDGE('',*,*,#3660,.F.);
#4964=ORIENTED_EDGE('',*,*,#3573,.F.);
#4965=ORIENTED_EDGE('',*,*,#3661,.T.);
#4966=ORIENTED_EDGE('',*,*,#3545,.T.);
#4967=ORIENTED_EDGE('',*,*,#3661,.F.);
#4968=ORIENTED_EDGE('',*,*,#3572,.F.);
#4969=ORIENTED_EDGE('',*,*,#3563,.T.);
#4970=ORIENTED_EDGE('',*,*,#3662,.F.);
#4971=ORIENTED_EDGE('',*,*,#3663,.T.);
#4972=ORIENTED_EDGE('',*,*,#3664,.T.);
#4973=ORIENTED_EDGE('',*,*,#3665,.F.);
#4974=ORIENTED_EDGE('',*,*,#3666,.F.);
#4975=ORIENTED_EDGE('',*,*,#3667,.T.);
#4976=ORIENTED_EDGE('',*,*,#3668,.T.);
#4977=ORIENTED_EDGE('',*,*,#3669,.F.);
#4978=ORIENTED_EDGE('',*,*,#3670,.T.);
#4979=ORIENTED_EDGE('',*,*,#3663,.F.);
#4980=ORIENTED_EDGE('',*,*,#3671,.F.);
#4981=ORIENTED_EDGE('',*,*,#3672,.T.);
#4982=ORIENTED_EDGE('',*,*,#3673,.T.);
#4983=ORIENTED_EDGE('',*,*,#3674,.T.);
#4984=ORIENTED_EDGE('',*,*,#3675,.T.);
#4985=ORIENTED_EDGE('',*,*,#3676,.F.);
#4986=ORIENTED_EDGE('',*,*,#3677,.F.);
#4987=ORIENTED_EDGE('',*,*,#3678,.T.);
#4988=ORIENTED_EDGE('',*,*,#3679,.T.);
#4989=ORIENTED_EDGE('',*,*,#3672,.F.);
#4990=ORIENTED_EDGE('',*,*,#3680,.F.);
#4991=ORIENTED_EDGE('',*,*,#3681,.T.);
#4992=ORIENTED_EDGE('',*,*,#3682,.T.);
#4993=ORIENTED_EDGE('',*,*,#3683,.F.);
#4994=ORIENTED_EDGE('',*,*,#3684,.T.);
#4995=ORIENTED_EDGE('',*,*,#3678,.F.);
#4996=ORIENTED_EDGE('',*,*,#3129,.F.);
#4997=ORIENTED_EDGE('',*,*,#3685,.F.);
#4998=ORIENTED_EDGE('',*,*,#3686,.F.);
#4999=ORIENTED_EDGE('',*,*,#3687,.T.);
#5000=ORIENTED_EDGE('',*,*,#3132,.F.);
#5001=ORIENTED_EDGE('',*,*,#3130,.F.);
#5002=ORIENTED_EDGE('',*,*,#3685,.T.);
#5003=ORIENTED_EDGE('',*,*,#3128,.F.);
#5004=ORIENTED_EDGE('',*,*,#3133,.F.);
#5005=ORIENTED_EDGE('',*,*,#3687,.F.);
#5006=ORIENTED_EDGE('',*,*,#3686,.T.);
#5007=ORIENTED_EDGE('',*,*,#3688,.T.);
#5008=ORIENTED_EDGE('',*,*,#3689,.T.);
#5009=ORIENTED_EDGE('',*,*,#3688,.F.);
#5010=ORIENTED_EDGE('',*,*,#3690,.F.);
#5011=ORIENTED_EDGE('',*,*,#3691,.T.);
#5012=ORIENTED_EDGE('',*,*,#3640,.T.);
#5013=ORIENTED_EDGE('',*,*,#3211,.T.);
#5014=ORIENTED_EDGE('',*,*,#3692,.F.);
#5015=ORIENTED_EDGE('',*,*,#3386,.T.);
#5016=ORIENTED_EDGE('',*,*,#3693,.F.);
#5017=ORIENTED_EDGE('',*,*,#3694,.F.);
#5018=ORIENTED_EDGE('',*,*,#3695,.F.);
#5019=ORIENTED_EDGE('',*,*,#3696,.F.);
#5020=ORIENTED_EDGE('',*,*,#3627,.T.);
#5021=ORIENTED_EDGE('',*,*,#3623,.F.);
#5022=ORIENTED_EDGE('',*,*,#3697,.F.);
#5023=ORIENTED_EDGE('',*,*,#3698,.F.);
#5024=ORIENTED_EDGE('',*,*,#3693,.T.);
#5025=ORIENTED_EDGE('',*,*,#3385,.T.);
#5026=ORIENTED_EDGE('',*,*,#3699,.T.);
#5027=ORIENTED_EDGE('',*,*,#3700,.F.);
#5028=ORIENTED_EDGE('',*,*,#3699,.F.);
#5029=ORIENTED_EDGE('',*,*,#3384,.T.);
#5030=ORIENTED_EDGE('',*,*,#3701,.F.);
#5031=ORIENTED_EDGE('',*,*,#3702,.F.);
#5032=ORIENTED_EDGE('',*,*,#3703,.T.);
#5033=ORIENTED_EDGE('',*,*,#3369,.T.);
#5034=ORIENTED_EDGE('',*,*,#3704,.F.);
#5035=ORIENTED_EDGE('',*,*,#3705,.F.);
#5036=ORIENTED_EDGE('',*,*,#3706,.T.);
#5037=ORIENTED_EDGE('',*,*,#3136,.F.);
#5038=ORIENTED_EDGE('',*,*,#3707,.T.);
#5039=ORIENTED_EDGE('',*,*,#3568,.F.);
#5040=ORIENTED_EDGE('',*,*,#3576,.T.);
#5041=ORIENTED_EDGE('',*,*,#3575,.F.);
#5042=ORIENTED_EDGE('',*,*,#3584,.T.);
#5043=ORIENTED_EDGE('',*,*,#3642,.T.);
#5044=ORIENTED_EDGE('',*,*,#3708,.T.);
#5045=ORIENTED_EDGE('',*,*,#3709,.F.);
#5046=ORIENTED_EDGE('',*,*,#3583,.T.);
#5047=ORIENTED_EDGE('',*,*,#3710,.F.);
#5048=ORIENTED_EDGE('',*,*,#3705,.T.);
#5049=ORIENTED_EDGE('',*,*,#3709,.T.);
#5050=ORIENTED_EDGE('',*,*,#3711,.T.);
#5051=ORIENTED_EDGE('',*,*,#3712,.T.);
#5052=ORIENTED_EDGE('',*,*,#3713,.T.);
#5053=ORIENTED_EDGE('',*,*,#3714,.F.);
#5054=ORIENTED_EDGE('',*,*,#3702,.T.);
#5055=ORIENTED_EDGE('',*,*,#3715,.T.);
#5056=ORIENTED_EDGE('',*,*,#3716,.T.);
#5057=ORIENTED_EDGE('',*,*,#3717,.F.);
#5058=ORIENTED_EDGE('',*,*,#3700,.T.);
#5059=ORIENTED_EDGE('',*,*,#3718,.F.);
#5060=ORIENTED_EDGE('',*,*,#3698,.T.);
#5061=ORIENTED_EDGE('',*,*,#3717,.T.);
#5062=ORIENTED_EDGE('',*,*,#3719,.T.);
#5063=ORIENTED_EDGE('',*,*,#3718,.T.);
#5064=ORIENTED_EDGE('',*,*,#3720,.T.);
#5065=ORIENTED_EDGE('',*,*,#3721,.F.);
#5066=ORIENTED_EDGE('',*,*,#3694,.T.);
#5067=ORIENTED_EDGE('',*,*,#3722,.F.);
#5068=ORIENTED_EDGE('',*,*,#3723,.T.);
#5069=ORIENTED_EDGE('',*,*,#3721,.T.);
#5070=ORIENTED_EDGE('',*,*,#3724,.T.);
#5071=ORIENTED_EDGE('',*,*,#3722,.T.);
#5072=ORIENTED_EDGE('',*,*,#3725,.T.);
#5073=ORIENTED_EDGE('',*,*,#3726,.F.);
#5074=ORIENTED_EDGE('',*,*,#3727,.T.);
#5075=ORIENTED_EDGE('',*,*,#3728,.F.);
#5076=ORIENTED_EDGE('',*,*,#3729,.T.);
#5077=ORIENTED_EDGE('',*,*,#3726,.T.);
#5078=ORIENTED_EDGE('',*,*,#3730,.T.);
#5079=ORIENTED_EDGE('',*,*,#3690,.T.);
#5080=ORIENTED_EDGE('',*,*,#3731,.T.);
#5081=ORIENTED_EDGE('',*,*,#3728,.T.);
#5082=ORIENTED_EDGE('',*,*,#3732,.T.);
#5083=ORIENTED_EDGE('',*,*,#3733,.F.);
#5084=ORIENTED_EDGE('',*,*,#3695,.T.);
#5085=ORIENTED_EDGE('',*,*,#3723,.F.);
#5086=ORIENTED_EDGE('',*,*,#3734,.T.);
#5087=ORIENTED_EDGE('',*,*,#3735,.F.);
#5088=ORIENTED_EDGE('',*,*,#3734,.F.);
#5089=ORIENTED_EDGE('',*,*,#3727,.F.);
#5090=ORIENTED_EDGE('',*,*,#3736,.F.);
#5091=ORIENTED_EDGE('',*,*,#3737,.F.);
#5092=ORIENTED_EDGE('',*,*,#3736,.T.);
#5093=ORIENTED_EDGE('',*,*,#3729,.F.);
#5094=ORIENTED_EDGE('',*,*,#3738,.T.);
#5095=ORIENTED_EDGE('',*,*,#3739,.F.);
#5096=ORIENTED_EDGE('',*,*,#3738,.F.);
#5097=ORIENTED_EDGE('',*,*,#3731,.F.);
#5098=ORIENTED_EDGE('',*,*,#3210,.F.);
#5099=ORIENTED_EDGE('',*,*,#3209,.T.);
#5100=ORIENTED_EDGE('',*,*,#3740,.F.);
#5101=ORIENTED_EDGE('',*,*,#3633,.F.);
#5102=ORIENTED_EDGE('',*,*,#3625,.T.);
#5103=ORIENTED_EDGE('',*,*,#3741,.F.);
#5104=ORIENTED_EDGE('',*,*,#3739,.T.);
#5105=ORIENTED_EDGE('',*,*,#3742,.F.);
#5106=ORIENTED_EDGE('',*,*,#3737,.T.);
#5107=ORIENTED_EDGE('',*,*,#3741,.T.);
#5108=ORIENTED_EDGE('',*,*,#3630,.T.);
#5109=ORIENTED_EDGE('',*,*,#3742,.T.);
#5110=ORIENTED_EDGE('',*,*,#3629,.T.);
#5111=ORIENTED_EDGE('',*,*,#3743,.F.);
#5112=ORIENTED_EDGE('',*,*,#3735,.T.);
#5113=ORIENTED_EDGE('',*,*,#3696,.T.);
#5114=ORIENTED_EDGE('',*,*,#3733,.T.);
#5115=ORIENTED_EDGE('',*,*,#3743,.T.);
#5116=ORIENTED_EDGE('',*,*,#3628,.T.);
#5117=ORIENTED_EDGE('',*,*,#3107,.T.);
#5118=ORIENTED_EDGE('',*,*,#3744,.F.);
#5119=ORIENTED_EDGE('',*,*,#3745,.T.);
#5120=ORIENTED_EDGE('',*,*,#3134,.F.);
#5121=ORIENTED_EDGE('',*,*,#3126,.T.);
#5122=ORIENTED_EDGE('',*,*,#3746,.F.);
#5123=ORIENTED_EDGE('',*,*,#3747,.T.);
#5124=ORIENTED_EDGE('',*,*,#3744,.T.);
#5125=ORIENTED_EDGE('',*,*,#3106,.T.);
#5126=ORIENTED_EDGE('',*,*,#3748,.F.);
#5127=ORIENTED_EDGE('',*,*,#3746,.T.);
#5128=ORIENTED_EDGE('',*,*,#3161,.T.);
#5129=ORIENTED_EDGE('',*,*,#3227,.T.);
#5130=ORIENTED_EDGE('',*,*,#3749,.F.);
#5131=ORIENTED_EDGE('',*,*,#3665,.T.);
#5132=ORIENTED_EDGE('',*,*,#3750,.T.);
#5133=ORIENTED_EDGE('',*,*,#3751,.T.);
#5134=ORIENTED_EDGE('',*,*,#3752,.T.);
#5135=ORIENTED_EDGE('',*,*,#3753,.F.);
#5136=ORIENTED_EDGE('',*,*,#3754,.T.);
#5137=ORIENTED_EDGE('',*,*,#3755,.F.);
#5138=ORIENTED_EDGE('',*,*,#3756,.F.);
#5139=ORIENTED_EDGE('',*,*,#3757,.F.);
#5140=ORIENTED_EDGE('',*,*,#3758,.F.);
#5141=ORIENTED_EDGE('',*,*,#3759,.T.);
#5142=ORIENTED_EDGE('',*,*,#3760,.T.);
#5143=ORIENTED_EDGE('',*,*,#3230,.T.);
#5144=ORIENTED_EDGE('',*,*,#3119,.T.);
#5145=ORIENTED_EDGE('',*,*,#3094,.T.);
#5146=ORIENTED_EDGE('',*,*,#3759,.F.);
#5147=ORIENTED_EDGE('',*,*,#3761,.T.);
#5148=ORIENTED_EDGE('',*,*,#3762,.F.);
#5149=ORIENTED_EDGE('',*,*,#3763,.T.);
#5150=ORIENTED_EDGE('',*,*,#3758,.T.);
#5151=ORIENTED_EDGE('',*,*,#3229,.T.);
#5152=ORIENTED_EDGE('',*,*,#3764,.F.);
#5153=ORIENTED_EDGE('',*,*,#3609,.T.);
#5154=ORIENTED_EDGE('',*,*,#3569,.T.);
#5155=ORIENTED_EDGE('',*,*,#3707,.F.);
#5156=ORIENTED_EDGE('',*,*,#3135,.F.);
#5157=ORIENTED_EDGE('',*,*,#3745,.F.);
#5158=ORIENTED_EDGE('',*,*,#3747,.F.);
#5159=ORIENTED_EDGE('',*,*,#3765,.F.);
#5160=ORIENTED_EDGE('',*,*,#3766,.F.);
#5161=ORIENTED_EDGE('',*,*,#3528,.T.);
#5162=ORIENTED_EDGE('',*,*,#3610,.T.);
#5163=ORIENTED_EDGE('',*,*,#3764,.T.);
#5164=ORIENTED_EDGE('',*,*,#3767,.T.);
#5165=ORIENTED_EDGE('',*,*,#3765,.T.);
#5166=ORIENTED_EDGE('',*,*,#3748,.T.);
#5167=ORIENTED_EDGE('',*,*,#3226,.T.);
#5168=ORIENTED_EDGE('',*,*,#3767,.F.);
#5169=ORIENTED_EDGE('',*,*,#3225,.T.);
#5170=ORIENTED_EDGE('',*,*,#3493,.T.);
#5171=ORIENTED_EDGE('',*,*,#3766,.T.);
#5172=ORIENTED_EDGE('',*,*,#3543,.F.);
#5173=ORIENTED_EDGE('',*,*,#3566,.T.);
#5174=ORIENTED_EDGE('',*,*,#3574,.T.);
#5175=ORIENTED_EDGE('',*,*,#3660,.T.);
#5176=ORIENTED_EDGE('',*,*,#3768,.F.);
#5177=ORIENTED_EDGE('',*,*,#3769,.F.);
#5178=ORIENTED_EDGE('',*,*,#3586,.F.);
#5179=ORIENTED_EDGE('',*,*,#3770,.F.);
#5180=ORIENTED_EDGE('',*,*,#3771,.F.);
#5181=ORIENTED_EDGE('',*,*,#3770,.T.);
#5182=ORIENTED_EDGE('',*,*,#3585,.F.);
#5183=ORIENTED_EDGE('',*,*,#3554,.T.);
#5184=ORIENTED_EDGE('',*,*,#3772,.F.);
#5185=ORIENTED_EDGE('',*,*,#3552,.F.);
#5186=ORIENTED_EDGE('',*,*,#3590,.F.);
#5187=ORIENTED_EDGE('',*,*,#3773,.T.);
#5188=ORIENTED_EDGE('',*,*,#3774,.F.);
#5189=ORIENTED_EDGE('',*,*,#3120,.T.);
#5190=ORIENTED_EDGE('',*,*,#3761,.F.);
#5191=ORIENTED_EDGE('',*,*,#3763,.F.);
#5192=ORIENTED_EDGE('',*,*,#3775,.F.);
#5193=ORIENTED_EDGE('',*,*,#3762,.T.);
#5194=ORIENTED_EDGE('',*,*,#3228,.T.);
#5195=ORIENTED_EDGE('',*,*,#3163,.F.);
#5196=ORIENTED_EDGE('',*,*,#3121,.T.);
#5197=ORIENTED_EDGE('',*,*,#3774,.T.);
#5198=ORIENTED_EDGE('',*,*,#3775,.T.);
#5199=ORIENTED_EDGE('',*,*,#3158,.T.);
#5200=ORIENTED_EDGE('',*,*,#3776,.F.);
#5201=ORIENTED_EDGE('',*,*,#3777,.T.);
#5202=ORIENTED_EDGE('',*,*,#3392,.T.);
#5203=ORIENTED_EDGE('',*,*,#3393,.T.);
#5204=ORIENTED_EDGE('',*,*,#3777,.F.);
#5205=ORIENTED_EDGE('',*,*,#3394,.F.);
#5206=ORIENTED_EDGE('',*,*,#3778,.F.);
#5207=ORIENTED_EDGE('',*,*,#3370,.T.);
#5208=ORIENTED_EDGE('',*,*,#3703,.F.);
#5209=ORIENTED_EDGE('',*,*,#3779,.F.);
#5210=ORIENTED_EDGE('',*,*,#3780,.F.);
#5211=ORIENTED_EDGE('',*,*,#3781,.T.);
#5212=ORIENTED_EDGE('',*,*,#3710,.T.);
#5213=ORIENTED_EDGE('',*,*,#3782,.T.);
#5214=ORIENTED_EDGE('',*,*,#3783,.F.);
#5215=ORIENTED_EDGE('',*,*,#3779,.T.);
#5216=ORIENTED_EDGE('',*,*,#3714,.T.);
#5217=ORIENTED_EDGE('',*,*,#3784,.T.);
#5218=ORIENTED_EDGE('',*,*,#3785,.F.);
#5219=ORIENTED_EDGE('',*,*,#3786,.T.);
#5220=ORIENTED_EDGE('',*,*,#3712,.F.);
#5221=ORIENTED_EDGE('',*,*,#3787,.T.);
#5222=ORIENTED_EDGE('',*,*,#3788,.F.);
#5223=ORIENTED_EDGE('',*,*,#3787,.F.);
#5224=ORIENTED_EDGE('',*,*,#3704,.T.);
#5225=ORIENTED_EDGE('',*,*,#3368,.T.);
#5226=ORIENTED_EDGE('',*,*,#3789,.T.);
#5227=ORIENTED_EDGE('',*,*,#3785,.T.);
#5228=ORIENTED_EDGE('',*,*,#3790,.F.);
#5229=ORIENTED_EDGE('',*,*,#3791,.T.);
#5230=ORIENTED_EDGE('',*,*,#3367,.T.);
#5231=ORIENTED_EDGE('',*,*,#3792,.T.);
#5232=ORIENTED_EDGE('',*,*,#3790,.T.);
#5233=ORIENTED_EDGE('',*,*,#3788,.T.);
#5234=ORIENTED_EDGE('',*,*,#3380,.T.);
#5235=ORIENTED_EDGE('',*,*,#3692,.T.);
#5236=ORIENTED_EDGE('',*,*,#3793,.F.);
#5237=ORIENTED_EDGE('',*,*,#3794,.T.);
#5238=ORIENTED_EDGE('',*,*,#3795,.F.);
#5239=ORIENTED_EDGE('',*,*,#3796,.T.);
#5240=ORIENTED_EDGE('',*,*,#3791,.F.);
#5241=ORIENTED_EDGE('',*,*,#3797,.T.);
#5242=ORIENTED_EDGE('',*,*,#3798,.T.);
#5243=ORIENTED_EDGE('',*,*,#3795,.T.);
#5244=ORIENTED_EDGE('',*,*,#3799,.T.);
#5245=ORIENTED_EDGE('',*,*,#3780,.T.);
#5246=ORIENTED_EDGE('',*,*,#3800,.F.);
#5247=ORIENTED_EDGE('',*,*,#3801,.T.);
#5248=ORIENTED_EDGE('',*,*,#3715,.F.);
#5249=ORIENTED_EDGE('',*,*,#3802,.T.);
#5250=ORIENTED_EDGE('',*,*,#3803,.F.);
#5251=ORIENTED_EDGE('',*,*,#3802,.F.);
#5252=ORIENTED_EDGE('',*,*,#3701,.T.);
#5253=ORIENTED_EDGE('',*,*,#3383,.T.);
#5254=ORIENTED_EDGE('',*,*,#3804,.T.);
#5255=ORIENTED_EDGE('',*,*,#3800,.T.);
#5256=ORIENTED_EDGE('',*,*,#3805,.F.);
#5257=ORIENTED_EDGE('',*,*,#3806,.T.);
#5258=ORIENTED_EDGE('',*,*,#3382,.T.);
#5259=ORIENTED_EDGE('',*,*,#3807,.T.);
#5260=ORIENTED_EDGE('',*,*,#3805,.T.);
#5261=ORIENTED_EDGE('',*,*,#3803,.T.);
#5262=ORIENTED_EDGE('',*,*,#3808,.F.);
#5263=ORIENTED_EDGE('',*,*,#3784,.F.);
#5264=ORIENTED_EDGE('',*,*,#3713,.F.);
#5265=ORIENTED_EDGE('',*,*,#3786,.F.);
#5266=ORIENTED_EDGE('',*,*,#3789,.F.);
#5267=ORIENTED_EDGE('',*,*,#3796,.F.);
#5268=ORIENTED_EDGE('',*,*,#3798,.F.);
#5269=ORIENTED_EDGE('',*,*,#3782,.F.);
#5270=ORIENTED_EDGE('',*,*,#3711,.F.);
#5271=ORIENTED_EDGE('',*,*,#3708,.F.);
#5272=ORIENTED_EDGE('',*,*,#3641,.T.);
#5273=ORIENTED_EDGE('',*,*,#3691,.F.);
#5274=ORIENTED_EDGE('',*,*,#3732,.F.);
#5275=ORIENTED_EDGE('',*,*,#3730,.F.);
#5276=ORIENTED_EDGE('',*,*,#3725,.F.);
#5277=ORIENTED_EDGE('',*,*,#3724,.F.);
#5278=ORIENTED_EDGE('',*,*,#3720,.F.);
#5279=ORIENTED_EDGE('',*,*,#3719,.F.);
#5280=ORIENTED_EDGE('',*,*,#3716,.F.);
#5281=ORIENTED_EDGE('',*,*,#3801,.F.);
#5282=ORIENTED_EDGE('',*,*,#3804,.F.);
#5283=ORIENTED_EDGE('',*,*,#3809,.F.);
#5284=ORIENTED_EDGE('',*,*,#3613,.T.);
#5285=ORIENTED_EDGE('',*,*,#3689,.F.);
#5286=ORIENTED_EDGE('',*,*,#3810,.F.);
#5287=ORIENTED_EDGE('',*,*,#3809,.T.);
#5288=ORIENTED_EDGE('',*,*,#3806,.F.);
#5289=ORIENTED_EDGE('',*,*,#3811,.T.);
#5290=ORIENTED_EDGE('',*,*,#3808,.T.);
#5291=ORIENTED_EDGE('',*,*,#3810,.T.);
#5292=ORIENTED_EDGE('',*,*,#3812,.F.);
#5293=ORIENTED_EDGE('',*,*,#3783,.T.);
#5294=ORIENTED_EDGE('',*,*,#3371,.T.);
#5295=ORIENTED_EDGE('',*,*,#3778,.T.);
#5296=ORIENTED_EDGE('',*,*,#3812,.T.);
#5297=ORIENTED_EDGE('',*,*,#3813,.T.);
#5298=ORIENTED_EDGE('',*,*,#3814,.F.);
#5299=ORIENTED_EDGE('',*,*,#3815,.F.);
#5300=ORIENTED_EDGE('',*,*,#3816,.F.);
#5301=ORIENTED_EDGE('',*,*,#3697,.T.);
#5302=ORIENTED_EDGE('',*,*,#3622,.T.);
#5303=ORIENTED_EDGE('',*,*,#3619,.F.);
#5304=ORIENTED_EDGE('',*,*,#3615,.F.);
#5305=ORIENTED_EDGE('',*,*,#3632,.T.);
#5306=ORIENTED_EDGE('',*,*,#3776,.T.);
#5307=ORIENTED_EDGE('',*,*,#3817,.F.);
#5308=ORIENTED_EDGE('',*,*,#3818,.F.);
#5309=ORIENTED_EDGE('',*,*,#3819,.F.);
#5310=ORIENTED_EDGE('',*,*,#3820,.F.);
#5311=ORIENTED_EDGE('',*,*,#3793,.T.);
#5312=ORIENTED_EDGE('',*,*,#3816,.T.);
#5313=ORIENTED_EDGE('',*,*,#3821,.T.);
#5314=ORIENTED_EDGE('',*,*,#3822,.T.);
#5315=ORIENTED_EDGE('',*,*,#3651,.T.);
#5316=ORIENTED_EDGE('',*,*,#3823,.T.);
#5317=ORIENTED_EDGE('',*,*,#3824,.F.);
#5318=ORIENTED_EDGE('',*,*,#3824,.T.);
#5319=ORIENTED_EDGE('',*,*,#3825,.T.);
#5320=ORIENTED_EDGE('',*,*,#3826,.T.);
#5321=ORIENTED_EDGE('',*,*,#3637,.T.);
#5322=ORIENTED_EDGE('',*,*,#3827,.F.);
#5323=ORIENTED_EDGE('',*,*,#3638,.T.);
#5324=ORIENTED_EDGE('',*,*,#3828,.T.);
#5325=ORIENTED_EDGE('',*,*,#3818,.T.);
#5326=ORIENTED_EDGE('',*,*,#3829,.T.);
#5327=ORIENTED_EDGE('',*,*,#3819,.T.);
#5328=ORIENTED_EDGE('',*,*,#3830,.T.);
#5329=ORIENTED_EDGE('',*,*,#3831,.T.);
#5330=ORIENTED_EDGE('',*,*,#3826,.F.);
#5331=ORIENTED_EDGE('',*,*,#3830,.F.);
#5332=ORIENTED_EDGE('',*,*,#3828,.F.);
#5333=ORIENTED_EDGE('',*,*,#3832,.F.);
#5334=ORIENTED_EDGE('',*,*,#3820,.T.);
#5335=ORIENTED_EDGE('',*,*,#3833,.T.);
#5336=ORIENTED_EDGE('',*,*,#3815,.T.);
#5337=ORIENTED_EDGE('',*,*,#3821,.F.);
#5338=ORIENTED_EDGE('',*,*,#3833,.F.);
#5339=ORIENTED_EDGE('',*,*,#3829,.F.);
#5340=ORIENTED_EDGE('',*,*,#3834,.F.);
#5341=ORIENTED_EDGE('',*,*,#3773,.F.);
#5342=ORIENTED_EDGE('',*,*,#3589,.F.);
#5343=ORIENTED_EDGE('',*,*,#3835,.F.);
#5344=ORIENTED_EDGE('',*,*,#3836,.F.);
#5345=ORIENTED_EDGE('',*,*,#3835,.T.);
#5346=ORIENTED_EDGE('',*,*,#3588,.F.);
#5347=ORIENTED_EDGE('',*,*,#3556,.T.);
#5348=ORIENTED_EDGE('',*,*,#3837,.F.);
#5349=ORIENTED_EDGE('',*,*,#3558,.T.);
#5350=ORIENTED_EDGE('',*,*,#3587,.F.);
#5351=ORIENTED_EDGE('',*,*,#3769,.T.);
#5352=ORIENTED_EDGE('',*,*,#3838,.F.);
#5353=ORIENTED_EDGE('',*,*,#3251,.T.);
#5354=ORIENTED_EDGE('',*,*,#3839,.F.);
#5355=ORIENTED_EDGE('',*,*,#3772,.T.);
#5356=ORIENTED_EDGE('',*,*,#3839,.T.);
#5357=ORIENTED_EDGE('',*,*,#3250,.T.);
#5358=ORIENTED_EDGE('',*,*,#3840,.F.);
#5359=ORIENTED_EDGE('',*,*,#3553,.T.);
#5360=ORIENTED_EDGE('',*,*,#3840,.T.);
#5361=ORIENTED_EDGE('',*,*,#3249,.T.);
#5362=ORIENTED_EDGE('',*,*,#3841,.F.);
#5363=ORIENTED_EDGE('',*,*,#3771,.T.);
#5364=ORIENTED_EDGE('',*,*,#3841,.T.);
#5365=ORIENTED_EDGE('',*,*,#3248,.T.);
#5366=ORIENTED_EDGE('',*,*,#3842,.F.);
#5367=ORIENTED_EDGE('',*,*,#3768,.T.);
#5368=ORIENTED_EDGE('',*,*,#3842,.T.);
#5369=ORIENTED_EDGE('',*,*,#3247,.T.);
#5370=ORIENTED_EDGE('',*,*,#3843,.F.);
#5371=ORIENTED_EDGE('',*,*,#3837,.T.);
#5372=ORIENTED_EDGE('',*,*,#3843,.T.);
#5373=ORIENTED_EDGE('',*,*,#3246,.T.);
#5374=ORIENTED_EDGE('',*,*,#3844,.F.);
#5375=ORIENTED_EDGE('',*,*,#3559,.T.);
#5376=ORIENTED_EDGE('',*,*,#3844,.T.);
#5377=ORIENTED_EDGE('',*,*,#3245,.T.);
#5378=ORIENTED_EDGE('',*,*,#3845,.F.);
#5379=ORIENTED_EDGE('',*,*,#3836,.T.);
#5380=ORIENTED_EDGE('',*,*,#3845,.T.);
#5381=ORIENTED_EDGE('',*,*,#3244,.T.);
#5382=ORIENTED_EDGE('',*,*,#3838,.T.);
#5383=ORIENTED_EDGE('',*,*,#3834,.T.);
#5384=ORIENTED_EDGE('',*,*,#3113,.F.);
#5385=ORIENTED_EDGE('',*,*,#3231,.T.);
#5386=ORIENTED_EDGE('',*,*,#3760,.F.);
#5387=ORIENTED_EDGE('',*,*,#3093,.T.);
#5388=ORIENTED_EDGE('',*,*,#3846,.F.);
#5389=ORIENTED_EDGE('',*,*,#3202,.T.);
#5390=ORIENTED_EDGE('',*,*,#3167,.T.);
#5391=ORIENTED_EDGE('',*,*,#3654,.T.);
#5392=ORIENTED_EDGE('',*,*,#3847,.F.);
#5393=ORIENTED_EDGE('',*,*,#3203,.T.);
#5394=ORIENTED_EDGE('',*,*,#3846,.T.);
#5395=ORIENTED_EDGE('',*,*,#3634,.T.);
#5396=ORIENTED_EDGE('',*,*,#3847,.T.);
#5397=ORIENTED_EDGE('',*,*,#3827,.T.);
#5398=ORIENTED_EDGE('',*,*,#3848,.F.);
#5399=ORIENTED_EDGE('',*,*,#3204,.T.);
#5400=ORIENTED_EDGE('',*,*,#3849,.F.);
#5401=ORIENTED_EDGE('',*,*,#3205,.T.);
#5402=ORIENTED_EDGE('',*,*,#3848,.T.);
#5403=ORIENTED_EDGE('',*,*,#3817,.T.);
#5404=ORIENTED_EDGE('',*,*,#3849,.T.);
#5405=ORIENTED_EDGE('',*,*,#3832,.T.);
#5406=ORIENTED_EDGE('',*,*,#3850,.F.);
#5407=ORIENTED_EDGE('',*,*,#3206,.T.);
#5408=ORIENTED_EDGE('',*,*,#3207,.T.);
#5409=ORIENTED_EDGE('',*,*,#3850,.T.);
#5410=ORIENTED_EDGE('',*,*,#3814,.T.);
#5411=ORIENTED_EDGE('',*,*,#3851,.F.);
#5412=ORIENTED_EDGE('',*,*,#3631,.T.);
#5413=ORIENTED_EDGE('',*,*,#3740,.T.);
#5414=ORIENTED_EDGE('',*,*,#3208,.T.);
#5415=ORIENTED_EDGE('',*,*,#3851,.T.);
#5416=ORIENTED_EDGE('',*,*,#3611,.T.);
#5417=ORIENTED_EDGE('',*,*,#3852,.T.);
#5418=ORIENTED_EDGE('',*,*,#3853,.T.);
#5419=ORIENTED_EDGE('',*,*,#3854,.T.);
#5420=ORIENTED_EDGE('',*,*,#3855,.T.);
#5421=ORIENTED_EDGE('',*,*,#3856,.T.);
#5422=ORIENTED_EDGE('',*,*,#3852,.F.);
#5423=ORIENTED_EDGE('',*,*,#3857,.T.);
#5424=ORIENTED_EDGE('',*,*,#3858,.T.);
#5425=ORIENTED_EDGE('',*,*,#3859,.T.);
#5426=ORIENTED_EDGE('',*,*,#3860,.T.);
#5427=ORIENTED_EDGE('',*,*,#3861,.T.);
#5428=ORIENTED_EDGE('',*,*,#3125,.T.);
#5429=ORIENTED_EDGE('',*,*,#3861,.F.);
#5430=ORIENTED_EDGE('',*,*,#3862,.F.);
#5431=ORIENTED_EDGE('',*,*,#3863,.F.);
#5432=ORIENTED_EDGE('',*,*,#3858,.F.);
#5433=ORIENTED_EDGE('',*,*,#3864,.F.);
#5434=ORIENTED_EDGE('',*,*,#3683,.T.);
#5435=ORIENTED_EDGE('',*,*,#3865,.T.);
#5436=ORIENTED_EDGE('',*,*,#3866,.T.);
#5437=ORIENTED_EDGE('',*,*,#3862,.T.);
#5438=ORIENTED_EDGE('',*,*,#3867,.T.);
#5439=ORIENTED_EDGE('',*,*,#3868,.F.);
#5440=ORIENTED_EDGE('',*,*,#3869,.T.);
#5441=ORIENTED_EDGE('',*,*,#3674,.F.);
#5442=ORIENTED_EDGE('',*,*,#3859,.F.);
#5443=ORIENTED_EDGE('',*,*,#3870,.F.);
#5444=ORIENTED_EDGE('',*,*,#3871,.F.);
#5445=ORIENTED_EDGE('',*,*,#3872,.T.);
#5446=ORIENTED_EDGE('',*,*,#3873,.T.);
#5447=ORIENTED_EDGE('',*,*,#3870,.T.);
#5448=ORIENTED_EDGE('',*,*,#3863,.T.);
#5449=ORIENTED_EDGE('',*,*,#3866,.F.);
#5450=ORIENTED_EDGE('',*,*,#3874,.F.);
#5451=ORIENTED_EDGE('',*,*,#3875,.F.);
#5452=ORIENTED_EDGE('',*,*,#3860,.F.);
#5453=ORIENTED_EDGE('',*,*,#3656,.F.);
#5454=ORIENTED_EDGE('',*,*,#3876,.T.);
#5455=ORIENTED_EDGE('',*,*,#3877,.T.);
#5456=ORIENTED_EDGE('',*,*,#3878,.T.);
#5457=ORIENTED_EDGE('',*,*,#3874,.T.);
#5458=ORIENTED_EDGE('',*,*,#3871,.T.);
#5459=ORIENTED_EDGE('',*,*,#3873,.F.);
#5460=ORIENTED_EDGE('',*,*,#3879,.T.);
#5461=ORIENTED_EDGE('',*,*,#3880,.F.);
#5462=ORIENTED_EDGE('',*,*,#3867,.F.);
#5463=ORIENTED_EDGE('',*,*,#3857,.F.);
#5464=ORIENTED_EDGE('',*,*,#3881,.F.);
#5465=ORIENTED_EDGE('',*,*,#3882,.T.);
#5466=ORIENTED_EDGE('',*,*,#3868,.T.);
#5467=ORIENTED_EDGE('',*,*,#3881,.T.);
#5468=ORIENTED_EDGE('',*,*,#3875,.T.);
#5469=ORIENTED_EDGE('',*,*,#3878,.F.);
#5470=ORIENTED_EDGE('',*,*,#3883,.F.);
#5471=ORIENTED_EDGE('',*,*,#3853,.F.);
#5472=ORIENTED_EDGE('',*,*,#3884,.F.);
#5473=ORIENTED_EDGE('',*,*,#3885,.F.);
#5474=ORIENTED_EDGE('',*,*,#3669,.T.);
#5475=ORIENTED_EDGE('',*,*,#3886,.T.);
#5476=ORIENTED_EDGE('',*,*,#3887,.T.);
#5477=ORIENTED_EDGE('',*,*,#3888,.T.);
#5478=ORIENTED_EDGE('',*,*,#3883,.T.);
#5479=ORIENTED_EDGE('',*,*,#3889,.F.);
#5480=ORIENTED_EDGE('',*,*,#3890,.T.);
#5481=ORIENTED_EDGE('',*,*,#3751,.F.);
#5482=ORIENTED_EDGE('',*,*,#3891,.F.);
#5483=ORIENTED_EDGE('',*,*,#3892,.F.);
#5484=ORIENTED_EDGE('',*,*,#3856,.F.);
#5485=ORIENTED_EDGE('',*,*,#3754,.F.);
#5486=ORIENTED_EDGE('',*,*,#3893,.T.);
#5487=ORIENTED_EDGE('',*,*,#3894,.T.);
#5488=ORIENTED_EDGE('',*,*,#3895,.T.);
#5489=ORIENTED_EDGE('',*,*,#3891,.T.);
#5490=ORIENTED_EDGE('',*,*,#3896,.T.);
#5491=ORIENTED_EDGE('',*,*,#3897,.F.);
#5492=ORIENTED_EDGE('',*,*,#3898,.T.);
#5493=ORIENTED_EDGE('',*,*,#3899,.F.);
#5494=ORIENTED_EDGE('',*,*,#3896,.F.);
#5495=ORIENTED_EDGE('',*,*,#3855,.F.);
#5496=ORIENTED_EDGE('',*,*,#3900,.F.);
#5497=ORIENTED_EDGE('',*,*,#3901,.T.);
#5498=ORIENTED_EDGE('',*,*,#3897,.T.);
#5499=ORIENTED_EDGE('',*,*,#3900,.T.);
#5500=ORIENTED_EDGE('',*,*,#3902,.T.);
#5501=ORIENTED_EDGE('',*,*,#3887,.F.);
#5502=ORIENTED_EDGE('',*,*,#3888,.F.);
#5503=ORIENTED_EDGE('',*,*,#3902,.F.);
#5504=ORIENTED_EDGE('',*,*,#3854,.F.);
#5505=ORIENTED_EDGE('',*,*,#3903,.T.);
#5506=ORIENTED_EDGE('',*,*,#3889,.T.);
#5507=ORIENTED_EDGE('',*,*,#3884,.T.);
#5508=ORIENTED_EDGE('',*,*,#3892,.T.);
#5509=ORIENTED_EDGE('',*,*,#3895,.F.);
#5510=ORIENTED_EDGE('',*,*,#3885,.T.);
#5511=ORIENTED_EDGE('',*,*,#3750,.F.);
#5512=ORIENTED_EDGE('',*,*,#3664,.F.);
#5513=ORIENTED_EDGE('',*,*,#3670,.F.);
#5514=ORIENTED_EDGE('',*,*,#3864,.T.);
#5515=ORIENTED_EDGE('',*,*,#3673,.F.);
#5516=ORIENTED_EDGE('',*,*,#3679,.F.);
#5517=ORIENTED_EDGE('',*,*,#3684,.F.);
#5518=ORIENTED_EDGE('',*,*,#3903,.F.);
#5519=ORIENTED_EDGE('',*,*,#3894,.F.);
#5520=ORIENTED_EDGE('',*,*,#3904,.F.);
#5521=ORIENTED_EDGE('',*,*,#3752,.F.);
#5522=ORIENTED_EDGE('',*,*,#3890,.F.);
#5523=ORIENTED_EDGE('',*,*,#3905,.F.);
#5524=ORIENTED_EDGE('',*,*,#3675,.F.);
#5525=ORIENTED_EDGE('',*,*,#3869,.F.);
#5526=ORIENTED_EDGE('',*,*,#3882,.F.);
#5527=ORIENTED_EDGE('',*,*,#3877,.F.);
#5528=ORIENTED_EDGE('',*,*,#3668,.F.);
#5529=ORIENTED_EDGE('',*,*,#3906,.F.);
#5530=ORIENTED_EDGE('',*,*,#3898,.F.);
#5531=ORIENTED_EDGE('',*,*,#3901,.F.);
#5532=ORIENTED_EDGE('',*,*,#3886,.F.);
#5533=ORIENTED_EDGE('',*,*,#3865,.F.);
#5534=ORIENTED_EDGE('',*,*,#3682,.F.);
#5535=ORIENTED_EDGE('',*,*,#3907,.F.);
#5536=ORIENTED_EDGE('',*,*,#3879,.F.);
#5537=ORIENTED_EDGE('',*,*,#3872,.F.);
#5538=ORIENTED_EDGE('',*,*,#3908,.F.);
#5539=ORIENTED_EDGE('',*,*,#3753,.T.);
#5540=ORIENTED_EDGE('',*,*,#3904,.T.);
#5541=ORIENTED_EDGE('',*,*,#3893,.F.);
#5542=ORIENTED_EDGE('',*,*,#3757,.T.);
#5543=ORIENTED_EDGE('',*,*,#3909,.F.);
#5544=ORIENTED_EDGE('',*,*,#3910,.F.);
#5545=ORIENTED_EDGE('',*,*,#3909,.T.);
#5546=ORIENTED_EDGE('',*,*,#3756,.T.);
#5547=ORIENTED_EDGE('',*,*,#3911,.F.);
#5548=ORIENTED_EDGE('',*,*,#3912,.F.);
#5549=ORIENTED_EDGE('',*,*,#3911,.T.);
#5550=ORIENTED_EDGE('',*,*,#3755,.T.);
#5551=ORIENTED_EDGE('',*,*,#3899,.T.);
#5552=ORIENTED_EDGE('',*,*,#3906,.T.);
#5553=ORIENTED_EDGE('',*,*,#3667,.F.);
#5554=ORIENTED_EDGE('',*,*,#3749,.T.);
#5555=ORIENTED_EDGE('',*,*,#3913,.F.);
#5556=ORIENTED_EDGE('',*,*,#3243,.T.);
#5557=ORIENTED_EDGE('',*,*,#3914,.T.);
#5558=ORIENTED_EDGE('',*,*,#3239,.T.);
#5559=ORIENTED_EDGE('',*,*,#3915,.F.);
#5560=ORIENTED_EDGE('',*,*,#3910,.T.);
#5561=ORIENTED_EDGE('',*,*,#3916,.F.);
#5562=ORIENTED_EDGE('',*,*,#3908,.T.);
#5563=ORIENTED_EDGE('',*,*,#3915,.T.);
#5564=ORIENTED_EDGE('',*,*,#3238,.T.);
#5565=ORIENTED_EDGE('',*,*,#3913,.T.);
#5566=ORIENTED_EDGE('',*,*,#3240,.T.);
#5567=ORIENTED_EDGE('',*,*,#3916,.T.);
#5568=ORIENTED_EDGE('',*,*,#3912,.T.);
#5569=ORIENTED_EDGE('',*,*,#3917,.F.);
#5570=ORIENTED_EDGE('',*,*,#3241,.T.);
#5571=ORIENTED_EDGE('',*,*,#3917,.T.);
#5572=ORIENTED_EDGE('',*,*,#3666,.T.);
#5573=ORIENTED_EDGE('',*,*,#3918,.F.);
#5574=ORIENTED_EDGE('',*,*,#3242,.T.);
#5575=ORIENTED_EDGE('',*,*,#3918,.T.);
#5576=ORIENTED_EDGE('',*,*,#3662,.T.);
#5577=ORIENTED_EDGE('',*,*,#3914,.F.);
#5578=ORIENTED_EDGE('',*,*,#3919,.F.);
#5579=ORIENTED_EDGE('',*,*,#3676,.T.);
#5580=ORIENTED_EDGE('',*,*,#3905,.T.);
#5581=ORIENTED_EDGE('',*,*,#3876,.F.);
#5582=ORIENTED_EDGE('',*,*,#3659,.T.);
#5583=ORIENTED_EDGE('',*,*,#3920,.F.);
#5584=ORIENTED_EDGE('',*,*,#3921,.F.);
#5585=ORIENTED_EDGE('',*,*,#3920,.T.);
#5586=ORIENTED_EDGE('',*,*,#3658,.T.);
#5587=ORIENTED_EDGE('',*,*,#3922,.F.);
#5588=ORIENTED_EDGE('',*,*,#3923,.F.);
#5589=ORIENTED_EDGE('',*,*,#3922,.T.);
#5590=ORIENTED_EDGE('',*,*,#3657,.T.);
#5591=ORIENTED_EDGE('',*,*,#3880,.T.);
#5592=ORIENTED_EDGE('',*,*,#3907,.T.);
#5593=ORIENTED_EDGE('',*,*,#3681,.F.);
#5594=ORIENTED_EDGE('',*,*,#3677,.T.);
#5595=ORIENTED_EDGE('',*,*,#3924,.F.);
#5596=ORIENTED_EDGE('',*,*,#3256,.T.);
#5597=ORIENTED_EDGE('',*,*,#3925,.T.);
#5598=ORIENTED_EDGE('',*,*,#3253,.T.);
#5599=ORIENTED_EDGE('',*,*,#3926,.F.);
#5600=ORIENTED_EDGE('',*,*,#3921,.T.);
#5601=ORIENTED_EDGE('',*,*,#3927,.F.);
#5602=ORIENTED_EDGE('',*,*,#3671,.T.);
#5603=ORIENTED_EDGE('',*,*,#3928,.F.);
#5604=ORIENTED_EDGE('',*,*,#3257,.T.);
#5605=ORIENTED_EDGE('',*,*,#3924,.T.);
#5606=ORIENTED_EDGE('',*,*,#3252,.T.);
#5607=ORIENTED_EDGE('',*,*,#3928,.T.);
#5608=ORIENTED_EDGE('',*,*,#3919,.T.);
#5609=ORIENTED_EDGE('',*,*,#3926,.T.);
#5610=ORIENTED_EDGE('',*,*,#3254,.T.);
#5611=ORIENTED_EDGE('',*,*,#3927,.T.);
#5612=ORIENTED_EDGE('',*,*,#3923,.T.);
#5613=ORIENTED_EDGE('',*,*,#3929,.F.);
#5614=ORIENTED_EDGE('',*,*,#3255,.T.);
#5615=ORIENTED_EDGE('',*,*,#3929,.T.);
#5616=ORIENTED_EDGE('',*,*,#3680,.T.);
#5617=ORIENTED_EDGE('',*,*,#3925,.F.);
#5618=ORIENTED_EDGE('',*,*,#3930,.F.);
#5619=ORIENTED_EDGE('',*,*,#3137,.T.);
#5620=ORIENTED_EDGE('',*,*,#3706,.F.);
#5621=ORIENTED_EDGE('',*,*,#3781,.F.);
#5622=ORIENTED_EDGE('',*,*,#3931,.F.);
#5623=ORIENTED_EDGE('',*,*,#3932,.F.);
#5624=ORIENTED_EDGE('',*,*,#3933,.F.);
#5625=ORIENTED_EDGE('',*,*,#3139,.F.);
#5626=ORIENTED_EDGE('',*,*,#3934,.F.);
#5627=ORIENTED_EDGE('',*,*,#3935,.T.);
#5628=ORIENTED_EDGE('',*,*,#3936,.F.);
#5629=ORIENTED_EDGE('',*,*,#3935,.F.);
#5630=ORIENTED_EDGE('',*,*,#3937,.F.);
#5631=ORIENTED_EDGE('',*,*,#3938,.F.);
#5632=ORIENTED_EDGE('',*,*,#3939,.F.);
#5633=ORIENTED_EDGE('',*,*,#3940,.F.);
#5634=ORIENTED_EDGE('',*,*,#3931,.T.);
#5635=ORIENTED_EDGE('',*,*,#3799,.F.);
#5636=ORIENTED_EDGE('',*,*,#3941,.T.);
#5637=ORIENTED_EDGE('',*,*,#3942,.F.);
#5638=ORIENTED_EDGE('',*,*,#3943,.F.);
#5639=ORIENTED_EDGE('',*,*,#3941,.F.);
#5640=ORIENTED_EDGE('',*,*,#3797,.F.);
#5641=ORIENTED_EDGE('',*,*,#3792,.F.);
#5642=ORIENTED_EDGE('',*,*,#3366,.T.);
#5643=ORIENTED_EDGE('',*,*,#3813,.F.);
#5644=ORIENTED_EDGE('',*,*,#3811,.F.);
#5645=ORIENTED_EDGE('',*,*,#3807,.F.);
#5646=ORIENTED_EDGE('',*,*,#3381,.T.);
#5647=ORIENTED_EDGE('',*,*,#3794,.F.);
#5648=ORIENTED_EDGE('',*,*,#3822,.F.);
#5649=ORIENTED_EDGE('',*,*,#3831,.F.);
#5650=ORIENTED_EDGE('',*,*,#3825,.F.);
#5651=ORIENTED_EDGE('',*,*,#3823,.F.);
#5652=ORIENTED_EDGE('',*,*,#3655,.F.);
#5653=ORIENTED_EDGE('',*,*,#3156,.F.);
#5654=ORIENTED_EDGE('',*,*,#3143,.F.);
#5655=ORIENTED_EDGE('',*,*,#3944,.F.);
#5656=ORIENTED_EDGE('',*,*,#3940,.T.);
#5657=ORIENTED_EDGE('',*,*,#3945,.F.);
#5658=ORIENTED_EDGE('',*,*,#3138,.T.);
#5659=ORIENTED_EDGE('',*,*,#3930,.T.);
#5660=ORIENTED_EDGE('',*,*,#3946,.F.);
#5661=ORIENTED_EDGE('',*,*,#3934,.T.);
#5662=ORIENTED_EDGE('',*,*,#3944,.T.);
#5663=ORIENTED_EDGE('',*,*,#3937,.T.);
#5664=ORIENTED_EDGE('',*,*,#3946,.T.);
#5665=ORIENTED_EDGE('',*,*,#3932,.T.);
#5666=ORIENTED_EDGE('',*,*,#3947,.F.);
#5667=ORIENTED_EDGE('',*,*,#3938,.T.);
#5668=ORIENTED_EDGE('',*,*,#3945,.T.);
#5669=ORIENTED_EDGE('',*,*,#3943,.T.);
#5670=ORIENTED_EDGE('',*,*,#3948,.F.);
#5671=ORIENTED_EDGE('',*,*,#3949,.F.);
#5672=ORIENTED_EDGE('',*,*,#3942,.T.);
#5673=ORIENTED_EDGE('',*,*,#3142,.T.);
#5674=ORIENTED_EDGE('',*,*,#3950,.T.);
#5675=ORIENTED_EDGE('',*,*,#3951,.F.);
#5676=ORIENTED_EDGE('',*,*,#3952,.F.);
#5677=ORIENTED_EDGE('',*,*,#3950,.F.);
#5678=ORIENTED_EDGE('',*,*,#3141,.F.);
#5679=ORIENTED_EDGE('',*,*,#3140,.T.);
#5680=ORIENTED_EDGE('',*,*,#3933,.T.);
#5681=ORIENTED_EDGE('',*,*,#3953,.F.);
#5682=ORIENTED_EDGE('',*,*,#3951,.T.);
#5683=ORIENTED_EDGE('',*,*,#3953,.T.);
#5684=ORIENTED_EDGE('',*,*,#3936,.T.);
#5685=ORIENTED_EDGE('',*,*,#3954,.F.);
#5686=ORIENTED_EDGE('',*,*,#3952,.T.);
#5687=ORIENTED_EDGE('',*,*,#3955,.F.);
#5688=ORIENTED_EDGE('',*,*,#3948,.T.);
#5689=ORIENTED_EDGE('',*,*,#3954,.T.);
#5690=ORIENTED_EDGE('',*,*,#3939,.T.);
#5691=ORIENTED_EDGE('',*,*,#3955,.T.);
#5692=ORIENTED_EDGE('',*,*,#3947,.T.);
#5693=ORIENTED_EDGE('',*,*,#3949,.T.);
#5694=CONICAL_SURFACE('',#6090,1.29999999999999,0.785398163398813);
#5695=CONICAL_SURFACE('',#6151,2.5,0.785398163397224);
#5696=CONICAL_SURFACE('',#6176,2.5,0.785398163397066);
#5697=CONICAL_SURFACE('',#6182,1.8,0.785398163398787);
#5698=CONICAL_SURFACE('',#6189,1.8,0.785398163399303);
#5699=CONICAL_SURFACE('',#6215,1.9,0.7853981633986);
#5700=CONICAL_SURFACE('',#6216,1.9,0.785398163398347);
#5701=CONICAL_SURFACE('',#6242,1.9625,0.785398163397449);
#5702=CONICAL_SURFACE('',#6353,0.800000000000002,0.785398163397549);
#5703=CONICAL_SURFACE('',#6356,9.8,0.78539816339939);
#5704=CONICAL_SURFACE('',#6359,3.8,0.785398163401299);
#5705=CONICAL_SURFACE('',#6368,3.8,0.785398163397421);
#5706=CONICAL_SURFACE('',#6401,2.8,0.785398163397491);
#5707=CONICAL_SURFACE('',#6422,1.64999999999999,0.785398163397311);
#5708=CONICAL_SURFACE('',#6436,2.19999999999993,0.785397763015766);
#5709=CONICAL_SURFACE('',#6438,3.2,0.785398163397314);
#5710=CONICAL_SURFACE('',#6440,3.20000000000001,0.785398163397614);
#5711=CONICAL_SURFACE('',#6442,0.300000000000005,0.785398163397583);
#5712=CONICAL_SURFACE('',#6445,1.19999999999996,0.785397763023628);
#5713=CONICAL_SURFACE('',#6449,0.800000000000063,0.785397763015562);
#5714=CONICAL_SURFACE('',#6452,23.5231471362138,0.785397763015561);
#5715=CONICAL_SURFACE('',#6462,23.5231471362137,0.785398163386131);
#5716=CONICAL_SURFACE('',#6463,0.799999999999974,0.785398163395154);
#5717=CONICAL_SURFACE('',#6465,1.2,0.785398163397035);
#5718=CONICAL_SURFACE('',#6469,0.600000000000004,0.785398163397387);
#5719=CONICAL_SURFACE('',#6472,0.799999999999998,0.785398163397469);
#5720=CONICAL_SURFACE('',#6480,0.799999999999999,0.785398163397568);
#5721=CONICAL_SURFACE('',#6488,0.8,0.785398163397419);
#5722=CONICAL_SURFACE('',#6504,1.92795978316809,0.785397763015579);
#5723=CONICAL_SURFACE('',#6514,4.28262554981465,0.785398207884219);
#5724=CONICAL_SURFACE('',#6540,3.99999999999958,0.785398163390011);
#5725=CONICAL_SURFACE('',#6542,4.00000000000043,0.785398163389148);
#5726=CONICAL_SURFACE('',#6544,4.00000000000042,0.785398163389122);
#5727=CONICAL_SURFACE('',#6546,3.99999999999958,0.785398163389982);
#5728=CONICAL_SURFACE('',#6549,2.69999999999999,0.785398163397427);
#5729=CONICAL_SURFACE('',#6551,0.800000000000004,0.785398163397444);
#5730=CONICAL_SURFACE('',#6553,0.800000000000007,0.785398163397758);
#5731=ADVANCED_FACE('',(#413),#5694,.F.);
#5732=ADVANCED_FACE('',(#414),#332,.F.);
#5733=ADVANCED_FACE('',(#415,#101),#135,.F.);
#5734=ADVANCED_FACE('',(#416),#333,.F.);
#5735=ADVANCED_FACE('',(#417),#334,.F.);
#5736=ADVANCED_FACE('',(#418),#136,.F.);
#5737=ADVANCED_FACE('',(#419),#335,.T.);
#5738=ADVANCED_FACE('',(#420),#30,.T.);
#5739=ADVANCED_FACE('',(#421),#137,.F.);
#5740=ADVANCED_FACE('',(#422,#102),#138,.F.);
#5741=ADVANCED_FACE('',(#423),#139,.F.);
#5742=ADVANCED_FACE('',(#424,#103,#104),#140,.F.);
#5743=ADVANCED_FACE('',(#425),#141,.F.);
#5744=ADVANCED_FACE('',(#426,#105),#142,.F.);
#5745=ADVANCED_FACE('',(#427),#143,.T.);
#5746=ADVANCED_FACE('',(#428),#144,.T.);
#5747=ADVANCED_FACE('',(#429),#145,.F.);
#5748=ADVANCED_FACE('',(#430),#146,.T.);
#5749=ADVANCED_FACE('',(#431),#27,.T.);
#5750=ADVANCED_FACE('',(#432),#147,.T.);
#5751=ADVANCED_FACE('',(#433),#28,.T.);
#5752=ADVANCED_FACE('',(#434),#148,.T.);
#5753=ADVANCED_FACE('',(#435),#29,.T.);
#5754=ADVANCED_FACE('',(#436),#149,.T.);
#5755=ADVANCED_FACE('',(#437),#150,.T.);
#5756=ADVANCED_FACE('',(#438),#31,.F.);
#5757=ADVANCED_FACE('',(#439),#32,.F.);
#5758=ADVANCED_FACE('',(#440),#33,.F.);
#5759=ADVANCED_FACE('',(#441,#106),#151,.T.);
#5760=ADVANCED_FACE('',(#442),#34,.F.);
#5761=ADVANCED_FACE('',(#443),#35,.F.);
#5762=ADVANCED_FACE('',(#444),#36,.F.);
#5763=ADVANCED_FACE('',(#445),#37,.F.);
#5764=ADVANCED_FACE('',(#446),#152,.T.);
#5765=ADVANCED_FACE('',(#447),#5695,.F.);
#5766=ADVANCED_FACE('',(#448,#107,#108,#109,#110,#111,#112,#113,#114,#115,
#116,#117,#118,#119),#153,.F.);
#5767=ADVANCED_FACE('',(#449),#336,.F.);
#5768=ADVANCED_FACE('',(#450),#5696,.F.);
#5769=ADVANCED_FACE('',(#451),#337,.F.);
#5770=ADVANCED_FACE('',(#452),#154,.T.);
#5771=ADVANCED_FACE('',(#453),#155,.T.);
#5772=ADVANCED_FACE('',(#454),#38,.T.);
#5773=ADVANCED_FACE('',(#455),#5697,.F.);
#5774=ADVANCED_FACE('',(#456),#39,.T.);
#5775=ADVANCED_FACE('',(#457),#40,.T.);
#5776=ADVANCED_FACE('',(#458,#120,#121),#156,.T.);
#5777=ADVANCED_FACE('',(#459),#338,.F.);
#5778=ADVANCED_FACE('',(#460),#41,.T.);
#5779=ADVANCED_FACE('',(#461),#5698,.F.);
#5780=ADVANCED_FACE('',(#462),#42,.T.);
#5781=ADVANCED_FACE('',(#463),#43,.T.);
#5782=ADVANCED_FACE('',(#464),#339,.F.);
#5783=ADVANCED_FACE('',(#465),#157,.T.);
#5784=ADVANCED_FACE('',(#466),#158,.T.);
#5785=ADVANCED_FACE('',(#467),#159,.T.);
#5786=ADVANCED_FACE('',(#468),#160,.T.);
#5787=ADVANCED_FACE('',(#469),#161,.F.);
#5788=ADVANCED_FACE('',(#470),#162,.F.);
#5789=ADVANCED_FACE('',(#471),#163,.T.);
#5790=ADVANCED_FACE('',(#472),#164,.T.);
#5791=ADVANCED_FACE('',(#473),#165,.T.);
#5792=ADVANCED_FACE('',(#474),#166,.T.);
#5793=ADVANCED_FACE('',(#475),#167,.F.);
#5794=ADVANCED_FACE('',(#476),#168,.F.);
#5795=ADVANCED_FACE('',(#477),#169,.T.);
#5796=ADVANCED_FACE('',(#478),#170,.T.);
#5797=ADVANCED_FACE('',(#479),#171,.T.);
#5798=ADVANCED_FACE('',(#480),#172,.T.);
#5799=ADVANCED_FACE('',(#481),#173,.F.);
#5800=ADVANCED_FACE('',(#482),#174,.T.);
#5801=ADVANCED_FACE('',(#483),#175,.T.);
#5802=ADVANCED_FACE('',(#484),#176,.T.);
#5803=ADVANCED_FACE('',(#485),#177,.T.);
#5804=ADVANCED_FACE('',(#486),#178,.F.);
#5805=ADVANCED_FACE('',(#487),#5699,.F.);
#5806=ADVANCED_FACE('',(#488),#5700,.F.);
#5807=ADVANCED_FACE('',(#489),#340,.T.);
#5808=ADVANCED_FACE('',(#490),#341,.F.);
#5809=ADVANCED_FACE('',(#491,#122),#179,.T.);
#5810=ADVANCED_FACE('',(#492),#342,.T.);
#5811=ADVANCED_FACE('',(#493),#343,.T.);
#5812=ADVANCED_FACE('',(#494),#344,.F.);
#5813=ADVANCED_FACE('',(#495,#123),#180,.T.);
#5814=ADVANCED_FACE('',(#496),#345,.T.);
#5815=ADVANCED_FACE('',(#497),#346,.F.);
#5816=ADVANCED_FACE('',(#498),#347,.F.);
#5817=ADVANCED_FACE('',(#499),#5701,.F.);
#5818=ADVANCED_FACE('',(#500),#348,.F.);
#5819=ADVANCED_FACE('',(#501),#181,.T.);
#5820=ADVANCED_FACE('',(#502),#182,.T.);
#5821=ADVANCED_FACE('',(#503),#183,.T.);
#5822=ADVANCED_FACE('',(#504),#184,.T.);
#5823=ADVANCED_FACE('',(#505),#185,.T.);
#5824=ADVANCED_FACE('',(#506),#186,.T.);
#5825=ADVANCED_FACE('',(#507),#187,.F.);
#5826=ADVANCED_FACE('',(#508),#188,.F.);
#5827=ADVANCED_FACE('',(#509),#189,.F.);
#5828=ADVANCED_FACE('',(#510),#18,.T.);
#5829=ADVANCED_FACE('',(#511),#349,.T.);
#5830=ADVANCED_FACE('',(#512),#190,.T.);
#5831=ADVANCED_FACE('',(#513),#191,.T.);
#5832=ADVANCED_FACE('',(#514),#350,.T.);
#5833=ADVANCED_FACE('',(#515),#192,.T.);
#5834=ADVANCED_FACE('',(#516),#351,.F.);
#5835=ADVANCED_FACE('',(#517),#352,.T.);
#5836=ADVANCED_FACE('',(#518,#124),#193,.F.);
#5837=ADVANCED_FACE('',(#519),#194,.F.);
#5838=ADVANCED_FACE('',(#520),#195,.F.);
#5839=ADVANCED_FACE('',(#521),#196,.F.);
#5840=ADVANCED_FACE('',(#522,#125),#197,.F.);
#5841=ADVANCED_FACE('',(#523),#198,.F.);
#5842=ADVANCED_FACE('',(#524),#199,.F.);
#5843=ADVANCED_FACE('',(#525),#200,.F.);
#5844=ADVANCED_FACE('',(#526),#201,.F.);
#5845=ADVANCED_FACE('',(#527),#202,.T.);
#5846=ADVANCED_FACE('',(#528),#203,.T.);
#5847=ADVANCED_FACE('',(#529),#204,.F.);
#5848=ADVANCED_FACE('',(#530),#205,.F.);
#5849=ADVANCED_FACE('',(#531),#206,.F.);
#5850=ADVANCED_FACE('',(#532),#207,.T.);
#5851=ADVANCED_FACE('',(#533),#208,.T.);
#5852=ADVANCED_FACE('',(#534),#19,.F.);
#5853=ADVANCED_FACE('',(#535),#353,.T.);
#5854=ADVANCED_FACE('',(#536),#354,.T.);
#5855=ADVANCED_FACE('',(#537,#126,#127),#209,.T.);
#5856=ADVANCED_FACE('',(#538),#355,.T.);
#5857=ADVANCED_FACE('',(#539),#356,.T.);
#5858=ADVANCED_FACE('',(#540),#210,.F.);
#5859=ADVANCED_FACE('',(#541),#357,.T.);
#5860=ADVANCED_FACE('',(#542),#358,.T.);
#5861=ADVANCED_FACE('',(#543),#359,.F.);
#5862=ADVANCED_FACE('',(#544),#211,.T.);
#5863=ADVANCED_FACE('',(#545),#212,.T.);
#5864=ADVANCED_FACE('',(#546),#213,.F.);
#5865=ADVANCED_FACE('',(#547),#214,.F.);
#5866=ADVANCED_FACE('',(#548),#360,.T.);
#5867=ADVANCED_FACE('',(#549),#361,.F.);
#5868=ADVANCED_FACE('',(#550),#215,.F.);
#5869=ADVANCED_FACE('',(#551,#128),#216,.T.);
#5870=ADVANCED_FACE('',(#552),#362,.F.);
#5871=ADVANCED_FACE('',(#553),#217,.F.);
#5872=ADVANCED_FACE('',(#554),#218,.T.);
#5873=ADVANCED_FACE('',(#555),#219,.T.);
#5874=ADVANCED_FACE('',(#556),#220,.F.);
#5875=ADVANCED_FACE('',(#557),#363,.F.);
#5876=ADVANCED_FACE('',(#558),#221,.F.);
#5877=ADVANCED_FACE('',(#559),#222,.F.);
#5878=ADVANCED_FACE('',(#560,#129),#223,.F.);
#5879=ADVANCED_FACE('',(#561,#130),#224,.F.);
#5880=ADVANCED_FACE('',(#562),#5702,.T.);
#5881=ADVANCED_FACE('',(#563),#225,.T.);
#5882=ADVANCED_FACE('',(#564),#5703,.T.);
#5883=ADVANCED_FACE('',(#565),#226,.T.);
#5884=ADVANCED_FACE('',(#566),#5704,.T.);
#5885=ADVANCED_FACE('',(#567),#227,.F.);
#5886=ADVANCED_FACE('',(#568),#364,.T.);
#5887=ADVANCED_FACE('',(#569),#365,.T.);
#5888=ADVANCED_FACE('',(#570),#366,.T.);
#5889=ADVANCED_FACE('',(#571),#228,.F.);
#5890=ADVANCED_FACE('',(#572),#229,.F.);
#5891=ADVANCED_FACE('',(#573),#230,.F.);
#5892=ADVANCED_FACE('',(#574),#5705,.T.);
#5893=ADVANCED_FACE('',(#575),#231,.F.);
#5894=ADVANCED_FACE('',(#576),#367,.T.);
#5895=ADVANCED_FACE('',(#577),#368,.F.);
#5896=ADVANCED_FACE('',(#578,#131),#232,.F.);
#5897=ADVANCED_FACE('',(#579),#233,.T.);
#5898=ADVANCED_FACE('',(#580),#369,.F.);
#5899=ADVANCED_FACE('',(#581),#370,.T.);
#5900=ADVANCED_FACE('',(#582),#234,.F.);
#5901=ADVANCED_FACE('',(#583),#371,.F.);
#5902=ADVANCED_FACE('',(#584),#235,.F.);
#5903=ADVANCED_FACE('',(#585),#236,.T.);
#5904=ADVANCED_FACE('',(#586),#237,.F.);
#5905=ADVANCED_FACE('',(#587),#238,.T.);
#5906=ADVANCED_FACE('',(#588),#239,.T.);
#5907=ADVANCED_FACE('',(#589),#372,.T.);
#5908=ADVANCED_FACE('',(#590),#240,.T.);
#5909=ADVANCED_FACE('',(#591),#241,.T.);
#5910=ADVANCED_FACE('',(#592),#5706,.T.);
#5911=ADVANCED_FACE('',(#593),#242,.T.);
#5912=ADVANCED_FACE('',(#594),#20,.F.);
#5913=ADVANCED_FACE('',(#595),#373,.F.);
#5914=ADVANCED_FACE('',(#596),#374,.T.);
#5915=ADVANCED_FACE('',(#597),#375,.F.);
#5916=ADVANCED_FACE('',(#598),#243,.T.);
#5917=ADVANCED_FACE('',(#599),#244,.F.);
#5918=ADVANCED_FACE('',(#600),#376,.F.);
#5919=ADVANCED_FACE('',(#601),#245,.F.);
#5920=ADVANCED_FACE('',(#602),#246,.F.);
#5921=ADVANCED_FACE('',(#603),#247,.F.);
#5922=ADVANCED_FACE('',(#604),#248,.F.);
#5923=ADVANCED_FACE('',(#605),#249,.F.);
#5924=ADVANCED_FACE('',(#606),#250,.F.);
#5925=ADVANCED_FACE('',(#607),#377,.F.);
#5926=ADVANCED_FACE('',(#608),#5707,.F.);
#5927=ADVANCED_FACE('',(#609),#251,.T.);
#5928=ADVANCED_FACE('',(#610),#252,.F.);
#5929=ADVANCED_FACE('',(#611),#378,.T.);
#5930=ADVANCED_FACE('',(#612),#379,.F.);
#5931=ADVANCED_FACE('',(#613),#380,.F.);
#5932=ADVANCED_FACE('',(#614),#381,.F.);
#5933=ADVANCED_FACE('',(#615),#253,.T.);
#5934=ADVANCED_FACE('',(#616),#5708,.F.);
#5935=ADVANCED_FACE('',(#617),#5709,.F.);
#5936=ADVANCED_FACE('',(#618),#5710,.F.);
#5937=ADVANCED_FACE('',(#619),#5711,.T.);
#5938=ADVANCED_FACE('',(#620),#254,.T.);
#5939=ADVANCED_FACE('',(#621),#5712,.F.);
#5940=ADVANCED_FACE('',(#622),#255,.T.);
#5941=ADVANCED_FACE('',(#623),#5713,.T.);
#5942=ADVANCED_FACE('',(#624),#5714,.T.);
#5943=ADVANCED_FACE('',(#625),#382,.F.);
#5944=ADVANCED_FACE('',(#626),#256,.F.);
#5945=ADVANCED_FACE('',(#627),#383,.T.);
#5946=ADVANCED_FACE('',(#628),#384,.T.);
#5947=ADVANCED_FACE('',(#629),#5715,.T.);
#5948=ADVANCED_FACE('',(#630),#5716,.T.);
#5949=ADVANCED_FACE('',(#631),#257,.T.);
#5950=ADVANCED_FACE('',(#632),#5717,.F.);
#5951=ADVANCED_FACE('',(#633),#385,.F.);
#5952=ADVANCED_FACE('',(#634),#386,.F.);
#5953=ADVANCED_FACE('',(#635),#5718,.F.);
#5954=ADVANCED_FACE('',(#636),#258,.F.);
#5955=ADVANCED_FACE('',(#637),#259,.T.);
#5956=ADVANCED_FACE('',(#638),#5719,.T.);
#5957=ADVANCED_FACE('',(#639),#387,.T.);
#5958=ADVANCED_FACE('',(#640),#260,.T.);
#5959=ADVANCED_FACE('',(#641),#261,.T.);
#5960=ADVANCED_FACE('',(#642),#388,.T.);
#5961=ADVANCED_FACE('',(#643),#262,.T.);
#5962=ADVANCED_FACE('',(#644),#5720,.T.);
#5963=ADVANCED_FACE('',(#645),#389,.F.);
#5964=ADVANCED_FACE('',(#646),#263,.F.);
#5965=ADVANCED_FACE('',(#647),#390,.F.);
#5966=ADVANCED_FACE('',(#648),#391,.F.);
#5967=ADVANCED_FACE('',(#649),#264,.T.);
#5968=ADVANCED_FACE('',(#650),#5721,.T.);
#5969=ADVANCED_FACE('',(#651),#392,.T.);
#5970=ADVANCED_FACE('',(#652),#393,.F.);
#5971=ADVANCED_FACE('',(#653),#265,.T.);
#5972=ADVANCED_FACE('',(#654),#266,.F.);
#5973=ADVANCED_FACE('',(#655),#267,.T.);
#5974=ADVANCED_FACE('',(#656),#268,.T.);
#5975=ADVANCED_FACE('',(#657),#269,.T.);
#5976=ADVANCED_FACE('',(#658),#270,.F.);
#5977=ADVANCED_FACE('',(#659),#44,.T.);
#5978=ADVANCED_FACE('',(#660),#394,.T.);
#5979=ADVANCED_FACE('',(#661),#395,.T.);
#5980=ADVANCED_FACE('',(#662),#271,.T.);
#5981=ADVANCED_FACE('',(#663),#5722,.T.);
#5982=ADVANCED_FACE('',(#664),#272,.T.);
#5983=ADVANCED_FACE('',(#665),#273,.F.);
#5984=ADVANCED_FACE('',(#666),#45,.T.);
#5985=ADVANCED_FACE('',(#667),#396,.T.);
#5986=ADVANCED_FACE('',(#668,#132,#133),#274,.T.);
#5987=ADVANCED_FACE('',(#669),#275,.T.);
#5988=ADVANCED_FACE('',(#670),#5723,.T.);
#5989=ADVANCED_FACE('',(#671),#397,.T.);
#5990=ADVANCED_FACE('',(#672,#134),#276,.T.);
#5991=ADVANCED_FACE('',(#673),#277,.F.);
#5992=ADVANCED_FACE('',(#674),#398,.T.);
#5993=ADVANCED_FACE('',(#675),#46,.F.);
#5994=ADVANCED_FACE('',(#676),#399,.T.);
#5995=ADVANCED_FACE('',(#677),#400,.T.);
#5996=ADVANCED_FACE('',(#678),#401,.T.);
#5997=ADVANCED_FACE('',(#679),#15,.T.);
#5998=ADVANCED_FACE('',(#680),#402,.T.);
#5999=ADVANCED_FACE('',(#681),#16,.T.);
#6000=ADVANCED_FACE('',(#682),#278,.F.);
#6001=ADVANCED_FACE('',(#683),#403,.F.);
#6002=ADVANCED_FACE('',(#684),#404,.F.);
#6003=ADVANCED_FACE('',(#685),#5724,.F.);
#6004=ADVANCED_FACE('',(#686),#279,.T.);
#6005=ADVANCED_FACE('',(#687),#5725,.F.);
#6006=ADVANCED_FACE('',(#688),#280,.T.);
#6007=ADVANCED_FACE('',(#689),#5726,.F.);
#6008=ADVANCED_FACE('',(#690),#281,.T.);
#6009=ADVANCED_FACE('',(#691),#5727,.F.);
#6010=ADVANCED_FACE('',(#692),#282,.T.);
#6011=ADVANCED_FACE('',(#693),#283,.T.);
#6012=ADVANCED_FACE('',(#694),#5728,.F.);
#6013=ADVANCED_FACE('',(#695),#284,.T.);
#6014=ADVANCED_FACE('',(#696),#5729,.T.);
#6015=ADVANCED_FACE('',(#697),#285,.T.);
#6016=ADVANCED_FACE('',(#698),#5730,.T.);
#6017=ADVANCED_FACE('',(#699),#286,.T.);
#6018=ADVANCED_FACE('',(#700),#287,.T.);
#6019=ADVANCED_FACE('',(#701),#405,.F.);
#6020=ADVANCED_FACE('',(#702),#406,.F.);
#6021=ADVANCED_FACE('',(#703),#288,.T.);
#6022=ADVANCED_FACE('',(#704),#289,.F.);
#6023=ADVANCED_FACE('',(#705),#290,.T.);
#6024=ADVANCED_FACE('',(#706),#291,.F.);
#6025=ADVANCED_FACE('',(#707),#292,.T.);
#6026=ADVANCED_FACE('',(#708),#293,.F.);
#6027=ADVANCED_FACE('',(#709),#294,.T.);
#6028=ADVANCED_FACE('',(#710),#295,.F.);
#6029=ADVANCED_FACE('',(#711),#296,.T.);
#6030=ADVANCED_FACE('',(#712),#297,.F.);
#6031=ADVANCED_FACE('',(#713),#298,.T.);
#6032=ADVANCED_FACE('',(#714),#299,.F.);
#6033=ADVANCED_FACE('',(#715),#300,.T.);
#6034=ADVANCED_FACE('',(#716),#301,.F.);
#6035=ADVANCED_FACE('',(#717),#302,.T.);
#6036=ADVANCED_FACE('',(#718),#303,.F.);
#6037=ADVANCED_FACE('',(#719),#304,.T.);
#6038=ADVANCED_FACE('',(#720),#305,.T.);
#6039=ADVANCED_FACE('',(#721),#306,.F.);
#6040=ADVANCED_FACE('',(#722),#307,.F.);
#6041=ADVANCED_FACE('',(#723),#308,.F.);
#6042=ADVANCED_FACE('',(#724),#309,.F.);
#6043=ADVANCED_FACE('',(#725),#310,.F.);
#6044=ADVANCED_FACE('',(#726),#311,.F.);
#6045=ADVANCED_FACE('',(#727),#312,.F.);
#6046=ADVANCED_FACE('',(#728),#313,.T.);
#6047=ADVANCED_FACE('',(#729),#314,.T.);
#6048=ADVANCED_FACE('',(#730),#315,.T.);
#6049=ADVANCED_FACE('',(#731),#316,.T.);
#6050=ADVANCED_FACE('',(#732),#317,.T.);
#6051=ADVANCED_FACE('',(#733),#318,.T.);
#6052=ADVANCED_FACE('',(#734),#319,.F.);
#6053=ADVANCED_FACE('',(#735),#320,.F.);
#6054=ADVANCED_FACE('',(#736),#321,.F.);
#6055=ADVANCED_FACE('',(#737),#322,.T.);
#6056=ADVANCED_FACE('',(#738),#323,.T.);
#6057=ADVANCED_FACE('',(#739),#324,.T.);
#6058=ADVANCED_FACE('',(#740),#325,.T.);
#6059=ADVANCED_FACE('',(#741),#326,.T.);
#6060=ADVANCED_FACE('',(#742),#327,.T.);
#6061=ADVANCED_FACE('',(#743),#328,.T.);
#6062=ADVANCED_FACE('',(#744),#329,.F.);
#6063=ADVANCED_FACE('',(#745),#407,.F.);
#6064=ADVANCED_FACE('',(#746),#408,.T.);
#6065=ADVANCED_FACE('',(#747),#330,.F.);
#6066=ADVANCED_FACE('',(#748),#17,.T.);
#6067=ADVANCED_FACE('',(#749),#409,.T.);
#6068=ADVANCED_FACE('',(#750),#21,.T.);
#6069=ADVANCED_FACE('',(#751),#410,.T.);
#6070=ADVANCED_FACE('',(#752),#411,.T.);
#6071=ADVANCED_FACE('',(#753),#331,.T.);
#6072=ADVANCED_FACE('',(#754),#412,.F.);
#6073=ADVANCED_FACE('',(#755),#22,.F.);
#6074=ADVANCED_FACE('',(#756),#47,.T.);
#6075=ADVANCED_FACE('',(#757),#48,.T.);
#6076=CLOSED_SHELL('',(#5731,#5732,#5733,#5734,#5735,#5736,#5737,#5738,
#5739,#5740,#5741,#5742,#5743,#5744,#5745,#5746,#5747,#5748,#5749,#5750,
#5751,#5752,#5753,#5754,#5755,#5756,#5757,#5758,#5759,#5760,#5761,#5762,
#5763,#5764,#5765,#5766,#5767,#5768,#5769,#5770,#5771,#5772,#5773,#5774,
#5775,#5776,#5777,#5778,#5779,#5780,#5781,#5782,#5783,#5784,#5785,#5786,
#5787,#5788,#5789,#5790,#5791,#5792,#5793,#5794,#5795,#5796,#5797,#5798,
#5799,#5800,#5801,#5802,#5803,#5804,#5805,#5806,#5807,#5808,#5809,#5810,
#5811,#5812,#5813,#5814,#5815,#5816,#5817,#5818,#5819,#5820,#5821,#5822,
#5823,#5824,#5825,#5826,#5827,#5828,#5829,#5830,#5831,#5832,#5833,#5834,
#5835,#5836,#5837,#5838,#5839,#5840,#5841,#5842,#5843,#5844,#5845,#5846,
#5847,#5848,#5849,#5850,#5851,#5852,#5853,#5854,#5855,#5856,#5857,#5858,
#5859,#5860,#5861,#5862,#5863,#5864,#5865,#5866,#5867,#5868,#5869,#5870,
#5871,#5872,#5873,#5874,#5875,#5876,#5877,#5878,#5879,#5880,#5881,#5882,
#5883,#5884,#5885,#5886,#5887,#5888,#5889,#5890,#5891,#5892,#5893,#5894,
#5895,#5896,#5897,#5898,#5899,#5900,#5901,#5902,#5903,#5904,#5905,#5906,
#5907,#5908,#5909,#5910,#5911,#5912,#5913,#5914,#5915,#5916,#5917,#5918,
#5919,#5920,#5921,#5922,#5923,#5924,#5925,#5926,#5927,#5928,#5929,#5930,
#5931,#5932,#5933,#5934,#5935,#5936,#5937,#5938,#5939,#5940,#5941,#5942,
#5943,#5944,#5945,#5946,#5947,#5948,#5949,#5950,#5951,#5952,#5953,#5954,
#5955,#5956,#5957,#5958,#5959,#5960,#5961,#5962,#5963,#5964,#5965,#5966,
#5967,#5968,#5969,#5970,#5971,#5972,#5973,#5974,#5975,#5976,#5977,#5978,
#5979,#5980,#5981,#5982,#5983,#5984,#5985,#5986,#5987,#5988,#5989,#5990,
#5991,#5992,#5993,#5994,#5995,#5996,#5997,#5998,#5999,#6000,#6001,#6002,
#6003,#6004,#6005,#6006,#6007,#6008,#6009,#6010,#6011,#6012,#6013,#6014,
#6015,#6016,#6017,#6018,#6019,#6020,#6021,#6022,#6023,#6024,#6025,#6026,
#6027,#6028,#6029,#6030,#6031,#6032,#6033,#6034,#6035,#6036,#6037,#6038,
#6039,#6040,#6041,#6042,#6043,#6044,#6045,#6046,#6047,#6048,#6049,#6050,
#6051,#6052,#6053,#6054,#6055,#6056,#6057,#6058,#6059,#6060,#6061,#6062,
#6063,#6064,#6065,#6066,#6067,#6068,#6069,#6070,#6071,#6072,#6073,#6074,
#6075));
#6077=DERIVED_UNIT_ELEMENT(#6079,1.);
#6078=DERIVED_UNIT_ELEMENT(#10934,-3.);
#6079=(
MASS_UNIT()
NAMED_UNIT(*)
SI_UNIT(.KILO.,.GRAM.)
);
#6080=DERIVED_UNIT((#6077,#6078));
#6081=MEASURE_REPRESENTATION_ITEM('density measure',
POSITIVE_RATIO_MEASURE(7850.),#6080);
#6082=PROPERTY_DEFINITION_REPRESENTATION(#6087,#6084);
#6083=PROPERTY_DEFINITION_REPRESENTATION(#6088,#6085);
#6084=REPRESENTATION('material name',(#6086),#10931);
#6085=REPRESENTATION('density',(#6081),#10931);
#6086=DESCRIPTIVE_REPRESENTATION_ITEM('Steel','Steel');
#6087=PROPERTY_DEFINITION('material property','material name',#10941);
#6088=PROPERTY_DEFINITION('material property','density of part',#10941);
#6089=AXIS2_PLACEMENT_3D('',#8321,#6632,#6633);
#6090=AXIS2_PLACEMENT_3D('',#8322,#6634,#6635);
#6091=AXIS2_PLACEMENT_3D('',#8324,#6636,#6637);
#6092=AXIS2_PLACEMENT_3D('',#8327,#6639,#6640);
#6093=AXIS2_PLACEMENT_3D('',#8328,#6641,#6642);
#6094=AXIS2_PLACEMENT_3D('',#8331,#6644,#6645);
#6095=AXIS2_PLACEMENT_3D('',#8332,#6646,#6647);
#6096=AXIS2_PLACEMENT_3D('',#8341,#6652,#6653);
#6097=AXIS2_PLACEMENT_3D('',#8346,#6655,#6656);
#6098=AXIS2_PLACEMENT_3D('',#8360,#6658,#6659);
#6099=AXIS2_PLACEMENT_3D('',#8361,#6660,#6661);
#6100=AXIS2_PLACEMENT_3D('',#8365,#6663,#6664);
#6101=AXIS2_PLACEMENT_3D('',#8367,#6665,#6666);
#6102=AXIS2_PLACEMENT_3D('',#8369,#6668,#6669);
#6103=AXIS2_PLACEMENT_3D('',#8375,#6672,#6673);
#6104=AXIS2_PLACEMENT_3D('',#8377,#6675,#6676);
#6105=AXIS2_PLACEMENT_3D('',#8379,#6677,#6678);
#6106=AXIS2_PLACEMENT_3D('',#8436,#6680,#6681);
#6107=AXIS2_PLACEMENT_3D('',#8440,#6683,#6684);
#6108=AXIS2_PLACEMENT_3D('',#8444,#6687,#6688);
#6109=AXIS2_PLACEMENT_3D('',#8446,#6689,#6690);
#6110=AXIS2_PLACEMENT_3D('',#8450,#6692,#6693);
#6111=AXIS2_PLACEMENT_3D('',#8457,#6697,#6698);
#6112=AXIS2_PLACEMENT_3D('',#8458,#6699,#6700);
#6113=AXIS2_PLACEMENT_3D('',#8470,#6707,#6708);
#6114=AXIS2_PLACEMENT_3D('',#8472,#6709,#6710);
#6115=AXIS2_PLACEMENT_3D('',#8473,#6711,#6712);
#6116=AXIS2_PLACEMENT_3D('',#8475,#6713,#6714);
#6117=AXIS2_PLACEMENT_3D('',#8479,#6716,#6717);
#6118=AXIS2_PLACEMENT_3D('',#8483,#6719,#6720);
#6119=AXIS2_PLACEMENT_3D('',#8487,#6722,#6723);
#6120=AXIS2_PLACEMENT_3D('',#8491,#6725,#6726);
#6121=AXIS2_PLACEMENT_3D('',#8497,#6729,#6730);
#6122=AXIS2_PLACEMENT_3D('',#8499,#6731,#6732);
#6123=AXIS2_PLACEMENT_3D('',#8501,#6733,#6734);
#6124=AXIS2_PLACEMENT_3D('',#8502,#6735,#6736);
#6125=AXIS2_PLACEMENT_3D('',#8505,#6737,#6738);
#6126=AXIS2_PLACEMENT_3D('',#8507,#6739,#6740);
#6127=AXIS2_PLACEMENT_3D('',#8509,#6741,#6742);
#6128=AXIS2_PLACEMENT_3D('',#8510,#6743,#6744);
#6129=AXIS2_PLACEMENT_3D('',#8511,#6745,#6746);
#6130=AXIS2_PLACEMENT_3D('',#8518,#6750,#6751);
#6131=AXIS2_PLACEMENT_3D('',#8521,#6753,#6754);
#6132=AXIS2_PLACEMENT_3D('',#8525,#6757,#6758);
#6133=AXIS2_PLACEMENT_3D('',#8530,#6762,#6763);
#6134=AXIS2_PLACEMENT_3D('',#8536,#6767,#6768);
#6135=AXIS2_PLACEMENT_3D('',#8538,#6770,#6771);
#6136=AXIS2_PLACEMENT_3D('',#8570,#6774,#6775);
#6137=AXIS2_PLACEMENT_3D('',#8572,#6776,#6777);
#6138=AXIS2_PLACEMENT_3D('',#8573,#6778,#6779);
#6139=AXIS2_PLACEMENT_3D('',#8574,#6780,#6781);
#6140=AXIS2_PLACEMENT_3D('',#8603,#6782,#6783);
#6141=AXIS2_PLACEMENT_3D('',#8605,#6784,#6785);
#6142=AXIS2_PLACEMENT_3D('',#8606,#6786,#6787);
#6143=AXIS2_PLACEMENT_3D('',#8607,#6788,#6789);
#6144=AXIS2_PLACEMENT_3D('',#8636,#6790,#6791);
#6145=AXIS2_PLACEMENT_3D('',#8638,#6792,#6793);
#6146=AXIS2_PLACEMENT_3D('',#8639,#6794,#6795);
#6147=AXIS2_PLACEMENT_3D('',#8640,#6796,#6797);
#6148=AXIS2_PLACEMENT_3D('',#8641,#6798,#6799);
#6149=AXIS2_PLACEMENT_3D('',#8771,#6803,#6804);
#6150=AXIS2_PLACEMENT_3D('',#8972,#6809,#6810);
#6151=AXIS2_PLACEMENT_3D('',#8973,#6811,#6812);
#6152=AXIS2_PLACEMENT_3D('',#8975,#6813,#6814);
#6153=AXIS2_PLACEMENT_3D('',#8978,#6816,#6817);
#6154=AXIS2_PLACEMENT_3D('',#8979,#6818,#6819);
#6155=AXIS2_PLACEMENT_3D('',#8981,#6820,#6821);
#6156=AXIS2_PLACEMENT_3D('',#8985,#6823,#6824);
#6157=AXIS2_PLACEMENT_3D('',#8989,#6826,#6827);
#6158=AXIS2_PLACEMENT_3D('',#9007,#6834,#6835);
#6159=AXIS2_PLACEMENT_3D('',#9011,#6837,#6838);
#6160=AXIS2_PLACEMENT_3D('',#9015,#6840,#6841);
#6161=AXIS2_PLACEMENT_3D('',#9019,#6843,#6844);
#6162=AXIS2_PLACEMENT_3D('',#9023,#6846,#6847);
#6163=AXIS2_PLACEMENT_3D('',#9029,#6850,#6851);
#6164=AXIS2_PLACEMENT_3D('',#9032,#6853,#6854);
#6165=AXIS2_PLACEMENT_3D('',#9034,#6855,#6856);
#6166=AXIS2_PLACEMENT_3D('',#9038,#6858,#6859);
#6167=AXIS2_PLACEMENT_3D('',#9041,#6861,#6862);
#6168=AXIS2_PLACEMENT_3D('',#9051,#6867,#6868);
#6169=AXIS2_PLACEMENT_3D('',#9068,#6876,#6877);
#6170=AXIS2_PLACEMENT_3D('',#9072,#6879,#6880);
#6171=AXIS2_PLACEMENT_3D('',#9076,#6882,#6883);
#6172=AXIS2_PLACEMENT_3D('',#9079,#6885,#6886);
#6173=AXIS2_PLACEMENT_3D('',#9105,#6899,#6900);
#6174=AXIS2_PLACEMENT_3D('',#9114,#6905,#6906);
#6175=AXIS2_PLACEMENT_3D('',#9117,#6908,#6909);
#6176=AXIS2_PLACEMENT_3D('',#9118,#6910,#6911);
#6177=AXIS2_PLACEMENT_3D('',#9120,#6912,#6913);
#6178=AXIS2_PLACEMENT_3D('',#9122,#6915,#6916);
#6179=AXIS2_PLACEMENT_3D('',#9125,#6918,#6919);
#6180=AXIS2_PLACEMENT_3D('',#9126,#6920,#6921);
#6181=AXIS2_PLACEMENT_3D('',#9127,#6922,#6923);
#6182=AXIS2_PLACEMENT_3D('',#9189,#6926,#6927);
#6183=AXIS2_PLACEMENT_3D('',#9194,#6929,#6930);
#6184=AXIS2_PLACEMENT_3D('',#9197,#6932,#6933);
#6185=AXIS2_PLACEMENT_3D('',#9250,#6934,#6935);
#6186=AXIS2_PLACEMENT_3D('',#9262,#6941,#6942);
#6187=AXIS2_PLACEMENT_3D('',#9280,#6952,#6953);
#6188=AXIS2_PLACEMENT_3D('',#9282,#6954,#6955);
#6189=AXIS2_PLACEMENT_3D('',#9357,#6959,#6960);
#6190=AXIS2_PLACEMENT_3D('',#9361,#6962,#6963);
#6191=AXIS2_PLACEMENT_3D('',#9415,#6965,#6966);
#6192=AXIS2_PLACEMENT_3D('',#9417,#6967,#6968);
#6193=AXIS2_PLACEMENT_3D('',#9419,#6970,#6971);
#6194=AXIS2_PLACEMENT_3D('',#9425,#6975,#6976);
#6195=AXIS2_PLACEMENT_3D('',#9429,#6979,#6980);
#6196=AXIS2_PLACEMENT_3D('',#9433,#6983,#6984);
#6197=AXIS2_PLACEMENT_3D('',#9435,#6986,#6987);
#6198=AXIS2_PLACEMENT_3D('',#9441,#6991,#6992);
#6199=AXIS2_PLACEMENT_3D('',#9445,#6995,#6996);
#6200=AXIS2_PLACEMENT_3D('',#9451,#7000,#7001);
#6201=AXIS2_PLACEMENT_3D('',#9455,#7004,#7005);
#6202=AXIS2_PLACEMENT_3D('',#9459,#7008,#7009);
#6203=AXIS2_PLACEMENT_3D('',#9461,#7011,#7012);
#6204=AXIS2_PLACEMENT_3D('',#9467,#7016,#7017);
#6205=AXIS2_PLACEMENT_3D('',#9471,#7020,#7021);
#6206=AXIS2_PLACEMENT_3D('',#9474,#7024,#7025);
#6207=AXIS2_PLACEMENT_3D('',#9478,#7028,#7029);
#6208=AXIS2_PLACEMENT_3D('',#9481,#7032,#7033);
#6209=AXIS2_PLACEMENT_3D('',#9482,#7034,#7035);
#6210=AXIS2_PLACEMENT_3D('',#9484,#7037,#7038);
#6211=AXIS2_PLACEMENT_3D('',#9487,#7041,#7042);
#6212=AXIS2_PLACEMENT_3D('',#9491,#7045,#7046);
#6213=AXIS2_PLACEMENT_3D('',#9494,#7049,#7050);
#6214=AXIS2_PLACEMENT_3D('',#9495,#7051,#7052);
#6215=AXIS2_PLACEMENT_3D('',#9497,#7054,#7055);
#6216=AXIS2_PLACEMENT_3D('',#9499,#7057,#7058);
#6217=AXIS2_PLACEMENT_3D('',#9501,#7060,#7061);
#6218=AXIS2_PLACEMENT_3D('',#9504,#7062,#7063);
#6219=AXIS2_PLACEMENT_3D('',#9507,#7066,#7067);
#6220=AXIS2_PLACEMENT_3D('',#9509,#7068,#7069);
#6221=AXIS2_PLACEMENT_3D('',#9511,#7071,#7072);
#6222=AXIS2_PLACEMENT_3D('',#9516,#7074,#7075);
#6223=AXIS2_PLACEMENT_3D('',#9520,#7077,#7078);
#6224=AXIS2_PLACEMENT_3D('',#9523,#7080,#7081);
#6225=AXIS2_PLACEMENT_3D('',#9525,#7082,#7083);
#6226=AXIS2_PLACEMENT_3D('',#9526,#7084,#7085);
#6227=AXIS2_PLACEMENT_3D('',#9527,#7086,#7087);
#6228=AXIS2_PLACEMENT_3D('',#9529,#7089,#7090);
#6229=AXIS2_PLACEMENT_3D('',#9532,#7091,#7092);
#6230=AXIS2_PLACEMENT_3D('',#9535,#7095,#7096);
#6231=AXIS2_PLACEMENT_3D('',#9537,#7097,#7098);
#6232=AXIS2_PLACEMENT_3D('',#9539,#7100,#7101);
#6233=AXIS2_PLACEMENT_3D('',#9542,#7102,#7103);
#6234=AXIS2_PLACEMENT_3D('',#9546,#7105,#7106);
#6235=AXIS2_PLACEMENT_3D('',#9550,#7108,#7109);
#6236=AXIS2_PLACEMENT_3D('',#9552,#7110,#7111);
#6237=AXIS2_PLACEMENT_3D('',#9555,#7113,#7114);
#6238=AXIS2_PLACEMENT_3D('',#9556,#7115,#7116);
#6239=AXIS2_PLACEMENT_3D('',#9557,#7117,#7118);
#6240=AXIS2_PLACEMENT_3D('',#9559,#7120,#7121);
#6241=AXIS2_PLACEMENT_3D('',#9560,#7122,#7123);
#6242=AXIS2_PLACEMENT_3D('',#9561,#7124,#7125);
#6243=AXIS2_PLACEMENT_3D('',#9563,#7126,#7127);
#6244=AXIS2_PLACEMENT_3D('',#9567,#7129,#7130);
#6245=AXIS2_PLACEMENT_3D('',#9568,#7131,#7132);
#6246=AXIS2_PLACEMENT_3D('',#9569,#7133,#7134);
#6247=AXIS2_PLACEMENT_3D('',#9571,#7135,#7136);
#6248=AXIS2_PLACEMENT_3D('',#9573,#7138,#7139);
#6249=AXIS2_PLACEMENT_3D('',#9579,#7143,#7144);
#6250=AXIS2_PLACEMENT_3D('',#9583,#7147,#7148);
#6251=AXIS2_PLACEMENT_3D('',#9587,#7151,#7152);
#6252=AXIS2_PLACEMENT_3D('',#9591,#7155,#7156);
#6253=AXIS2_PLACEMENT_3D('',#9595,#7159,#7160);
#6254=AXIS2_PLACEMENT_3D('',#9597,#7162,#7163);
#6255=AXIS2_PLACEMENT_3D('',#9603,#7167,#7168);
#6256=AXIS2_PLACEMENT_3D('',#9611,#7173,#7174);
#6257=AXIS2_PLACEMENT_3D('',#9619,#7179,#7180);
#6258=AXIS2_PLACEMENT_3D('',#9622,#7181,#7182);
#6259=AXIS2_PLACEMENT_3D('',#9624,#7183,#7184);
#6260=AXIS2_PLACEMENT_3D('',#9632,#7185,#7186);
#6261=AXIS2_PLACEMENT_3D('',#9633,#7187,#7188);
#6262=AXIS2_PLACEMENT_3D('',#9636,#7189,#7190);
#6263=AXIS2_PLACEMENT_3D('',#9639,#7193,#7194);
#6264=AXIS2_PLACEMENT_3D('',#9644,#7197,#7198);
#6265=AXIS2_PLACEMENT_3D('',#9648,#7201,#7202);
#6266=AXIS2_PLACEMENT_3D('',#9652,#7204,#7205);
#6267=AXIS2_PLACEMENT_3D('',#9656,#7207,#7208);
#6268=AXIS2_PLACEMENT_3D('',#9659,#7210,#7211);
#6269=AXIS2_PLACEMENT_3D('',#9660,#7212,#7213);
#6270=AXIS2_PLACEMENT_3D('',#9663,#7215,#7216);
#6271=AXIS2_PLACEMENT_3D('',#9664,#7217,#7218);
#6272=AXIS2_PLACEMENT_3D('',#9668,#7221,#7222);
#6273=AXIS2_PLACEMENT_3D('',#9671,#7224,#7225);
#6274=AXIS2_PLACEMENT_3D('',#9672,#7226,#7227);
#6275=AXIS2_PLACEMENT_3D('',#9675,#7229,#7230);
#6276=AXIS2_PLACEMENT_3D('',#9676,#7231,#7232);
#6277=AXIS2_PLACEMENT_3D('',#9680,#7234,#7235);
#6278=AXIS2_PLACEMENT_3D('',#9686,#7238,#7239);
#6279=AXIS2_PLACEMENT_3D('',#9690,#7241,#7242);
#6280=AXIS2_PLACEMENT_3D('',#9694,#7244,#7245);
#6281=AXIS2_PLACEMENT_3D('',#9698,#7247,#7248);
#6282=AXIS2_PLACEMENT_3D('',#9701,#7250,#7251);
#6283=AXIS2_PLACEMENT_3D('',#9703,#7252,#7253);
#6284=AXIS2_PLACEMENT_3D('',#9704,#7254,#7255);
#6285=AXIS2_PLACEMENT_3D('',#9715,#7262,#7263);
#6286=AXIS2_PLACEMENT_3D('',#9724,#7268,#7269);
#6287=AXIS2_PLACEMENT_3D('',#9733,#7274,#7275);
#6288=AXIS2_PLACEMENT_3D('',#9737,#7278,#7279);
#6289=AXIS2_PLACEMENT_3D('',#9738,#7280,#7281);
#6290=AXIS2_PLACEMENT_3D('',#9741,#7284,#7285);
#6291=AXIS2_PLACEMENT_3D('',#9747,#7289,#7290);
#6292=AXIS2_PLACEMENT_3D('',#9753,#7294,#7295);
#6293=AXIS2_PLACEMENT_3D('',#9757,#7298,#7299);
#6294=AXIS2_PLACEMENT_3D('',#9761,#7302,#7303);
#6295=AXIS2_PLACEMENT_3D('',#9763,#7305,#7306);
#6296=AXIS2_PLACEMENT_3D('',#9765,#7308,#7309);
#6297=AXIS2_PLACEMENT_3D('',#9767,#7311,#7312);
#6298=AXIS2_PLACEMENT_3D('',#9768,#7313,#7314);
#6299=AXIS2_PLACEMENT_3D('',#9773,#7318,#7319);
#6300=AXIS2_PLACEMENT_3D('',#9787,#7324,#7325);
#6301=AXIS2_PLACEMENT_3D('',#9788,#7326,#7327);
#6302=AXIS2_PLACEMENT_3D('',#9789,#7328,#7329);
#6303=AXIS2_PLACEMENT_3D('',#9790,#7330,#7331);
#6304=AXIS2_PLACEMENT_3D('',#9791,#7332,#7333);
#6305=AXIS2_PLACEMENT_3D('',#9794,#7335,#7336);
#6306=AXIS2_PLACEMENT_3D('',#9795,#7337,#7338);
#6307=AXIS2_PLACEMENT_3D('',#9799,#7340,#7341);
#6308=AXIS2_PLACEMENT_3D('',#9809,#7347,#7348);
#6309=AXIS2_PLACEMENT_3D('',#9822,#7349,#7350);
#6310=AXIS2_PLACEMENT_3D('',#9824,#7352,#7353);
#6311=AXIS2_PLACEMENT_3D('',#9826,#7355,#7356);
#6312=AXIS2_PLACEMENT_3D('',#9840,#7364,#7365);
#6313=AXIS2_PLACEMENT_3D('',#9841,#7366,#7367);
#6314=AXIS2_PLACEMENT_3D('',#9843,#7369,#7370);
#6315=AXIS2_PLACEMENT_3D('',#9845,#7371,#7372);
#6316=AXIS2_PLACEMENT_3D('',#9847,#7374,#7375);
#6317=AXIS2_PLACEMENT_3D('',#9849,#7377,#7378);
#6318=AXIS2_PLACEMENT_3D('',#9850,#7379,#7380);
#6319=AXIS2_PLACEMENT_3D('',#9852,#7381,#7382);
#6320=AXIS2_PLACEMENT_3D('',#9858,#7386,#7387);
#6321=AXIS2_PLACEMENT_3D('',#9864,#7391,#7392);
#6322=AXIS2_PLACEMENT_3D('',#9866,#7393,#7394);
#6323=AXIS2_PLACEMENT_3D('',#9868,#7396,#7397);
#6324=AXIS2_PLACEMENT_3D('',#9870,#7398,#7399);
#6325=AXIS2_PLACEMENT_3D('',#9872,#7401,#7402);
#6326=AXIS2_PLACEMENT_3D('',#9876,#7405,#7406);
#6327=AXIS2_PLACEMENT_3D('',#9878,#7407,#7408);
#6328=AXIS2_PLACEMENT_3D('',#9884,#7411,#7412);
#6329=AXIS2_PLACEMENT_3D('',#9888,#7414,#7415);
#6330=AXIS2_PLACEMENT_3D('',#9892,#7417,#7418);
#6331=AXIS2_PLACEMENT_3D('',#9894,#7420,#7421);
#6332=AXIS2_PLACEMENT_3D('',#9896,#7422,#7423);
#6333=AXIS2_PLACEMENT_3D('',#9898,#7425,#7426);
#6334=AXIS2_PLACEMENT_3D('',#9902,#7429,#7430);
#6335=AXIS2_PLACEMENT_3D('',#9904,#7432,#7433);
#6336=AXIS2_PLACEMENT_3D('',#9913,#7438,#7439);
#6337=AXIS2_PLACEMENT_3D('',#9922,#7444,#7445);
#6338=AXIS2_PLACEMENT_3D('',#9926,#7447,#7448);
#6339=AXIS2_PLACEMENT_3D('',#9928,#7450,#7451);
#6340=AXIS2_PLACEMENT_3D('',#9932,#7454,#7455);
#6341=AXIS2_PLACEMENT_3D('',#9936,#7458,#7459);
#6342=AXIS2_PLACEMENT_3D('',#9941,#7461,#7462);
#6343=AXIS2_PLACEMENT_3D('',#9948,#7466,#7467);
#6344=AXIS2_PLACEMENT_3D('',#9951,#7469,#7470);
#6345=AXIS2_PLACEMENT_3D('',#9952,#7471,#7472);
#6346=AXIS2_PLACEMENT_3D('',#9957,#7475,#7476);
#6347=AXIS2_PLACEMENT_3D('',#9959,#7477,#7478);
#6348=AXIS2_PLACEMENT_3D('',#9963,#7480,#7481);
#6349=AXIS2_PLACEMENT_3D('',#9972,#7486,#7487);
#6350=AXIS2_PLACEMENT_3D('',#9975,#7489,#7490);
#6351=AXIS2_PLACEMENT_3D('',#9977,#7491,#7492);
#6352=AXIS2_PLACEMENT_3D('',#9980,#7494,#7495);
#6353=AXIS2_PLACEMENT_3D('',#9981,#7496,#7497);
#6354=AXIS2_PLACEMENT_3D('',#9984,#7499,#7500);
#6355=AXIS2_PLACEMENT_3D('',#9986,#7502,#7503);
#6356=AXIS2_PLACEMENT_3D('',#9988,#7505,#7506);
#6357=AXIS2_PLACEMENT_3D('',#9989,#7507,#7508);
#6358=AXIS2_PLACEMENT_3D('',#9991,#7510,#7511);
#6359=AXIS2_PLACEMENT_3D('',#9993,#7513,#7514);
#6360=AXIS2_PLACEMENT_3D('',#9996,#7516,#7517);
#6361=AXIS2_PLACEMENT_3D('',#9997,#7518,#7519);
#6362=AXIS2_PLACEMENT_3D('',#10001,#7522,#7523);
#6363=AXIS2_PLACEMENT_3D('',#10003,#7525,#7526);
#6364=AXIS2_PLACEMENT_3D('',#10004,#7527,#7528);
#6365=AXIS2_PLACEMENT_3D('',#10006,#7530,#7531);
#6366=AXIS2_PLACEMENT_3D('',#10007,#7532,#7533);
#6367=AXIS2_PLACEMENT_3D('',#10008,#7534,#7535);
#6368=AXIS2_PLACEMENT_3D('',#10010,#7537,#7538);
#6369=AXIS2_PLACEMENT_3D('',#10011,#7539,#7540);
#6370=AXIS2_PLACEMENT_3D('',#10012,#7541,#7542);
#6371=AXIS2_PLACEMENT_3D('',#10014,#7544,#7545);
#6372=AXIS2_PLACEMENT_3D('',#10015,#7546,#7547);
#6373=AXIS2_PLACEMENT_3D('',#10017,#7549,#7550);
#6374=AXIS2_PLACEMENT_3D('',#10018,#7551,#7552);
#6375=AXIS2_PLACEMENT_3D('',#10021,#7554,#7555);
#6376=AXIS2_PLACEMENT_3D('',#10023,#7556,#7557);
#6377=AXIS2_PLACEMENT_3D('',#10024,#7558,#7559);
#6378=AXIS2_PLACEMENT_3D('',#10026,#7560,#7561);
#6379=AXIS2_PLACEMENT_3D('',#10027,#7562,#7563);
#6380=AXIS2_PLACEMENT_3D('',#10029,#7564,#7565);
#6381=AXIS2_PLACEMENT_3D('',#10031,#7567,#7568);
#6382=AXIS2_PLACEMENT_3D('',#10034,#7569,#7570);
#6383=AXIS2_PLACEMENT_3D('',#10038,#7572,#7573);
#6384=AXIS2_PLACEMENT_3D('',#10040,#7575,#7576);
#6385=AXIS2_PLACEMENT_3D('',#10046,#7580,#7581);
#6386=AXIS2_PLACEMENT_3D('',#10048,#7582,#7583);
#6387=AXIS2_PLACEMENT_3D('',#10051,#7585,#7586);
#6388=AXIS2_PLACEMENT_3D('',#10052,#7587,#7588);
#6389=AXIS2_PLACEMENT_3D('',#10055,#7589,#7590);
#6390=AXIS2_PLACEMENT_3D('',#10060,#7593,#7594);
#6391=AXIS2_PLACEMENT_3D('',#10063,#7596,#7597);
#6392=AXIS2_PLACEMENT_3D('',#10064,#7598,#7599);
#6393=AXIS2_PLACEMENT_3D('',#10072,#7602,#7603);
#6394=AXIS2_PLACEMENT_3D('',#10079,#7606,#7607);
#6395=AXIS2_PLACEMENT_3D('',#10083,#7610,#7611);
#6396=AXIS2_PLACEMENT_3D('',#10092,#7617,#7618);
#6397=AXIS2_PLACEMENT_3D('',#10096,#7621,#7622);
#6398=AXIS2_PLACEMENT_3D('',#10098,#7623,#7624);
#6399=AXIS2_PLACEMENT_3D('',#10100,#7626,#7627);
#6400=AXIS2_PLACEMENT_3D('',#10102,#7629,#7630);
#6401=AXIS2_PLACEMENT_3D('',#10104,#7632,#7633);
#6402=AXIS2_PLACEMENT_3D('',#10106,#7635,#7636);
#6403=AXIS2_PLACEMENT_3D('',#10107,#7637,#7638);
#6404=AXIS2_PLACEMENT_3D('',#10151,#7639,#7640);
#6405=AXIS2_PLACEMENT_3D('',#10152,#7641,#7642);
#6406=AXIS2_PLACEMENT_3D('',#10153,#7643,#7644);
#6407=AXIS2_PLACEMENT_3D('',#10154,#7645,#7646);
#6408=AXIS2_PLACEMENT_3D('',#10155,#7647,#7648);
#6409=AXIS2_PLACEMENT_3D('',#10156,#7649,#7650);
#6410=AXIS2_PLACEMENT_3D('',#10158,#7652,#7653);
#6411=AXIS2_PLACEMENT_3D('',#10167,#7658,#7659);
#6412=AXIS2_PLACEMENT_3D('',#10170,#7662,#7663);
#6413=AXIS2_PLACEMENT_3D('',#10171,#7664,#7665);
#6414=AXIS2_PLACEMENT_3D('',#10180,#7670,#7671);
#6415=AXIS2_PLACEMENT_3D('',#10190,#7677,#7678);
#6416=AXIS2_PLACEMENT_3D('',#10203,#7685,#7686);
#6417=AXIS2_PLACEMENT_3D('',#10209,#7690,#7691);
#6418=AXIS2_PLACEMENT_3D('',#10219,#7697,#7698);
#6419=AXIS2_PLACEMENT_3D('',#10220,#7699,#7700);
#6420=AXIS2_PLACEMENT_3D('',#10221,#7701,#7702);
#6421=AXIS2_PLACEMENT_3D('',#10223,#7703,#7704);
#6422=AXIS2_PLACEMENT_3D('',#10225,#7706,#7707);
#6423=AXIS2_PLACEMENT_3D('',#10228,#7709,#7710);
#6424=AXIS2_PLACEMENT_3D('',#10229,#7711,#7712);
#6425=AXIS2_PLACEMENT_3D('',#10231,#7713,#7714);
#6426=AXIS2_PLACEMENT_3D('',#10233,#7716,#7717);
#6427=AXIS2_PLACEMENT_3D('',#10246,#7723,#7724);
#6428=AXIS2_PLACEMENT_3D('',#10248,#7725,#7726);
#6429=AXIS2_PLACEMENT_3D('',#10250,#7728,#7729);
#6430=AXIS2_PLACEMENT_3D('',#10252,#7730,#7731);
#6431=AXIS2_PLACEMENT_3D('',#10254,#7733,#7734);
#6432=AXIS2_PLACEMENT_3D('',#10257,#7735,#7736);
#6433=AXIS2_PLACEMENT_3D('',#10260,#7739,#7740);
#6434=AXIS2_PLACEMENT_3D('',#10262,#7741,#7742);
#6435=AXIS2_PLACEMENT_3D('',#10265,#7745,#7746);
#6436=AXIS2_PLACEMENT_3D('',#10269,#7749,#7750);
#6437=AXIS2_PLACEMENT_3D('',#10272,#7752,#7753);
#6438=AXIS2_PLACEMENT_3D('',#10273,#7754,#7755);
#6439=AXIS2_PLACEMENT_3D('',#10277,#7757,#7758);
#6440=AXIS2_PLACEMENT_3D('',#10279,#7760,#7761);
#6441=AXIS2_PLACEMENT_3D('',#10283,#7763,#7764);
#6442=AXIS2_PLACEMENT_3D('',#10285,#7766,#7767);
#6443=AXIS2_PLACEMENT_3D('',#10288,#7769,#7770);
#6444=AXIS2_PLACEMENT_3D('',#10289,#7771,#7772);
#6445=AXIS2_PLACEMENT_3D('',#10293,#7775,#7776);
#6446=AXIS2_PLACEMENT_3D('',#10297,#7778,#7779);
#6447=AXIS2_PLACEMENT_3D('',#10298,#7780,#7781);
#6448=AXIS2_PLACEMENT_3D('',#10299,#7782,#7783);
#6449=AXIS2_PLACEMENT_3D('',#10305,#7787,#7788);
#6450=AXIS2_PLACEMENT_3D('',#10309,#7790,#7791);
#6451=AXIS2_PLACEMENT_3D('',#10310,#7792,#7793);
#6452=AXIS2_PLACEMENT_3D('',#10311,#7794,#7795);
#6453=AXIS2_PLACEMENT_3D('',#10312,#7796,#7797);
#6454=AXIS2_PLACEMENT_3D('',#10313,#7798,#7799);
#6455=AXIS2_PLACEMENT_3D('',#10314,#7800,#7801);
#6456=AXIS2_PLACEMENT_3D('',#10316,#7802,#7803);
#6457=AXIS2_PLACEMENT_3D('',#10318,#7805,#7806);
#6458=AXIS2_PLACEMENT_3D('',#10322,#7809,#7810);
#6459=AXIS2_PLACEMENT_3D('',#10324,#7811,#7812);
#6460=AXIS2_PLACEMENT_3D('',#10326,#7814,#7815);
#6461=AXIS2_PLACEMENT_3D('',#10327,#7816,#7817);
#6462=AXIS2_PLACEMENT_3D('',#10328,#7818,#7819);
#6463=AXIS2_PLACEMENT_3D('',#10333,#7821,#7822);
#6464=AXIS2_PLACEMENT_3D('',#10335,#7824,#7825);
#6465=AXIS2_PLACEMENT_3D('',#10337,#7827,#7828);
#6466=AXIS2_PLACEMENT_3D('',#10338,#7829,#7830);
#6467=AXIS2_PLACEMENT_3D('',#10347,#7832,#7833);
#6468=AXIS2_PLACEMENT_3D('',#10349,#7834,#7835);
#6469=AXIS2_PLACEMENT_3D('',#10351,#7837,#7838);
#6470=AXIS2_PLACEMENT_3D('',#10353,#7840,#7841);
#6471=AXIS2_PLACEMENT_3D('',#10363,#7847,#7848);
#6472=AXIS2_PLACEMENT_3D('',#10372,#7853,#7854);
#6473=AXIS2_PLACEMENT_3D('',#10375,#7856,#7857);
#6474=AXIS2_PLACEMENT_3D('',#10377,#7859,#7860);
#6475=AXIS2_PLACEMENT_3D('',#10379,#7862,#7863);
#6476=AXIS2_PLACEMENT_3D('',#10383,#7866,#7867);
#6477=AXIS2_PLACEMENT_3D('',#10387,#7870,#7871);
#6478=AXIS2_PLACEMENT_3D('',#10388,#7872,#7873);
#6479=AXIS2_PLACEMENT_3D('',#10389,#7874,#7875);
#6480=AXIS2_PLACEMENT_3D('',#10391,#7877,#7878);
#6481=AXIS2_PLACEMENT_3D('',#10392,#7879,#7880);
#6482=AXIS2_PLACEMENT_3D('',#10393,#7881,#7882);
#6483=AXIS2_PLACEMENT_3D('',#10399,#7886,#7887);
#6484=AXIS2_PLACEMENT_3D('',#10400,#7888,#7889);
#6485=AXIS2_PLACEMENT_3D('',#10401,#7890,#7891);
#6486=AXIS2_PLACEMENT_3D('',#10403,#7892,#7893);
#6487=AXIS2_PLACEMENT_3D('',#10405,#7895,#7896);
#6488=AXIS2_PLACEMENT_3D('',#10407,#7898,#7899);
#6489=AXIS2_PLACEMENT_3D('',#10408,#7900,#7901);
#6490=AXIS2_PLACEMENT_3D('',#10409,#7902,#7903);
#6491=AXIS2_PLACEMENT_3D('',#10410,#7904,#7905);
#6492=AXIS2_PLACEMENT_3D('',#10412,#7906,#7907);
#6493=AXIS2_PLACEMENT_3D('',#10414,#7909,#7910);
#6494=AXIS2_PLACEMENT_3D('',#10415,#7911,#7912);
#6495=AXIS2_PLACEMENT_3D('',#10419,#7915,#7916);
#6496=AXIS2_PLACEMENT_3D('',#10425,#7920,#7921);
#6497=AXIS2_PLACEMENT_3D('',#10429,#7924,#7925);
#6498=AXIS2_PLACEMENT_3D('',#10435,#7929,#7930);
#6499=AXIS2_PLACEMENT_3D('',#10473,#7932,#7933);
#6500=AXIS2_PLACEMENT_3D('',#10475,#7935,#7936);
#6501=AXIS2_PLACEMENT_3D('',#10477,#7938,#7939);
#6502=AXIS2_PLACEMENT_3D('',#10479,#7940,#7941);
#6503=AXIS2_PLACEMENT_3D('',#10481,#7943,#7944);
#6504=AXIS2_PLACEMENT_3D('',#10487,#7948,#7949);
#6505=AXIS2_PLACEMENT_3D('',#10488,#7950,#7951);
#6506=AXIS2_PLACEMENT_3D('',#10489,#7952,#7953);
#6507=AXIS2_PLACEMENT_3D('',#10490,#7954,#7955);
#6508=AXIS2_PLACEMENT_3D('',#10496,#7959,#7960);
#6509=AXIS2_PLACEMENT_3D('',#10534,#7962,#7963);
#6510=AXIS2_PLACEMENT_3D('',#10536,#7965,#7966);
#6511=AXIS2_PLACEMENT_3D('',#10538,#7968,#7969);
#6512=AXIS2_PLACEMENT_3D('',#10540,#7970,#7971);
#6513=AXIS2_PLACEMENT_3D('',#10542,#7973,#7974);
#6514=AXIS2_PLACEMENT_3D('',#10546,#7977,#7978);
#6515=AXIS2_PLACEMENT_3D('',#10547,#7979,#7980);
#6516=AXIS2_PLACEMENT_3D('',#10548,#7981,#7982);
#6517=AXIS2_PLACEMENT_3D('',#10550,#7984,#7985);
#6518=AXIS2_PLACEMENT_3D('',#10556,#7989,#7990);
#6519=AXIS2_PLACEMENT_3D('',#10565,#7995,#7996);
#6520=AXIS2_PLACEMENT_3D('',#10567,#7997,#7998);
#6521=AXIS2_PLACEMENT_3D('',#10618,#8000,#8001);
#6522=AXIS2_PLACEMENT_3D('',#10619,#8002,#8003);
#6523=AXIS2_PLACEMENT_3D('',#10622,#8005,#8006);
#6524=AXIS2_PLACEMENT_3D('',#10623,#8007,#8008);
#6525=AXIS2_PLACEMENT_3D('',#10624,#8009,#8010);
#6526=AXIS2_PLACEMENT_3D('',#10625,#8011,#8012);
#6527=AXIS2_PLACEMENT_3D('',#10626,#8013,#8014);
#6528=AXIS2_PLACEMENT_3D('',#10627,#8015,#8016);
#6529=AXIS2_PLACEMENT_3D('',#10628,#8017,#8018);
#6530=AXIS2_PLACEMENT_3D('',#10630,#8020,#8021);
#6531=AXIS2_PLACEMENT_3D('',#10631,#8022,#8023);
#6532=AXIS2_PLACEMENT_3D('',#10632,#8024,#8025);
#6533=AXIS2_PLACEMENT_3D('',#10633,#8026,#8027);
#6534=AXIS2_PLACEMENT_3D('',#10634,#8028,#8029);
#6535=AXIS2_PLACEMENT_3D('',#10635,#8030,#8031);
#6536=AXIS2_PLACEMENT_3D('',#10639,#8034,#8035);
#6537=AXIS2_PLACEMENT_3D('',#10640,#8036,#8037);
#6538=AXIS2_PLACEMENT_3D('',#10641,#8038,#8039);
#6539=AXIS2_PLACEMENT_3D('',#10642,#8040,#8041);
#6540=AXIS2_PLACEMENT_3D('',#10643,#8042,#8043);
#6541=AXIS2_PLACEMENT_3D('',#10646,#8046,#8047);
#6542=AXIS2_PLACEMENT_3D('',#10648,#8049,#8050);
#6543=AXIS2_PLACEMENT_3D('',#10650,#8052,#8053);
#6544=AXIS2_PLACEMENT_3D('',#10652,#8055,#8056);
#6545=AXIS2_PLACEMENT_3D('',#10654,#8058,#8059);
#6546=AXIS2_PLACEMENT_3D('',#10656,#8061,#8062);
#6547=AXIS2_PLACEMENT_3D('',#10658,#8064,#8065);
#6548=AXIS2_PLACEMENT_3D('',#10659,#8066,#8067);
#6549=AXIS2_PLACEMENT_3D('',#10660,#8068,#8069);
#6550=AXIS2_PLACEMENT_3D('',#10662,#8071,#8072);
#6551=AXIS2_PLACEMENT_3D('',#10664,#8074,#8075);
#6552=AXIS2_PLACEMENT_3D('',#10666,#8077,#8078);
#6553=AXIS2_PLACEMENT_3D('',#10668,#8080,#8081);
#6554=AXIS2_PLACEMENT_3D('',#10670,#8083,#8084);
#6555=AXIS2_PLACEMENT_3D('',#10672,#8086,#8087);
#6556=AXIS2_PLACEMENT_3D('',#10673,#8088,#8089);
#6557=AXIS2_PLACEMENT_3D('',#10677,#8091,#8092);
#6558=AXIS2_PLACEMENT_3D('',#10679,#8093,#8094);
#6559=AXIS2_PLACEMENT_3D('',#10681,#8095,#8096);
#6560=AXIS2_PLACEMENT_3D('',#10682,#8097,#8098);
#6561=AXIS2_PLACEMENT_3D('',#10683,#8099,#8100);
#6562=AXIS2_PLACEMENT_3D('',#10686,#8101,#8102);
#6563=AXIS2_PLACEMENT_3D('',#10688,#8103,#8104);
#6564=AXIS2_PLACEMENT_3D('',#10690,#8105,#8106);
#6565=AXIS2_PLACEMENT_3D('',#10691,#8107,#8108);
#6566=AXIS2_PLACEMENT_3D('',#10693,#8110,#8111);
#6567=AXIS2_PLACEMENT_3D('',#10697,#8114,#8115);
#6568=AXIS2_PLACEMENT_3D('',#10707,#8122,#8123);
#6569=AXIS2_PLACEMENT_3D('',#10711,#8126,#8127);
#6570=AXIS2_PLACEMENT_3D('',#10715,#8130,#8131);
#6571=AXIS2_PLACEMENT_3D('',#10719,#8134,#8135);
#6572=AXIS2_PLACEMENT_3D('',#10728,#8141,#8142);
#6573=AXIS2_PLACEMENT_3D('',#10730,#8144,#8145);
#6574=AXIS2_PLACEMENT_3D('',#10732,#8147,#8148);
#6575=AXIS2_PLACEMENT_3D('',#10736,#8151,#8152);
#6576=AXIS2_PLACEMENT_3D('',#10746,#8159,#8160);
#6577=AXIS2_PLACEMENT_3D('',#10750,#8163,#8164);
#6578=AXIS2_PLACEMENT_3D('',#10763,#8172,#8173);
#6579=AXIS2_PLACEMENT_3D('',#10765,#8175,#8176);
#6580=AXIS2_PLACEMENT_3D('',#10768,#8179,#8180);
#6581=AXIS2_PLACEMENT_3D('',#10769,#8181,#8182);
#6582=AXIS2_PLACEMENT_3D('',#10771,#8184,#8185);
#6583=AXIS2_PLACEMENT_3D('',#10772,#8186,#8187);
#6584=AXIS2_PLACEMENT_3D('',#10773,#8188,#8189);
#6585=AXIS2_PLACEMENT_3D('',#10775,#8191,#8192);
#6586=AXIS2_PLACEMENT_3D('',#10777,#8194,#8195);
#6587=AXIS2_PLACEMENT_3D('',#10779,#8197,#8198);
#6588=AXIS2_PLACEMENT_3D('',#10781,#8200,#8201);
#6589=AXIS2_PLACEMENT_3D('',#10785,#8204,#8205);
#6590=AXIS2_PLACEMENT_3D('',#10789,#8208,#8209);
#6591=AXIS2_PLACEMENT_3D('',#10791,#8211,#8212);
#6592=AXIS2_PLACEMENT_3D('',#10794,#8215,#8216);
#6593=AXIS2_PLACEMENT_3D('',#10797,#8219,#8220);
#6594=AXIS2_PLACEMENT_3D('',#10798,#8221,#8222);
#6595=AXIS2_PLACEMENT_3D('',#10800,#8224,#8225);
#6596=AXIS2_PLACEMENT_3D('',#10802,#8227,#8228);
#6597=AXIS2_PLACEMENT_3D('',#10803,#8229,#8230);
#6598=AXIS2_PLACEMENT_3D('',#10807,#8233,#8234);
#6599=AXIS2_PLACEMENT_3D('',#10811,#8237,#8238);
#6600=AXIS2_PLACEMENT_3D('',#10813,#8240,#8241);
#6601=AXIS2_PLACEMENT_3D('',#10816,#8244,#8245);
#6602=AXIS2_PLACEMENT_3D('',#10819,#8248,#8249);
#6603=AXIS2_PLACEMENT_3D('',#10821,#8251,#8252);
#6604=AXIS2_PLACEMENT_3D('',#10822,#8253,#8254);
#6605=AXIS2_PLACEMENT_3D('',#10824,#8256,#8257);
#6606=AXIS2_PLACEMENT_3D('',#10825,#8258,#8259);
#6607=AXIS2_PLACEMENT_3D('',#10830,#8262,#8263);
#6608=AXIS2_PLACEMENT_3D('',#10831,#8264,#8265);
#6609=AXIS2_PLACEMENT_3D('',#10837,#8269,#8270);
#6610=AXIS2_PLACEMENT_3D('',#10839,#8271,#8272);
#6611=AXIS2_PLACEMENT_3D('',#10841,#8273,#8274);
#6612=AXIS2_PLACEMENT_3D('',#10849,#8276,#8277);
#6613=AXIS2_PLACEMENT_3D('',#10851,#8278,#8279);
#6614=AXIS2_PLACEMENT_3D('',#10853,#8281,#8282);
#6615=AXIS2_PLACEMENT_3D('',#10857,#8285,#8286);
#6616=AXIS2_PLACEMENT_3D('',#10858,#8287,#8288);
#6617=AXIS2_PLACEMENT_3D('',#10859,#8289,#8290);
#6618=AXIS2_PLACEMENT_3D('',#10860,#8291,#8292);
#6619=AXIS2_PLACEMENT_3D('',#10861,#8293,#8294);
#6620=AXIS2_PLACEMENT_3D('',#10862,#8295,#8296);
#6621=AXIS2_PLACEMENT_3D('',#10863,#8297,#8298);
#6622=AXIS2_PLACEMENT_3D('',#10864,#8299,#8300);
#6623=AXIS2_PLACEMENT_3D('',#10865,#8301,#8302);
#6624=AXIS2_PLACEMENT_3D('',#10873,#8303,#8304);
#6625=AXIS2_PLACEMENT_3D('',#10875,#8306,#8307);
#6626=AXIS2_PLACEMENT_3D('',#10878,#8309,#8310);
#6627=AXIS2_PLACEMENT_3D('',#10879,#8311,#8312);
#6628=AXIS2_PLACEMENT_3D('',#10880,#8313,#8314);
#6629=AXIS2_PLACEMENT_3D('',#10881,#8315,#8316);
#6630=AXIS2_PLACEMENT_3D('',#10882,#8317,#8318);
#6631=AXIS2_PLACEMENT_3D('',#10908,#8319,#8320);
#6632=DIRECTION('axis',(0.,0.,1.));
#6633=DIRECTION('refdir',(1.,0.,0.));
#6634=DIRECTION('center_axis',(1.,3.60822483004209E-14,0.));
#6635=DIRECTION('ref_axis',(-2.0981832057405E-14,1.,-1.120214223048E-29));
#6636=DIRECTION('center_axis',(1.,3.63685088995022E-14,5.33897240232958E-16));
#6637=DIRECTION('ref_axis',(-3.63685088995022E-14,1.,-1.9417046532832E-29));
#6638=DIRECTION('',(-0.707106781185568,0.707106781187527,8.65956056236645E-17));
#6639=DIRECTION('center_axis',(-1.,-3.63685088995022E-14,-5.33897240232958E-16));
#6640=DIRECTION('ref_axis',(0.,1.,0.));
#6641=DIRECTION('center_axis',(-1.,0.,0.));
#6642=DIRECTION('ref_axis',(0.,1.,0.));
#6643=DIRECTION('',(-1.,0.,0.));
#6644=DIRECTION('center_axis',(1.,1.1554474351946E-15,5.24155863414998E-16));
#6645=DIRECTION('ref_axis',(0.,1.,0.));
#6646=DIRECTION('center_axis',(-1.,-3.63685088995022E-14,-5.33897240232958E-16));
#6647=DIRECTION('ref_axis',(-3.63685088995022E-14,1.,1.20474617936061E-14));
#6648=DIRECTION('',(-5.33897240232522E-16,-1.19782517903231E-14,1.));
#6649=DIRECTION('',(3.63685088995022E-14,-1.,-1.19641950667592E-14));
#6650=DIRECTION('',(5.33897240232516E-16,1.27735124065356E-14,-1.));
#6651=DIRECTION('',(3.63685088995022E-14,-1.,-1.19641950667593E-14));
#6652=DIRECTION('center_axis',(-1.1554474351946E-15,1.,2.15154405013435E-15));
#6653=DIRECTION('ref_axis',(0.707106781186548,1.57009245868377E-15,-0.707106781186547));
#6654=DIRECTION('',(1.1554474351946E-15,-1.,-2.15154405013435E-15));
#6655=DIRECTION('center_axis',(-5.30946983842953E-16,1.,1.51961776495572E-15));
#6656=DIRECTION('ref_axis',(0.707106781186548,1.57009245868377E-15,-0.707106781186547));
#6657=DIRECTION('',(-1.1554474351946E-15,1.,2.15154405013435E-15));
#6658=DIRECTION('center_axis',(-5.30946983842953E-16,1.,2.15799600411519E-15));
#6659=DIRECTION('ref_axis',(0.707106781186548,1.57009245868377E-15,-0.707106781186547));
#6660=DIRECTION('center_axis',(-5.24155863414996E-16,-2.15799600411519E-15,
1.));
#6661=DIRECTION('ref_axis',(0.707106781186548,-0.707106781186548,0.));
#6662=DIRECTION('',(5.24155863414996E-16,2.15799600411519E-15,-1.));
#6663=DIRECTION('center_axis',(-0.70710678118654,6.74013558267028E-15,-0.707106781186555));
#6664=DIRECTION('ref_axis',(0.707106781186555,-3.74123593670747E-15,-0.70710678118654));
#6665=DIRECTION('center_axis',(-1.75406270939518E-17,0.707106781186556,
-0.707106781186539));
#6666=DIRECTION('ref_axis',(6.13317366673344E-16,-0.707106781186539,-0.707106781186556));
#6667=DIRECTION('',(-5.24155863414996E-16,-2.15799600411519E-15,1.));
#6668=DIRECTION('center_axis',(5.30946983842953E-16,-1.,-2.15799600411519E-15));
#6669=DIRECTION('ref_axis',(5.24155859398666E-16,2.15799600411519E-15,-1.));
#6670=DIRECTION('',(1.,5.30946983842952E-16,5.06140791114168E-16));
#6671=DIRECTION('',(5.51911439033645E-16,2.15799600411519E-15,-1.));
#6672=DIRECTION('center_axis',(-5.30946983842953E-16,1.,2.15799600411519E-15));
#6673=DIRECTION('ref_axis',(-0.707106781186549,1.15049739555742E-15,-0.707106781186546));
#6674=DIRECTION('',(1.,5.30946983842951E-16,6.74292724142154E-16));
#6675=DIRECTION('center_axis',(5.33897240232522E-16,1.19782517903231E-14,
-1.));
#6676=DIRECTION('ref_axis',(0.707106781186562,-0.707106781186533,-6.28036983473519E-15));
#6677=DIRECTION('center_axis',(6.97229747141894E-16,1.19641950667593E-14,
-1.));
#6678=DIRECTION('ref_axis',(0.707106781186562,-0.707106781186533,-6.28036983473519E-15));
#6679=DIRECTION('',(5.33897240232522E-16,1.19782517903231E-14,-1.));
#6680=DIRECTION('center_axis',(-1.15544743519461E-15,1.,1.19782517903231E-14));
#6681=DIRECTION('ref_axis',(-1.,-1.1554474351946E-15,-5.06140791107712E-16));
#6682=DIRECTION('',(1.,1.1554474351946E-15,6.97229747141907E-16));
#6683=DIRECTION('center_axis',(1.1554474351946E-15,-1.,-6.96750993561246E-15));
#6684=DIRECTION('ref_axis',(1.,1.1554474351946E-15,5.51911439031233E-16));
#6685=DIRECTION('',(-5.24155863414996E-16,-1.95676808090188E-15,1.));
#6686=DIRECTION('',(-1.,-1.1554474351946E-15,-5.06140791114175E-16));
#6687=DIRECTION('center_axis',(6.97229747141894E-16,1.19641950667593E-14,
-1.));
#6688=DIRECTION('ref_axis',(-1.,-1.97880076455399E-16,-6.97229747141896E-16));
#6689=DIRECTION('center_axis',(6.97229747141892E-16,1.26025733059187E-14,
-1.));
#6690=DIRECTION('ref_axis',(0.707106781186446,0.707106781186649,9.4043809272659E-15));
#6691=DIRECTION('',(1.,2.49266502945532E-13,6.97229747145034E-16));
#6692=DIRECTION('center_axis',(6.97229747141894E-16,1.19641950667593E-14,
-1.));
#6693=DIRECTION('ref_axis',(-0.707106781186639,0.707106781186456,7.96694758089397E-15));
#6694=DIRECTION('',(-1.15544743519461E-15,1.,1.19641950667593E-14));
#6695=DIRECTION('',(-1.,-2.48858540040452E-13,-5.24155863415483E-16));
#6696=DIRECTION('',(-0.999999999999999,3.768218906615E-8,-5.51911412361016E-16));
#6697=DIRECTION('center_axis',(-6.97229747141894E-16,-1.19641950667593E-14,
1.));
#6698=DIRECTION('ref_axis',(-1.15544743519461E-15,1.,1.19641950667593E-14));
#6699=DIRECTION('center_axis',(6.74292724142153E-16,2.15154405013435E-15,
-1.));
#6700=DIRECTION('ref_axis',(-1.,-5.30946983842951E-16,-6.74292724142154E-16));
#6701=DIRECTION('',(-2.49028598011684E-13,1.,2.15154405013419E-15));
#6702=DIRECTION('',(-1.,-5.30946983842952E-16,-6.74292724142154E-16));
#6703=DIRECTION('',(-1.97880076455399E-16,1.,1.30451205393461E-15));
#6704=DIRECTION('',(1.,5.30946958168089E-16,6.74292724142154E-16));
#6705=DIRECTION('',(1.97880076455399E-16,-1.,-1.30451205393461E-15));
#6706=DIRECTION('',(-1.,-5.30946983842952E-16,-6.74292724142154E-16));
#6707=DIRECTION('center_axis',(5.30946983842953E-16,-1.,-1.51961776495572E-15));
#6708=DIRECTION('ref_axis',(5.24155863414996E-16,1.51961776495572E-15,-1.));
#6709=DIRECTION('center_axis',(5.30946983842953E-16,-1.,-1.51961776495572E-15));
#6710=DIRECTION('ref_axis',(5.24155863415578E-16,1.51961776495572E-15,-1.));
#6711=DIRECTION('center_axis',(5.30946983842953E-16,-1.,-1.51961776495572E-15));
#6712=DIRECTION('ref_axis',(5.24155863415578E-16,1.51961776495572E-15,-1.));
#6713=DIRECTION('center_axis',(-5.30946983842953E-16,1.,1.51961776495572E-15));
#6714=DIRECTION('ref_axis',(-0.707106781186549,6.99095813685835E-16,-0.707106781186546));
#6715=DIRECTION('',(-5.51911439033804E-16,-1.51961776495572E-15,1.));
#6716=DIRECTION('center_axis',(-5.30946983842953E-16,1.,1.51961776495572E-15));
#6717=DIRECTION('ref_axis',(0.707106781186549,1.44996823913763E-15,-0.707106781186547));
#6718=DIRECTION('',(-5.51912312536365E-16,-1.51961776495572E-15,1.));
#6719=DIRECTION('center_axis',(5.30946983842953E-16,-1.,-1.51961776495572E-15));
#6720=DIRECTION('ref_axis',(-0.707106781186555,-1.44996823913762E-15,0.70710678118654));
#6721=DIRECTION('',(1.,5.30946983842952E-16,5.51911439031238E-16));
#6722=DIRECTION('center_axis',(-5.30946983842953E-16,1.,1.51961776495572E-15));
#6723=DIRECTION('ref_axis',(0.707106781186556,1.44996823913762E-15,-0.70710678118654));
#6724=DIRECTION('',(-5.51911439031232E-16,-1.51961776495572E-15,1.));
#6725=DIRECTION('center_axis',(5.30946983842953E-16,-1.,-1.51961776495572E-15));
#6726=DIRECTION('ref_axis',(-0.707106781186555,-1.44996823913762E-15,0.70710678118654));
#6727=DIRECTION('',(1.,5.30946983842952E-16,5.24155863415078E-16));
#6728=DIRECTION('',(5.24155863414996E-16,1.51961776495572E-15,-1.));
#6729=DIRECTION('center_axis',(5.30946983842953E-16,-1.,-1.51961776495572E-15));
#6730=DIRECTION('ref_axis',(0.599413345631897,1.53461902724443E-15,-0.800439654863736));
#6731=DIRECTION('center_axis',(5.30946983842953E-16,-1.,-1.51961776495572E-15));
#6732=DIRECTION('ref_axis',(6.90689317109388E-16,1.51961776495572E-15,-1.));
#6733=DIRECTION('center_axis',(5.30946983842953E-16,-1.,-1.51961776495572E-15));
#6734=DIRECTION('ref_axis',(-0.599413345626202,8.98105611376994E-16,-0.800439654868));
#6735=DIRECTION('center_axis',(5.30946983842953E-16,-1.,-1.51961776495572E-15));
#6736=DIRECTION('ref_axis',(1.,5.30946983842953E-16,8.06836468897409E-31));
#6737=DIRECTION('center_axis',(5.30946983842953E-16,-1.,-1.51961776495572E-15));
#6738=DIRECTION('ref_axis',(0.599413345631555,1.53461902724463E-15,-0.800439654863992));
#6739=DIRECTION('center_axis',(5.30946983842953E-16,-1.,-1.51961776495572E-15));
#6740=DIRECTION('ref_axis',(6.90689317109388E-16,1.51961776495572E-15,-1.));
#6741=DIRECTION('center_axis',(5.30946983842953E-16,-1.,-1.51961776495572E-15));
#6742=DIRECTION('ref_axis',(-0.599413345626543,8.98105611376424E-16,-0.800439654867745));
#6743=DIRECTION('center_axis',(5.30946983842953E-16,-1.,-1.51961776495572E-15));
#6744=DIRECTION('ref_axis',(1.,5.30946983842953E-16,8.06836468897409E-31));
#6745=DIRECTION('center_axis',(1.,1.1554474351946E-15,5.24155863414998E-16));
#6746=DIRECTION('ref_axis',(-1.15544743519461E-15,1.,1.18948061277202E-14));
#6747=DIRECTION('',(-5.24155863414996E-16,-2.15799600411519E-15,1.));
#6748=DIRECTION('',(-1.15544743519461E-15,1.,1.06874385884403E-14));
#6749=DIRECTION('',(-1.18765888215014E-15,0.707106781186539,0.707106781186556));
#6750=DIRECTION('center_axis',(1.,1.1554474351946E-15,5.24155863414998E-16));
#6751=DIRECTION('ref_axis',(-1.15544743519461E-15,1.,1.18948061277202E-14));
#6752=DIRECTION('',(-1.1554474351946E-15,1.,1.63170278200961E-15));
#6753=DIRECTION('center_axis',(1.,1.1554474351946E-15,5.24155863414998E-16));
#6754=DIRECTION('ref_axis',(-5.24155863414998E-16,-1.80411241501617E-16,
1.));
#6755=DIRECTION('',(-5.24155863414983E-16,-1.27735124065356E-14,1.));
#6756=DIRECTION('',(-1.15544743519461E-15,1.,1.13258168275998E-14));
#6757=DIRECTION('center_axis',(-1.75406270939518E-17,0.707106781186556,
-0.707106781186539));
#6758=DIRECTION('ref_axis',(1.,5.76717631760015E-16,5.51911439031233E-16));
#6759=DIRECTION('',(-1.,-5.30946983842952E-16,-5.06140791114168E-16));
#6760=DIRECTION('',(2.22784513602845E-15,-0.7071067811865,-0.707106781186595));
#6761=DIRECTION('',(-0.577350269189635,0.577350269189614,0.577350269189628));
#6762=DIRECTION('center_axis',(-0.70710678118654,6.74013558267028E-15,-0.707106781186555));
#6763=DIRECTION('ref_axis',(8.82422397504733E-15,1.,7.07767178198544E-16));
#6764=DIRECTION('',(0.707106781186555,1.80814558127487E-15,-0.70710678118654));
#6765=DIRECTION('',(1.15544743519461E-15,-1.,-1.06874385884403E-14));
#6766=DIRECTION('',(0.707106781186555,1.90136982100921E-15,-0.70710678118654));
#6767=DIRECTION('center_axis',(5.30946983842953E-16,-1.,-2.15799600411519E-15));
#6768=DIRECTION('ref_axis',(5.24155859398666E-16,2.15799600411519E-15,-1.));
#6769=DIRECTION('',(1.,5.30946983842952E-16,5.06140791114168E-16));
#6770=DIRECTION('center_axis',(1.17492030236264E-15,-0.707106781186507,
-0.707106781186588));
#6771=DIRECTION('ref_axis',(-1.,-1.10967678727754E-15,-5.51911439031234E-16));
#6772=DIRECTION('',(3.18678658808275E-14,-0.707106781183973,0.707106781189122));
#6773=DIRECTION('',(1.,1.1554474351946E-15,5.06140791114175E-16));
#6774=DIRECTION('center_axis',(0.,0.,1.));
#6775=DIRECTION('ref_axis',(1.,0.,0.));
#6776=DIRECTION('center_axis',(-3.22093873207121E-28,-1.,-8.71660879195186E-15));
#6777=DIRECTION('ref_axis',(-1.,0.,3.69517413130337E-14));
#6778=DIRECTION('center_axis',(-5.06140791114162E-16,-1.06874385884403E-14,
1.));
#6779=DIRECTION('ref_axis',(1.,-5.4093486221372E-30,5.06140791114162E-16));
#6780=DIRECTION('center_axis',(0.,0.,-1.));
#6781=DIRECTION('ref_axis',(1.,0.,0.));
#6782=DIRECTION('center_axis',(0.,0.,1.));
#6783=DIRECTION('ref_axis',(1.,0.,0.));
#6784=DIRECTION('center_axis',(-6.96088791565511E-29,-1.,-2.54128457505206E-15));
#6785=DIRECTION('ref_axis',(-1.,0.,2.73912177486558E-14));
#6786=DIRECTION('center_axis',(-5.06140791114162E-16,-1.06874385884403E-14,
1.));
#6787=DIRECTION('ref_axis',(1.,-5.4093486221372E-30,5.06140791114162E-16));
#6788=DIRECTION('center_axis',(0.,0.,-1.));
#6789=DIRECTION('ref_axis',(1.,0.,0.));
#6790=DIRECTION('center_axis',(0.,0.,1.));
#6791=DIRECTION('ref_axis',(1.,0.,0.));
#6792=DIRECTION('center_axis',(2.89975367324189E-29,-1.,1.62448572767746E-15));
#6793=DIRECTION('ref_axis',(-1.,0.,1.78502871637272E-14));
#6794=DIRECTION('center_axis',(-5.06140791114162E-16,-1.06874385884403E-14,
1.));
#6795=DIRECTION('ref_axis',(1.,-5.4093486221372E-30,5.06140791114162E-16));
#6796=DIRECTION('center_axis',(0.,0.,-1.));
#6797=DIRECTION('ref_axis',(1.,0.,0.));
#6798=DIRECTION('center_axis',(-1.97489102590704E-16,1.08570559949802E-14,
1.));
#6799=DIRECTION('ref_axis',(-1.,-2.47633632734689E-13,-1.97489102588015E-16));
#6800=DIRECTION('',(-1.97489102590704E-16,1.08570559949802E-14,1.));
#6801=DIRECTION('',(-1.97489102590704E-16,1.08570559949802E-14,1.));
#6802=DIRECTION('',(-1.97489102590704E-16,1.08570559949802E-14,1.));
#6803=DIRECTION('center_axis',(-1.97489102590704E-16,1.08570559949802E-14,
1.));
#6804=DIRECTION('ref_axis',(-1.,-2.47633632734689E-13,-1.97489102588015E-16));
#6805=DIRECTION('',(-1.97489102590704E-16,1.08570559949802E-14,1.));
#6806=DIRECTION('',(-1.97489102590704E-16,1.08570559949802E-14,1.));
#6807=DIRECTION('',(-1.97489102590704E-16,1.08570559949802E-14,1.));
#6808=DIRECTION('',(-1.97489102590704E-16,1.08570559949802E-14,1.));
#6809=DIRECTION('center_axis',(-1.97489102590704E-16,1.08570559949802E-14,
1.));
#6810=DIRECTION('ref_axis',(-1.,-2.47633632734689E-13,-1.97489102588015E-16));
#6811=DIRECTION('center_axis',(0.,1.11022302462466E-14,-1.));
#6812=DIRECTION('ref_axis',(1.,1.13369208028015E-31,1.25865105036165E-45));
#6813=DIRECTION('center_axis',(-5.06140791114162E-16,-1.06874385884403E-14,
1.));
#6814=DIRECTION('ref_axis',(1.,-5.4093486221372E-30,5.06140791114162E-16));
#6815=DIRECTION('',(-0.707106781186389,7.93705789904066E-15,-0.707106781186706));
#6816=DIRECTION('center_axis',(5.06140791114162E-16,1.06874385884403E-14,
-1.));
#6817=DIRECTION('ref_axis',(1.,-5.40934862213719E-30,5.06140791114162E-16));
#6818=DIRECTION('center_axis',(-5.06140791114162E-16,-1.06874385884403E-14,
1.));
#6819=DIRECTION('ref_axis',(-1.,-2.49040493258377E-13,-5.06140791116824E-16));
#6820=DIRECTION('center_axis',(5.06140791114162E-16,1.06874385884403E-14,
-1.));
#6821=DIRECTION('ref_axis',(1.15544743519461E-15,-1.,-1.06874385884403E-14));
#6822=DIRECTION('',(-1.,-1.1554474351946E-15,-5.06140791114175E-16));
#6823=DIRECTION('center_axis',(-5.06140791114162E-16,-1.06874385884403E-14,
1.));
#6824=DIRECTION('ref_axis',(0.707106781186537,0.707106781186558,7.91505588503298E-15));
#6825=DIRECTION('',(-3.63685088995022E-14,1.,1.06874385884403E-14));
#6826=DIRECTION('center_axis',(-5.06140791114162E-16,-1.06874385884403E-14,
1.));
#6827=DIRECTION('ref_axis',(0.707106781186561,-0.707106781186534,-7.19926471376882E-15));
#6828=DIRECTION('',(1.,1.21095858642586E-15,5.06140791114175E-16));
#6829=DIRECTION('',(-1.93399852604121E-13,1.,1.06874385884402E-14));
#6830=DIRECTION('',(1.93389101245652E-13,-1.,-9.64459890692457E-15));
#6831=DIRECTION('',(1.,1.93671511836434E-13,5.06140791116354E-16));
#6832=DIRECTION('',(1.9364961618812E-13,-1.,-1.13258168275997E-14));
#6833=DIRECTION('',(0.707106781186411,0.707106781186684,8.36645746690591E-15));
#6834=DIRECTION('center_axis',(-5.06140791114161E-16,-1.13258168275997E-14,
1.));
#6835=DIRECTION('ref_axis',(0.382683432365268,-0.923879532511213,-1.02699986607868E-14));
#6836=DIRECTION('',(1.,1.9364961618812E-13,5.06140791116354E-16));
#6837=DIRECTION('center_axis',(-5.06140791114162E-16,-1.06874385884403E-14,
1.));
#6838=DIRECTION('ref_axis',(-0.707106781186386,-0.707106781186709,-7.91505588503451E-15));
#6839=DIRECTION('',(2.48754480168136E-13,-1.,-1.06874385884401E-14));
#6840=DIRECTION('center_axis',(-5.06140791114162E-16,-1.06874385884403E-14,
1.));
#6841=DIRECTION('ref_axis',(-0.99144486137386,0.130526192219676,8.93179977048905E-16));
#6842=DIRECTION('',(-0.258819045102029,-0.9659258262892,-1.04542718256976E-14));
#6843=DIRECTION('center_axis',(-5.06140791114162E-16,-1.06874385884403E-14,
1.));
#6844=DIRECTION('ref_axis',(-0.608761429008924,0.793353340291079,8.17079611201652E-15));
#6845=DIRECTION('',(1.,-8.08507141909489E-16,5.95262590347171E-13));
#6846=DIRECTION('center_axis',(5.95262590347171E-13,-1.90572866129757E-14,
-1.));
#6847=DIRECTION('ref_axis',(0.707106781186549,0.707106781186546,4.07438677626105E-13));
#6848=DIRECTION('',(2.49007164094499E-13,-1.,2.03706099607562E-14));
#6849=DIRECTION('',(-1.,-4.96669863979205E-14,-5.06140791114693E-16));
#6850=DIRECTION('center_axis',(-5.06140791114162E-16,-1.06874385884403E-14,
1.));
#6851=DIRECTION('ref_axis',(0.707106781186443,0.707106781186652,7.91505588503393E-15));
#6852=DIRECTION('',(-2.49028598011684E-13,1.,1.06874385884401E-14));
#6853=DIRECTION('center_axis',(5.06140791114162E-16,1.06874385884403E-14,
-1.));
#6854=DIRECTION('ref_axis',(-0.707106781186461,-0.707106781186634,-7.91505588503375E-15));
#6855=DIRECTION('center_axis',(-5.06140791114161E-16,-1.13258168275998E-14,
1.));
#6856=DIRECTION('ref_axis',(-0.70710678118664,0.707106781186455,7.65066629563949E-15));
#6857=DIRECTION('',(-1.,-2.49266502945532E-13,-5.061407911173E-16));
#6858=DIRECTION('center_axis',(-5.06140791114159E-16,-1.26025733059187E-14,
1.));
#6859=DIRECTION('ref_axis',(0.707106781186446,0.707106781186649,9.26926063064885E-15));
#6860=DIRECTION('',(-3.63685088995022E-14,1.,1.26025733059187E-14));
#6861=DIRECTION('center_axis',(5.06140791114162E-16,1.06874385884403E-14,
-1.));
#6862=DIRECTION('ref_axis',(1.,-5.40934862213719E-30,5.06140791114162E-16));
#6863=DIRECTION('',(-3.36431219583381E-16,-1.,-1.06874385884403E-14));
#6864=DIRECTION('',(1.,0.,5.06140791114162E-16));
#6865=DIRECTION('',(3.3643121958338E-16,1.,1.06874385884403E-14));
#6866=DIRECTION('',(-1.,-8.91745401305347E-16,-5.06140791114172E-16));
#6867=DIRECTION('center_axis',(5.06140791114162E-16,1.06874385884403E-14,
-1.));
#6868=DIRECTION('ref_axis',(1.,-5.40934862213719E-30,5.06140791114162E-16));
#6869=DIRECTION('',(0.866025403784437,0.500000000000002,5.78205007721657E-15));
#6870=DIRECTION('',(-1.15544743519461E-15,1.,1.06874385884403E-14));
#6871=DIRECTION('',(-0.866025403784439,0.499999999999999,4.90538851122371E-15));
#6872=DIRECTION('',(-0.866025403784437,-0.500000000000002,-5.78205007721657E-15));
#6873=DIRECTION('',(1.15544743519461E-15,-1.,-1.06874385884403E-14));
#6874=DIRECTION('',(0.866025403784439,-0.499999999999999,-4.90538851122371E-15));
#6875=DIRECTION('',(1.21095858643156E-15,-1.,-1.06874385884403E-14));
#6876=DIRECTION('center_axis',(5.06140791114162E-16,1.06874385884403E-14,
-1.));
#6877=DIRECTION('ref_axis',(0.707106781186547,0.707106781186548,7.91505588503287E-15));
#6878=DIRECTION('',(1.,1.21095858642587E-15,5.06140791114175E-16));
#6879=DIRECTION('center_axis',(5.06140791114162E-16,1.06874385884403E-14,
-1.));
#6880=DIRECTION('ref_axis',(-0.707106781186549,0.707106781186546,7.19926471376896E-15));
#6881=DIRECTION('',(-1.21095858643156E-15,1.,1.06874385884403E-14));
#6882=DIRECTION('center_axis',(5.06140791114162E-16,1.06874385884403E-14,
-1.));
#6883=DIRECTION('ref_axis',(-0.707106781186547,-0.707106781186548,-7.91505588503287E-15));
#6884=DIRECTION('',(-1.,-4.96669863846857E-14,-5.06140791114693E-16));
#6885=DIRECTION('center_axis',(5.06140791114162E-16,1.06874385884403E-14,
-1.));
#6886=DIRECTION('ref_axis',(0.707106781186548,-0.707106781186547,-7.19926471376897E-15));
#6887=DIRECTION('',(-0.866025403784439,-0.5,-5.78205007721656E-15));
#6888=DIRECTION('',(1.15544743519461E-15,-1.,-1.06874385884403E-14));
#6889=DIRECTION('',(0.866025403784439,-0.499999999999999,-4.90538851122371E-15));
#6890=DIRECTION('',(0.866025403784437,0.500000000000002,5.78205007721657E-15));
#6891=DIRECTION('',(-1.15544743519461E-15,1.,1.06874385884403E-14));
#6892=DIRECTION('',(-0.866025403784439,0.499999999999999,4.90538851122371E-15));
#6893=DIRECTION('',(0.500000000000006,0.866025403784435,9.50866371453243E-15));
#6894=DIRECTION('',(-0.500000000000002,0.866025403784437,9.00252292341828E-15));
#6895=DIRECTION('',(-1.,0.,-5.06140791114162E-16));
#6896=DIRECTION('',(-0.5,-0.866025403784439,-9.50866371453246E-15));
#6897=DIRECTION('',(0.5,-0.866025403784439,-9.0025229234183E-15));
#6898=DIRECTION('',(1.,0.,5.06140791114162E-16));
#6899=DIRECTION('center_axis',(5.06140791114162E-16,1.06874385884403E-14,
-1.));
#6900=DIRECTION('ref_axis',(1.,-5.40934862213719E-30,5.06140791114162E-16));
#6901=DIRECTION('',(0.,-1.,-1.06874385884403E-14));
#6902=DIRECTION('',(1.,0.,5.06140791114162E-16));
#6903=DIRECTION('',(0.,1.,1.06874385884403E-14));
#6904=DIRECTION('',(-1.,0.,-5.06140791114162E-16));
#6905=DIRECTION('center_axis',(0.,0.,1.));
#6906=DIRECTION('ref_axis',(1.,0.,0.));
#6907=DIRECTION('',(0.,0.,1.));
#6908=DIRECTION('center_axis',(0.,0.,1.));
#6909=DIRECTION('ref_axis',(1.,0.,0.));
#6910=DIRECTION('center_axis',(0.,1.11022302462431E-14,-1.));
#6911=DIRECTION('ref_axis',(1.,1.13369208027058E-31,1.25865105035063E-45));
#6912=DIRECTION('center_axis',(-5.06140791114162E-16,-1.06874385884403E-14,
1.));
#6913=DIRECTION('ref_axis',(1.,-5.4093486221372E-30,5.06140791114162E-16));
#6914=DIRECTION('',(-0.707106781186277,7.93705789903941E-15,-0.707106781186818));
#6915=DIRECTION('center_axis',(0.,0.,1.));
#6916=DIRECTION('ref_axis',(1.,0.,0.));
#6917=DIRECTION('',(0.,0.,1.));
#6918=DIRECTION('center_axis',(0.,0.,1.));
#6919=DIRECTION('ref_axis',(1.,0.,0.));
#6920=DIRECTION('center_axis',(0.,0.,-1.));
#6921=DIRECTION('ref_axis',(1.,0.,0.));
#6922=DIRECTION('center_axis',(0.,0.,-1.));
#6923=DIRECTION('ref_axis',(1.,0.,0.));
#6924=DIRECTION('',(-0.654690175462708,0.238030099727539,0.717441597467213));
#6925=DIRECTION('',(0.654690175462711,0.238030099727535,-0.717441597467211));
#6926=DIRECTION('center_axis',(0.,0.,1.));
#6927=DIRECTION('ref_axis',(1.,1.13163485164688E-30,0.));
#6928=DIRECTION('',(0.594594714449458,-0.382697172121902,-0.707106781185605));
#6929=DIRECTION('center_axis',(1.97489102590704E-16,-1.08570559949802E-14,
-1.));
#6930=DIRECTION('ref_axis',(1.,2.14415024522566E-30,1.97489102590704E-16));
#6931=DIRECTION('',(-0.594594714449454,-0.3826971721219,0.707106781185609));
#6932=DIRECTION('center_axis',(-1.97489102590704E-16,1.08570559949802E-14,
1.));
#6933=DIRECTION('ref_axis',(1.,2.14415024522566E-30,1.97489102590704E-16));
#6934=DIRECTION('center_axis',(-1.97489102590704E-16,1.08570559949802E-14,
1.));
#6935=DIRECTION('ref_axis',(-1.,-2.47633632734689E-13,-1.97489102588015E-16));
#6936=DIRECTION('',(0.,1.,-1.08570559949802E-14));
#6937=DIRECTION('',(1.,0.,1.97489102590704E-16));
#6938=DIRECTION('',(-3.45402718772917E-15,-1.,1.08570559949802E-14));
#6939=DIRECTION('',(-1.,0.,-1.97489102590704E-16));
#6940=DIRECTION('',(0.,1.,-1.08570559949802E-14));
#6941=DIRECTION('center_axis',(-1.97489102590704E-16,1.08570559949802E-14,
1.));
#6942=DIRECTION('ref_axis',(1.,2.14415024522566E-30,1.97489102590704E-16));
#6943=DIRECTION('',(0.,1.,-1.08570559949802E-14));
#6944=DIRECTION('',(0.,1.,-1.08570559949802E-14));
#6945=DIRECTION('',(1.,0.,1.97489102590704E-16));
#6946=DIRECTION('',(0.,-1.,1.08570559949802E-14));
#6947=DIRECTION('',(-1.,0.,-1.97489102590704E-16));
#6948=DIRECTION('',(3.36431219583381E-16,1.,-1.08570559949802E-14));
#6949=DIRECTION('',(1.,8.91745401305347E-16,1.97489102590695E-16));
#6950=DIRECTION('',(-3.3643121958338E-16,-1.,1.08570559949802E-14));
#6951=DIRECTION('',(-1.,0.,-1.97489102590704E-16));
#6952=DIRECTION('center_axis',(0.,0.,1.));
#6953=DIRECTION('ref_axis',(1.,0.,0.));
#6954=DIRECTION('center_axis',(-5.06140791114162E-16,-1.06874385884403E-14,
1.));
#6955=DIRECTION('ref_axis',(1.,-5.4093486221372E-30,5.06140791114162E-16));
#6956=DIRECTION('',(0.,0.,1.));
#6957=DIRECTION('',(-0.65469017558335,0.238030099383975,0.717441597471109));
#6958=DIRECTION('',(0.654690175583344,0.238030099384004,-0.717441597471106));
#6959=DIRECTION('center_axis',(0.,0.,1.));
#6960=DIRECTION('ref_axis',(1.,1.13163485164688E-30,0.));
#6961=DIRECTION('',(0.594594714562757,-0.382697171946559,-0.707106781185232));
#6962=DIRECTION('center_axis',(1.97489102590704E-16,-1.08570559949802E-14,
-1.));
#6963=DIRECTION('ref_axis',(1.,2.14415024522566E-30,1.97489102590704E-16));
#6964=DIRECTION('',(-0.594594714562754,-0.382697171946557,0.707106781185236));
#6965=DIRECTION('center_axis',(0.,0.,1.));
#6966=DIRECTION('ref_axis',(1.,0.,0.));
#6967=DIRECTION('center_axis',(-5.06140791114162E-16,-1.06874385884403E-14,
1.));
#6968=DIRECTION('ref_axis',(1.,-5.4093486221372E-30,5.06140791114162E-16));
#6969=DIRECTION('',(0.,0.,1.));
#6970=DIRECTION('center_axis',(-0.707106781186549,7.91499071454279E-15,
0.707106781186546));
#6971=DIRECTION('ref_axis',(0.707106781186546,0.,0.707106781186549));
#6972=DIRECTION('',(-0.577350269189632,-0.577350269189626,-0.577350269189619));
#6973=DIRECTION('',(-3.36431219583381E-16,-1.,1.08570559949802E-14));
#6974=DIRECTION('',(0.577350269189614,-0.57735026918964,0.577350269189624));
#6975=DIRECTION('center_axis',(-1.39645883652334E-16,-0.707106781186544,
0.707106781186551));
#6976=DIRECTION('ref_axis',(1.,-5.17689969051289E-31,1.97489102590705E-16));
#6977=DIRECTION('',(0.57735026918964,-0.57735026918962,-0.577350269189617));
#6978=DIRECTION('',(1.,0.,1.97489102590704E-16));
#6979=DIRECTION('center_axis',(0.707106781186551,7.43920512100223E-15,0.707106781186544));
#6980=DIRECTION('ref_axis',(0.707106781186544,0.,-0.707106781186551));
#6981=DIRECTION('',(0.577350269189623,0.577350269189635,-0.577350269189619));
#6982=DIRECTION('',(3.3643121958338E-16,1.,-1.08570559949802E-14));
#6983=DIRECTION('center_axis',(-7.70205104007249E-16,0.707106781186538,
0.707106781186557));
#6984=DIRECTION('ref_axis',(1.,-1.4791141972894E-30,1.08923450389602E-15));
#6985=DIRECTION('',(-1.,-8.91745401305347E-16,-1.97489102590695E-16));
#6986=DIRECTION('center_axis',(8.91745401305347E-16,-1.,0.));
#6987=DIRECTION('ref_axis',(-1.,-8.91745401305347E-16,0.));
#6988=DIRECTION('',(0.,0.,-1.));
#6989=DIRECTION('',(1.,8.91745401305347E-16,5.06140791114172E-16));
#6990=DIRECTION('',(0.,0.,1.));
#6991=DIRECTION('center_axis',(1.,-3.36431219583381E-16,0.));
#6992=DIRECTION('ref_axis',(-3.36431219583381E-16,-1.,0.));
#6993=DIRECTION('',(0.,0.,1.));
#6994=DIRECTION('',(3.36431219583381E-16,1.,1.06874385884403E-14));
#6995=DIRECTION('center_axis',(-0.707106781186546,7.67709791777256E-15,
0.70710678118655));
#6996=DIRECTION('ref_axis',(0.70710678118655,7.88860905221012E-31,0.707106781186546));
#6997=DIRECTION('',(-0.577350269189629,-0.577350269189629,-0.577350269189619));
#6998=DIRECTION('',(0.,-1.,1.08570559949802E-14));
#6999=DIRECTION('',(0.57735026918962,-0.577350269189627,0.57735026918963));
#7000=DIRECTION('center_axis',(-1.39645883652334E-16,-0.707106781186544,
0.707106781186551));
#7001=DIRECTION('ref_axis',(1.,-5.17689969051289E-31,1.97489102590705E-16));
#7002=DIRECTION('',(0.577350269189627,-0.577350269189627,-0.577350269189624));
#7003=DIRECTION('',(1.,0.,1.97489102590704E-16));
#7004=DIRECTION('center_axis',(0.707106781186551,7.6770979177725E-15,0.707106781186544));
#7005=DIRECTION('ref_axis',(0.707106781186544,0.,-0.707106781186551));
#7006=DIRECTION('',(0.577350269189624,0.577350269189624,-0.57735026918963));
#7007=DIRECTION('',(0.,1.,-1.08570559949802E-14));
#7008=DIRECTION('center_axis',(-1.39645883652332E-16,0.707106781186551,
0.707106781186544));
#7009=DIRECTION('ref_axis',(1.,8.62816615085482E-32,1.97489102590704E-16));
#7010=DIRECTION('',(-1.,0.,-1.97489102590704E-16));
#7011=DIRECTION('center_axis',(0.,-1.,0.));
#7012=DIRECTION('ref_axis',(-1.,0.,0.));
#7013=DIRECTION('',(0.,0.,-1.));
#7014=DIRECTION('',(1.,0.,5.06140791114162E-16));
#7015=DIRECTION('',(0.,0.,1.));
#7016=DIRECTION('center_axis',(1.,0.,0.));
#7017=DIRECTION('ref_axis',(0.,-1.,0.));
#7018=DIRECTION('',(0.,0.,1.));
#7019=DIRECTION('',(0.,1.,1.06874385884403E-14));
#7020=DIRECTION('center_axis',(-0.70710678118655,7.55716029940087E-15,-0.707106781186545));
#7021=DIRECTION('ref_axis',(-0.707106781186545,0.,0.70710678118655));
#7022=DIRECTION('',(0.577350269194253,0.577350269194256,-0.577350269180369));
#7023=DIRECTION('',(-0.577350269194149,0.577350269194162,0.577350269180566));
#7024=DIRECTION('center_axis',(3.57895585636252E-16,-0.707106781178044,
-0.707106781195051));
#7025=DIRECTION('ref_axis',(-1.,-1.4791141972894E-31,-5.06140791114162E-16));
#7026=DIRECTION('',(-1.,0.,-5.06140791114162E-16));
#7027=DIRECTION('',(-0.577350269194254,0.577350269194254,-0.577350269180369));
#7028=DIRECTION('center_axis',(0.707106781186547,7.55716029940091E-15,-0.707106781186548));
#7029=DIRECTION('ref_axis',(-0.707106781186548,0.,-0.707106781186547));
#7030=DIRECTION('',(0.,-1.,-1.06874385884403E-14));
#7031=DIRECTION('',(-0.577350269194153,-0.57735026919416,-0.577350269180564));
#7032=DIRECTION('center_axis',(3.57895585636162E-16,0.707106781178222,-0.707106781194873));
#7033=DIRECTION('ref_axis',(-1.,1.97215226305253E-31,-5.06140791114162E-16));
#7034=DIRECTION('center_axis',(0.,1.,0.));
#7035=DIRECTION('ref_axis',(1.,0.,0.));
#7036=DIRECTION('',(0.,0.,-1.));
#7037=DIRECTION('center_axis',(-0.70710678118655,7.79505309617115E-15,-0.707106781186545));
#7038=DIRECTION('ref_axis',(-0.707106781186545,0.,0.70710678118655));
#7039=DIRECTION('',(-0.577350269194283,0.577350269194289,0.577350269180306));
#7040=DIRECTION('',(0.577350269194383,0.577350269194386,-0.577350269180109));
#7041=DIRECTION('center_axis',(3.57895585636374E-16,-0.707106781177804,
-0.707106781195291));
#7042=DIRECTION('ref_axis',(-1.,-4.93038065763132E-31,-5.06140791114163E-16));
#7043=DIRECTION('',(-1.,0.,-5.06140791114162E-16));
#7044=DIRECTION('',(-0.577350269194387,0.577350269194383,-0.577350269180107));
#7045=DIRECTION('center_axis',(0.707106781186548,7.31926750263063E-15,-0.707106781186547));
#7046=DIRECTION('ref_axis',(-0.707106781186547,0.,-0.707106781186548));
#7047=DIRECTION('',(-3.3643121958338E-16,-1.,-1.06874385884403E-14));
#7048=DIRECTION('',(-0.577350269194287,-0.577350269194287,-0.577350269180304));
#7049=DIRECTION('center_axis',(-2.72663634711005E-16,0.707106781177985,
-0.70710678119511));
#7050=DIRECTION('ref_axis',(-1.,-1.97215226305253E-31,3.85604610169577E-16));
#7051=DIRECTION('center_axis',(0.,1.,0.));
#7052=DIRECTION('ref_axis',(1.,0.,0.));
#7053=DIRECTION('',(0.,0.,-1.));
#7054=DIRECTION('center_axis',(0.,1.11022302462772E-14,-1.));
#7055=DIRECTION('ref_axis',(1.,1.16021119335469E-31,1.28809318029318E-45));
#7056=DIRECTION('',(-0.707106781187362,7.93705789905161E-15,-0.707106781185733));
#7057=DIRECTION('center_axis',(0.,1.11022302462715E-14,-1.));
#7058=DIRECTION('ref_axis',(1.,1.16021119333874E-31,1.28809318027481E-45));
#7059=DIRECTION('',(-0.707106781187183,7.93705789904954E-15,-0.707106781185912));
#7060=DIRECTION('center_axis',(0.,-1.,0.));
#7061=DIRECTION('ref_axis',(0.599413345631555,0.,-0.800439654863992));
#7062=DIRECTION('center_axis',(-1.93671511810759E-13,1.,1.06529759545367E-14));
#7063=DIRECTION('ref_axis',(0.599413345631555,1.24616353244332E-13,-0.800439654863992));
#7064=DIRECTION('',(-1.93482421887388E-13,1.,1.06092383555548E-14));
#7065=DIRECTION('',(0.,-1.,0.));
#7066=DIRECTION('center_axis',(-1.93482421887388E-13,1.,1.06092383555548E-14));
#7067=DIRECTION('ref_axis',(6.90689317109383E-16,1.06092383555549E-14,-1.));
#7068=DIRECTION('center_axis',(1.93671511810759E-13,-1.,-1.06529759545367E-14));
#7069=DIRECTION('ref_axis',(6.90689317109375E-16,1.06529759545368E-14,-1.));
#7070=DIRECTION('',(1.93482421887388E-13,-1.,-1.06092383555548E-14));
#7071=DIRECTION('center_axis',(1.93671511810759E-13,-1.,-1.06529759545367E-14));
#7072=DIRECTION('ref_axis',(6.90689317109374E-16,1.06529759545368E-14,-1.));
#7073=DIRECTION('',(1.,1.93671511810759E-13,5.2415586341527E-16));
#7074=DIRECTION('center_axis',(-1.93671511810759E-13,1.,1.06529759545367E-14));
#7075=DIRECTION('ref_axis',(0.707106781186555,1.2941364778677E-13,0.70710678118654));
#7076=DIRECTION('',(-6.90689317109374E-16,-1.06529759545368E-14,1.));
#7077=DIRECTION('center_axis',(-1.93671511810759E-13,1.,1.06529759545367E-14));
#7078=DIRECTION('ref_axis',(-1.,-1.93671511810759E-13,-6.90689317111437E-16));
#7079=DIRECTION('',(6.90689317109374E-16,1.06529759545368E-14,-1.));
#7080=DIRECTION('center_axis',(-1.93671511810759E-13,1.,1.06529759545367E-14));
#7081=DIRECTION('ref_axis',(-0.707106781186555,-1.4447923086131E-13,0.70710678118654));
#7082=DIRECTION('center_axis',(-1.93671511810759E-13,1.,1.06529759545367E-14));
#7083=DIRECTION('ref_axis',(1.,1.93671511810759E-13,2.06317795839879E-27));
#7084=DIRECTION('center_axis',(-1.93671511810759E-13,1.,1.06529759545367E-14));
#7085=DIRECTION('ref_axis',(-0.599413345626543,-1.07562224450674E-13,-0.800439654867745));
#7086=DIRECTION('center_axis',(0.,1.,0.));
#7087=DIRECTION('ref_axis',(-0.599413345626543,0.,-0.800439654867745));
#7088=DIRECTION('',(0.,1.,0.));
#7089=DIRECTION('center_axis',(0.,-1.,0.));
#7090=DIRECTION('ref_axis',(0.599413345631897,0.,-0.800439654863736));
#7091=DIRECTION('center_axis',(-1.93671511810759E-13,1.,1.06529759545367E-14));
#7092=DIRECTION('ref_axis',(0.599413345631897,1.24616353244395E-13,-0.800439654863736));
#7093=DIRECTION('',(-1.93482421887388E-13,1.,1.06092383555548E-14));
#7094=DIRECTION('',(0.,-1.,0.));
#7095=DIRECTION('center_axis',(-1.93482421887388E-13,1.,1.06092383555548E-14));
#7096=DIRECTION('ref_axis',(6.90689317109383E-16,1.06092383555549E-14,-1.));
#7097=DIRECTION('center_axis',(1.93671511810759E-13,-1.,-1.06529759545367E-14));
#7098=DIRECTION('ref_axis',(6.90689317109375E-16,1.06529759545368E-14,-1.));
#7099=DIRECTION('',(1.93482421887388E-13,-1.,-1.06092383555548E-14));
#7100=DIRECTION('center_axis',(1.93671511810759E-13,-1.,-1.06529759545367E-14));
#7101=DIRECTION('ref_axis',(6.90689317109374E-16,1.06529759545368E-14,-1.));
#7102=DIRECTION('center_axis',(-1.93671511810759E-13,1.,1.06529759545367E-14));
#7103=DIRECTION('ref_axis',(0.707106772008575,1.29413645911484E-13,0.70710679036452));
#7104=DIRECTION('',(1.,1.93671511810759E-13,5.2415586341527E-16));
#7105=DIRECTION('center_axis',(-1.93671511810759E-13,1.,1.06529759545367E-14));
#7106=DIRECTION('ref_axis',(0.707106781186555,1.2941364778677E-13,0.70710678118654));
#7107=DIRECTION('',(-6.90689317109374E-16,-1.06529759545368E-14,1.));
#7108=DIRECTION('center_axis',(-1.93671511810759E-13,1.,1.06529759545367E-14));
#7109=DIRECTION('ref_axis',(-1.,-1.93671511810759E-13,-6.90689317111437E-16));
#7110=DIRECTION('center_axis',(-1.93671511810759E-13,1.,1.06529759545367E-14));
#7111=DIRECTION('ref_axis',(0.37796438029361,6.33381932777507E-14,0.925820137623538));
#7112=DIRECTION('',(2.59592533055734E-8,1.06529809821045E-14,-1.));
#7113=DIRECTION('center_axis',(-1.93671511810759E-13,1.,1.06529759545367E-14));
#7114=DIRECTION('ref_axis',(1.,1.93671511810759E-13,2.06317795839879E-27));
#7115=DIRECTION('center_axis',(-1.93671511810759E-13,1.,1.06529759545367E-14));
#7116=DIRECTION('ref_axis',(-0.599413345626202,-1.07562224450605E-13,-0.800439654868));
#7117=DIRECTION('center_axis',(0.,1.,0.));
#7118=DIRECTION('ref_axis',(-0.599413345626202,0.,-0.800439654868));
#7119=DIRECTION('',(0.,1.,0.));
#7120=DIRECTION('center_axis',(0.,1.,0.));
#7121=DIRECTION('ref_axis',(1.,0.,0.));
#7122=DIRECTION('center_axis',(0.,1.,0.));
#7123=DIRECTION('ref_axis',(1.,0.,0.));
#7124=DIRECTION('center_axis',(0.,-1.,-2.11471052309546E-14));
#7125=DIRECTION('ref_axis',(-5.24155863415582E-16,-2.11471052309546E-14,
1.));
#7126=DIRECTION('center_axis',(-1.21095858642587E-15,1.,2.04821404375336E-14));
#7127=DIRECTION('ref_axis',(-5.24155863415577E-16,-2.04821404375336E-14,
1.));
#7128=DIRECTION('',(4.57229771043397E-16,-0.707106781186532,-0.707106781186563));
#7129=DIRECTION('center_axis',(-1.21095858642587E-15,1.,2.04821404375336E-14));
#7130=DIRECTION('ref_axis',(5.51911439031209E-16,2.04821404375336E-14,-1.));
#7131=DIRECTION('center_axis',(-1.21095858642587E-15,1.,2.04821404375336E-14));
#7132=DIRECTION('ref_axis',(5.51911439031209E-16,2.04821404375336E-14,-1.));
#7133=DIRECTION('center_axis',(2.48966000595829E-13,-1.,-1.15023908946894E-14));
#7134=DIRECTION('ref_axis',(-5.24155863415588E-16,-1.15023908946895E-14,
1.));
#7135=DIRECTION('center_axis',(-1.21095858642587E-15,1.,2.04821404375336E-14));
#7136=DIRECTION('ref_axis',(-5.24155863415577E-16,-2.04821404375336E-14,
1.));
#7137=DIRECTION('',(2.48966000595829E-13,-1.,-1.15023908946894E-14));
#7138=DIRECTION('center_axis',(0.612372435695789,-0.353553390593269,-0.707106781186555));
#7139=DIRECTION('ref_axis',(-0.755928946018461,2.4980018054066E-16,-0.65465367070797));
#7140=DIRECTION('',(0.377964473009234,-0.654653670707979,0.654653670707971));
#7141=DIRECTION('',(-0.500000000000006,-0.866025403784435,-9.50866371453243E-15));
#7142=DIRECTION('',(-0.755928946018463,1.45362315675072E-14,-0.654653670707967));
#7143=DIRECTION('center_axis',(3.5789558563195E-16,-0.707106781186544,-0.707106781186552));
#7144=DIRECTION('ref_axis',(-1.,9.86076131526265E-32,-5.06140791114162E-16));
#7145=DIRECTION('',(-0.377964473009225,-0.654653670707982,0.654653670707974));
#7146=DIRECTION('',(-1.,0.,-5.06140791114162E-16));
#7147=DIRECTION('center_axis',(-0.612372435695797,-0.353553390593268,-0.707106781186548));
#7148=DIRECTION('ref_axis',(-0.755928946018453,-2.22044604925031E-16,0.654653670707978));
#7149=DIRECTION('',(-0.755928946018451,-1.45362315675075E-14,0.654653670707981));
#7150=DIRECTION('',(-0.5,0.866025403784439,9.0025229234183E-15));
#7151=DIRECTION('center_axis',(-0.612372435695801,0.353553390593285,-0.707106781186536));
#7152=DIRECTION('ref_axis',(-0.755928946018446,-1.11022302462516E-16,0.654653670707987));
#7153=DIRECTION('',(-0.377964473009209,0.654653670707979,0.654653670707986));
#7154=DIRECTION('',(0.5,0.866025403784439,9.50866371453246E-15));
#7155=DIRECTION('center_axis',(3.57895585631946E-16,0.707106781186551,-0.707106781186544));
#7156=DIRECTION('ref_axis',(-1.,-4.93038065763132E-32,-5.06140791114162E-16));
#7157=DIRECTION('',(1.,0.,5.06140791114162E-16));
#7158=DIRECTION('',(0.377964473009235,0.654653670707964,0.654653670707986));
#7159=DIRECTION('center_axis',(0.612372435695788,0.35355339059328,-0.70710678118655));
#7160=DIRECTION('ref_axis',(-0.755928946018459,-5.55111512312578E-17,-0.654653670707972));
#7161=DIRECTION('',(0.500000000000002,-0.866025403784437,-9.00252292341828E-15));
#7162=DIRECTION('center_axis',(0.,-1.,0.));
#7163=DIRECTION('ref_axis',(1.,0.,0.));
#7164=DIRECTION('',(0.,0.,1.));
#7165=DIRECTION('',(1.,0.,0.));
#7166=DIRECTION('',(0.,0.,1.));
#7167=DIRECTION('center_axis',(-0.866025403784437,-0.500000000000003,0.));
#7168=DIRECTION('ref_axis',(0.500000000000003,-0.866025403784437,0.));
#7169=DIRECTION('',(0.,0.,1.));
#7170=DIRECTION('',(0.500000000000002,-0.866025403784437,0.));
#7171=DIRECTION('',(0.,0.,1.));
#7172=DIRECTION('',(0.500000000000002,-0.866025403784437,0.));
#7173=DIRECTION('center_axis',(-0.866025403784435,0.500000000000006,0.));
#7174=DIRECTION('ref_axis',(-0.500000000000006,-0.866025403784435,0.));
#7175=DIRECTION('',(0.,0.,1.));
#7176=DIRECTION('',(-0.500000000000006,-0.866025403784435,0.));
#7177=DIRECTION('',(0.,0.,1.));
#7178=DIRECTION('',(-0.500000000000006,-0.866025403784435,0.));
#7179=DIRECTION('center_axis',(0.,-1.,0.));
#7180=DIRECTION('ref_axis',(0.,0.,-1.));
#7181=DIRECTION('center_axis',(0.,0.,-1.));
#7182=DIRECTION('ref_axis',(-1.,0.,0.));
#7183=DIRECTION('center_axis',(0.,1.,0.));
#7184=DIRECTION('ref_axis',(0.707106781186541,0.,-0.707106781186554));
#7185=DIRECTION('center_axis',(0.,-1.,0.));
#7186=DIRECTION('ref_axis',(0.707106781186541,0.,-0.707106781186554));
#7187=DIRECTION('center_axis',(0.,0.,1.));
#7188=DIRECTION('ref_axis',(-0.707106781186551,0.707106781186544,0.));
#7189=DIRECTION('center_axis',(0.,0.,-1.));
#7190=DIRECTION('ref_axis',(-0.707106781186551,0.707106781186544,0.));
#7191=DIRECTION('',(0.,0.,-1.));
#7192=DIRECTION('',(0.,0.,1.));
#7193=DIRECTION('center_axis',(0.,1.,0.));
#7194=DIRECTION('ref_axis',(-1.,0.,-1.32068487459068E-32));
#7195=DIRECTION('',(-1.,0.,-1.32068487459068E-32));
#7196=DIRECTION('',(-5.95079541199084E-13,0.,1.));
#7197=DIRECTION('center_axis',(0.,1.,0.));
#7198=DIRECTION('ref_axis',(-0.707106781186547,0.,-0.707106781186548));
#7199=DIRECTION('',(0.,0.,1.));
#7200=DIRECTION('',(1.,0.,1.97489111866807E-16));
#7201=DIRECTION('center_axis',(0.,0.,1.));
#7202=DIRECTION('ref_axis',(1.,0.,0.));
#7203=DIRECTION('',(0.,-1.,0.));
#7204=DIRECTION('center_axis',(0.,0.,-1.));
#7205=DIRECTION('ref_axis',(-0.707106781186549,-0.707106781186546,0.));
#7206=DIRECTION('',(1.,1.58608957575484E-16,1.32068487459073E-32));
#7207=DIRECTION('center_axis',(0.,0.,-1.));
#7208=DIRECTION('ref_axis',(0.707106781186548,-0.707106781186548,0.));
#7209=DIRECTION('',(3.45525119594924E-15,1.,0.));
#7210=DIRECTION('center_axis',(0.,0.,-1.));
#7211=DIRECTION('ref_axis',(0.707106781186548,0.707106781186547,0.));
#7212=DIRECTION('center_axis',(-5.95079541199084E-13,0.,1.));
#7213=DIRECTION('ref_axis',(0.707106781186548,0.707106781186547,4.20784778927252E-13));
#7214=DIRECTION('',(5.95079541199084E-13,0.,-1.));
#7215=DIRECTION('center_axis',(4.23924963844622E-13,0.707106781186543,-0.707106781186552));
#7216=DIRECTION('ref_axis',(-4.17742724788555E-13,0.707106781186552,0.707106781186543));
#7217=DIRECTION('center_axis',(-1.,0.,0.));
#7218=DIRECTION('ref_axis',(0.,-1.,0.));
#7219=DIRECTION('',(0.,1.,-1.14954342341396E-14));
#7220=DIRECTION('',(0.,0.,-1.));
#7221=DIRECTION('center_axis',(0.,1.,-1.14954342341396E-14));
#7222=DIRECTION('ref_axis',(0.707106781186548,-8.1284994996441E-15,-0.707106781186548));
#7223=DIRECTION('',(0.,-1.,1.14954342341396E-14));
#7224=DIRECTION('center_axis',(0.,-1.,1.33226762955019E-14));
#7225=DIRECTION('ref_axis',(0.,-1.33226762955019E-14,-1.));
#7226=DIRECTION('center_axis',(3.45402718772917E-15,1.,-1.08570559949802E-14));
#7227=DIRECTION('ref_axis',(0.707106781186337,5.23473187092958E-15,0.707106781186758));
#7228=DIRECTION('',(3.45402718772917E-15,1.,-1.08570559949802E-14));
#7229=DIRECTION('center_axis',(-4.20784778927249E-13,0.707106781186553,
0.707106781186542));
#7230=DIRECTION('ref_axis',(-4.25789448639305E-13,-0.707106781186542,0.707106781186553));
#7231=DIRECTION('center_axis',(1.97489111866807E-16,-1.14954342341396E-14,
-1.));
#7232=DIRECTION('ref_axis',(8.08507141920834E-16,1.,-1.14954342341396E-14));
#7233=DIRECTION('',(1.,1.58608957575484E-16,1.32068487459073E-32));
#7234=DIRECTION('center_axis',(-1.97489111866807E-16,1.14954342341396E-14,
1.));
#7235=DIRECTION('ref_axis',(-0.707106781186554,-0.707106781186541,7.98885360943249E-15));
#7236=DIRECTION('',(0.,1.,-4.96995599543848E-31));
#7237=DIRECTION('',(1.,0.,8.46697165137631E-31));
#7238=DIRECTION('center_axis',(1.97489111866807E-16,-1.14954342341396E-14,
-1.));
#7239=DIRECTION('ref_axis',(0.707106781186549,-0.707106781186546,8.26814538985561E-15));
#7240=DIRECTION('',(3.45525119594924E-15,1.,0.));
#7241=DIRECTION('center_axis',(-1.97489111866807E-16,1.14954342341396E-14,
1.));
#7242=DIRECTION('ref_axis',(0.707106781186549,0.707106781186546,-7.98885360943255E-15));
#7243=DIRECTION('',(1.,-1.9648851157961E-15,1.97489111866828E-16));
#7244=DIRECTION('center_axis',(4.48706148206913E-15,-1.26448216866078E-14,
-1.));
#7245=DIRECTION('ref_axis',(-0.965925826289201,0.258819045102027,-7.6068892440913E-15));
#7246=DIRECTION('',(-0.258819045102029,-0.9659258262892,1.13981869390006E-30));
#7247=DIRECTION('center_axis',(-4.95409318344717E-33,-1.84889274661028E-32,
1.));
#7248=DIRECTION('ref_axis',(-0.965925826289199,0.258819045102033,2.58159136030153E-45));
#7249=DIRECTION('',(2.48783307605314E-13,-1.,3.69257962895484E-32));
#7250=DIRECTION('center_axis',(1.97489111866807E-16,-1.14954342341396E-14,
-1.));
#7251=DIRECTION('ref_axis',(-0.707106781186458,-0.707106781186637,7.98885360943362E-15));
#7252=DIRECTION('center_axis',(-1.97489111866807E-16,1.14954342341396E-14,
1.));
#7253=DIRECTION('ref_axis',(8.08507141920833E-16,1.,-1.14954342341396E-14));
#7254=DIRECTION('center_axis',(-1.,3.45402718772271E-15,-5.95079541199084E-13));
#7255=DIRECTION('ref_axis',(-5.95079541199084E-13,0.,1.));
#7256=DIRECTION('',(-5.95079541199084E-13,-9.4384945704084E-29,1.));
#7257=DIRECTION('',(3.45402718772917E-15,1.,-1.08570559949802E-14));
#7258=DIRECTION('',(-2.44166207119848E-14,8.88178419681874E-16,-1.));
#7259=DIRECTION('',(3.45402718773405E-15,1.,-1.90572866129736E-14));
#7260=DIRECTION('',(-5.95079541199084E-13,1.90719043287001E-14,1.));
#7261=DIRECTION('',(-5.95079541199084E-13,0.,1.));
#7262=DIRECTION('center_axis',(-1.,0.,0.));
#7263=DIRECTION('ref_axis',(0.,-1.,0.));
#7264=DIRECTION('',(0.,-1.,0.));
#7265=DIRECTION('',(0.,0.,1.));
#7266=DIRECTION('',(0.,-1.,0.));
#7267=DIRECTION('',(0.,0.,1.));
#7268=DIRECTION('center_axis',(1.,0.,0.));
#7269=DIRECTION('ref_axis',(0.,1.,0.));
#7270=DIRECTION('',(0.,1.,0.));
#7271=DIRECTION('',(0.,0.,1.));
#7272=DIRECTION('',(0.,1.,0.));
#7273=DIRECTION('',(0.,0.,1.));
#7274=DIRECTION('center_axis',(0.,0.,1.));
#7275=DIRECTION('ref_axis',(1.,0.,0.));
#7276=DIRECTION('',(1.,0.,0.));
#7277=DIRECTION('',(-1.,0.,0.));
#7278=DIRECTION('center_axis',(0.,0.,-1.));
#7279=DIRECTION('ref_axis',(-8.08507141920824E-16,-1.,0.));
#7280=DIRECTION('center_axis',(0.,0.,1.));
#7281=DIRECTION('ref_axis',(1.,0.,0.));
#7282=DIRECTION('',(1.,0.,0.));
#7283=DIRECTION('',(-1.,0.,0.));
#7284=DIRECTION('center_axis',(0.,1.,0.));
#7285=DIRECTION('ref_axis',(-1.,0.,0.));
#7286=DIRECTION('',(-1.,0.,0.));
#7287=DIRECTION('',(0.,0.,1.));
#7288=DIRECTION('',(-1.,0.,0.));
#7289=DIRECTION('center_axis',(0.,-1.,0.));
#7290=DIRECTION('ref_axis',(1.,0.,0.));
#7291=DIRECTION('',(1.,0.,0.));
#7292=DIRECTION('',(1.,0.,0.));
#7293=DIRECTION('',(0.,0.,1.));
#7294=DIRECTION('center_axis',(0.,0.,1.));
#7295=DIRECTION('ref_axis',(1.,0.,0.));
#7296=DIRECTION('',(-0.5,0.866025403784439,0.));
#7297=DIRECTION('',(0.5,0.866025403784439,0.));
#7298=DIRECTION('center_axis',(0.,0.,-1.));
#7299=DIRECTION('ref_axis',(1.,0.,0.));
#7300=DIRECTION('',(-1.,0.,0.));
#7301=DIRECTION('',(-0.5,0.866025403784439,0.));
#7302=DIRECTION('center_axis',(0.,0.,-1.));
#7303=DIRECTION('ref_axis',(1.,0.,0.));
#7304=DIRECTION('',(0.5,0.866025403784439,0.));
#7305=DIRECTION('center_axis',(0.,1.,0.));
#7306=DIRECTION('ref_axis',(-1.,0.,0.));
#7307=DIRECTION('',(0.,0.,1.));
#7308=DIRECTION('center_axis',(0.866025403784439,0.5,0.));
#7309=DIRECTION('ref_axis',(-0.5,0.866025403784439,0.));
#7310=DIRECTION('',(0.,0.,1.));
#7311=DIRECTION('center_axis',(0.866025403784439,-0.5,0.));
#7312=DIRECTION('ref_axis',(0.5,0.866025403784439,0.));
#7313=DIRECTION('center_axis',(-3.47619672974361E-14,0.707106781186525,
-0.70710678118657));
#7314=DIRECTION('ref_axis',(1.,4.9712757045837E-14,5.51911439031296E-16));
#7315=DIRECTION('',(0.577350269189067,0.577350269189938,0.577350269189872));
#7316=DIRECTION('',(1.,4.96669863979205E-14,5.06140791114693E-16));
#7317=DIRECTION('',(-3.5592309883063E-14,0.707106781186634,0.707106781186462));
#7318=DIRECTION('center_axis',(1.58608957575484E-16,-1.,0.));
#7319=DIRECTION('ref_axis',(1.,1.58608957575484E-16,1.32068487459073E-32));
#7320=DIRECTION('',(5.95079541199084E-13,9.4384945704084E-29,-1.));
#7321=DIRECTION('',(0.,0.,1.));
#7322=DIRECTION('',(-5.51911439031566E-16,-8.7538098018782E-32,1.));
#7323=DIRECTION('',(-1.,-1.58608957575484E-16,-1.97489102590703E-16));
#7324=DIRECTION('center_axis',(-1.97489111866807E-16,1.14954342341396E-14,
1.));
#7325=DIRECTION('ref_axis',(1.,0.,0.));
#7326=DIRECTION('center_axis',(1.97489111866807E-16,-1.14954342341396E-14,
-1.));
#7327=DIRECTION('ref_axis',(-0.707106781186554,-0.707106781186541,7.98885360943249E-15));
#7328=DIRECTION('center_axis',(0.,0.,1.));
#7329=DIRECTION('ref_axis',(-0.707106781186549,-0.707106781186546,0.));
#7330=DIRECTION('center_axis',(3.45402718772917E-15,1.,-1.08570559949802E-14));
#7331=DIRECTION('ref_axis',(0.707106781186336,5.23473187092959E-15,0.707106781186759));
#7332=DIRECTION('center_axis',(-4.17644594009882E-13,0.707106781186551,
0.707106781186544));
#7333=DIRECTION('ref_axis',(-4.22551132943268E-13,-0.707106781186544,0.707106781186551));
#7334=DIRECTION('',(-3.45402718772917E-15,-1.,1.08570559949802E-14));
#7335=DIRECTION('center_axis',(4.96669863979205E-14,-1.,-8.88178419683086E-16));
#7336=DIRECTION('ref_axis',(0.707106781186336,3.44918258995974E-14,0.707106781186759));
#7337=DIRECTION('center_axis',(-1.97489102590704E-16,1.08570559949802E-14,
1.));
#7338=DIRECTION('ref_axis',(-1.,-2.47633632734689E-13,-1.97489102588015E-16));
#7339=DIRECTION('',(-2.48754480168136E-13,1.,-1.08570559949802E-14));
#7340=DIRECTION('center_axis',(1.97489102590704E-16,-1.08570559949802E-14,
-1.));
#7341=DIRECTION('ref_axis',(-0.707106781186653,0.707106781186442,-7.81674380142377E-15));
#7342=DIRECTION('',(-1.,-2.50290162262506E-13,-1.97489102587987E-16));
#7343=DIRECTION('',(-2.48365107585063E-13,1.,-1.08570559949802E-14));
#7344=DIRECTION('',(-1.,-2.49028598011684E-13,-1.97489102588001E-16));
#7345=DIRECTION('',(2.48365107585063E-13,-1.,1.08570559949802E-14));
#7346=DIRECTION('',(1.,4.96669863979205E-14,1.97489102590165E-16));
#7347=DIRECTION('center_axis',(-2.48754480168136E-13,1.,-1.08570559949802E-14));
#7348=DIRECTION('ref_axis',(-0.707106781186548,-1.68218881859651E-13,0.707106781186548));
#7349=DIRECTION('center_axis',(-1.75850355372584E-13,0.707106781186551,
0.707106781186544));
#7350=DIRECTION('ref_axis',(1.7570315920458E-13,-0.707106781186544,0.707106781186551));
#7351=DIRECTION('',(2.48754480168136E-13,-1.,1.08570559949802E-14));
#7352=DIRECTION('center_axis',(-5.51911439031566E-16,-8.7538098018782E-32,
1.));
#7353=DIRECTION('ref_axis',(-0.707106781186458,-0.707106781186637,-3.90260321153597E-16));
#7354=DIRECTION('',(5.51911439031566E-16,8.7538098018782E-32,-1.));
#7355=DIRECTION('center_axis',(1.,2.48754480168136E-13,5.51911439031566E-16));
#7356=DIRECTION('ref_axis',(2.48754480168136E-13,-1.,-1.34614541735791E-15));
#7357=DIRECTION('',(0.,0.,1.));
#7358=DIRECTION('',(-2.48754480168136E-13,1.,1.06874385884401E-14));
#7359=DIRECTION('',(5.51911439028476E-16,1.2420620087994E-14,-1.));
#7360=DIRECTION('',(-2.48754480168136E-13,1.,1.18531727642965E-14));
#7361=DIRECTION('',(5.51911438882671E-16,5.99196709367025E-13,-1.));
#7362=DIRECTION('',(-2.48754480168136E-13,1.,1.26025733059185E-14));
#7363=DIRECTION('',(-5.5191143902634E-16,-2.10084921285726E-14,1.));
#7364=DIRECTION('center_axis',(-5.95079541199084E-13,-9.4384945704084E-29,
1.));
#7365=DIRECTION('ref_axis',(0.707106781186548,-0.707106781186548,4.20784778927252E-13));
#7366=DIRECTION('center_axis',(-5.95079541199084E-13,0.,1.));
#7367=DIRECTION('ref_axis',(0.707106781186549,-0.707106781186546,4.20784778927253E-13));
#7368=DIRECTION('',(5.95079541199084E-13,0.,-1.));
#7369=DIRECTION('center_axis',(0.,-1.,1.08570559949802E-14));
#7370=DIRECTION('ref_axis',(-0.707106781186547,-7.67709791777256E-15,-0.707106781186548));
#7371=DIRECTION('center_axis',(0.,-1.,0.));
#7372=DIRECTION('ref_axis',(-0.707106781186547,0.,-0.707106781186548));
#7373=DIRECTION('',(0.,-1.,1.08570559949802E-14));
#7374=DIRECTION('center_axis',(1.,0.,0.));
#7375=DIRECTION('ref_axis',(0.,1.,-4.96995599543848E-31));
#7376=DIRECTION('',(0.,0.,-1.));
#7377=DIRECTION('center_axis',(0.,-1.,0.));
#7378=DIRECTION('ref_axis',(1.,0.,8.46697165137631E-31));
#7379=DIRECTION('center_axis',(4.96669863979205E-14,-1.,-8.88178419683086E-16));
#7380=DIRECTION('ref_axis',(-1.,-4.96669863979205E-14,-4.13133560952703E-16));
#7381=DIRECTION('center_axis',(-4.96669863979205E-14,1.,8.88178419683086E-16));
#7382=DIRECTION('ref_axis',(0.707106781186548,3.57478998665311E-14,-0.707106781186547));
#7383=DIRECTION('',(-1.12835844509165E-15,-8.88178419683142E-16,1.));
#7384=DIRECTION('',(1.,4.96669863979205E-14,6.97229747142458E-16));
#7385=DIRECTION('',(-5.51911439033962E-16,-8.88178419683113E-16,1.));
#7386=DIRECTION('center_axis',(0.9659258262892,-0.258819045102029,4.8304230549795E-15));
#7387=DIRECTION('ref_axis',(0.258819045102029,0.9659258262892,-5.86610882546939E-15));
#7388=DIRECTION('',(-1.09479432864987E-16,-1.97102825678591E-14,-1.));
#7389=DIRECTION('',(0.258819045102029,0.9659258262892,1.04542718256976E-14));
#7390=DIRECTION('',(0.,0.,1.));
#7391=DIRECTION('center_axis',(-5.5191143902634E-16,-2.10084921285726E-14,
1.));
#7392=DIRECTION('ref_axis',(-0.707106781186653,0.707106781186442,1.44649869254657E-14));
#7393=DIRECTION('center_axis',(6.97229747141896E-16,1.13258168275998E-14,
-1.));
#7394=DIRECTION('ref_axis',(-0.707106781186653,0.707106781186442,7.51554599902224E-15));
#7395=DIRECTION('',(5.5191143902634E-16,2.10084921285726E-14,-1.));
#7396=DIRECTION('center_axis',(2.48365107585063E-13,-1.,1.08570559949802E-14));
#7397=DIRECTION('ref_axis',(0.707106781186548,1.67943553865752E-13,-0.707106781186547));
#7398=DIRECTION('center_axis',(-2.49028598011684E-13,1.,1.21351341673759E-14));
#7399=DIRECTION('ref_axis',(0.707106781186548,1.84670646023801E-13,-0.707106781186547));
#7400=DIRECTION('',(-2.48365107585063E-13,1.,-1.08570559949802E-14));
#7401=DIRECTION('center_axis',(1.,2.48365107585063E-13,1.12835844509187E-15));
#7402=DIRECTION('ref_axis',(-1.12835844508901E-15,-1.1530931585703E-14,
1.));
#7403=DIRECTION('',(1.12835844508886E-15,1.21351341673763E-14,-1.));
#7404=DIRECTION('',(-2.48365107585063E-13,1.,1.1964195066759E-14));
#7405=DIRECTION('center_axis',(-2.49028598011684E-13,1.,1.21351341673759E-14));
#7406=DIRECTION('ref_axis',(-5.2415586341559E-16,-1.2135134167376E-14,1.));
#7407=DIRECTION('center_axis',(-2.49028598011684E-13,1.,1.21351341673759E-14));
#7408=DIRECTION('ref_axis',(-0.707106781186546,-1.6750897470308E-13,-0.707106781186549));
#7409=DIRECTION('',(-5.2415586341559E-16,-1.21351341673761E-14,1.));
#7410=DIRECTION('',(1.,2.49028598011684E-13,6.97229747144873E-16));
#7411=DIRECTION('center_axis',(-2.49028598011684E-13,1.,1.21351341673759E-14));
#7412=DIRECTION('ref_axis',(0.707106781186548,1.84670646023801E-13,-0.707106781186548));
#7413=DIRECTION('',(-4.13133560952562E-16,-1.21351341673761E-14,1.));
#7414=DIRECTION('center_axis',(-2.49028598011684E-13,1.,1.21351341673759E-14));
#7415=DIRECTION('ref_axis',(0.2229334191099,4.36870593942418E-14,0.974833673322772));
#7416=DIRECTION('',(1.,2.49028598011684E-13,5.24155863564094E-16));
#7417=DIRECTION('center_axis',(2.49028598011684E-13,-1.,-1.21351341673759E-14));
#7418=DIRECTION('ref_axis',(-5.24155863415589E-16,-1.2135134167376E-14,
1.));
#7419=DIRECTION('',(-1.,-2.49028598011684E-13,-5.24155863564094E-16));
#7420=DIRECTION('center_axis',(-2.48365107585063E-13,1.,-1.08570559949802E-14));
#7421=DIRECTION('ref_axis',(-0.707106781186546,-1.83297749701297E-13,-0.707106781186549));
#7422=DIRECTION('center_axis',(-4.96872024725904E-14,1.,2.10084921285725E-14));
#7423=DIRECTION('ref_axis',(-0.707106781186546,-2.02789105599397E-14,-0.707106781186549));
#7424=DIRECTION('',(2.48365107585063E-13,-1.,1.08570559949802E-14));
#7425=DIRECTION('center_axis',(-1.,-2.48365107585063E-13,-5.24155863418447E-16));
#7426=DIRECTION('ref_axis',(5.24155863415592E-16,1.14967559282166E-14,-1.));
#7427=DIRECTION('',(-5.24155863413386E-16,-2.10084921285776E-14,1.));
#7428=DIRECTION('',(2.48365107585063E-13,-1.,-1.26025733059185E-14));
#7429=DIRECTION('center_axis',(-4.96872024725904E-14,1.,2.10084921285725E-14));
#7430=DIRECTION('ref_axis',(2.44166207119858E-14,-2.10084921285713E-14,
1.));
#7431=DIRECTION('',(1.,2.50290162262506E-13,6.97229747144889E-16));
#7432=DIRECTION('center_axis',(-4.96669863846857E-14,1.,1.52655665884255E-15));
#7433=DIRECTION('ref_axis',(-4.13133560953088E-16,-1.52655665884257E-15,
1.));
#7434=DIRECTION('',(4.44089209850063E-16,1.33226762955019E-15,-1.));
#7435=DIRECTION('',(1.,4.96669863846857E-14,5.06140791114693E-16));
#7436=DIRECTION('',(-5.95088292387489E-13,2.02365901813544E-14,-1.));
#7437=DIRECTION('',(-1.,-4.49953791333155E-14,-1.97593199818152E-15));
#7438=DIRECTION('center_axis',(-1.21095858642588E-15,1.,2.08749684205146E-14));
#7439=DIRECTION('ref_axis',(1.,1.2109585864383E-15,-5.95096056893484E-13));
#7440=DIRECTION('',(-5.95088292387489E-13,2.08749684205139E-14,-1.));
#7441=DIRECTION('',(1.,1.21095858642584E-15,1.97593199818109E-15));
#7442=DIRECTION('',(5.95088292387489E-13,-2.08749684205139E-14,1.));
#7443=DIRECTION('',(-1.,-1.21095858642587E-15,-5.06140791114175E-16));
#7444=DIRECTION('center_axis',(4.95269235833601E-14,-1.,-5.9919067062539E-13));
#7445=DIRECTION('ref_axis',(0.707106781186548,4.5871260994003E-13,-0.707106781186548));
#7446=DIRECTION('',(4.95269235833601E-14,-1.,-5.9919067062539E-13));
#7447=DIRECTION('center_axis',(3.68490291021901E-14,-1.,-5.99196709367025E-13));
#7448=DIRECTION('ref_axis',(0.707106781186548,4.49752254816387E-13,-0.707106781186548));
#7449=DIRECTION('',(-4.95269235833601E-14,1.,5.9919067062539E-13));
#7450=DIRECTION('center_axis',(5.24155863414879E-16,5.9919067062539E-13,
-1.));
#7451=DIRECTION('ref_axis',(-1.,-3.68490291023197E-14,-5.24155863436959E-16));
#7452=DIRECTION('',(-2.49497537879035E-13,1.,1.204971845865E-14));
#7453=DIRECTION('',(1.,4.94049245958195E-14,3.70074341541719E-16));
#7454=DIRECTION('center_axis',(1.,4.95269235833599E-14,4.13133560953163E-16));
#7455=DIRECTION('ref_axis',(-4.13133560953087E-16,-1.52655665884257E-15,
1.));
#7456=DIRECTION('',(-4.13133560923487E-16,-5.99196709367025E-13,1.));
#7457=DIRECTION('',(4.95269235833599E-14,-1.,-1.20497184586289E-14));
#7458=DIRECTION('center_axis',(-3.68490291021901E-14,1.,5.99196709367025E-13));
#7459=DIRECTION('ref_axis',(1.48313624251862E-7,-5.99196703901805E-13,0.999999999999989));
#7460=DIRECTION('',(-1.,-2.45399402626476E-13,-5.24155863415476E-16));
#7461=DIRECTION('center_axis',(3.68490291021901E-14,-1.,-5.99196709367025E-13));
#7462=DIRECTION('ref_axis',(0.707106781186549,4.49752254816387E-13,-0.707106781186547));
#7463=DIRECTION('',(5.5191143888548E-16,5.97132947279749E-13,-1.));
#7464=DIRECTION('',(-1.,-3.68490291021897E-14,-6.97229747142335E-16));
#7465=DIRECTION('',(-5.51911438882671E-16,-5.99196709367025E-13,1.));
#7466=DIRECTION('center_axis',(-2.49028598011814E-13,1.,1.21351341673759E-14));
#7467=DIRECTION('ref_axis',(-5.24155863415589E-16,-1.2135134167376E-14,
1.));
#7468=DIRECTION('',(1.,3.68490291021898E-14,5.24155863436958E-16));
#7469=DIRECTION('center_axis',(3.68490291021901E-14,-1.,-5.99196709367025E-13));
#7470=DIRECTION('ref_axis',(0.2229334191099,-5.75902249186543E-13,0.974833673322772));
#7471=DIRECTION('center_axis',(1.97593199818108E-15,9.83010131513098E-15,
-1.));
#7472=DIRECTION('ref_axis',(1.,1.93706298997542E-13,1.97593199818298E-15));
#7473=DIRECTION('',(-4.86526880450156E-14,1.,6.38378239159485E-16));
#7474=DIRECTION('',(2.48914051191683E-13,-1.,-1.04684795542899E-14));
#7475=DIRECTION('center_axis',(-9.29859697101544E-16,-1.18531727642968E-14,
1.));
#7476=DIRECTION('ref_axis',(-0.707106781186449,-0.707106781186646,-9.03896893758361E-15));
#7477=DIRECTION('center_axis',(-9.29859697101545E-16,-1.12147945251373E-14,
1.));
#7478=DIRECTION('ref_axis',(-0.707106781186386,-0.707106781186709,-8.58756735571259E-15));
#7479=DIRECTION('',(1.,1.9364961618812E-13,9.29859697103717E-16));
#7480=DIRECTION('center_axis',(-9.29859697101545E-16,-1.12147945251373E-14,
1.));
#7481=DIRECTION('ref_axis',(0.382683432365268,-0.923879532511213,-1.00052772225882E-14));
#7482=DIRECTION('',(0.707106781186411,0.707106781186684,8.58756735571233E-15));
#7483=DIRECTION('',(1.9364961618812E-13,-1.,-1.12147945251371E-14));
#7484=DIRECTION('',(-1.,-1.93671511836434E-13,-1.97593199818299E-15));
#7485=DIRECTION('',(2.48914051191683E-13,-1.,-1.04684795542899E-14));
#7486=DIRECTION('center_axis',(1.97593199818108E-15,9.83010131513098E-15,
-1.));
#7487=DIRECTION('ref_axis',(-0.707106781186547,-0.707106781186548,-8.34812621475724E-15));
#7488=DIRECTION('',(-1.21095858643207E-15,1.,9.83010131513098E-15));
#7489=DIRECTION('center_axis',(1.97593199818108E-15,1.04684795542904E-14,
-1.));
#7490=DIRECTION('ref_axis',(-0.707106781186549,0.707106781186546,6.00513796647412E-15));
#7491=DIRECTION('center_axis',(1.97593199818108E-15,9.83010131513098E-15,
-1.));
#7492=DIRECTION('ref_axis',(0.707106781186547,0.707106781186548,-4.06030135224716E-13));
#7493=DIRECTION('',(1.21095858643207E-15,-1.,-9.83010131513098E-15));
#7494=DIRECTION('center_axis',(1.97593199818108E-15,9.83010131513098E-15,
-1.));
#7495=DIRECTION('ref_axis',(0.707106781186548,-0.707106781186547,-4.35100397097246E-13));
#7496=DIRECTION('center_axis',(0.,-1.1102230246254E-14,1.));
#7497=DIRECTION('ref_axis',(-0.707106781186386,-0.707106781186709,-7.85046229342239E-15));
#7498=DIRECTION('',(1.37383090134856E-13,-0.707106781186564,0.707106781186531));
#7499=DIRECTION('center_axis',(5.06140791114162E-16,1.06874385884403E-14,
-1.));
#7500=DIRECTION('ref_axis',(-0.707106781186386,-0.707106781186709,-7.91505588503451E-15));
#7501=DIRECTION('',(0.707106781186616,3.68971727790731E-13,-0.707106781186479));
#7502=DIRECTION('center_axis',(-0.707106781168953,-1.68338819473458E-13,
-0.707106781204142));
#7503=DIRECTION('ref_axis',(-0.707106781204142,1.26217744835362E-29,0.707106781168953));
#7504=DIRECTION('',(0.707106781204145,1.8056063275332E-13,-0.70710678116895));
#7505=DIRECTION('center_axis',(0.,-1.11022302462957E-14,1.));
#7506=DIRECTION('ref_axis',(-0.99144486137386,0.130526192219676,1.44913183919509E-15));
#7507=DIRECTION('center_axis',(5.06140791114162E-16,1.06874385884403E-14,
-1.));
#7508=DIRECTION('ref_axis',(-0.99144486137386,0.130526192219676,8.93179977048905E-16));
#7509=DIRECTION('',(0.683012701893677,-0.183012701892229,-0.707106781185137));
#7510=DIRECTION('center_axis',(-0.683012701892307,0.183012701891878,-0.707106781186551));
#7511=DIRECTION('ref_axis',(-0.719254596676361,2.22044604925031E-16,0.69474659060691));
#7512=DIRECTION('',(0.683012701893003,-0.183012701892037,-0.707106781185838));
#7513=DIRECTION('center_axis',(0.,0.,1.));
#7514=DIRECTION('ref_axis',(-0.608761429008924,0.793353340291079,0.));
#7515=DIRECTION('',(-4.21445870492139E-13,-0.707106781186554,-0.707106781186541));
#7516=DIRECTION('center_axis',(5.06140791114162E-16,1.06874385884403E-14,
-1.));
#7517=DIRECTION('ref_axis',(-0.608761429008924,0.793353340291079,8.17079611201652E-15));
#7518=DIRECTION('center_axis',(-4.2148591510384E-13,-0.707106781186541,
0.707106781186554));
#7519=DIRECTION('ref_axis',(1.,0.,5.9607109748908E-13));
#7520=DIRECTION('',(-1.,8.08507141909489E-16,-5.95262590347171E-13));
#7521=DIRECTION('',(4.19999732697895E-13,-0.707106781186539,-0.707106781186556));
#7522=DIRECTION('center_axis',(-1.09479432864987E-16,-1.90719043286996E-14,
-1.));
#7523=DIRECTION('ref_axis',(-0.608761429008924,0.793353340291079,-1.50641121488877E-14));
#7524=DIRECTION('',(1.09479432864987E-16,1.90719043286996E-14,1.));
#7525=DIRECTION('center_axis',(5.51911439035696E-16,-1.66035599910989E-14,
-1.));
#7526=DIRECTION('ref_axis',(-0.99144486137386,0.130526192219676,-2.71438922309449E-15));
#7527=DIRECTION('center_axis',(5.51911439028476E-16,1.2420620087994E-14,
-1.));
#7528=DIRECTION('ref_axis',(-0.707106781186386,-0.707106781186709,-9.17296501191579E-15));
#7529=DIRECTION('',(-5.51911439028476E-16,-1.2420620087994E-14,1.));
#7530=DIRECTION('center_axis',(-1.,3.3643121958338E-16,0.));
#7531=DIRECTION('ref_axis',(3.3643121958338E-16,1.,0.));
#7532=DIRECTION('center_axis',(-1.,0.,0.));
#7533=DIRECTION('ref_axis',(0.,1.,0.));
#7534=DIRECTION('center_axis',(-0.707106781186959,1.59179026418923E-14,
0.707106781186136));
#7535=DIRECTION('ref_axis',(0.707106781186136,0.,0.707106781186959));
#7536=DIRECTION('',(0.707106781186136,1.48745601348978E-14,0.707106781186959));
#7537=DIRECTION('center_axis',(-5.9396931817442E-13,2.22044604925017E-14,
1.));
#7538=DIRECTION('ref_axis',(0.707106781186549,0.707106781186546,4.04298808111047E-13));
#7539=DIRECTION('center_axis',(-5.95262590347171E-13,1.90572866129757E-14,
1.));
#7540=DIRECTION('ref_axis',(0.707106781186549,0.707106781186546,4.07438677626105E-13));
#7541=DIRECTION('center_axis',(-8.08507141920841E-16,-1.,1.90719043286996E-14));
#7542=DIRECTION('ref_axis',(1.,-8.08507141909488E-16,5.95262590356447E-13));
#7543=DIRECTION('',(5.95079541199084E-13,-1.90719043287001E-14,-1.));
#7544=DIRECTION('center_axis',(-5.95079541199084E-13,1.90719043287001E-14,
1.));
#7545=DIRECTION('ref_axis',(0.707106781186549,0.707106781186546,4.07298906046288E-13));
#7546=DIRECTION('center_axis',(-5.95335683593542E-13,2.03191761110648E-14,
1.));
#7547=DIRECTION('ref_axis',(-8.08507141920824E-16,-1.,2.03191761110643E-14));
#7548=DIRECTION('',(-5.95335683593542E-13,2.03191761110648E-14,1.));
#7549=DIRECTION('center_axis',(6.97229747141896E-16,1.13258168275998E-14,
-1.));
#7550=DIRECTION('ref_axis',(-1.,-1.97880076455399E-16,-6.97229747141898E-16));
#7551=DIRECTION('center_axis',(6.97229747141894E-16,1.19641950667593E-14,
-1.));
#7552=DIRECTION('ref_axis',(-0.707106781186449,-0.707106781186646,-8.95297934539426E-15));
#7553=DIRECTION('',(2.49028598011684E-13,-1.,-1.1964195066759E-14));
#7554=DIRECTION('center_axis',(6.97229747141896E-16,1.13258168275998E-14,
-1.));
#7555=DIRECTION('ref_axis',(0.707106781186443,0.707106781186652,8.50157776352266E-15));
#7556=DIRECTION('center_axis',(-6.97229747141894E-16,-1.19641950667593E-14,
1.));
#7557=DIRECTION('ref_axis',(1.15544743519459E-15,-1.,-1.19641950667593E-14));
#7558=DIRECTION('center_axis',(1.93671511836564E-13,-1.,-1.24483756636095E-14));
#7559=DIRECTION('ref_axis',(5.24155863415589E-16,1.24483756636096E-14,-1.));
#7560=DIRECTION('center_axis',(-1.93671511836564E-13,1.,1.24483756636095E-14));
#7561=DIRECTION('ref_axis',(5.24155863415589E-16,1.24483756636096E-14,-1.));
#7562=DIRECTION('center_axis',(-1.93723631056428E-13,1.,1.24206200879939E-14));
#7563=DIRECTION('ref_axis',(5.24155863415594E-16,1.2420620087994E-14,-1.));
#7564=DIRECTION('center_axis',(-1.93671511836434E-13,1.,1.00145977153772E-14));
#7565=DIRECTION('ref_axis',(5.2415586341606E-16,1.00145977153773E-14,-1.));
#7566=DIRECTION('',(-1.93723631056428E-13,1.,1.24206200879939E-14));
#7567=DIRECTION('center_axis',(1.93399852975746E-13,-1.,-2.50031436271055E-14));
#7568=DIRECTION('ref_axis',(0.707106762830582,1.19074451100926E-13,0.707106799542512));
#7569=DIRECTION('center_axis',(-1.21095858642587E-15,1.,2.04821404375336E-14));
#7570=DIRECTION('ref_axis',(0.707106762830582,-1.36267837665952E-14,0.707106799542512));
#7571=DIRECTION('',(1.93399852975746E-13,-1.,-2.50031436271055E-14));
#7572=DIRECTION('center_axis',(3.61681395386677E-14,-1.,-2.54688516852469E-14));
#7573=DIRECTION('ref_axis',(0.707106762830582,7.56553786361425E-15,0.707106799542512));
#7574=DIRECTION('',(-1.93399852975746E-13,1.,2.50031436271055E-14));
#7575=DIRECTION('center_axis',(2.59592533496845E-8,2.50031486476213E-14,
-1.));
#7576=DIRECTION('ref_axis',(1.,3.61681388775153E-14,2.59592533496845E-8));
#7577=DIRECTION('',(-1.,-1.2109580547248E-15,-2.59592533496845E-8));
#7578=DIRECTION('',(-3.64882951938902E-14,1.,2.50031477004124E-14));
#7579=DIRECTION('',(1.,3.61681388775153E-14,2.59592533496845E-8));
#7580=DIRECTION('center_axis',(-3.64882951938902E-14,1.,2.50031477004124E-14));
#7581=DIRECTION('ref_axis',(-0.707106762830577,-8.12122454683072E-15,-0.707106799542518));
#7582=DIRECTION('center_axis',(1.21095858642587E-15,-1.,-2.04821404375336E-14));
#7583=DIRECTION('ref_axis',(-0.707106762830577,1.36267837665953E-14,-0.707106799542518));
#7584=DIRECTION('',(3.64882951938902E-14,-1.,-2.50031477004124E-14));
#7585=DIRECTION('center_axis',(-3.61681395386677E-14,1.,2.54688516852469E-14));
#7586=DIRECTION('ref_axis',(-0.707106762830577,-7.56553786361391E-15,-0.707106799542518));
#7587=DIRECTION('center_axis',(3.61681395386677E-14,-1.,-2.54688516852469E-14));
#7588=DIRECTION('ref_axis',(4.13133560953064E-16,2.54688516852469E-14,-1.));
#7589=DIRECTION('center_axis',(3.61681395386677E-14,-1.,-2.54688516852469E-14));
#7590=DIRECTION('ref_axis',(0.981020617508539,4.04201888003167E-14,-0.193903450261113));
#7591=DIRECTION('',(2.59592494245993E-8,2.54688526241446E-14,-1.));
#7592=DIRECTION('',(-2.59592533055734E-8,-2.54688526241448E-14,1.));
#7593=DIRECTION('center_axis',(-3.61681395386677E-14,1.,2.54688516852469E-14));
#7594=DIRECTION('ref_axis',(-0.707106772008572,-7.56553842931791E-15,-0.707106790364523));
#7595=DIRECTION('',(-1.,-3.61681395386677E-14,-1.97593199818144E-15));
#7596=DIRECTION('center_axis',(3.61681395386677E-14,-1.,-2.54688516852469E-14));
#7597=DIRECTION('ref_axis',(0.646981523758675,3.97997402592832E-15,0.762505677300112));
#7598=DIRECTION('center_axis',(1.,1.93399852326684E-13,2.59592494245993E-8));
#7599=DIRECTION('ref_axis',(1.93399852360908E-13,-1.,-1.31838984174234E-15));
#7600=DIRECTION('',(1.93399852604121E-13,-1.,-1.06874385884402E-14));
#7601=DIRECTION('',(-2.59592494245993E-8,-2.04821404689692E-14,1.));
#7602=DIRECTION('center_axis',(1.15544743519461E-15,-1.,-1.13398735511636E-14));
#7603=DIRECTION('ref_axis',(1.,1.1554474351946E-15,5.06140791107712E-16));
#7604=DIRECTION('',(1.,1.1554474351946E-15,5.06140791114175E-16));
#7605=DIRECTION('',(-5.24155863414996E-16,-1.31838984174241E-15,1.));
#7606=DIRECTION('center_axis',(-1.1554474351946E-15,1.,6.32913169645299E-15));
#7607=DIRECTION('ref_axis',(1.,1.1554474351946E-15,5.51911439031233E-16));
#7608=DIRECTION('',(-1.,-1.1554474351946E-15,-5.24155863415078E-16));
#7609=DIRECTION('',(-5.33897240232523E-16,-1.13398735511636E-14,1.));
#7610=DIRECTION('center_axis',(1.,1.9364961618812E-13,5.24155863417999E-16));
#7611=DIRECTION('ref_axis',(-5.24155863415588E-16,-1.24483756636096E-14,
1.));
#7612=DIRECTION('',(1.57811627986726E-13,-0.816496580927736,0.577350269189611));
#7613=DIRECTION('',(1.36560322615371E-13,-0.707106781186557,0.707106781186538));
#7614=DIRECTION('',(5.2415586341606E-16,1.00145977153773E-14,-1.));
#7615=DIRECTION('',(-1.37301645622485E-13,0.707107064299255,0.707106498073727));
#7616=DIRECTION('',(-5.24155863415594E-16,-1.2420620087994E-14,1.));
#7617=DIRECTION('center_axis',(0.707106781186684,-0.707106781186411,-8.41207052534077E-15));
#7618=DIRECTION('ref_axis',(-0.707106781186411,-0.707106781186684,-1.34212887423059E-15));
#7619=DIRECTION('',(-0.707106781186411,-0.707106781186684,-8.36645746690591E-15));
#7620=DIRECTION('',(-5.24155863415592E-16,-1.2420620087994E-14,1.));
#7621=DIRECTION('center_axis',(5.24155863415593E-16,1.2420620087994E-14,
-1.));
#7622=DIRECTION('ref_axis',(0.382683432365268,-0.923879532511213,-1.1274570915489E-14));
#7623=DIRECTION('center_axis',(5.06140791114161E-16,1.13258168275997E-14,
-1.));
#7624=DIRECTION('ref_axis',(0.382683432365268,-0.923879532511213,-1.02699986607868E-14));
#7625=DIRECTION('',(5.24155863415593E-16,1.2420620087994E-14,-1.));
#7626=DIRECTION('center_axis',(1.9364961618812E-13,-1.,-1.24206200879939E-14));
#7627=DIRECTION('ref_axis',(-1.,-1.9364961618812E-13,-5.24155863415858E-16));
#7628=DIRECTION('',(-1.,-1.9364961618812E-13,-5.06140791116354E-16));
#7629=DIRECTION('center_axis',(1.37288852366422E-13,-0.70710678118653,-0.707106781186565));
#7630=DIRECTION('ref_axis',(-1.,-1.93603845540205E-13,-5.51911439031485E-16));
#7631=DIRECTION('',(-1.41774337988591E-13,0.707106781186588,-0.707106781186507));
#7632=DIRECTION('center_axis',(-5.51911439031231E-16,-1.34614541735805E-15,
1.));
#7633=DIRECTION('ref_axis',(0.382683432365268,-0.923879532511213,-1.03246883503074E-15));
#7634=DIRECTION('',(-0.500000000000103,0.499999999999922,-0.70710678118653));
#7635=DIRECTION('center_axis',(0.500000000000094,-0.499999999999892,-0.707106781186558));
#7636=DIRECTION('ref_axis',(-0.707106781186406,-0.707106781186689,-2.05391259555654E-15));
#7637=DIRECTION('center_axis',(-1.1554474351946E-15,1.,1.31838984174241E-15));
#7638=DIRECTION('ref_axis',(1.,1.24344978758018E-15,5.32907051820076E-16));
#7639=DIRECTION('center_axis',(8.07432808297395E-16,1.31838984174241E-15,
-1.));
#7640=DIRECTION('ref_axis',(1.1554474351946E-15,-1.,-1.31838984174241E-15));
#7641=DIRECTION('center_axis',(1.,1.1554474351946E-15,5.51911439031235E-16));
#7642=DIRECTION('ref_axis',(-5.51911439031272E-16,3.2358375238554E-14,1.));
#7643=DIRECTION('center_axis',(5.24155863414996E-16,1.31838984174241E-15,
-1.));
#7644=DIRECTION('ref_axis',(1.1554474351946E-15,-1.,-1.31838984174241E-15));
#7645=DIRECTION('center_axis',(-5.06140791114162E-16,-1.06874385884403E-14,
1.));
#7646=DIRECTION('ref_axis',(1.15544743519461E-15,-1.,-1.06874385884403E-14));
#7647=DIRECTION('center_axis',(-5.51911438882671E-16,-5.99196709367025E-13,
1.));
#7648=DIRECTION('ref_axis',(-0.707106781186449,-0.707106781186646,-4.24086316779196E-13));
#7649=DIRECTION('center_axis',(1.,2.48858540040452E-13,5.24155863415483E-16));
#7650=DIRECTION('ref_axis',(-5.24155863415438E-16,-1.80411241501617E-16,
1.));
#7651=DIRECTION('',(1.,2.48858540040452E-13,5.24155863415483E-16));
#7652=DIRECTION('center_axis',(5.06140781838058E-16,1.13258168275998E-14,
-1.));
#7653=DIRECTION('ref_axis',(-5.86458135074214E-16,1.,1.13258168275998E-14));
#7654=DIRECTION('',(-1.21095858642587E-15,1.,1.13258168275998E-14));
#7655=DIRECTION('',(-0.866025403784439,0.499999999999999,5.50907228086923E-15));
#7656=DIRECTION('',(-1.15544743519461E-15,1.,1.18948061277202E-14));
#7657=DIRECTION('',(0.866025403784438,0.500000000000001,6.38573384685089E-15));
#7658=DIRECTION('center_axis',(-5.24155863414879E-16,-5.9919067062539E-13,
1.));
#7659=DIRECTION('ref_axis',(1.,3.68490291023197E-14,5.24155863436959E-16));
#7660=DIRECTION('',(-2.49442026727279E-13,1.,1.20497184586287E-14));
#7661=DIRECTION('',(-2.49497537879035E-13,1.,1.204971845865E-14));
#7662=DIRECTION('center_axis',(2.49497537879035E-13,-1.,-1.204971845865E-14));
#7663=DIRECTION('ref_axis',(-5.24155863415611E-16,-1.20497184586501E-14,
1.));
#7664=DIRECTION('center_axis',(1.,1.1554474351946E-15,5.24155863414998E-16));
#7665=DIRECTION('ref_axis',(-1.15544743519461E-15,1.,1.18948061277202E-14));
#7666=DIRECTION('',(-1.15544743519461E-15,1.,1.06874385884403E-14));
#7667=DIRECTION('',(-5.24155863414984E-16,-1.19487753025283E-14,1.));
#7668=DIRECTION('',(-1.15544743519461E-15,1.,1.18948061277202E-14));
#7669=DIRECTION('',(-5.24155863414984E-16,-1.19487753025283E-14,1.));
#7670=DIRECTION('center_axis',(0.500000000000002,-0.866025403784437,-1.00858650243941E-14));
#7671=DIRECTION('ref_axis',(0.866025403784437,0.500000000000002,6.38573384685091E-15));
#7672=DIRECTION('',(0.866025403784437,0.500000000000002,5.78205007721657E-15));
#7673=DIRECTION('',(-5.24155863414984E-16,-1.19487753025283E-14,1.));
#7674=DIRECTION('',(0.86602540378444,0.499999999999998,6.10123918876293E-15));
#7675=DIRECTION('',(-5.51911439031233E-16,-7.07767178198585E-16,1.));
#7676=DIRECTION('',(0.866025403784437,0.500000000000002,6.38573384685091E-15));
#7677=DIRECTION('center_axis',(-0.499999999999999,-0.866025403784439,-1.06100208878091E-14));
#7678=DIRECTION('ref_axis',(0.866025403784439,-0.499999999999999,-5.50907228086923E-15));
#7679=DIRECTION('',(0.866025403784439,-0.499999999999999,-4.90538851122371E-15));
#7680=DIRECTION('',(-5.24155863414984E-16,-1.19487753025283E-14,1.));
#7681=DIRECTION('',(0.866025403784439,-0.499999999999999,-5.50907228086923E-15));
#7682=DIRECTION('',(-5.51911439031233E-16,-7.07767178198585E-16,1.));
#7683=DIRECTION('',(0.86602540378444,-0.499999999999998,-5.22457763883677E-15));
#7684=DIRECTION('',(-5.24155863414984E-16,-1.19487753025283E-14,1.));
#7685=DIRECTION('center_axis',(-1.,-1.1554474351946E-15,-5.24155863414998E-16));
#7686=DIRECTION('ref_axis',(1.15544743519461E-15,-1.,-1.18948061277202E-14));
#7687=DIRECTION('',(1.15544743519461E-15,-1.,-1.06874385884403E-14));
#7688=DIRECTION('',(-5.24155863414984E-16,-1.19487753025283E-14,1.));
#7689=DIRECTION('',(1.15544743519461E-15,-1.,-1.18948061277202E-14));
#7690=DIRECTION('center_axis',(-0.500000000000002,0.866025403784437,1.00858650243941E-14));
#7691=DIRECTION('ref_axis',(-0.866025403784437,-0.500000000000002,-6.38573384685091E-15));
#7692=DIRECTION('',(-0.866025403784437,-0.500000000000002,-5.78205007721657E-15));
#7693=DIRECTION('',(-5.24155863414984E-16,-1.19487753025283E-14,1.));
#7694=DIRECTION('',(-0.866025403784436,-0.500000000000004,-6.10123918876299E-15));
#7695=DIRECTION('',(-5.51911439031233E-16,-7.07767178198585E-16,1.));
#7696=DIRECTION('',(-0.866025403784437,-0.500000000000002,-6.38573384685091E-15));
#7697=DIRECTION('center_axis',(-5.3094695816809E-16,1.,2.79637424327464E-15));
#7698=DIRECTION('ref_axis',(-6.90689317109375E-16,-2.79637424327464E-15,
1.));
#7699=DIRECTION('center_axis',(-5.3094695816809E-16,1.,2.79637424327464E-15));
#7700=DIRECTION('ref_axis',(5.24155863415581E-16,2.79637424327464E-15,-1.));
#7701=DIRECTION('center_axis',(-1.93877354244453E-13,1.,1.25914236302439E-14));
#7702=DIRECTION('ref_axis',(5.24155863415576E-16,1.2591423630244E-14,-1.));
#7703=DIRECTION('center_axis',(-1.93671511836434E-13,1.,1.00145977153772E-14));
#7704=DIRECTION('ref_axis',(5.24155863416075E-16,1.00145977153773E-14,-1.));
#7705=DIRECTION('',(-1.93877354244453E-13,1.,1.25914236302439E-14));
#7706=DIRECTION('center_axis',(1.89948872772656E-13,-1.,-1.34614541735794E-15));
#7707=DIRECTION('ref_axis',(5.24155863417717E-16,1.34614541735804E-15,-1.));
#7708=DIRECTION('',(1.33856906245259E-13,-0.707106781186646,0.70710678118645));
#7709=DIRECTION('center_axis',(1.93671511836434E-13,-1.,-1.00145977153772E-14));
#7710=DIRECTION('ref_axis',(5.24155863416075E-16,1.00145977153773E-14,-1.));
#7711=DIRECTION('center_axis',(1.37304334927825E-13,-0.707106781186538,
-0.707106781186557));
#7712=DIRECTION('ref_axis',(-1.,-1.93625741188519E-13,-5.51911439031674E-16));
#7713=DIRECTION('center_axis',(1.36967635536603E-10,0.707106781133228,0.707106781239867));
#7714=DIRECTION('ref_axis',(0.879503333603533,-0.336506973426319,0.33650697320521));
#7715=DIRECTION('',(-1.,-1.93671511836434E-13,-5.06140791116354E-16));
#7716=DIRECTION('center_axis',(-1.,-3.6488294544827E-14,-2.59592533055734E-8));
#7717=DIRECTION('ref_axis',(2.59592533055734E-8,2.54688526241448E-14,-1.));
#7718=DIRECTION('',(-3.64882945706131E-14,1.,9.93324542850126E-16));
#7719=DIRECTION('',(-3.64882948861107E-14,1.,1.31468949599064E-14));
#7720=DIRECTION('',(-2.59592533055734E-8,-1.00146027429451E-14,1.));
#7721=DIRECTION('',(3.64882948000092E-14,-1.,-9.83010131513091E-15));
#7722=DIRECTION('',(2.59592533055734E-8,2.04821404689692E-14,-1.));
#7723=DIRECTION('center_axis',(-1.89675942945815E-13,1.,1.31468909832695E-14));
#7724=DIRECTION('ref_axis',(0.37796438029361,5.95190938126689E-14,0.925820137623538));
#7725=DIRECTION('center_axis',(1.93671511836434E-13,-1.,-1.00145977153772E-14));
#7726=DIRECTION('ref_axis',(0.37796438029361,6.39292167166895E-14,0.925820137623538));
#7727=DIRECTION('',(1.89675942945815E-13,-1.,-1.31468909832695E-14));
#7728=DIRECTION('center_axis',(-1.89675942945815E-13,1.,1.31468909832695E-14));
#7729=DIRECTION('ref_axis',(-1.,-1.89675942945815E-13,-6.90689317111385E-16));
#7730=DIRECTION('center_axis',(-1.93671511836434E-13,1.,1.00145977153772E-14));
#7731=DIRECTION('ref_axis',(-1.,-1.93671511836434E-13,-6.90689317111425E-16));
#7732=DIRECTION('',(-1.89675942945815E-13,1.,1.31468909832695E-14));
#7733=DIRECTION('center_axis',(-1.95597132410483E-13,1.,1.31468909832695E-14));
#7734=DIRECTION('ref_axis',(-1.,-1.95597132410483E-13,-6.90689317111462E-16));
#7735=DIRECTION('center_axis',(-1.93671511836434E-13,1.,1.00145977153772E-14));
#7736=DIRECTION('ref_axis',(-1.,-1.93671511836434E-13,-6.90689317111443E-16));
#7737=DIRECTION('',(-1.95597132410483E-13,1.,1.31468909832695E-14));
#7738=DIRECTION('',(-1.95597132410483E-13,1.,1.31468909832695E-14));
#7739=DIRECTION('center_axis',(-2.48914051191683E-13,1.,9.83010131513048E-15));
#7740=DIRECTION('ref_axis',(0.707106781186549,1.82959744829934E-13,-0.707106781186547));
#7741=DIRECTION('center_axis',(-1.93671511836434E-13,1.,1.00145977153772E-14));
#7742=DIRECTION('ref_axis',(0.707106781186549,1.44027829297592E-13,-0.707106781186547));
#7743=DIRECTION('',(-2.48914051191683E-13,1.,9.83010131513048E-15));
#7744=DIRECTION('',(-2.48914051191683E-13,1.,1.04684795542899E-14));
#7745=DIRECTION('center_axis',(1.35549189036815E-13,-0.707106498073727,
0.707107064299254));
#7746=DIRECTION('ref_axis',(-1.,-1.92247490136978E-13,-5.5191143903151E-16));
#7747=DIRECTION('',(1.,1.93671511836434E-13,1.97593199818299E-15));
#7748=DIRECTION('',(1.10171658245485E-13,-0.707107064299097,-0.707106498073884));
#7749=DIRECTION('center_axis',(1.93418165812123E-13,-1.,-1.34614541735794E-15));
#7750=DIRECTION('ref_axis',(0.707106781186548,1.37719165203493E-13,-0.707106781186547));
#7751=DIRECTION('',(0.707106498073882,-0.7071070642991,-5.61608769287446E-16));
#7752=DIRECTION('center_axis',(1.93671511836434E-13,-1.,-1.00145977153772E-14));
#7753=DIRECTION('ref_axis',(0.707106781186548,1.44027829297592E-13,-0.707106781186547));
#7754=DIRECTION('center_axis',(1.95499987895785E-13,-1.,-1.34614541735794E-15));
#7755=DIRECTION('ref_axis',(-1.,-1.95499987895785E-13,-6.90689317111454E-16));
#7756=DIRECTION('',(-0.707106781186318,-0.707106781186777,-1.34212887423066E-15));
#7757=DIRECTION('center_axis',(1.93671511836434E-13,-1.,-1.00145977153772E-14));
#7758=DIRECTION('ref_axis',(-1.,-1.93671511836434E-13,-6.90689317111443E-16));
#7759=DIRECTION('',(0.707106781186672,-0.707106781186423,-5.61608231923425E-16));
#7760=DIRECTION('center_axis',(1.89948872772757E-13,-1.,-1.34614541735794E-15));
#7761=DIRECTION('ref_axis',(-1.,-1.89948872772757E-13,-6.90689317111403E-16));
#7762=DIRECTION('',(-0.707106781186515,-0.70710678118658,-1.34212887423051E-15));
#7763=DIRECTION('center_axis',(1.93671511836434E-13,-1.,-1.00145977153772E-14));
#7764=DIRECTION('ref_axis',(-1.,-1.93671511836434E-13,-6.90689317111425E-16));
#7765=DIRECTION('',(0.505076358546945,-0.707106781186362,-0.494871571255836));
#7766=DIRECTION('center_axis',(-1.89948872772753E-13,1.,1.34614541735794E-15));
#7767=DIRECTION('ref_axis',(0.37796438029361,7.05476194494638E-14,0.925820137623538));
#7768=DIRECTION('',(-0.707106498073646,-0.707107064299335,-1.83559449272133E-8));
#7769=DIRECTION('center_axis',(-1.93671511836434E-13,1.,1.00145977153772E-14));
#7770=DIRECTION('ref_axis',(0.37796438029361,6.39292167166895E-14,0.925820137623538));
#7771=DIRECTION('center_axis',(0.707107064299335,-0.707106498073647,1.83559643149162E-8));
#7772=DIRECTION('ref_axis',(-0.707106498073647,-0.707107064299335,-1.34212909648767E-15));
#7773=DIRECTION('',(2.59592533055734E-8,1.00146027429451E-14,-1.));
#7774=DIRECTION('',(-0.707106498079224,-0.707107064293757,-1.83559763291958E-8));
#7775=DIRECTION('center_axis',(1.89948721641316E-13,-1.,-1.34614541735794E-15));
#7776=DIRECTION('ref_axis',(-0.707106772008572,-1.33362158841514E-13,-0.707106790364523));
#7777=DIRECTION('',(1.42554802240217E-13,-0.707107064299247,-0.707106498073735));
#7778=DIRECTION('center_axis',(-1.93671511836434E-13,1.,1.00145977153772E-14));
#7779=DIRECTION('ref_axis',(-0.707106772008572,-1.29865047517369E-13,-0.707106790364523));
#7780=DIRECTION('center_axis',(1.93671511836434E-13,-1.,-1.00145977153772E-14));
#7781=DIRECTION('ref_axis',(-0.707106772008572,-1.29865047517369E-13,-0.707106790364523));
#7782=DIRECTION('center_axis',(1.35549189036816E-13,-0.707106498073735,
0.707107064299247));
#7783=DIRECTION('ref_axis',(-1.,-1.92247490136978E-13,-5.51911439032078E-16));
#7784=DIRECTION('',(1.,1.93671511836434E-13,1.97593199818299E-15));
#7785=DIRECTION('',(1.34704343089981E-13,-0.707107064299239,-0.707106498073743));
#7786=DIRECTION('',(-1.,-1.93671511836434E-13,-1.97593199818299E-15));
#7787=DIRECTION('center_axis',(-1.8994872163834E-13,1.,1.34614541735794E-15));
#7788=DIRECTION('ref_axis',(0.646981523758675,1.21866869838379E-13,0.762505677300112));
#7789=DIRECTION('',(-0.697669574922042,-0.707107064299355,-0.115138020853428));
#7790=DIRECTION('center_axis',(1.93671511836434E-13,-1.,-1.00145977153772E-14));
#7791=DIRECTION('ref_axis',(0.646981523758675,1.17665702222731E-13,0.762505677300112));
#7792=DIRECTION('center_axis',(-1.93671511836434E-13,1.,1.00145977153772E-14));
#7793=DIRECTION('ref_axis',(0.646981523758675,1.17665702222731E-13,0.762505677300112));
#7794=DIRECTION('center_axis',(-1.92724276977343E-13,1.,1.34614541735794E-15));
#7795=DIRECTION('ref_axis',(0.98102061750854,1.89327511450179E-13,-0.193903450261112));
#7796=DIRECTION('center_axis',(1.93671511836434E-13,-1.,-1.00145977153772E-14));
#7797=DIRECTION('ref_axis',(0.98102061750854,1.9193761118558E-13,-0.193903450261112));
#7798=DIRECTION('center_axis',(-1.93671511836434E-13,1.,1.00145977153772E-14));
#7799=DIRECTION('ref_axis',(0.981020617508539,1.9193761118558E-13,-0.193903450261113));
#7800=DIRECTION('center_axis',(3.64882948000092E-14,-1.,-9.83010131513091E-15));
#7801=DIRECTION('ref_axis',(-0.707106772008572,-1.88501889622314E-14,-0.707106790364523));
#7802=DIRECTION('center_axis',(3.61681395386677E-14,-1.,-2.54688516852469E-14));
#7803=DIRECTION('ref_axis',(-0.707106772008572,-7.56553842931791E-15,-0.707106790364523));
#7804=DIRECTION('',(-3.64882948000092E-14,1.,9.83010131513091E-15));
#7805=DIRECTION('center_axis',(1.97593199818108E-15,9.83010131513098E-15,
-1.));
#7806=DIRECTION('ref_axis',(1.,1.93706298997542E-13,1.97593199818298E-15));
#7807=DIRECTION('',(1.,3.61681395386677E-14,1.97593199818144E-15));
#7808=DIRECTION('',(1.934197151364E-13,-1.,-9.83010131513059E-15));
#7809=DIRECTION('center_axis',(-1.934197151364E-13,1.,9.83010131513059E-15));
#7810=DIRECTION('ref_axis',(0.646981523758675,1.17643473962695E-13,0.762505677300112));
#7811=DIRECTION('center_axis',(-3.61681395386677E-14,1.,2.54688516852469E-14));
#7812=DIRECTION('ref_axis',(0.646981523758675,3.97997402592832E-15,0.762505677300112));
#7813=DIRECTION('',(-1.93389101245652E-13,1.,9.64459890692457E-15));
#7814=DIRECTION('center_axis',(-1.93389101245652E-13,1.,9.64459890692457E-15));
#7815=DIRECTION('ref_axis',(0.98102061750854,1.91588816527868E-13,-0.193903450261112));
#7816=DIRECTION('center_axis',(-3.61681395386677E-14,1.,2.54688516852469E-14));
#7817=DIRECTION('ref_axis',(0.98102061750854,4.04201888003167E-14,-0.193903450261112));
#7818=DIRECTION('center_axis',(3.72932068862451E-14,-1.,-4.57550664017509E-14));
#7819=DIRECTION('ref_axis',(0.98102061750854,4.54574700906437E-14,-0.193903450261112));
#7820=DIRECTION('',(-0.697669854255116,0.70710678118805,-0.115138066952332));
#7821=DIRECTION('center_axis',(3.45176493250334E-14,-1.,-4.57550664021681E-14));
#7822=DIRECTION('ref_axis',(0.646981523758675,-1.25562165400191E-14,0.762505677300112));
#7823=DIRECTION('',(-2.4017403587301E-14,0.707106781186565,-0.70710678118653));
#7824=DIRECTION('center_axis',(-2.69719316457705E-14,0.707106781186538,
0.707106781186557));
#7825=DIRECTION('ref_axis',(1.,3.75921600978179E-14,5.51911439031324E-16));
#7826=DIRECTION('',(-2.40174035872908E-14,0.707106781186855,-0.70710678118624));
#7827=DIRECTION('center_axis',(-3.45176493251517E-14,1.,4.57550664023258E-14));
#7828=DIRECTION('ref_axis',(-0.707106772008572,7.94605455503233E-15,-0.707106790364523));
#7829=DIRECTION('center_axis',(-2.49028598011684E-13,1.,2.15154405013419E-15));
#7830=DIRECTION('ref_axis',(-0.707106781186549,-1.74568438975569E-13,-0.707106781186546));
#7831=DIRECTION('',(2.49028598011684E-13,-1.,-2.15154405013419E-15));
#7832=DIRECTION('center_axis',(5.51911439033645E-16,2.15799600411519E-15,
-1.));
#7833=DIRECTION('ref_axis',(-0.707106781186461,-0.707106781186634,-1.91619392943858E-15));
#7834=DIRECTION('center_axis',(-5.06140791114162E-16,-1.06874385884403E-14,
1.));
#7835=DIRECTION('ref_axis',(-0.707106781186461,-0.707106781186634,-7.91505588503375E-15));
#7836=DIRECTION('',(-5.51911439033645E-16,-2.15799600411519E-15,1.));
#7837=DIRECTION('center_axis',(5.51911439031233E-16,7.07767178198585E-16,
-1.));
#7838=DIRECTION('ref_axis',(-0.707106781186461,-0.707106781186634,-8.90727292358911E-16));
#7839=DIRECTION('',(-0.70710678118654,-1.73065980512205E-13,-0.707106781186555));
#7840=DIRECTION('center_axis',(0.499999999999999,0.866025403784439,1.06100208878091E-14));
#7841=DIRECTION('ref_axis',(-0.866025403784439,0.499999999999999,5.50907228086923E-15));
#7842=DIRECTION('',(-0.866025403784439,0.499999999999999,4.90538851122371E-15));
#7843=DIRECTION('',(-0.866025403784439,0.499999999999999,5.50907228086923E-15));
#7844=DIRECTION('',(-5.51911439031233E-16,-7.07767178198585E-16,1.));
#7845=DIRECTION('',(-0.866025403784391,0.500000000000082,5.22457763883774E-15));
#7846=DIRECTION('',(-5.24155863414983E-16,-1.25871535416878E-14,1.));
#7847=DIRECTION('center_axis',(5.06140781838058E-16,1.13258168275998E-14,
-1.));
#7848=DIRECTION('ref_axis',(-5.86458135074214E-16,1.,1.13258168275998E-14));
#7849=DIRECTION('',(1.21095858642587E-15,-1.,-1.13258168275998E-14));
#7850=DIRECTION('',(0.866025403784439,-0.499999999999999,-5.50907228086923E-15));
#7851=DIRECTION('',(1.15544743519461E-15,-1.,-1.18948061277202E-14));
#7852=DIRECTION('',(-0.866025403784437,-0.500000000000002,-6.38573384685091E-15));
#7853=DIRECTION('center_axis',(-5.51911439031229E-16,-2.62290189567697E-15,
1.));
#7854=DIRECTION('ref_axis',(0.707106781186446,0.707106781186649,2.24493203797385E-15));
#7855=DIRECTION('',(1.73956707804568E-13,-0.707106781186554,-0.707106781186541));
#7856=DIRECTION('center_axis',(5.06140791114159E-16,1.26025733059187E-14,
-1.));
#7857=DIRECTION('ref_axis',(0.707106781186446,0.707106781186649,9.26926063064885E-15));
#7858=DIRECTION('',(-0.70710678118654,-1.47025298982151E-14,-0.707106781186555));
#7859=DIRECTION('center_axis',(-5.33897240232516E-16,-1.27735124065356E-14,
1.));
#7860=DIRECTION('ref_axis',(0.707106781186446,0.707106781186649,9.40975960125826E-15));
#7861=DIRECTION('',(-5.33897240232516E-16,-1.27735124065356E-14,1.));
#7862=DIRECTION('center_axis',(-1.75900138969808E-13,0.70710678118655,-0.707106781186545));
#7863=DIRECTION('ref_axis',(1.,2.49312273593446E-13,5.51911439032722E-16));
#7864=DIRECTION('',(1.77881938951251E-13,-0.707106781186549,-0.707106781186546));
#7865=DIRECTION('',(1.,2.49266502945532E-13,5.061407911173E-16));
#7866=DIRECTION('center_axis',(1.,2.49028598011684E-13,5.51911439034183E-16));
#7867=DIRECTION('ref_axis',(5.51911439031219E-16,1.19030633301993E-14,-1.));
#7868=DIRECTION('',(5.51911439033962E-16,8.88178419683113E-16,-1.));
#7869=DIRECTION('',(2.49028598011684E-13,-1.,-1.06874385884401E-14));
#7870=DIRECTION('center_axis',(-5.51911439033962E-16,-8.88178419683113E-16,
1.));
#7871=DIRECTION('ref_axis',(0.707106781186443,0.707106781186652,1.01829730461686E-15));
#7872=DIRECTION('center_axis',(5.06140791114162E-16,1.06874385884403E-14,
-1.));
#7873=DIRECTION('ref_axis',(0.707106781186443,0.707106781186652,7.91505588503393E-15));
#7874=DIRECTION('center_axis',(0.70710678118654,1.83646970662839E-13,-0.707106781186555));
#7875=DIRECTION('ref_axis',(2.59008269421926E-13,-1.,-7.07767178197805E-16));
#7876=DIRECTION('',(0.707106781186561,1.80916442805668E-13,0.707106781186534));
#7877=DIRECTION('center_axis',(-5.51911439031233E-16,-7.07767178198585E-16,
1.));
#7878=DIRECTION('ref_axis',(0.707106781186443,0.707106781186652,8.90727292358914E-16));
#7879=DIRECTION('center_axis',(-4.95269235833599E-14,1.,1.20497184586289E-14));
#7880=DIRECTION('ref_axis',(0.2229334191099,-7.05264895097259E-16,0.974833673322772));
#7881=DIRECTION('center_axis',(-1.,-1.21095858643792E-15,5.95088292387489E-13));
#7882=DIRECTION('ref_axis',(-1.21095858642587E-15,1.,2.02507763644475E-14));
#7883=DIRECTION('',(1.21095858643156E-15,-1.,-1.06874385884403E-14));
#7884=DIRECTION('',(-5.95088292387489E-13,2.08749684205139E-14,-1.));
#7885=DIRECTION('',(5.95088292387489E-13,-2.02365901813544E-14,1.));
#7886=DIRECTION('center_axis',(-5.95088292387489E-13,2.02365901813544E-14,
-1.));
#7887=DIRECTION('ref_axis',(-0.707106781186547,-0.707106781186548,4.06481536806587E-13));
#7888=DIRECTION('center_axis',(-5.06140791114162E-16,-1.06874385884403E-14,
1.));
#7889=DIRECTION('ref_axis',(-0.707106781186547,-0.707106781186548,-7.91505588503287E-15));
#7890=DIRECTION('center_axis',(-5.95088292387489E-13,2.02365901813544E-14,
-1.));
#7891=DIRECTION('ref_axis',(0.707106781186548,-0.707106781186547,-4.35100397097246E-13));
#7892=DIRECTION('center_axis',(-5.06140791114162E-16,-1.06874385884403E-14,
1.));
#7893=DIRECTION('ref_axis',(0.707106781186548,-0.707106781186547,-7.19926471376897E-15));
#7894=DIRECTION('',(-5.95088292387489E-13,2.02365901813544E-14,-1.));
#7895=DIRECTION('center_axis',(-2.49266502945532E-13,1.,1.27735124065354E-14));
#7896=DIRECTION('ref_axis',(1.,2.49266502945532E-13,5.51911439031883E-16));
#7897=DIRECTION('',(5.24155863414983E-16,1.27735124065356E-14,-1.));
#7898=DIRECTION('center_axis',(-5.51911439031231E-16,-1.34614541735805E-15,
1.));
#7899=DIRECTION('ref_axis',(-0.707106781186639,0.707106781186456,5.61608231923489E-16));
#7900=DIRECTION('center_axis',(-5.24155863414983E-16,-1.27735124065356E-14,
1.));
#7901=DIRECTION('ref_axis',(-0.707106781186639,0.707106781186456,8.66160307681118E-15));
#7902=DIRECTION('center_axis',(-5.24155863414983E-16,-1.27735124065356E-14,
1.));
#7903=DIRECTION('ref_axis',(-0.707106781186639,0.707106781186456,8.66160307681118E-15));
#7904=DIRECTION('center_axis',(-1.21095858642587E-15,1.,2.20240492510016E-14));
#7905=DIRECTION('ref_axis',(5.51911439031207E-16,2.20240492510016E-14,-1.));
#7906=DIRECTION('center_axis',(-1.21095858642587E-15,1.,2.04821404375336E-14));
#7907=DIRECTION('ref_axis',(5.51911439031209E-16,2.04821404375336E-14,-1.));
#7908=DIRECTION('',(-1.21095858642587E-15,1.,2.20240492510016E-14));
#7909=DIRECTION('center_axis',(1.21095858642587E-15,-1.,-2.04821404375336E-14));
#7910=DIRECTION('ref_axis',(5.51911439031209E-16,2.04821404375336E-14,-1.));
#7911=DIRECTION('center_axis',(1.,1.95597132410483E-13,6.90689317111457E-16));
#7912=DIRECTION('ref_axis',(6.90689317109373E-16,1.06529759545368E-14,-1.));
#7913=DIRECTION('',(1.95597132410483E-13,-1.,-9.93324542850043E-16));
#7914=DIRECTION('',(6.90689317109498E-16,1.00145977153774E-14,-1.));
#7915=DIRECTION('center_axis',(-0.7071070642991,-0.707106498073882,-7.47164821520579E-15));
#7916=DIRECTION('ref_axis',(-0.707106498073882,0.7071070642991,5.61608769287445E-16));
#7917=DIRECTION('',(0.707106498073882,-0.7071070642991,4.92030352945407E-14));
#7918=DIRECTION('',(5.51912312534251E-16,1.00145977153773E-14,-1.));
#7919=DIRECTION('',(-5.51912312534251E-16,-1.00145977153773E-14,1.));
#7920=DIRECTION('center_axis',(-0.707106781186423,-0.707106781186672,-7.56978105522104E-15));
#7921=DIRECTION('ref_axis',(-0.707106781186672,0.707106781186423,5.61608231923425E-16));
#7922=DIRECTION('',(0.707106781186532,-0.707106781186283,6.29139344098645E-7));
#7923=DIRECTION('',(-6.90689317109498E-16,-1.00145977153774E-14,1.));
#7924=DIRECTION('center_axis',(0.707106781186695,-0.7071067811864,-6.59299885557584E-15));
#7925=DIRECTION('ref_axis',(-0.7071067811864,-0.707106781186695,-1.3421288742306E-15));
#7926=DIRECTION('',(0.707106781186342,0.707106781186709,-2.51655768666613E-7));
#7927=DIRECTION('',(6.90689317109498E-16,1.00145977153774E-14,-1.));
#7928=DIRECTION('',(-6.90689317109498E-16,-1.00145977153774E-14,1.));
#7929=DIRECTION('center_axis',(-1.,-1.95597132410483E-13,-6.90689317111457E-16));
#7930=DIRECTION('ref_axis',(-6.90689317109373E-16,-1.06529759545368E-14,
1.));
#7931=DIRECTION('',(-1.95597132410483E-13,1.,9.93324542850043E-16));
#7932=DIRECTION('center_axis',(2.22455161980473E-7,0.999999999999959,-1.77926467237542E-7));
#7933=DIRECTION('ref_axis',(0.999999999999975,-2.22455161980464E-7,7.16061844647108E-14));
#7934=DIRECTION('',(-3.14569370827133E-7,-0.707107064299071,-0.70710649807384));
#7935=DIRECTION('center_axis',(1.95597132410483E-13,-1.,-9.93324542850043E-16));
#7936=DIRECTION('ref_axis',(0.707106781186555,1.37605672187929E-13,0.70710678118654));
#7937=DIRECTION('',(1.95597132410483E-13,-1.,-9.93324542850043E-16));
#7938=DIRECTION('center_axis',(-3.64882945706131E-14,1.,9.93324542850126E-16));
#7939=DIRECTION('ref_axis',(0.707106772008575,2.50987336606392E-14,0.70710679036452));
#7940=DIRECTION('center_axis',(-0.707106781186534,-0.707106781186561,-8.90727292358899E-16));
#7941=DIRECTION('ref_axis',(0.707106781186561,-0.707106781186534,-1.20758713843256E-17));
#7942=DIRECTION('',(3.64882945706131E-14,-1.,-9.93324542850126E-16));
#7943=DIRECTION('center_axis',(1.36575750197492E-13,-0.707106498073735,
0.707107064299247));
#7944=DIRECTION('ref_axis',(-1.,-1.93699267434276E-13,-5.51911439031182E-16));
#7945=DIRECTION('',(-1.15011462330119E-13,0.707107064299247,0.707106498073735));
#7946=DIRECTION('',(1.,1.93671511836434E-13,5.2415586341527E-16));
#7947=DIRECTION('',(-1.,-1.93671511836434E-13,-5.2415586341527E-16));
#7948=DIRECTION('center_axis',(-1.77995422596294E-13,1.,-2.93545655341394E-14));
#7949=DIRECTION('ref_axis',(1.51519208238808E-14,2.93545655341421E-14,1.));
#7950=DIRECTION('center_axis',(-1.93671511836434E-13,1.,1.00145977153772E-14));
#7951=DIRECTION('ref_axis',(1.51519208238885E-14,-1.00145977153743E-14,
1.));
#7952=DIRECTION('center_axis',(2.27565727952269E-13,-1.,-3.16632842100133E-14));
#7953=DIRECTION('ref_axis',(-1.,-2.27565727952269E-13,-5.51911439031527E-16));
#7954=DIRECTION('center_axis',(0.707106781186678,-0.707106781186417,-6.59299885557602E-15));
#7955=DIRECTION('ref_axis',(-0.707106781186417,-0.707106781186678,-1.34212887423058E-15));
#7956=DIRECTION('',(0.70710678118635,0.707106781186701,-2.51655768666615E-7));
#7957=DIRECTION('',(6.90689317109495E-16,1.00145977153774E-14,-1.));
#7958=DIRECTION('',(-6.90689317109495E-16,-1.00145977153774E-14,1.));
#7959=DIRECTION('center_axis',(-1.,-1.89675942945815E-13,-6.90689317111395E-16));
#7960=DIRECTION('ref_axis',(-6.90689317109374E-16,-1.06529759545368E-14,
1.));
#7961=DIRECTION('',(-1.89675942945815E-13,1.,9.93324542850046E-16));
#7962=DIRECTION('center_axis',(2.22455157367019E-7,0.999999999999959,-1.77926569550603E-7));
#7963=DIRECTION('ref_axis',(0.999999999999975,-2.22455157367007E-7,8.93697536181595E-14));
#7964=DIRECTION('',(-3.14569227556257E-7,-0.707107064299063,-0.707106498073848));
#7965=DIRECTION('center_axis',(-1.89675942945815E-13,1.,9.93324542850046E-16));
#7966=DIRECTION('ref_axis',(0.707106781186555,1.33418758964772E-13,0.70710678118654));
#7967=DIRECTION('',(1.89675942945815E-13,-1.,-9.93324542850046E-16));
#7968=DIRECTION('center_axis',(1.93671511836434E-13,-1.,-1.00145977153772E-14));
#7969=DIRECTION('ref_axis',(5.24155863415592E-16,1.00145977153773E-14,-1.));
#7970=DIRECTION('center_axis',(-1.93671511836434E-13,1.,1.00145977153772E-14));
#7971=DIRECTION('ref_axis',(-4.12600962525236E-14,-1.00145977153852E-14,
1.));
#7972=DIRECTION('',(1.,1.93671511836434E-13,5.2415586341527E-16));
#7973=DIRECTION('center_axis',(1.36575750197492E-13,-0.707106498073735,
0.707107064299247));
#7974=DIRECTION('ref_axis',(-1.,-1.93699267434276E-13,-5.51911439031182E-16));
#7975=DIRECTION('',(6.29138253832481E-8,0.707107064299245,0.707106498073734));
#7976=DIRECTION('',(-1.,-1.93671511836434E-13,-5.2415586341527E-16));
#7977=DIRECTION('center_axis',(4.44866939739736E-8,0.9999999999999,-4.44868671295392E-7));
#7978=DIRECTION('ref_axis',(4.44868910793993E-8,4.44868669316317E-7,0.9999999999999));
#7979=DIRECTION('center_axis',(-7.11787576851106E-8,0.999999999999966,-2.49126896555636E-7));
#7980=DIRECTION('ref_axis',(-7.11785347297586E-8,2.49126891489236E-7,0.999999999999966));
#7981=DIRECTION('center_axis',(1.95597132410483E-13,-1.,-9.93324542850043E-16));
#7982=DIRECTION('ref_axis',(-0.707106781186555,-1.39010445228265E-13,0.70710678118654));
#7983=DIRECTION('',(-1.95597132410483E-13,1.,9.93324542850043E-16));
#7984=DIRECTION('center_axis',(1.21095858642587E-15,-1.,-2.04821404375336E-14));
#7985=DIRECTION('ref_axis',(1.,1.21095858642586E-15,5.33897240232536E-16));
#7986=DIRECTION('',(-1.,-1.21095858642586E-15,-5.06140791114175E-16));
#7987=DIRECTION('',(5.33897240232191E-16,2.04821404375336E-14,-1.));
#7988=DIRECTION('',(1.,1.21095858642586E-15,5.24155863415078E-16));
#7989=DIRECTION('center_axis',(-1.,-3.63685088995022E-14,-5.33897240232936E-16));
#7990=DIRECTION('ref_axis',(-3.63685088995022E-14,1.,1.14090835544466E-14));
#7991=DIRECTION('',(3.63685088995022E-14,-1.,-1.06874385884403E-14));
#7992=DIRECTION('',(5.33897240232523E-16,1.13398735511636E-14,-1.));
#7993=DIRECTION('',(-3.63685088995022E-14,1.,9.93324542850126E-16));
#7994=DIRECTION('',(-5.33897240232191E-16,-2.04821404375336E-14,1.));
#7995=DIRECTION('center_axis',(-1.,-1.21095858642586E-15,-5.24155863415078E-16));
#7996=DIRECTION('ref_axis',(4.85642862778323E-16,-0.707106781186555,0.70710678118654));
#7997=DIRECTION('center_axis',(1.,1.21095858642586E-15,5.51911439031234E-16));
#7998=DIRECTION('ref_axis',(1.21095858642587E-15,-1.,-1.8471335572201E-14));
#7999=DIRECTION('',(-1.,-1.21095858642586E-15,-5.24155863415078E-16));
#8000=DIRECTION('center_axis',(1.,1.21095858642586E-15,5.51911439031234E-16));
#8001=DIRECTION('ref_axis',(-1.21095858642587E-15,1.,1.84713355721993E-14));
#8002=DIRECTION('center_axis',(-1.,-1.1554474351946E-15,-5.24155863415078E-16));
#8003=DIRECTION('ref_axis',(-1.18765888215019E-15,0.70710678118654,0.707106781186555));
#8004=DIRECTION('',(1.,1.1554474351946E-15,5.24155863415078E-16));
#8005=DIRECTION('center_axis',(1.,5.6518506849265E-15,5.51911439031237E-16));
#8006=DIRECTION('ref_axis',(-5.51911439031233E-16,-7.07767178198585E-16,
1.));
#8007=DIRECTION('center_axis',(-5.33897240232523E-16,-1.13398735511636E-14,
1.));
#8008=DIRECTION('ref_axis',(0.707106781186537,0.707106781186558,8.39602384485107E-15));
#8009=DIRECTION('center_axis',(5.06140791114162E-16,1.06874385884403E-14,
-1.));
#8010=DIRECTION('ref_axis',(0.707106781186537,0.707106781186558,7.91505588503297E-15));
#8011=DIRECTION('center_axis',(-5.5191143903058E-16,-1.8471335572201E-14,
1.));
#8012=DIRECTION('ref_axis',(-1.21095858642587E-15,1.,1.8471335572201E-14));
#8013=DIRECTION('center_axis',(3.63685088995022E-14,-1.,-9.93324542850126E-16));
#8014=DIRECTION('ref_axis',(0.707106781186554,2.50140327443132E-14,0.707106781186541));
#8015=DIRECTION('center_axis',(2.78563111774298E-14,-1.,-7.0776717819857E-16));
#8016=DIRECTION('ref_axis',(-5.51911439031233E-16,-7.07767178198586E-16,
1.));
#8017=DIRECTION('center_axis',(-3.6738095374431E-14,1.,7.07767178198565E-16));
#8018=DIRECTION('ref_axis',(1.,3.6738095374431E-14,5.51911439031259E-16));
#8019=DIRECTION('',(3.63685088995022E-14,-1.,-9.93324542850126E-16));
#8020=DIRECTION('center_axis',(-0.816496580927728,0.408248290463861,0.408248290463861));
#8021=DIRECTION('ref_axis',(0.577350269189623,0.577350269189631,0.577350269189623));
#8022=DIRECTION('center_axis',(5.33897240232191E-16,2.04821404375336E-14,
-1.));
#8023=DIRECTION('ref_axis',(0.707106781186561,-0.707106781186534,-1.410553803757E-14));
#8024=DIRECTION('center_axis',(5.06140791114162E-16,1.06874385884403E-14,
-1.));
#8025=DIRECTION('ref_axis',(0.707106781186561,-0.707106781186534,-7.19926471376882E-15));
#8026=DIRECTION('center_axis',(-5.5191143903058E-16,-1.84713355722012E-14,
1.));
#8027=DIRECTION('ref_axis',(1.,3.6738095374431E-14,5.51911439031259E-16));
#8028=DIRECTION('center_axis',(-0.408248290463876,0.408248290463855,0.816496580927724));
#8029=DIRECTION('ref_axis',(0.577350269189639,-0.57735026918961,0.577350269189628));
#8030=DIRECTION('center_axis',(1.,1.21095858643792E-15,-5.95088292387489E-13));
#8031=DIRECTION('ref_axis',(1.21095858642587E-15,-1.,-2.02507763644475E-14));
#8032=DIRECTION('',(-1.21095858643156E-15,1.,1.06874385884403E-14));
#8033=DIRECTION('',(5.95088292387489E-13,-2.08749684205139E-14,1.));
#8034=DIRECTION('center_axis',(5.95088292387489E-13,-2.08749684205139E-14,
1.));
#8035=DIRECTION('ref_axis',(0.707106781186547,0.707106781186548,-4.06030135224716E-13));
#8036=DIRECTION('center_axis',(-5.06140791114162E-16,-1.06874385884403E-14,
1.));
#8037=DIRECTION('ref_axis',(0.707106781186547,0.707106781186548,7.91505588503287E-15));
#8038=DIRECTION('center_axis',(5.95088292387489E-13,-2.08749684205139E-14,
1.));
#8039=DIRECTION('ref_axis',(-0.707106781186549,0.707106781186546,4.35551798679118E-13));
#8040=DIRECTION('center_axis',(-5.06140791114162E-16,-1.06874385884403E-14,
1.));
#8041=DIRECTION('ref_axis',(-0.707106781186549,0.707106781186546,7.19926471376896E-15));
#8042=DIRECTION('center_axis',(5.51911439031222E-16,9.58955137507721E-15,
-1.));
#8043=DIRECTION('ref_axis',(0.707106781186548,-0.707106781186547,-6.39057648470047E-15));
#8044=DIRECTION('',(-0.707106781186342,-7.63711383414019E-15,0.707106781186753));
#8045=DIRECTION('',(3.57885657183784E-14,-0.707106899923297,-0.707106662449778));
#8046=DIRECTION('center_axis',(-3.47619672880789E-14,0.707106781186548,
-0.707106781186547));
#8047=DIRECTION('ref_axis',(1.,4.97127570326023E-14,5.5191143903128E-16));
#8048=DIRECTION('',(-3.17254042827116E-14,-0.707106781180515,-0.707106781192581));
#8049=DIRECTION('center_axis',(5.51911439031222E-16,9.58955137504312E-15,
-1.));
#8050=DIRECTION('ref_axis',(-0.707106781186547,-0.707106781186548,-7.17109712698318E-15));
#8051=DIRECTION('',(-0.707106781186755,5.9245597777405E-15,-0.70710678118634));
#8052=DIRECTION('center_axis',(0.70710678118634,8.4134373276047E-15,-0.707106781186755));
#8053=DIRECTION('ref_axis',(1.11906299966791E-14,-1.,-7.07767178198587E-16));
#8054=DIRECTION('',(-0.707106781180432,9.06474469503657E-15,-0.707106781192663));
#8055=DIRECTION('center_axis',(5.51911439031222E-16,9.58955137504242E-15,
-1.));
#8056=DIRECTION('ref_axis',(-0.707106781186549,0.707106781186546,6.39057648467586E-15));
#8057=DIRECTION('',(-8.58539821715358E-16,0.707106781186561,-0.707106781186534));
#8058=DIRECTION('center_axis',(1.21417261382975E-15,-0.707106781186532,
-0.707106781186563));
#8059=DIRECTION('ref_axis',(-1.,-1.16518793850881E-15,-5.5191143903123E-16));
#8060=DIRECTION('',(-4.66016707035478E-16,0.707106781181493,-0.707106781191603));
#8061=DIRECTION('center_axis',(5.51911439031222E-16,9.58955137507641E-15,
-1.));
#8062=DIRECTION('ref_axis',(0.707106781186547,0.707106781186548,7.17109712700672E-15));
#8063=DIRECTION('',(0.707106781186354,7.63711383414003E-15,-0.707106781186741));
#8064=DIRECTION('center_axis',(-0.707106781186753,6.70088327119662E-15,
-0.707106781186342));
#8065=DIRECTION('ref_axis',(8.76871282380432E-15,1.,7.07767178198585E-16));
#8066=DIRECTION('center_axis',(0.707106781186555,3.41763827276256E-14,-0.70710678118654));
#8067=DIRECTION('ref_axis',(4.63481803097437E-14,-1.,-1.98452365651754E-15));
#8068=DIRECTION('center_axis',(5.51911439031233E-16,7.07767178198585E-16,
-1.));
#8069=DIRECTION('ref_axis',(1.1554474351946E-15,-1.,-7.07767178198584E-16));
#8070=DIRECTION('',(-1.24653734935117E-15,0.707106781186484,0.707106781186611));
#8071=DIRECTION('center_axis',(-4.5912913109866E-16,0.707106781186493,-0.707106781186602));
#8072=DIRECTION('ref_axis',(1.,1.20121808311167E-15,5.51911439031235E-16));
#8073=DIRECTION('',(-9.09699964277016E-15,0.707106781186554,0.707106781186541));
#8074=DIRECTION('center_axis',(-5.51911439031233E-16,-7.07767178198585E-16,
1.));
#8075=DIRECTION('ref_axis',(0.707106781186537,0.707106781186558,8.907272923589E-16));
#8076=DIRECTION('',(0.707106781186571,3.17576592306717E-14,0.707106781186524));
#8077=DIRECTION('center_axis',(0.707106781186516,3.32735795638814E-14,-0.707106781186579));
#8078=DIRECTION('ref_axis',(4.63481803097448E-14,-1.,-7.0776717819855E-16));
#8079=DIRECTION('',(0.707106781186767,1.60567346438357E-14,0.707106781186328));
#8080=DIRECTION('center_axis',(-5.51911439031233E-16,-7.07767178198585E-16,
1.));
#8081=DIRECTION('ref_axis',(0.707106781186561,-0.707106781186534,-1.10206650052059E-16));
#8082=DIRECTION('',(4.66016707044501E-16,-0.707106781186611,0.707106781186484));
#8083=DIRECTION('center_axis',(1.21417261382971E-15,-0.707106781186477,
-0.707106781186619));
#8084=DIRECTION('ref_axis',(-1.,-1.16518793850879E-15,-5.51911439031235E-16));
#8085=DIRECTION('',(0.57735025919801,-0.577350274185504,0.577350274185363));
#8086=DIRECTION('center_axis',(0.707106790364472,1.44311509233175E-13,-0.707106772008623));
#8087=DIRECTION('ref_axis',(2.033795237553E-13,-1.,-7.07767178198689E-16));
#8088=DIRECTION('center_axis',(-5.95093675287002E-13,2.09314888654039E-14,
-1.));
#8089=DIRECTION('ref_axis',(1.1554474351946E-15,-1.,-2.09314888654046E-14));
#8090=DIRECTION('',(-5.95093675287002E-13,2.09314888654039E-14,-1.));
#8091=DIRECTION('center_axis',(5.06140781838058E-16,1.13258168275998E-14,
-1.));
#8092=DIRECTION('ref_axis',(1.15544743519459E-15,-1.,-1.13258168275998E-14));
#8093=DIRECTION('center_axis',(5.06140781838058E-16,1.13258168275998E-14,
-1.));
#8094=DIRECTION('ref_axis',(1.15544743519459E-15,-1.,-1.13258168275998E-14));
#8095=DIRECTION('center_axis',(5.06140781838058E-16,1.13258168275998E-14,
-1.));
#8096=DIRECTION('ref_axis',(1.15544743519459E-15,-1.,-1.13258168275998E-14));
#8097=DIRECTION('center_axis',(5.06140781838058E-16,1.13258168275998E-14,
-1.));
#8098=DIRECTION('ref_axis',(1.15544743519459E-15,-1.,-1.13258168275998E-14));
#8099=DIRECTION('center_axis',(-5.24155863414984E-16,-1.1880001187465E-14,
1.));
#8100=DIRECTION('ref_axis',(-1.15544743519461E-15,1.,1.1880001187465E-14));
#8101=DIRECTION('center_axis',(5.06140781838058E-16,1.13258168275998E-14,
-1.));
#8102=DIRECTION('ref_axis',(-1.15544743519461E-15,1.,1.13258168275998E-14));
#8103=DIRECTION('center_axis',(5.06140781838058E-16,1.13258168275998E-14,
-1.));
#8104=DIRECTION('ref_axis',(-1.15544743519461E-15,1.,1.13258168275998E-14));
#8105=DIRECTION('center_axis',(5.06140781838058E-16,1.13258168275998E-14,
-1.));
#8106=DIRECTION('ref_axis',(-1.15544743519461E-15,1.,1.13258168275998E-14));
#8107=DIRECTION('center_axis',(5.06140781838058E-16,1.13258168275998E-14,
-1.));
#8108=DIRECTION('ref_axis',(-1.15544743519461E-15,1.,1.13258168275998E-14));
#8109=DIRECTION('',(-5.24155863414984E-16,-1.1880001187465E-14,1.));
#8110=DIRECTION('center_axis',(5.06140781838058E-16,1.13258168275998E-14,
-1.));
#8111=DIRECTION('ref_axis',(-1.21095858642587E-15,1.,1.13258168275998E-14));
#8112=DIRECTION('',(2.49477243234093E-16,-1.,-1.13258168275998E-14));
#8113=DIRECTION('',(-1.,-1.21095858642586E-15,-5.06140781838072E-16));
#8114=DIRECTION('center_axis',(-1.,-2.49477243234087E-16,-5.51911439031233E-16));
#8115=DIRECTION('ref_axis',(2.49477243234093E-16,-1.,-1.13258168275998E-14));
#8116=DIRECTION('',(2.49477243234093E-16,-1.,-1.13258168275998E-14));
#8117=DIRECTION('',(2.49477243234093E-16,-1.,-1.13258168275998E-14));
#8118=DIRECTION('',(-5.51911439031233E-16,-7.07767178198585E-16,1.));
#8119=DIRECTION('',(2.49477243234093E-16,-1.,-1.13258168275998E-14));
#8120=DIRECTION('',(-5.51911439031233E-16,-7.07767178198585E-16,1.));
#8121=DIRECTION('',(2.49477243234093E-16,-1.,-1.13258168275998E-14));
#8122=DIRECTION('center_axis',(5.06140781838058E-16,1.13258168275998E-14,
-1.));
#8123=DIRECTION('ref_axis',(-1.21095858642587E-15,1.,1.13258168275998E-14));
#8124=DIRECTION('',(-1.,-1.21095858642586E-15,-5.06140781838072E-16));
#8125=DIRECTION('',(-1.21095858642587E-15,1.,1.13258168275998E-14));
#8126=DIRECTION('center_axis',(-1.21095858642586E-15,1.,7.07767178198584E-16));
#8127=DIRECTION('ref_axis',(-1.,-1.21095858642586E-15,-5.06140781838072E-16));
#8128=DIRECTION('',(1.,1.21095858642586E-15,5.51911439031234E-16));
#8129=DIRECTION('',(-5.51911439031233E-16,-7.07767178198585E-16,1.));
#8130=DIRECTION('center_axis',(5.06140781838058E-16,1.13258168275998E-14,
-1.));
#8131=DIRECTION('ref_axis',(-1.21095858642587E-15,1.,1.13258168275998E-14));
#8132=DIRECTION('',(-1.21095858642587E-15,1.,1.13258168275998E-14));
#8133=DIRECTION('',(1.,1.21095858642586E-15,5.06140781838072E-16));
#8134=DIRECTION('center_axis',(1.,1.21095858642586E-15,5.51911439031234E-16));
#8135=DIRECTION('ref_axis',(-1.21095858642587E-15,1.,1.13258168275998E-14));
#8136=DIRECTION('',(-5.51911439031233E-16,-7.07767178198585E-16,1.));
#8137=DIRECTION('',(-1.21095858642587E-15,1.,1.13258168275998E-14));
#8138=DIRECTION('',(-5.51911439031233E-16,-7.07767178198585E-16,1.));
#8139=DIRECTION('',(-1.21095858642587E-15,1.,1.13258168275998E-14));
#8140=DIRECTION('',(-5.51911439031233E-16,-7.07767178198585E-16,1.));
#8141=DIRECTION('center_axis',(5.06140781838058E-16,1.13258168275998E-14,
-1.));
#8142=DIRECTION('ref_axis',(-1.21095858642587E-15,1.,1.13258168275998E-14));
#8143=DIRECTION('',(1.,1.21095858642586E-15,5.06140781838072E-16));
#8144=DIRECTION('center_axis',(1.21095858642586E-15,-1.,-7.07767178198584E-16));
#8145=DIRECTION('ref_axis',(1.,1.21095858642586E-15,5.06140781838072E-16));
#8146=DIRECTION('',(-1.,-1.21095858642586E-15,-5.51911439031234E-16));
#8147=DIRECTION('center_axis',(5.06140781838058E-16,1.13258168275998E-14,
-1.));
#8148=DIRECTION('ref_axis',(-1.21095858642587E-15,1.,1.13258168275998E-14));
#8149=DIRECTION('',(-1.21095858642587E-15,1.,1.13258168275998E-14));
#8150=DIRECTION('',(-1.,-1.21095858642586E-15,-5.06140781838072E-16));
#8151=DIRECTION('center_axis',(1.,1.21095858642586E-15,5.51911439031234E-16));
#8152=DIRECTION('ref_axis',(-1.21095858642587E-15,1.,1.13258168275998E-14));
#8153=DIRECTION('',(-1.21095858642587E-15,1.,1.13258168275998E-14));
#8154=DIRECTION('',(-1.21095858642587E-15,1.,1.13258168275998E-14));
#8155=DIRECTION('',(-5.51911439031233E-16,-7.07767178198585E-16,1.));
#8156=DIRECTION('',(-1.21095858642587E-15,1.,1.13258168275998E-14));
#8157=DIRECTION('',(-5.51911439031233E-16,-7.07767178198585E-16,1.));
#8158=DIRECTION('',(-1.21095858642587E-15,1.,1.13258168275998E-14));
#8159=DIRECTION('center_axis',(5.06140781838058E-16,1.13258168275998E-14,
-1.));
#8160=DIRECTION('ref_axis',(-1.21095858642587E-15,1.,1.13258168275998E-14));
#8161=DIRECTION('',(1.21095858642587E-15,-1.,-1.13258168275998E-14));
#8162=DIRECTION('',(-1.,-1.21095858642586E-15,-5.06140781838072E-16));
#8163=DIRECTION('center_axis',(-1.,-1.21095858642586E-15,-5.51911439031234E-16));
#8164=DIRECTION('ref_axis',(1.21095858642587E-15,-1.,-1.13258168275998E-14));
#8165=DIRECTION('',(-5.51911439031233E-16,-7.07767178198585E-16,1.));
#8166=DIRECTION('',(1.21095858642587E-15,-1.,-1.13258168275998E-14));
#8167=DIRECTION('',(-5.51911439031233E-16,-7.07767178198585E-16,1.));
#8168=DIRECTION('',(1.21095858642587E-15,-1.,-1.13258168275998E-14));
#8169=DIRECTION('',(-5.51911439031233E-16,-7.07767178198585E-16,1.));
#8170=DIRECTION('',(1.21095858642587E-15,-1.,-1.13258168275998E-14));
#8171=DIRECTION('',(-5.51911439031233E-16,-7.07767178198585E-16,1.));
#8172=DIRECTION('center_axis',(5.06140781838058E-16,1.13258168275998E-14,
-1.));
#8173=DIRECTION('ref_axis',(-1.21095858642587E-15,1.,1.13258168275998E-14));
#8174=DIRECTION('',(1.,1.21095858642586E-15,5.06140781838072E-16));
#8175=DIRECTION('center_axis',(1.21095858642586E-15,-1.,-7.07767178198584E-16));
#8176=DIRECTION('ref_axis',(1.,1.21095858642586E-15,5.06140781838072E-16));
#8177=DIRECTION('',(-1.,-1.21095858642586E-15,-5.51911439031234E-16));
#8178=DIRECTION('',(1.,1.21095858642586E-15,5.06140781838072E-16));
#8179=DIRECTION('center_axis',(5.06140781838058E-16,1.13258168275998E-14,
-1.));
#8180=DIRECTION('ref_axis',(-1.21095858642587E-15,1.,1.13258168275998E-14));
#8181=DIRECTION('center_axis',(-1.21095858642586E-15,1.,7.07767178198584E-16));
#8182=DIRECTION('ref_axis',(-1.,-1.21095858642586E-15,-5.06140781838072E-16));
#8183=DIRECTION('',(1.,1.21095858642586E-15,5.51911439031234E-16));
#8184=DIRECTION('center_axis',(5.06140781838058E-16,1.13258168275998E-14,
-1.));
#8185=DIRECTION('ref_axis',(-5.86458135074214E-16,1.,1.13258168275998E-14));
#8186=DIRECTION('center_axis',(5.06140781838058E-16,1.13258168275998E-14,
-1.));
#8187=DIRECTION('ref_axis',(-5.86458135074214E-16,1.,1.13258168275998E-14));
#8188=DIRECTION('center_axis',(-5.51911439031233E-16,-7.07767178198585E-16,
1.));
#8189=DIRECTION('ref_axis',(-1.,-1.21095858642586E-15,-5.51911439031234E-16));
#8190=DIRECTION('',(-0.866025403784277,-0.50000000000028,-6.10123918876603E-15));
#8191=DIRECTION('center_axis',(-5.51911439031233E-16,-7.07767178198585E-16,
1.));
#8192=DIRECTION('ref_axis',(-1.,-1.21095858642586E-15,-5.51911439031234E-16));
#8193=DIRECTION('',(0.866025403784439,0.5,6.10123918876294E-15));
#8194=DIRECTION('center_axis',(-5.51911439031233E-16,-7.07767178198585E-16,
1.));
#8195=DIRECTION('ref_axis',(-1.,-1.21095858642586E-15,-5.51911439031234E-16));
#8196=DIRECTION('',(0.866025403784442,-0.499999999999994,-5.22457763883672E-15));
#8197=DIRECTION('center_axis',(-5.51911439031233E-16,-7.07767178198585E-16,
1.));
#8198=DIRECTION('ref_axis',(-1.,-1.21095858642586E-15,-5.51911439031234E-16));
#8199=DIRECTION('',(-0.866025403784437,0.500000000000002,5.22457763883681E-15));
#8200=DIRECTION('center_axis',(-0.500000000000002,0.866025403784437,1.00858650243941E-14));
#8201=DIRECTION('ref_axis',(-0.866025403784437,-0.500000000000002,-6.38573384685091E-15));
#8202=DIRECTION('',(-0.866025403784437,-0.500000000000002,-5.78205007721657E-15));
#8203=DIRECTION('',(-5.24155863414984E-16,-1.19487753025283E-14,1.));
#8204=DIRECTION('center_axis',(-1.,-1.1554474351946E-15,-5.24155863414998E-16));
#8205=DIRECTION('ref_axis',(1.15544743519461E-15,-1.,-1.18948061277202E-14));
#8206=DIRECTION('',(1.15544743519461E-15,-1.,-1.06874385884403E-14));
#8207=DIRECTION('',(-5.24155863414984E-16,-1.19487753025283E-14,1.));
#8208=DIRECTION('center_axis',(-0.499999999999999,-0.866025403784439,-1.06100208878091E-14));
#8209=DIRECTION('ref_axis',(0.866025403784439,-0.499999999999999,-5.50907228086923E-15));
#8210=DIRECTION('',(0.866025403784439,-0.499999999999999,-4.90538851122371E-15));
#8211=DIRECTION('center_axis',(-0.353553390593271,-0.612372435695785,-0.707106781186558));
#8212=DIRECTION('ref_axis',(-0.866025403784437,0.500000000000003,-1.38777878078145E-16));
#8213=DIRECTION('',(5.02054076877572E-13,-0.755928946018351,0.654653670708096));
#8214=DIRECTION('',(-0.654653670707978,-0.37796447300925,0.654653670707963));
#8215=DIRECTION('center_axis',(0.707106781186571,8.37418501613138E-15,-0.707106781186524));
#8216=DIRECTION('ref_axis',(1.11351188454356E-14,-1.,-7.07767178198593E-16));
#8217=DIRECTION('',(-0.654653670707505,0.377964473010938,-0.654653670707461));
#8218=DIRECTION('',(0.654653670707958,0.377964473009266,0.654653670707974));
#8219=DIRECTION('center_axis',(0.353553390592804,-0.612372435694971,-0.707106781187495));
#8220=DIRECTION('ref_axis',(-0.866025403784435,-0.500000000000006,-1.11022302462516E-16));
#8221=DIRECTION('center_axis',(0.353553390593264,0.612372435695787,-0.707106781186559));
#8222=DIRECTION('ref_axis',(0.866025403784442,-0.499999999999994,0.));
#8223=DIRECTION('',(1.32595220701304E-14,0.755928946018465,0.654653670707965));
#8224=DIRECTION('center_axis',(-0.353553390593274,0.6123724356958,-0.707106781186543));
#8225=DIRECTION('ref_axis',(0.86602540378444,0.499999999999998,8.88178419700125E-16));
#8226=DIRECTION('',(-0.654653670707981,0.377964473009247,0.654653670707962));
#8227=DIRECTION('center_axis',(-0.70710678118654,6.74013558267028E-15,-0.707106781186555));
#8228=DIRECTION('ref_axis',(8.82422397504733E-15,1.,7.07767178198544E-16));
#8229=DIRECTION('center_axis',(0.500000000000001,-0.866025403784438,-1.00858650243941E-14));
#8230=DIRECTION('ref_axis',(0.866025403784438,0.500000000000001,6.3857338468509E-15));
#8231=DIRECTION('',(0.866025403784439,0.5,5.78205007721656E-15));
#8232=DIRECTION('',(-5.24155863414984E-16,-1.19487753025283E-14,1.));
#8233=DIRECTION('center_axis',(1.,1.1554474351946E-15,5.24155863414998E-16));
#8234=DIRECTION('ref_axis',(-1.15544743519461E-15,1.,1.18948061277202E-14));
#8235=DIRECTION('',(-1.15544743519461E-15,1.,1.06874385884403E-14));
#8236=DIRECTION('',(-5.24155863414984E-16,-1.19487753025283E-14,1.));
#8237=DIRECTION('center_axis',(0.499999999999999,0.866025403784439,1.06100208878091E-14));
#8238=DIRECTION('ref_axis',(-0.866025403784439,0.499999999999999,5.50907228086923E-15));
#8239=DIRECTION('',(-0.866025403784439,0.499999999999999,4.90538851122371E-15));
#8240=DIRECTION('center_axis',(0.70710678118654,8.37418501613169E-15,-0.707106781186555));
#8241=DIRECTION('ref_axis',(1.11351188454365E-14,-1.,-7.07767178198591E-16));
#8242=DIRECTION('',(0.654653670707974,0.377964473009261,0.65465367070796));
#8243=DIRECTION('',(0.654653670707979,-0.377964473009259,0.654653670707957));
#8244=DIRECTION('center_axis',(-0.707106781186555,6.7401355826701E-15,-0.70710678118654));
#8245=DIRECTION('ref_axis',(8.82422397504684E-15,1.,7.07767178198614E-16));
#8246=DIRECTION('',(0.654653670707992,-0.377964473009255,-0.654653670707947));
#8247=DIRECTION('',(-0.654653670707955,-0.37796447300928,0.654653670707969));
#8248=DIRECTION('center_axis',(0.353553390593265,0.612372435695788,-0.707106781186558));
#8249=DIRECTION('ref_axis',(0.866025403784442,-0.499999999999994,4.44089209850063E-16));
#8250=DIRECTION('',(5.99140628637725E-15,0.755928946018493,0.654653670707932));
#8251=DIRECTION('center_axis',(-0.353553390593249,0.61237243569576,-0.70710678118659));
#8252=DIRECTION('ref_axis',(0.866025403784441,0.499999999999996,1.16573417585641E-15));
#8253=DIRECTION('center_axis',(-0.353553390593281,-0.612372435695801,-0.707106781186538));
#8254=DIRECTION('ref_axis',(-0.866025403784437,0.500000000000004,-2.77555756156289E-17));
#8255=DIRECTION('',(-2.12502595528191E-14,-0.75592894601846,0.654653670707971));
#8256=DIRECTION('center_axis',(0.353553390593281,-0.612372435695796,-0.707106781186543));
#8257=DIRECTION('ref_axis',(-0.866025403784435,-0.500000000000006,-9.15933995315754E-16));
#8258=DIRECTION('center_axis',(-1.,-2.48914051191683E-13,-5.51912312536744E-16));
#8259=DIRECTION('ref_axis',(-2.48914051191683E-13,1.,1.34614541735791E-15));
#8260=DIRECTION('',(2.48914051191683E-13,-1.,6.0500913845327E-15));
#8261=DIRECTION('',(2.48914051191683E-13,-1.,-9.93324542850015E-16));
#8262=DIRECTION('center_axis',(-1.,-2.48914051191683E-13,-5.51912312536744E-16));
#8263=DIRECTION('ref_axis',(6.27628995967545E-14,-0.250000000000315,-0.968245836551773));
#8264=DIRECTION('center_axis',(5.51911439031241E-16,-6.05009138453257E-15,
-1.));
#8265=DIRECTION('ref_axis',(-1.21095858642586E-15,1.,-6.05009138453257E-15));
#8266=DIRECTION('',(1.21095858642586E-15,-1.,6.05009138453257E-15));
#8267=DIRECTION('',(-2.48914051191683E-13,1.,-6.0500913845327E-15));
#8268=DIRECTION('',(1.,1.21095858642586E-15,5.51911439031234E-16));
#8269=DIRECTION('center_axis',(1.,1.21095858642586E-15,5.51911439031234E-16));
#8270=DIRECTION('ref_axis',(5.51911439032526E-16,-1.0673267825112E-12,-1.));
#8271=DIRECTION('center_axis',(-1.,-1.21095858642586E-15,-5.51911439031234E-16));
#8272=DIRECTION('ref_axis',(8.37125599594319E-16,-0.250000000000486,-0.968245836551729));
#8273=DIRECTION('center_axis',(1.,2.48914051191683E-13,5.51912312536744E-16));
#8274=DIRECTION('ref_axis',(6.27628995967545E-14,-0.250000000000315,-0.968245836551773));
#8275=DIRECTION('',(-1.,-1.21095858642586E-15,-5.51911439031234E-16));
#8276=DIRECTION('center_axis',(2.48914051191683E-13,-1.,-9.93324542850015E-16));
#8277=DIRECTION('ref_axis',(-0.707106781186555,-1.76711200050425E-13,0.70710678118654));
#8278=DIRECTION('center_axis',(-2.48914051191683E-13,1.,9.93324542850015E-16));
#8279=DIRECTION('ref_axis',(-0.707106781186553,-1.76711200050424E-13,0.707106781186543));
#8280=DIRECTION('',(-2.48914051191683E-13,1.,9.93324542850015E-16));
#8281=DIRECTION('center_axis',(5.24155863415077E-16,9.93324542850145E-16,
-1.));
#8282=DIRECTION('ref_axis',(-2.48803028889221E-13,1.,9.93324542850015E-16));
#8283=DIRECTION('',(-1.21095858642586E-15,1.,9.93324542850144E-16));
#8284=DIRECTION('',(1.,1.21095858642586E-15,5.24155863415078E-16));
#8285=DIRECTION('center_axis',(0.172617152877723,0.940261085598564,-0.293449159892134));
#8286=DIRECTION('ref_axis',(-0.476731294622808,0.340454242019409,0.810443200858796));
#8287=DIRECTION('center_axis',(-1.74536497667852E-13,0.700000000000036,
-0.714142842854249));
#8288=DIRECTION('ref_axis',(-1.,-2.49900916102738E-13,-5.51911439031611E-16));
#8289=DIRECTION('center_axis',(1.,1.21095858642586E-15,5.51911439031234E-16));
#8290=DIRECTION('ref_axis',(-1.25113541481082E-15,0.714142842854263,0.700000000000023));
#8291=DIRECTION('center_axis',(-2.48914051191683E-13,1.,-6.0500913845327E-15));
#8292=DIRECTION('ref_axis',(-0.707106781186555,-1.71730752885455E-13,0.70710678118654));
#8293=DIRECTION('center_axis',(2.49900916102737E-13,-1.,1.07398812065896E-12));
#8294=DIRECTION('ref_axis',(-5.51911439032534E-16,1.07398812065896E-12,
1.));
#8295=DIRECTION('center_axis',(1.,2.48914051191683E-13,5.51912312536744E-16));
#8296=DIRECTION('ref_axis',(2.4891200212096E-13,-1.,-5.9211894646675E-16));
#8297=DIRECTION('center_axis',(-1.,-1.21095858642586E-15,-5.51911439031234E-16));
#8298=DIRECTION('ref_axis',(-9.77839448681104E-16,0.387298334620727,0.921954445729295));
#8299=DIRECTION('center_axis',(0.581238193719093,0.813733471206737,8.96725850637151E-16));
#8300=DIRECTION('ref_axis',(-0.813733471206737,0.581238193719093,-3.77274948517857E-17));
#8301=DIRECTION('center_axis',(1.21095858642586E-15,-1.,-9.93324542850144E-16));
#8302=DIRECTION('ref_axis',(-0.707106781186555,-1.55866354836617E-15,0.70710678118654));
#8303=DIRECTION('center_axis',(-0.813733471206734,-0.581238193719098,4.29355083304913E-17));
#8304=DIRECTION('ref_axis',(-0.581238193719098,0.813733471206734,2.55141834806307E-16));
#8305=DIRECTION('',(1.21095858642586E-15,-1.,-9.93324542850144E-16));
#8306=DIRECTION('center_axis',(-1.,-1.21095858642586E-15,-5.51911439031234E-16));
#8307=DIRECTION('ref_axis',(1.21095858642586E-15,-1.,-7.07767178198584E-16));
#8308=DIRECTION('',(-1.21095858642586E-15,1.,-6.05009138453257E-15));
#8309=DIRECTION('center_axis',(1.,1.21095858642586E-15,5.51911439031234E-16));
#8310=DIRECTION('ref_axis',(8.37125599594319E-16,-0.250000000000486,-0.968245836551729));
#8311=DIRECTION('center_axis',(-1.21095858642586E-15,1.,-6.05009138453257E-15));
#8312=DIRECTION('ref_axis',(0.707106781186556,-3.42178361660343E-15,-0.70710678118654));
#8313=DIRECTION('center_axis',(-1.21095858642527E-15,1.,-1.06510633646197E-12));
#8314=DIRECTION('ref_axis',(1.,1.21095858642586E-15,5.51911439031234E-16));
#8315=DIRECTION('center_axis',(1.,1.21095858642586E-15,5.51911439031234E-16));
#8316=DIRECTION('ref_axis',(1.19348975147204E-15,-1.,-8.88178419700125E-16));
#8317=DIRECTION('center_axis',(-1.04814061328065E-15,0.972222222222259,
-0.234059715921412));
#8318=DIRECTION('ref_axis',(1.,1.21095858642586E-15,5.51911439031233E-16));
#8319=DIRECTION('center_axis',(-0.573462344363358,0.573462344363326,-0.585048612676417));
#8320=DIRECTION('ref_axis',(0.714142842854252,1.41553435639707E-15,-0.700000000000034));
#8321=CARTESIAN_POINT('',(0.,0.,0.));
#8322=CARTESIAN_POINT('Origin',(34.1760650513577,6.17927773294973,10.0999999999997));
#8323=CARTESIAN_POINT('',(34.3760650513572,4.67927773294975,10.0999999999997));
#8324=CARTESIAN_POINT('Origin',(34.3760650513572,6.17927773294973,10.0999999999997));
#8325=CARTESIAN_POINT('',(33.9760650513583,5.07927773294972,10.0999999999997));
#8326=CARTESIAN_POINT('',(34.1760650513578,4.87927773294973,10.0999999999997));
#8327=CARTESIAN_POINT('Origin',(33.9760650513583,6.17927773294972,10.0999999999997));
#8328=CARTESIAN_POINT('Origin',(34.3760650513574,6.17927773294972,10.0999999999997));
#8329=CARTESIAN_POINT('',(23.3229249138657,5.07927773294972,10.0999999999997));
#8330=CARTESIAN_POINT('',(34.3760650513574,5.07927773294972,10.0999999999997));
#8331=CARTESIAN_POINT('Origin',(23.3229249138657,6.17927773294972,10.0999999999997));
#8332=CARTESIAN_POINT('Origin',(34.3760650513577,-9.3204451551482,41.5999989757749));
#8333=CARTESIAN_POINT('',(34.3760650513578,-11.8207109368569,0.399999999999845));
#8334=CARTESIAN_POINT('',(34.3760650513577,-11.8207109368571,21.5999999999988));
#8335=CARTESIAN_POINT('',(34.3760650513578,-11.8207109368571,20.2999999999989));
#8336=CARTESIAN_POINT('',(34.3760650513563,9.77927773295114,0.399999999999947));
#8337=CARTESIAN_POINT('',(34.3760650513575,-4.6705755024134,0.39999999999993));
#8338=CARTESIAN_POINT('',(34.3760650513562,9.77927773295082,21.5999999999999));
#8339=CARTESIAN_POINT('',(34.3760650513562,9.77927773295072,34.2867249987269));
#8340=CARTESIAN_POINT('',(34.3760650513574,-2.2852224573344,21.5999999999989));
#8341=CARTESIAN_POINT('Origin',(21.3229249138657,-10.4707187423399,7.19999838861091));
#8342=CARTESIAN_POINT('',(21.3229249138657,-9.62072203082568,5.19999838861092));
#8343=CARTESIAN_POINT('',(21.3229249138657,-17.6207179879702,5.1999983886109));
#8344=CARTESIAN_POINT('',(21.3229249138657,-10.4707187423399,5.19999838861091));
#8345=CARTESIAN_POINT('',(23.3229249138657,-17.6207179879703,7.1999983886109));
#8346=CARTESIAN_POINT('Origin',(21.3229249138657,-17.6207179879702,7.1999983886109));
#8347=CARTESIAN_POINT('',(23.3229249138657,-9.22072203082567,7.19999838861091));
#8348=CARTESIAN_POINT('',(23.3229249138657,-10.4707187423399,7.19999838861091));
#8349=CARTESIAN_POINT('',(22.9229249138657,-9.62072203082567,5.99999838861092));
#8350=CARTESIAN_POINT('Ctrl Pts',(23.3229249138657,-9.22072203082567,7.19999838861091));
#8351=CARTESIAN_POINT('Ctrl Pts',(23.3229249138657,-9.22166252320893,7.19789538370962));
#8352=CARTESIAN_POINT('Ctrl Pts',(23.3229215968935,-9.22260301656743,7.1957923766303));
#8353=CARTESIAN_POINT('Ctrl Pts',(23.3224437217029,-9.29034990992856,7.04430345655691));
#8354=CARTESIAN_POINT('Ctrl Pts',(23.3052327456787,-9.35745274941815,6.89430564618904));
#8355=CARTESIAN_POINT('Ctrl Pts',(23.2374038140048,-9.47704564876147,6.60287910233023));
#8356=CARTESIAN_POINT('Ctrl Pts',(23.1871780227775,-9.53077912615526,6.45972214625751));
#8357=CARTESIAN_POINT('Ctrl Pts',(23.0600488776951,-9.60273918539751,6.19948181958985));
#8358=CARTESIAN_POINT('Ctrl Pts',(22.9921742835943,-9.62072203082567,6.09233088158242));
#8359=CARTESIAN_POINT('Ctrl Pts',(22.9229249138657,-9.62072203082567,5.99999838861092));
#8360=CARTESIAN_POINT('Origin',(21.3229249138657,-9.62072203082567,7.19999838861091));
#8361=CARTESIAN_POINT('Origin',(22.9229249138657,-9.22072203082568,11.5999997995994));
#8362=CARTESIAN_POINT('',(23.322924913865,-9.22072203082566,0.399999999999839));
#8363=CARTESIAN_POINT('',(23.3229249138657,-9.22072203082568,11.5999997995994));
#8364=CARTESIAN_POINT('',(23.2057676263403,-9.50356474330033,0.517157287525279));
#8365=CARTESIAN_POINT('Origin',(22.9229249138657,-9.22072203082566,0.799999999999839));
#8366=CARTESIAN_POINT('',(22.9229249138657,-9.62072203082568,0.399999999999909));
#8367=CARTESIAN_POINT('Origin',(22.9229249138657,-9.22072203082566,0.799999999999961));
#8368=CARTESIAN_POINT('',(22.9229249138657,-9.62072203082568,11.5999997995994));
#8369=CARTESIAN_POINT('Origin',(9.62293505174098,-9.62072203082571,21.5999985749759));
#8370=CARTESIAN_POINT('',(-3.67705442056901,-9.62072203082571,0.399999999999903));
#8371=CARTESIAN_POINT('',(10.5729350517348,-9.62072203082569,0.399999999999903));
#8372=CARTESIAN_POINT('',(-3.67705442056901,-9.62072203082862,5.99999838861192));
#8373=CARTESIAN_POINT('',(-3.67705442056903,-9.62072203082574,31.5999985749759));
#8374=CARTESIAN_POINT('',(-2.07705442056894,-9.6207220308257,5.19999838861091));
#8375=CARTESIAN_POINT('Origin',(-2.07705442056894,-9.62072203082861,7.19999838861092));
#8376=CARTESIAN_POINT('',(10.7676802875378,-9.62072203082569,5.19999838861091));
#8377=CARTESIAN_POINT('Origin',(33.3760650513578,-11.8207109368572,20.2999999999989));
#8378=CARTESIAN_POINT('',(33.3760650513578,-12.8207109368572,21.5999999999989));
#8379=CARTESIAN_POINT('Origin',(33.3760650513578,-11.8207109368572,21.5999999999988));
#8380=CARTESIAN_POINT('',(33.3760650513577,-12.8207109368569,0.399999999999898));
#8381=CARTESIAN_POINT('',(33.3760650513578,-12.8207109368572,20.2999999999989));
#8382=CARTESIAN_POINT('Ctrl Pts',(33.3760650513578,-12.8207109368569,0.399999999999898));
#8383=CARTESIAN_POINT('Ctrl Pts',(33.5780955602683,-12.8207109368568,0.39999999999984));
#8384=CARTESIAN_POINT('Ctrl Pts',(33.8109931274388,-12.7509414462592,0.399999999999798));
#8385=CARTESIAN_POINT('Ctrl Pts',(33.9953258847638,-12.6059339125322,0.399999999999797));
#8386=CARTESIAN_POINT('Ctrl Pts',(34.1182143896471,-12.5092622233809,0.399999999999796));
#8387=CARTESIAN_POINT('Ctrl Pts',(34.219518534599,-12.3791514039499,0.399999999999813));
#8388=CARTESIAN_POINT('Ctrl Pts',(34.2839812000267,-12.240685333804,0.399999999999843));
#8389=CARTESIAN_POINT('Ctrl Pts',(34.3484438654544,-12.1022192636581,0.399999999999874));
#8390=CARTESIAN_POINT('Ctrl Pts',(34.3760650513578,-11.9553979427972,0.399999999999917));
#8391=CARTESIAN_POINT('Ctrl Pts',(34.3760650513579,-11.8207109368569,0.399999999999965));
#8392=CARTESIAN_POINT('Ctrl Pts',(34.376065051358,-11.8207109368568,0.400000000000116));
#8393=CARTESIAN_POINT('Ctrl Pts',(34.2427317180245,-11.8207109368567,0.266666666666579));
#8394=CARTESIAN_POINT('Ctrl Pts',(34.109398384691,-11.8207109368566,0.133333333333043));
#8395=CARTESIAN_POINT('Ctrl Pts',(33.9760650513574,-11.8207109368565,-4.93216578689726E-13));
#8396=CARTESIAN_POINT('Ctrl Pts',(34.376065051358,-11.9553979427971,0.400000000000068));
#8397=CARTESIAN_POINT('Ctrl Pts',(34.2427651290391,-11.9374979116679,0.266666666666538));
#8398=CARTESIAN_POINT('Ctrl Pts',(34.1093649736763,-11.9194231715499,0.133333333333008));
#8399=CARTESIAN_POINT('Ctrl Pts',(33.9760650513574,-11.9015231404207,-5.21739925022459E-13));
#8400=CARTESIAN_POINT('Ctrl Pts',(34.3208226795512,-12.249040584519,0.39999999999998));
#8401=CARTESIAN_POINT('Ctrl Pts',(34.1949260201302,-12.1917825206375,0.266666666666462));
#8402=CARTESIAN_POINT('Ctrl Pts',(34.0688162876943,-12.1349667893352,0.133333333332943));
#8403=CARTESIAN_POINT('Ctrl Pts',(33.9429196282733,-12.0777087254537,-5.74465746572607E-13));
#8404=CARTESIAN_POINT('Ctrl Pts',(33.9662581722192,-12.7044284525276,0.399999999999921));
#8405=CARTESIAN_POINT('Ctrl Pts',(33.8875450192627,-12.5866589418684,0.26666666666641));
#8406=CARTESIAN_POINT('Ctrl Pts',(33.8088940768308,-12.4687109569179,0.1333333333329));
#8407=CARTESIAN_POINT('Ctrl Pts',(33.7301809238743,-12.3509414462588,-6.10185685320192E-13));
#8408=CARTESIAN_POINT('Ctrl Pts',(33.5780955602682,-12.820710936857,0.399999999999991));
#8409=CARTESIAN_POINT('Ctrl Pts',(33.5514633060841,-12.6868761353606,0.266666666666471));
#8410=CARTESIAN_POINT('Ctrl Pts',(33.5239156108879,-12.5545457383528,0.133333333332951));
#8411=CARTESIAN_POINT('Ctrl Pts',(33.4972833567038,-12.4207109368564,-5.68337827910219E-13));
#8412=CARTESIAN_POINT('Ctrl Pts',(33.3760650513577,-12.820710936857,0.400000000000048));
#8413=CARTESIAN_POINT('Ctrl Pts',(33.3760650513577,-12.6873776035235,0.266666666666521));
#8414=CARTESIAN_POINT('Ctrl Pts',(33.3760650513576,-12.55404427019,0.133333333332994));
#8415=CARTESIAN_POINT('Ctrl Pts',(33.3760650513575,-12.4207109368564,-5.33739719088544E-13));
#8416=CARTESIAN_POINT('',(33.3760650513575,-12.4207109368569,-6.64037389501134E-14));
#8417=CARTESIAN_POINT('',(33.9760650513574,-11.8207109368565,-4.94221600009193E-13));
#8418=CARTESIAN_POINT('Ctrl Pts',(33.3760650513575,-12.4207109368568,-1.24356340599556E-13));
#8419=CARTESIAN_POINT('Ctrl Pts',(33.4972833567038,-12.4207109368568,-1.58954449421255E-13));
#8420=CARTESIAN_POINT('Ctrl Pts',(33.6370218970062,-12.3788492424982,-1.84063163867255E-13));
#8421=CARTESIAN_POINT('Ctrl Pts',(33.7476215514013,-12.291844722262,-1.84921522539128E-13));
#8422=CARTESIAN_POINT('Ctrl Pts',(33.8213546543313,-12.2338417087712,-1.85517169610513E-13));
#8423=CARTESIAN_POINT('Ctrl Pts',(33.8821371413025,-12.1557752171125,-1.75311472825482E-13));
#8424=CARTESIAN_POINT('Ctrl Pts',(33.9208147405591,-12.0726955750249,-1.57027169045421E-13));
#8425=CARTESIAN_POINT('Ctrl Pts',(33.9594923398158,-11.9896159329373,-1.38777484406083E-13));
#8426=CARTESIAN_POINT('Ctrl Pts',(33.9760650513578,-11.9015231404207,-1.1241457363099E-13));
#8427=CARTESIAN_POINT('Ctrl Pts',(33.9760650513578,-11.8207109368565,-8.38912272982384E-14));
#8428=CARTESIAN_POINT('Ctrl Pts',(33.9760650513574,-11.8207109368565,-4.93216578689726E-13));
#8429=CARTESIAN_POINT('Ctrl Pts',(34.109398384691,-11.8207109368566,0.133333333333043));
#8430=CARTESIAN_POINT('Ctrl Pts',(34.2427317180245,-11.8207109368567,0.266666666666579));
#8431=CARTESIAN_POINT('Ctrl Pts',(34.376065051358,-11.8207109368568,0.400000000000116));
#8432=CARTESIAN_POINT('Ctrl Pts',(33.3760650513577,-12.820710936857,0.400000000000048));
#8433=CARTESIAN_POINT('Ctrl Pts',(33.3760650513577,-12.6873776035235,0.266666666666521));
#8434=CARTESIAN_POINT('Ctrl Pts',(33.3760650513576,-12.55404427019,0.133333333332994));
#8435=CARTESIAN_POINT('Ctrl Pts',(33.3760650513575,-12.4207109368564,-5.33739719088544E-13));
#8436=CARTESIAN_POINT('Origin',(34.7290650513574,-12.8207109368569,-0.999998975777086));
#8437=CARTESIAN_POINT('',(24.7102497499435,-12.8207109375056,21.5999597809433));
#8438=CARTESIAN_POINT('',(17.3623289241368,-12.8207109368572,21.5999999999989));
#8439=CARTESIAN_POINT('',(32.1759249138657,-12.8207109368599,14.0999981080289));
#8440=CARTESIAN_POINT('Origin',(24.6759249138657,-12.820710936857,14.0999981080289));
#8441=CARTESIAN_POINT('',(32.1759249138656,-12.8207109368571,0.399999999999903));
#8442=CARTESIAN_POINT('',(32.1759249138656,-12.8207109368571,14.0999981080289));
#8443=CARTESIAN_POINT('',(23.126000051543,-12.8207109368569,0.399999999999903));
#8444=CARTESIAN_POINT('Origin',(-0.00440720308382048,-5.64999975952202,
21.5999999999989));
#8445=CARTESIAN_POINT('',(33.376065051356,10.7792777329508,21.5999999999999));
#8446=CARTESIAN_POINT('Origin',(33.3760650513562,9.77927773295082,21.5999999999999));
#8447=CARTESIAN_POINT('',(24.3229249138655,10.7792777329485,21.5999999999999));
#8448=CARTESIAN_POINT('',(3.10926392431884,10.7792777329433,21.5999999999999));
#8449=CARTESIAN_POINT('',(23.3229249138657,9.77927773294851,21.5999999999999));
#8450=CARTESIAN_POINT('Origin',(24.3229249138656,9.77927773294851,21.5999999999999));
#8451=CARTESIAN_POINT('',(23.3229249138657,-12.8207109368606,21.5999999999988));
#8452=CARTESIAN_POINT('',(23.3229249138657,0.71464037188401,21.5999999999989));
#8453=CARTESIAN_POINT('',(24.6759249138657,-12.8207109368604,21.5999999993589));
#8454=CARTESIAN_POINT('',(1.6759357841612,-12.820710936866,21.5999999999989));
#8455=CARTESIAN_POINT('',(24.7102507316238,-12.8207109381541,21.5999999999989));
#8456=CARTESIAN_POINT('',(29.9257462624159,-9.32072226705078,21.5999999999989));
#8457=CARTESIAN_POINT('Origin',(29.9257462624159,-7.62072226705069,21.5999999999989));
#8458=CARTESIAN_POINT('Origin',(11.9124255233345,-17.6207179879701,5.19999838861089));
#8459=CARTESIAN_POINT('',(-2.07705442056693,-17.6207179879702,5.19999838861089));
#8460=CARTESIAN_POINT('',(-2.07705442056832,-12.0207167420619,5.19999838861089));
#8461=CARTESIAN_POINT('',(17.1874468278197,-17.6207179879702,5.19999838861089));
#8462=CARTESIAN_POINT('',(10.7676802875378,-17.6207179879702,5.19999838861089));
#8463=CARTESIAN_POINT('',(17.1874468278197,-16.0207211309886,5.19999838861089));
#8464=CARTESIAN_POINT('',(17.1874468278197,-18.0207211309886,5.19999838861089));
#8465=CARTESIAN_POINT('',(19.4612099329318,-16.0207211309886,5.19999838861089));
#8466=CARTESIAN_POINT('',(10.7676802187427,-16.0207211309905,5.19999838861089));
#8467=CARTESIAN_POINT('',(19.4612099329318,-17.6207179879702,5.19999838861089));
#8468=CARTESIAN_POINT('',(19.4612099329318,-18.0207211309886,5.19999838861089));
#8469=CARTESIAN_POINT('',(10.7676802875378,-17.6207179879702,5.19999838861089));
#8470=CARTESIAN_POINT('Origin',(9.62293505174109,-17.6207179879702,21.5999985749759));
#8471=CARTESIAN_POINT('',(18.3243283803764,-17.6207179879702,7.54999857497689));
#8472=CARTESIAN_POINT('Origin',(18.3243283803757,-17.6207179879702,6.09999857497689));
#8473=CARTESIAN_POINT('Origin',(18.3243283803757,-17.6207179879702,6.09999857497689));
#8474=CARTESIAN_POINT('',(-4.07705442056693,-17.6207179879702,7.1999983886109));
#8475=CARTESIAN_POINT('Origin',(-2.07705442056693,-17.6207179879731,7.1999983886109));
#8476=CARTESIAN_POINT('',(-4.07705442056693,-17.6207179879702,12.4921273486909));
#8477=CARTESIAN_POINT('',(-4.07705442056693,-17.6207179879702,31.5999985749759));
#8478=CARTESIAN_POINT('',(-2.67706513527355,-17.6207179879702,14.4000023818729));
#8479=CARTESIAN_POINT('Origin',(-4.67706513527355,-17.6207179879737,14.4000023818729));
#8480=CARTESIAN_POINT('',(-2.67706513527355,-17.6207179879702,16.5999981080289));
#8481=CARTESIAN_POINT('',(-2.67706513527355,-17.6207179879702,21.6000023041819));
#8482=CARTESIAN_POINT('',(-1.67706513527356,-17.6207179879702,17.5999981080289));
#8483=CARTESIAN_POINT('Origin',(-1.67706513527356,-17.6207179879731,16.5999981080289));
#8484=CARTESIAN_POINT('',(0.922934864727667,-17.6207179879702,17.5999981080289));
#8485=CARTESIAN_POINT('',(3.47293495823439,-17.6207179879702,17.5999981080289));
#8486=CARTESIAN_POINT('',(1.32293486472768,-17.6207179879702,17.9999981080289));
#8487=CARTESIAN_POINT('Origin',(0.922934864727667,-17.6207179879703,17.9999981080289));
#8488=CARTESIAN_POINT('',(1.32293486472768,-17.6207179879702,18.0999981080289));
#8489=CARTESIAN_POINT('',(1.32293486472768,-17.6207179879702,21.5999983415029));
#8490=CARTESIAN_POINT('',(2.32293486472767,-17.6207179879702,19.0999981080289));
#8491=CARTESIAN_POINT('Origin',(2.32293486472767,-17.6207179879702,18.0999981080289));
#8492=CARTESIAN_POINT('',(23.3229249138657,-17.6207179879702,19.0999981080289));
#8493=CARTESIAN_POINT('',(1.01226506285374,-17.6207179879702,19.0999981080289));
#8494=CARTESIAN_POINT('',(23.3229249138657,-17.6207179879703,11.5999997995999));
#8495=CARTESIAN_POINT('',(13.0366896190044,-17.6207179879694,16.2289758477015));
#8496=CARTESIAN_POINT('',(13.3131811985122,-17.6207179879702,16.43602798674));
#8497=CARTESIAN_POINT('Origin',(12.8936767330524,-17.6207179879702,16.7080868102677));
#8498=CARTESIAN_POINT('',(14.0091772434772,-17.6207179879694,16.2289758477048));
#8499=CARTESIAN_POINT('Origin',(13.5229334312463,-17.6207179879694,14.5999985749759));
#8500=CARTESIAN_POINT('',(13.7326856639711,-17.6207179879702,16.4360279867415));
#8501=CARTESIAN_POINT('Origin',(14.1521901294289,-17.6207179879702,16.7080868102722));
#8502=CARTESIAN_POINT('Origin',(13.5229334312421,-17.6207179879702,16.2999985749762));
#8503=CARTESIAN_POINT('',(4.50535028993741,-17.6207179879711,16.2289758477017));
#8504=CARTESIAN_POINT('',(4.78184186944529,-17.6207179879702,16.4360279867401));
#8505=CARTESIAN_POINT('Origin',(4.36233740398558,-17.6207179879702,16.7080868102679));
#8506=CARTESIAN_POINT('',(5.47783791441014,-17.6207179879711,16.2289758477046));
#8507=CARTESIAN_POINT('Origin',(4.99159410217858,-17.6207179879711,14.5999985749759));
#8508=CARTESIAN_POINT('',(5.20134633490414,-17.6207179879702,16.4360279867414));
#8509=CARTESIAN_POINT('Origin',(5.62085080036211,-17.6207179879702,16.708086810272));
#8510=CARTESIAN_POINT('Origin',(4.99159410217515,-17.6207179879702,16.2999985749762));
#8511=CARTESIAN_POINT('Origin',(23.3229249138657,-3.3207194967097,1.60000102422294));
#8512=CARTESIAN_POINT('',(23.3229249138657,-9.62072203082566,-9.99200722162641E-14));
#8513=CARTESIAN_POINT('',(23.3229249138657,-9.62072203082566,0.399999999999955));
#8514=CARTESIAN_POINT('',(23.3229249138657,-9.62072203082568,11.5999997995994));
#8515=CARTESIAN_POINT('',(23.3229249138657,-10.0207220308257,-6.46009836204935E-14));
#8516=CARTESIAN_POINT('',(23.3229249138657,0.329287326804819,-7.68721140593065E-14));
#8517=CARTESIAN_POINT('',(23.3229249138657,-10.4457211412409,-0.424999110415329));
#8518=CARTESIAN_POINT('Origin',(23.3229249138657,-3.3207194967097,1.60000102422294));
#8519=CARTESIAN_POINT('',(23.3229249138657,-15.3207109368599,19.0999981080289));
#8520=CARTESIAN_POINT('',(23.3229249138657,-15.2207152547111,19.0999981080289));
#8521=CARTESIAN_POINT('Origin',(23.3229249138661,-15.3207109368599,21.5999981080289));
#8522=CARTESIAN_POINT('',(23.322924913865,9.77927773294882,0.399999999999947));
#8523=CARTESIAN_POINT('',(23.3229249138657,9.77927773294861,14.2867260229509));
#8524=CARTESIAN_POINT('',(23.322924913865,0.329287326805601,0.399999999999947));
#8525=CARTESIAN_POINT('Origin',(10.5729350517348,-9.8207220308257,0.199999999999907));
#8526=CARTESIAN_POINT('',(-3.67705442056901,-10.0207220308257,-7.105427357601E-14));
#8527=CARTESIAN_POINT('',(10.5729350517348,-10.0207220308257,-7.105427357601E-14));
#8528=CARTESIAN_POINT('',(-3.67705442056901,-9.62072203082571,0.399999999999903));
#8529=CARTESIAN_POINT('',(19.6729250439054,-5.97072216086555,4.04999986996015));
#8530=CARTESIAN_POINT('Origin',(23.5229249138657,0.329287326804801,0.199999999999952));
#8531=CARTESIAN_POINT('',(23.722924913865,9.77927773294882,-2.6012525466967E-14));
#8532=CARTESIAN_POINT('',(23.322924913865,9.77927773294882,0.399999999999947));
#8533=CARTESIAN_POINT('',(23.7229249138657,-9.62072203082566,-9.92620839070524E-14));
#8534=CARTESIAN_POINT('',(23.7229249138657,0.329287326804801,-2.6012525466967E-14));
#8535=CARTESIAN_POINT('',(14.6979278045905,-9.62072203082568,9.02499710927499));
#8536=CARTESIAN_POINT('Origin',(9.62293505174098,-9.62072203082571,21.5999985749759));
#8537=CARTESIAN_POINT('',(10.5729350517348,-9.62072203082566,-1.05917830179015E-13));
#8538=CARTESIAN_POINT('Origin',(23.126000051543,-12.6207109368569,0.199999999999907));
#8539=CARTESIAN_POINT('',(32.1759249138656,-12.4207109368599,-7.105427357601E-14));
#8540=CARTESIAN_POINT('',(32.1759249138656,-12.4207109368599,-7.105427357601E-14));
#8541=CARTESIAN_POINT('',(23.126000051543,-12.4207109368569,-7.105427357601E-14));
#8542=CARTESIAN_POINT('Ctrl Pts',(-10.1770657111847,27.2842786285307,-4.23585385198804E-12));
#8543=CARTESIAN_POINT('Ctrl Pts',(-10.1770657111847,26.2842786285307,-4.24457046077999E-12));
#8544=CARTESIAN_POINT('Ctrl Pts',(-9.17706571118469,26.2842786285307,-4.28152220209303E-12));
#8545=CARTESIAN_POINT('Ctrl Pts',(-8.17706571118468,26.2842786285307,-4.31847394340606E-12));
#8546=CARTESIAN_POINT('Ctrl Pts',(-8.17706571118468,27.2842786285307,-4.30975733461411E-12));
#8547=CARTESIAN_POINT('Ctrl Pts',(-8.17706571118468,28.2842786285307,-4.30104072582216E-12));
#8548=CARTESIAN_POINT('Ctrl Pts',(-9.17706571118469,28.2842786285307,-4.26408898450912E-12));
#8549=CARTESIAN_POINT('Ctrl Pts',(-10.1770657111847,28.2842786285307,-4.22713724319609E-12));
#8550=CARTESIAN_POINT('Ctrl Pts',(-10.1770657111847,27.2842786285307,-4.23585385198804E-12));
#8551=CARTESIAN_POINT('Ctrl Pts',(-10.1770657111847,27.2842786285307,0.749999999995899));
#8552=CARTESIAN_POINT('Ctrl Pts',(-10.1770657111847,26.2842786285307,0.74999999999589));
#8553=CARTESIAN_POINT('Ctrl Pts',(-9.17706571118467,26.2842786285307,0.749999999995853));
#8554=CARTESIAN_POINT('Ctrl Pts',(-8.17706571118462,26.2842786285307,0.749999999995816));
#8555=CARTESIAN_POINT('Ctrl Pts',(-8.17706571118462,27.2842786285307,0.749999999995825));
#8556=CARTESIAN_POINT('Ctrl Pts',(-8.17706571118462,28.2842786285307,0.749999999995834));
#8557=CARTESIAN_POINT('Ctrl Pts',(-9.17706571118467,28.2842786285307,0.749999999995871));
#8558=CARTESIAN_POINT('Ctrl Pts',(-10.1770657111847,28.2842786285307,0.749999999995908));
#8559=CARTESIAN_POINT('Ctrl Pts',(-10.1770657111847,27.2842786285307,0.749999999995899));
#8560=CARTESIAN_POINT('Ctrl Pts',(-9.42706571118457,27.2842786285307,0.749999999995773));
#8561=CARTESIAN_POINT('Ctrl Pts',(-9.42706571118457,27.0342786285308,0.749999999995771));
#8562=CARTESIAN_POINT('Ctrl Pts',(-9.17706571118467,27.0342786285308,0.749999999995762));
#8563=CARTESIAN_POINT('Ctrl Pts',(-8.92706571118476,27.0342786285308,0.749999999995752));
#8564=CARTESIAN_POINT('Ctrl Pts',(-8.92706571118476,27.2842786285307,0.749999999995755));
#8565=CARTESIAN_POINT('Ctrl Pts',(-8.92706571118476,27.5342786285306,0.749999999995757));
#8566=CARTESIAN_POINT('Ctrl Pts',(-9.17706571118467,27.5342786285306,0.749999999995766));
#8567=CARTESIAN_POINT('Ctrl Pts',(-9.42706571118457,27.5342786285306,0.749999999995775));
#8568=CARTESIAN_POINT('Ctrl Pts',(-9.42706571118457,27.2842786285307,0.749999999995773));
#8569=CARTESIAN_POINT('',(-9.42706571118475,27.2842786285307,0.749999999995764));
#8570=CARTESIAN_POINT('Origin',(-9.17706571118475,27.2842786285307,0.749999999995764));
#8571=CARTESIAN_POINT('',(-10.1770657111847,27.2842786285307,-4.23585385198804E-12));
#8572=CARTESIAN_POINT('Origin',(-9.4270657111847,27.2842786285307,-4.23064115051034E-12));
#8573=CARTESIAN_POINT('Origin',(-9.17706571118475,27.2842786285307,-7.105427357601E-14));
#8574=CARTESIAN_POINT('Origin',(-9.17706571118475,27.2842786285307,0.749999999995764));
#8575=CARTESIAN_POINT('Ctrl Pts',(-10.1770657111847,30.2842786285307,-4.23585385198804E-12));
#8576=CARTESIAN_POINT('Ctrl Pts',(-10.1770657111847,29.2842786285307,-4.23839513656309E-12));
#8577=CARTESIAN_POINT('Ctrl Pts',(-9.1770657111847,29.2842786285307,-4.26578635431175E-12));
#8578=CARTESIAN_POINT('Ctrl Pts',(-8.17706571118469,29.2842786285307,-4.2931775720604E-12));
#8579=CARTESIAN_POINT('Ctrl Pts',(-8.17706571118469,30.2842786285307,-4.29063628748535E-12));
#8580=CARTESIAN_POINT('Ctrl Pts',(-8.17706571118469,31.2842786285307,-4.2880950029103E-12));
#8581=CARTESIAN_POINT('Ctrl Pts',(-9.1770657111847,31.2842786285307,-4.26070378516164E-12));
#8582=CARTESIAN_POINT('Ctrl Pts',(-10.1770657111847,31.2842786285307,-4.23331256741299E-12));
#8583=CARTESIAN_POINT('Ctrl Pts',(-10.1770657111847,30.2842786285307,-4.23585385198804E-12));
#8584=CARTESIAN_POINT('Ctrl Pts',(-10.1770657111847,30.2842786285307,0.749999999995876));
#8585=CARTESIAN_POINT('Ctrl Pts',(-10.1770657111847,29.2842786285307,0.749999999995874));
#8586=CARTESIAN_POINT('Ctrl Pts',(-9.17706571118467,29.2842786285307,0.749999999995846));
#8587=CARTESIAN_POINT('Ctrl Pts',(-8.17706571118464,29.2842786285307,0.749999999995819));
#8588=CARTESIAN_POINT('Ctrl Pts',(-8.17706571118464,30.2842786285307,0.749999999995822));
#8589=CARTESIAN_POINT('Ctrl Pts',(-8.17706571118464,31.2842786285307,0.749999999995824));
#8590=CARTESIAN_POINT('Ctrl Pts',(-9.17706571118467,31.2842786285307,0.749999999995851));
#8591=CARTESIAN_POINT('Ctrl Pts',(-10.1770657111847,31.2842786285307,0.749999999995879));
#8592=CARTESIAN_POINT('Ctrl Pts',(-10.1770657111847,30.2842786285307,0.749999999995876));
#8593=CARTESIAN_POINT('Ctrl Pts',(-9.4270657111846,30.2842786285307,0.749999999995769));
#8594=CARTESIAN_POINT('Ctrl Pts',(-9.4270657111846,30.0342786285308,0.749999999995768));
#8595=CARTESIAN_POINT('Ctrl Pts',(-9.17706571118467,30.0342786285308,0.749999999995762));
#8596=CARTESIAN_POINT('Ctrl Pts',(-8.92706571118475,30.0342786285308,0.749999999995755));
#8597=CARTESIAN_POINT('Ctrl Pts',(-8.92706571118475,30.2842786285307,0.749999999995755));
#8598=CARTESIAN_POINT('Ctrl Pts',(-8.92706571118475,30.5342786285306,0.749999999995756));
#8599=CARTESIAN_POINT('Ctrl Pts',(-9.17706571118467,30.5342786285306,0.749999999995763));
#8600=CARTESIAN_POINT('Ctrl Pts',(-9.4270657111846,30.5342786285306,0.74999999999577));
#8601=CARTESIAN_POINT('Ctrl Pts',(-9.4270657111846,30.2842786285307,0.749999999995769));
#8602=CARTESIAN_POINT('',(-9.42706571118475,30.2842786285307,0.749999999995764));
#8603=CARTESIAN_POINT('Origin',(-9.17706571118475,30.2842786285307,0.749999999995764));
#8604=CARTESIAN_POINT('',(-10.1770657111847,30.2842786285307,-4.23585385198804E-12));
#8605=CARTESIAN_POINT('Origin',(-9.42706571118471,30.2842786285307,-4.22908627592122E-12));
#8606=CARTESIAN_POINT('Origin',(-9.17706571118475,30.2842786285307,-7.105427357601E-14));
#8607=CARTESIAN_POINT('Origin',(-9.17706571118475,30.2842786285307,0.749999999995764));
#8608=CARTESIAN_POINT('Ctrl Pts',(-10.1770657111847,38.2842786285238,-4.23585385198804E-12));
#8609=CARTESIAN_POINT('Ctrl Pts',(-10.1770657111847,37.2842786285238,-4.23422936626036E-12));
#8610=CARTESIAN_POINT('Ctrl Pts',(-9.1770657111847,37.2842786285238,-4.25207965342409E-12));
#8611=CARTESIAN_POINT('Ctrl Pts',(-8.17706571118469,37.2842786285238,-4.26992994058782E-12));
#8612=CARTESIAN_POINT('Ctrl Pts',(-8.17706571118469,38.2842786285238,-4.2715544263155E-12));
#8613=CARTESIAN_POINT('Ctrl Pts',(-8.17706571118469,39.2842786285238,-4.27317891204317E-12));
#8614=CARTESIAN_POINT('Ctrl Pts',(-9.1770657111847,39.2842786285238,-4.25532862487945E-12));
#8615=CARTESIAN_POINT('Ctrl Pts',(-10.1770657111847,39.2842786285238,-4.23747833771572E-12));
#8616=CARTESIAN_POINT('Ctrl Pts',(-10.1770657111847,38.2842786285238,-4.23585385198804E-12));
#8617=CARTESIAN_POINT('Ctrl Pts',(-10.1770657111847,38.2842786285238,0.749999999995863));
#8618=CARTESIAN_POINT('Ctrl Pts',(-10.1770657111847,37.2842786285238,0.749999999995864));
#8619=CARTESIAN_POINT('Ctrl Pts',(-9.17706571118468,37.2842786285238,0.749999999995846));
#8620=CARTESIAN_POINT('Ctrl Pts',(-8.17706571118465,37.2842786285238,0.749999999995829));
#8621=CARTESIAN_POINT('Ctrl Pts',(-8.17706571118465,38.2842786285238,0.749999999995827));
#8622=CARTESIAN_POINT('Ctrl Pts',(-8.17706571118465,39.2842786285238,0.749999999995825));
#8623=CARTESIAN_POINT('Ctrl Pts',(-9.17706571118468,39.2842786285238,0.749999999995843));
#8624=CARTESIAN_POINT('Ctrl Pts',(-10.1770657111847,39.2842786285238,0.749999999995861));
#8625=CARTESIAN_POINT('Ctrl Pts',(-10.1770657111847,38.2842786285238,0.749999999995863));
#8626=CARTESIAN_POINT('Ctrl Pts',(-9.42706571118461,38.2842786285238,0.749999999995767));
#8627=CARTESIAN_POINT('Ctrl Pts',(-9.42706571118461,38.0342786285239,0.749999999995767));
#8628=CARTESIAN_POINT('Ctrl Pts',(-9.17706571118468,38.0342786285239,0.749999999995763));
#8629=CARTESIAN_POINT('Ctrl Pts',(-8.92706571118475,38.0342786285239,0.749999999995759));
#8630=CARTESIAN_POINT('Ctrl Pts',(-8.92706571118475,38.2842786285238,0.749999999995758));
#8631=CARTESIAN_POINT('Ctrl Pts',(-8.92706571118475,38.5342786285237,0.749999999995758));
#8632=CARTESIAN_POINT('Ctrl Pts',(-9.17706571118468,38.5342786285237,0.749999999995762));
#8633=CARTESIAN_POINT('Ctrl Pts',(-9.42706571118461,38.5342786285237,0.749999999995766));
#8634=CARTESIAN_POINT('Ctrl Pts',(-9.42706571118461,38.2842786285238,0.749999999995767));
#8635=CARTESIAN_POINT('',(-9.42706571118475,38.2842786285238,0.749999999995764));
#8636=CARTESIAN_POINT('Origin',(-9.17706571118475,38.2842786285238,0.749999999995764));
#8637=CARTESIAN_POINT('',(-10.1770657111847,38.2842786285238,-4.23585385198804E-12));
#8638=CARTESIAN_POINT('Origin',(-9.42706571118471,38.2842786285238,-4.22996206300778E-12));
#8639=CARTESIAN_POINT('Origin',(-9.17706571118475,38.2842786285238,-7.105427357601E-14));
#8640=CARTESIAN_POINT('Origin',(-9.17706571118475,38.2842786285238,0.749999999995764));
#8641=CARTESIAN_POINT('Origin',(-8.14806586771042,4.3792796637167,11.7499832145488));
#8642=CARTESIAN_POINT('',(-20.0007319450379,5.13758420944252,11.7499832145488));
#8643=CARTESIAN_POINT('',(-17.8689527511597,5.47532141208642,11.7499832145488));
#8644=CARTESIAN_POINT('Ctrl Pts',(-20.0007319450379,5.13758420944252,11.7499832145488));
#8645=CARTESIAN_POINT('Ctrl Pts',(-19.5721158774787,5.15324183688043,11.7499832145488));
#8646=CARTESIAN_POINT('Ctrl Pts',(-18.7117490352233,5.1439150822198,11.7499832145488));
#8647=CARTESIAN_POINT('Ctrl Pts',(-17.8589338784843,5.06038360862104,11.7499832145488));
#8648=CARTESIAN_POINT('Ctrl Pts',(-17.3125255289676,5.07089529046491,11.7499832145488));
#8649=CARTESIAN_POINT('Ctrl Pts',(-17.1815131721562,5.14791573485379,11.7499832145488));
#8650=CARTESIAN_POINT('Ctrl Pts',(-17.2810292219193,5.45868118336747,11.7499832145488));
#8651=CARTESIAN_POINT('Ctrl Pts',(-17.5348322684299,5.6404674707023,11.7499832145488));
#8652=CARTESIAN_POINT('Ctrl Pts',(-17.6777167279659,5.95549645772779,11.7499832145488));
#8653=CARTESIAN_POINT('Ctrl Pts',(-17.9592895380197,6.06340643060722,11.7499832145488));
#8654=CARTESIAN_POINT('Ctrl Pts',(-18.1707742901468,5.77206151932266,11.7499832145488));
#8655=CARTESIAN_POINT('Ctrl Pts',(-17.9572200736549,5.5905910648836,11.7499832145488));
#8656=CARTESIAN_POINT('Ctrl Pts',(-17.8689527511597,5.47532141208642,11.7499832145488));
#8657=CARTESIAN_POINT('',(-20.0123023986818,5.53340733051109,11.7499832145488));
#8658=CARTESIAN_POINT('Ctrl Pts',(-17.8689527511603,5.47532141207923,11.7499832145488));
#8659=CARTESIAN_POINT('Ctrl Pts',(-18.5887951924313,5.49224921995404,11.7499832145488));
#8660=CARTESIAN_POINT('Ctrl Pts',(-19.2911726277659,5.55317722314009,11.7499832145488));
#8661=CARTESIAN_POINT('Ctrl Pts',(-20.0123023986818,5.53340733051109,11.7499832145488));
#8662=CARTESIAN_POINT('Ctrl Pts',(-20.0123023986809,5.53340733051272,11.7499832145488));
#8663=CARTESIAN_POINT('Ctrl Pts',(-20.0059759648352,5.64341944515148,11.7499832145488));
#8664=CARTESIAN_POINT('Ctrl Pts',(-19.9763954320994,5.84194761334468,11.7499832145488));
#8665=CARTESIAN_POINT('Ctrl Pts',(-20.111188099426,6.04177368603739,11.7499832145488));
#8666=CARTESIAN_POINT('Ctrl Pts',(-20.311776438125,6.03477582681852,11.7499832145488));
#8667=CARTESIAN_POINT('Ctrl Pts',(-20.4199058691681,5.81464028209563,11.7499832145488));
#8668=CARTESIAN_POINT('Ctrl Pts',(-20.3389886814115,5.42311518407928,11.7499832145488));
#8669=CARTESIAN_POINT('Ctrl Pts',(-20.4425384381318,5.02438296241782,11.7499832145488));
#8670=CARTESIAN_POINT('Ctrl Pts',(-20.3221450192474,4.71370691262984,11.7499832145488));
#8671=CARTESIAN_POINT('Ctrl Pts',(-20.05846304075,4.72409728513021,11.7499832145488));
#8672=CARTESIAN_POINT('Ctrl Pts',(-19.9741402939381,4.91943705860463,11.7499832145488));
#8673=CARTESIAN_POINT('Ctrl Pts',(-19.9982765560929,5.09583170451591,11.7499832145488));
#8674=CARTESIAN_POINT('Ctrl Pts',(-20.0007319450384,5.13758420944236,11.7499832145488));
#8675=CARTESIAN_POINT('Ctrl Pts',(-20.0007319450379,5.13758420944252,11.7499832145488));
#8676=CARTESIAN_POINT('Ctrl Pts',(-20.0007319450379,5.13758420944253,12.1099832145488));
#8677=CARTESIAN_POINT('Ctrl Pts',(-19.5721158774787,5.15324183688043,11.7499832145488));
#8678=CARTESIAN_POINT('Ctrl Pts',(-19.5721158774787,5.15324183688044,12.1099832145488));
#8679=CARTESIAN_POINT('Ctrl Pts',(-18.7117490352233,5.1439150822198,11.7499832145488));
#8680=CARTESIAN_POINT('Ctrl Pts',(-18.7117490352233,5.14391508221981,12.1099832145488));
#8681=CARTESIAN_POINT('Ctrl Pts',(-17.8589338784843,5.06038360862104,11.7499832145488));
#8682=CARTESIAN_POINT('Ctrl Pts',(-17.8589338784843,5.06038360862105,12.1099832145488));
#8683=CARTESIAN_POINT('Ctrl Pts',(-17.3125255289676,5.07089529046491,11.7499832145488));
#8684=CARTESIAN_POINT('Ctrl Pts',(-17.3125255289676,5.07089529046492,12.1099832145488));
#8685=CARTESIAN_POINT('Ctrl Pts',(-17.1815131721562,5.14791573485379,11.7499832145488));
#8686=CARTESIAN_POINT('Ctrl Pts',(-17.1815131721562,5.1479157348538,12.1099832145488));
#8687=CARTESIAN_POINT('Ctrl Pts',(-17.2810292219193,5.45868118336747,11.7499832145488));
#8688=CARTESIAN_POINT('Ctrl Pts',(-17.2810292219193,5.45868118336748,12.1099832145488));
#8689=CARTESIAN_POINT('Ctrl Pts',(-17.5348322684299,5.6404674707023,11.7499832145488));
#8690=CARTESIAN_POINT('Ctrl Pts',(-17.5348322684299,5.64046747070231,12.1099832145488));
#8691=CARTESIAN_POINT('Ctrl Pts',(-17.6777167279659,5.95549645772779,11.7499832145488));
#8692=CARTESIAN_POINT('Ctrl Pts',(-17.6777167279659,5.9554964577278,12.1099832145488));
#8693=CARTESIAN_POINT('Ctrl Pts',(-17.9592895380197,6.06340643060722,11.7499832145488));
#8694=CARTESIAN_POINT('Ctrl Pts',(-17.9592895380197,6.06340643060723,12.1099832145488));
#8695=CARTESIAN_POINT('Ctrl Pts',(-18.1707742901468,5.77206151932266,11.7499832145488));
#8696=CARTESIAN_POINT('Ctrl Pts',(-18.1707742901468,5.77206151932267,12.1099832145488));
#8697=CARTESIAN_POINT('Ctrl Pts',(-17.9572200736549,5.5905910648836,11.7499832145488));
#8698=CARTESIAN_POINT('Ctrl Pts',(-17.9572200736549,5.59059106488361,12.1099832145488));
#8699=CARTESIAN_POINT('Ctrl Pts',(-17.8689527511597,5.47532141208642,11.7499832145488));
#8700=CARTESIAN_POINT('Ctrl Pts',(-17.8689527511597,5.47532141208643,12.1099832145488));
#8701=CARTESIAN_POINT('',(-20.0007319450379,5.13758420944253,12.0499832145488));
#8702=CARTESIAN_POINT('',(-20.0007319450379,5.13758420944253,12.0499832145488));
#8703=CARTESIAN_POINT('',(-17.8689527511597,5.47532141208642,12.0499832145488));
#8704=CARTESIAN_POINT('Ctrl Pts',(-17.8689527511597,5.47532141208642,12.0499832145488));
#8705=CARTESIAN_POINT('Ctrl Pts',(-17.9572200736549,5.5905910648836,12.0499832145488));
#8706=CARTESIAN_POINT('Ctrl Pts',(-18.1707742901468,5.77206151932267,12.0499832145488));
#8707=CARTESIAN_POINT('Ctrl Pts',(-17.9592895380197,6.06340643060723,12.0499832145488));
#8708=CARTESIAN_POINT('Ctrl Pts',(-17.6777167279659,5.95549645772779,12.0499832145488));
#8709=CARTESIAN_POINT('Ctrl Pts',(-17.5348322684299,5.6404674707023,12.0499832145488));
#8710=CARTESIAN_POINT('Ctrl Pts',(-17.2810292219193,5.45868118336747,12.0499832145488));
#8711=CARTESIAN_POINT('Ctrl Pts',(-17.1815131721562,5.1479157348538,12.0499832145488));
#8712=CARTESIAN_POINT('Ctrl Pts',(-17.3125255289676,5.07089529046491,12.0499832145488));
#8713=CARTESIAN_POINT('Ctrl Pts',(-17.8589338784843,5.06038360862105,12.0499832145488));
#8714=CARTESIAN_POINT('Ctrl Pts',(-18.7117490352233,5.14391508221981,12.0499832145488));
#8715=CARTESIAN_POINT('Ctrl Pts',(-19.5721158774787,5.15324183688043,12.0499832145488));
#8716=CARTESIAN_POINT('Ctrl Pts',(-20.0007319450379,5.13758420944253,12.0499832145488));
#8717=CARTESIAN_POINT('',(-17.8689527511597,5.47532141208642,12.0499832145488));
#8718=CARTESIAN_POINT('Ctrl Pts',(-17.8689527511603,5.47532141207923,11.7499832145488));
#8719=CARTESIAN_POINT('Ctrl Pts',(-17.8689527511603,5.47532141207923,12.1099832145488));
#8720=CARTESIAN_POINT('Ctrl Pts',(-18.5887951924313,5.49224921995404,11.7499832145488));
#8721=CARTESIAN_POINT('Ctrl Pts',(-18.5887951924313,5.49224921995404,12.1099832145488));
#8722=CARTESIAN_POINT('Ctrl Pts',(-19.2911726277659,5.55317722314009,11.7499832145488));
#8723=CARTESIAN_POINT('Ctrl Pts',(-19.2911726277659,5.55317722314009,12.1099832145488));
#8724=CARTESIAN_POINT('Ctrl Pts',(-20.0123023986818,5.53340733051109,11.7499832145488));
#8725=CARTESIAN_POINT('Ctrl Pts',(-20.0123023986818,5.53340733051109,12.1099832145488));
#8726=CARTESIAN_POINT('',(-20.0123023986818,5.5334073305111,12.0499832145488));
#8727=CARTESIAN_POINT('Ctrl Pts',(-20.0123023986818,5.5334073305111,12.0499832145488));
#8728=CARTESIAN_POINT('Ctrl Pts',(-19.2911726277659,5.55317722314009,12.0499832145488));
#8729=CARTESIAN_POINT('Ctrl Pts',(-18.5887951924313,5.49224921995405,12.0499832145488));
#8730=CARTESIAN_POINT('Ctrl Pts',(-17.8689527511603,5.47532141207923,12.0499832145488));
#8731=CARTESIAN_POINT('',(-20.0123023986818,5.5334073305111,12.0499832145488));
#8732=CARTESIAN_POINT('Ctrl Pts',(-20.0123023986809,5.53340733051272,11.7499832145488));
#8733=CARTESIAN_POINT('Ctrl Pts',(-20.0123023986809,5.53340733051272,12.1099832145488));
#8734=CARTESIAN_POINT('Ctrl Pts',(-20.0059759648352,5.64341944515148,11.7499832145488));
#8735=CARTESIAN_POINT('Ctrl Pts',(-20.0059759648352,5.64341944515148,12.1099832145488));
#8736=CARTESIAN_POINT('Ctrl Pts',(-19.9763954320994,5.84194761334468,11.7499832145488));
#8737=CARTESIAN_POINT('Ctrl Pts',(-19.9763954320994,5.84194761334468,12.1099832145488));
#8738=CARTESIAN_POINT('Ctrl Pts',(-20.111188099426,6.04177368603739,11.7499832145488));
#8739=CARTESIAN_POINT('Ctrl Pts',(-20.111188099426,6.04177368603739,12.1099832145488));
#8740=CARTESIAN_POINT('Ctrl Pts',(-20.311776438125,6.03477582681852,11.7499832145488));
#8741=CARTESIAN_POINT('Ctrl Pts',(-20.311776438125,6.03477582681852,12.1099832145488));
#8742=CARTESIAN_POINT('Ctrl Pts',(-20.4199058691681,5.81464028209563,11.7499832145488));
#8743=CARTESIAN_POINT('Ctrl Pts',(-20.4199058691681,5.81464028209563,12.1099832145488));
#8744=CARTESIAN_POINT('Ctrl Pts',(-20.3389886814115,5.42311518407928,11.7499832145488));
#8745=CARTESIAN_POINT('Ctrl Pts',(-20.3389886814115,5.42311518407928,12.1099832145488));
#8746=CARTESIAN_POINT('Ctrl Pts',(-20.4425384381318,5.02438296241782,11.7499832145488));
#8747=CARTESIAN_POINT('Ctrl Pts',(-20.4425384381318,5.02438296241782,12.1099832145488));
#8748=CARTESIAN_POINT('Ctrl Pts',(-20.3221450192474,4.71370691262984,11.7499832145488));
#8749=CARTESIAN_POINT('Ctrl Pts',(-20.3221450192474,4.71370691262984,12.1099832145488));
#8750=CARTESIAN_POINT('Ctrl Pts',(-20.05846304075,4.72409728513021,11.7499832145488));
#8751=CARTESIAN_POINT('Ctrl Pts',(-20.05846304075,4.72409728513021,12.1099832145488));
#8752=CARTESIAN_POINT('Ctrl Pts',(-19.9741402939381,4.91943705860463,11.7499832145488));
#8753=CARTESIAN_POINT('Ctrl Pts',(-19.9741402939381,4.91943705860463,12.1099832145488));
#8754=CARTESIAN_POINT('Ctrl Pts',(-19.9982765560929,5.09583170451591,11.7499832145488));
#8755=CARTESIAN_POINT('Ctrl Pts',(-19.9982765560929,5.09583170451591,12.1099832145488));
#8756=CARTESIAN_POINT('Ctrl Pts',(-20.0007319450384,5.13758420944236,11.7499832145488));
#8757=CARTESIAN_POINT('Ctrl Pts',(-20.0007319450384,5.13758420944236,12.1099832145488));
#8758=CARTESIAN_POINT('Ctrl Pts',(-20.0007319450384,5.13758420944236,12.0499832145488));
#8759=CARTESIAN_POINT('Ctrl Pts',(-19.9982765560929,5.09583170451591,12.0499832145488));
#8760=CARTESIAN_POINT('Ctrl Pts',(-19.9741402939381,4.91943705860463,12.0499832145488));
#8761=CARTESIAN_POINT('Ctrl Pts',(-20.05846304075,4.72409728513021,12.0499832145488));
#8762=CARTESIAN_POINT('Ctrl Pts',(-20.3221450192474,4.71370691262984,12.0499832145488));
#8763=CARTESIAN_POINT('Ctrl Pts',(-20.4425384381318,5.02438296241783,12.0499832145488));
#8764=CARTESIAN_POINT('Ctrl Pts',(-20.3389886814115,5.42311518407928,12.0499832145488));
#8765=CARTESIAN_POINT('Ctrl Pts',(-20.4199058691681,5.81464028209563,12.0499832145488));
#8766=CARTESIAN_POINT('Ctrl Pts',(-20.311776438125,6.03477582681852,12.0499832145488));
#8767=CARTESIAN_POINT('Ctrl Pts',(-20.111188099426,6.04177368603739,12.0499832145488));
#8768=CARTESIAN_POINT('Ctrl Pts',(-19.9763954320994,5.84194761334469,12.0499832145488));
#8769=CARTESIAN_POINT('Ctrl Pts',(-20.0059759648352,5.64341944515148,12.0499832145488));
#8770=CARTESIAN_POINT('Ctrl Pts',(-20.0123023986809,5.53340733051272,12.0499832145488));
#8771=CARTESIAN_POINT('Origin',(-8.14806586771042,4.3792796637167,11.7499832145488));
#8772=CARTESIAN_POINT('',(-19.3395137786866,7.46878027915983,11.7499832145488));
#8773=CARTESIAN_POINT('',(-19.4437623023987,8.31738471984865,11.7499832145488));
#8774=CARTESIAN_POINT('Ctrl Pts',(-19.3395137786866,7.46878027915983,11.7499832145488));
#8775=CARTESIAN_POINT('Ctrl Pts',(-19.2712931059453,7.26913684162033,11.7499832145488));
#8776=CARTESIAN_POINT('Ctrl Pts',(-19.1135373404025,6.8662677200375,11.7499832145488));
#8777=CARTESIAN_POINT('Ctrl Pts',(-18.5207810120622,6.52272233892562,11.7499832145488));
#8778=CARTESIAN_POINT('Ctrl Pts',(-17.9134965817068,6.79750395101388,11.7499832145488));
#8779=CARTESIAN_POINT('Ctrl Pts',(-17.5064065526552,7.23625702418139,11.7499832145488));
#8780=CARTESIAN_POINT('Ctrl Pts',(-17.2968625461316,7.80536630579013,11.7499832145488));
#8781=CARTESIAN_POINT('Ctrl Pts',(-17.2305046164266,8.26510759192384,11.7499832145488));
#8782=CARTESIAN_POINT('Ctrl Pts',(-17.2931944796219,8.59870291056177,11.7499832145488));
#8783=CARTESIAN_POINT('Ctrl Pts',(-17.4858689922696,8.69094489876013,11.7499832145488));
#8784=CARTESIAN_POINT('Ctrl Pts',(-17.6771782242138,8.68001658782208,11.7499832145488));
#8785=CARTESIAN_POINT('Ctrl Pts',(-18.1597498793417,8.63199384630908,11.7499832145488));
#8786=CARTESIAN_POINT('Ctrl Pts',(-18.7514776488701,8.70029130946113,11.7499832145488));
#8787=CARTESIAN_POINT('Ctrl Pts',(-19.4745179212922,8.74036833428728,11.7499832145488));
#8788=CARTESIAN_POINT('Ctrl Pts',(-19.9402930881228,8.67934111339481,11.7499832145488));
#8789=CARTESIAN_POINT('Ctrl Pts',(-20.4065016797665,8.74130765130986,11.7499832145488));
#8790=CARTESIAN_POINT('Ctrl Pts',(-20.4808075615208,8.40863865758516,11.7499832145488));
#8791=CARTESIAN_POINT('Ctrl Pts',(-20.2902249934891,8.27056288064839,11.7499832145488));
#8792=CARTESIAN_POINT('Ctrl Pts',(-20.0731057082266,8.29136208034425,11.7499832145488));
#8793=CARTESIAN_POINT('Ctrl Pts',(-19.7955484180686,8.30325567238981,11.7499832145488));
#8794=CARTESIAN_POINT('Ctrl Pts',(-19.5840946505551,8.31317570716924,11.7499832145488));
#8795=CARTESIAN_POINT('Ctrl Pts',(-19.4437623023987,8.31738471984865,11.7499832145488));
#8796=CARTESIAN_POINT('Ctrl Pts',(-19.4437623023989,8.31738471984866,11.7499832145488));
#8797=CARTESIAN_POINT('Ctrl Pts',(-19.5431483359315,8.04193233604197,11.7499832145488));
#8798=CARTESIAN_POINT('Ctrl Pts',(-19.6956677444692,7.62622209208258,11.7499832145488));
#8799=CARTESIAN_POINT('Ctrl Pts',(-20.0443234905811,7.14882766667413,11.7499832145488));
#8800=CARTESIAN_POINT('Ctrl Pts',(-20.2719957038363,6.91372200544754,11.7499832145488));
#8801=CARTESIAN_POINT('Ctrl Pts',(-20.4108816741427,6.73290785239057,11.7499832145488));
#8802=CARTESIAN_POINT('Ctrl Pts',(-20.4022330571272,6.56965258263683,11.7499832145488));
#8803=CARTESIAN_POINT('Ctrl Pts',(-20.2247545138768,6.42655864649281,11.7499832145488));
#8804=CARTESIAN_POINT('Ctrl Pts',(-20.0074804381929,6.54897118782657,11.7499832145488));
#8805=CARTESIAN_POINT('Ctrl Pts',(-19.7947029331304,6.761894807896,11.7499832145488));
#8806=CARTESIAN_POINT('Ctrl Pts',(-19.5690994879408,7.0764185869358,11.7499832145488));
#8807=CARTESIAN_POINT('Ctrl Pts',(-19.4164294971283,7.33750255628716,11.7499832145488));
#8808=CARTESIAN_POINT('Ctrl Pts',(-19.3395137786861,7.46878027915946,11.7499832145488));
#8809=CARTESIAN_POINT('',(-18.9931690692956,8.30654501872074,11.7499832145488));
#8810=CARTESIAN_POINT('',(-17.694171667099,8.27004969120117,11.7499832145488));
#8811=CARTESIAN_POINT('Ctrl Pts',(-18.9931690692897,8.30654501916237,11.7499832145488));
#8812=CARTESIAN_POINT('Ctrl Pts',(-18.5457834849003,8.25787293526272,11.7499832145488));
#8813=CARTESIAN_POINT('Ctrl Pts',(-18.1404032318299,8.23487436656489,11.7499832145488));
#8814=CARTESIAN_POINT('Ctrl Pts',(-17.694171667099,8.27004969120117,11.7499832145488));
#8815=CARTESIAN_POINT('Ctrl Pts',(-17.6941716670989,8.27004969120044,11.7499832145488));
#8816=CARTESIAN_POINT('Ctrl Pts',(-17.7084990574466,7.99867566824061,11.7499832145488));
#8817=CARTESIAN_POINT('Ctrl Pts',(-17.769263105536,7.4983320239505,11.7499832145488));
#8818=CARTESIAN_POINT('Ctrl Pts',(-18.3294974543045,6.93852550537466,11.7499832145488));
#8819=CARTESIAN_POINT('Ctrl Pts',(-18.6650202253233,7.09605376684087,11.7499832145488));
#8820=CARTESIAN_POINT('Ctrl Pts',(-19.015742192822,7.47771177396537,11.7499832145488));
#8821=CARTESIAN_POINT('Ctrl Pts',(-18.9980528387087,7.93547392296315,11.7499832145488));
#8822=CARTESIAN_POINT('Ctrl Pts',(-18.9931690693073,8.30654501783749,11.7499832145488));
#8823=CARTESIAN_POINT('Ctrl Pts',(-19.3395137786866,7.46878027915983,11.7499832145488));
#8824=CARTESIAN_POINT('Ctrl Pts',(-19.3395137786866,7.46878027915984,12.1099832145489));
#8825=CARTESIAN_POINT('Ctrl Pts',(-19.2712931059453,7.26913684162033,11.7499832145488));
#8826=CARTESIAN_POINT('Ctrl Pts',(-19.2712931059453,7.26913684162034,12.1099832145489));
#8827=CARTESIAN_POINT('Ctrl Pts',(-19.1135373404025,6.8662677200375,11.7499832145488));
#8828=CARTESIAN_POINT('Ctrl Pts',(-19.1135373404025,6.86626772003751,12.1099832145489));
#8829=CARTESIAN_POINT('Ctrl Pts',(-18.5207810120622,6.52272233892562,11.7499832145488));
#8830=CARTESIAN_POINT('Ctrl Pts',(-18.5207810120622,6.52272233892563,12.1099832145489));
#8831=CARTESIAN_POINT('Ctrl Pts',(-17.9134965817068,6.79750395101388,11.7499832145488));
#8832=CARTESIAN_POINT('Ctrl Pts',(-17.9134965817068,6.79750395101389,12.1099832145489));
#8833=CARTESIAN_POINT('Ctrl Pts',(-17.5064065526552,7.23625702418139,11.7499832145488));
#8834=CARTESIAN_POINT('Ctrl Pts',(-17.5064065526552,7.2362570241814,12.1099832145489));
#8835=CARTESIAN_POINT('Ctrl Pts',(-17.2968625461316,7.80536630579013,11.7499832145488));
#8836=CARTESIAN_POINT('Ctrl Pts',(-17.2968625461316,7.80536630579014,12.1099832145489));
#8837=CARTESIAN_POINT('Ctrl Pts',(-17.2305046164266,8.26510759192384,11.7499832145488));
#8838=CARTESIAN_POINT('Ctrl Pts',(-17.2305046164266,8.26510759192385,12.1099832145489));
#8839=CARTESIAN_POINT('Ctrl Pts',(-17.2931944796219,8.59870291056177,11.7499832145488));
#8840=CARTESIAN_POINT('Ctrl Pts',(-17.2931944796219,8.59870291056178,12.1099832145489));
#8841=CARTESIAN_POINT('Ctrl Pts',(-17.4858689922696,8.69094489876013,11.7499832145488));
#8842=CARTESIAN_POINT('Ctrl Pts',(-17.4858689922696,8.69094489876014,12.1099832145489));
#8843=CARTESIAN_POINT('Ctrl Pts',(-17.6771782242138,8.68001658782208,11.7499832145488));
#8844=CARTESIAN_POINT('Ctrl Pts',(-17.6771782242138,8.68001658782209,12.1099832145489));
#8845=CARTESIAN_POINT('Ctrl Pts',(-18.1597498793417,8.63199384630908,11.7499832145488));
#8846=CARTESIAN_POINT('Ctrl Pts',(-18.1597498793417,8.63199384630909,12.1099832145489));
#8847=CARTESIAN_POINT('Ctrl Pts',(-18.7514776488701,8.70029130946113,11.7499832145488));
#8848=CARTESIAN_POINT('Ctrl Pts',(-18.7514776488701,8.70029130946114,12.1099832145489));
#8849=CARTESIAN_POINT('Ctrl Pts',(-19.4745179212922,8.74036833428728,11.7499832145488));
#8850=CARTESIAN_POINT('Ctrl Pts',(-19.4745179212922,8.74036833428729,12.1099832145489));
#8851=CARTESIAN_POINT('Ctrl Pts',(-19.9402930881228,8.67934111339481,11.7499832145488));
#8852=CARTESIAN_POINT('Ctrl Pts',(-19.9402930881228,8.67934111339482,12.1099832145489));
#8853=CARTESIAN_POINT('Ctrl Pts',(-20.4065016797665,8.74130765130986,11.7499832145488));
#8854=CARTESIAN_POINT('Ctrl Pts',(-20.4065016797665,8.74130765130987,12.1099832145489));
#8855=CARTESIAN_POINT('Ctrl Pts',(-20.4808075615208,8.40863865758516,11.7499832145488));
#8856=CARTESIAN_POINT('Ctrl Pts',(-20.4808075615208,8.40863865758517,12.1099832145489));
#8857=CARTESIAN_POINT('Ctrl Pts',(-20.2902249934891,8.27056288064839,11.7499832145488));
#8858=CARTESIAN_POINT('Ctrl Pts',(-20.2902249934891,8.2705628806484,12.1099832145489));
#8859=CARTESIAN_POINT('Ctrl Pts',(-20.0731057082266,8.29136208034425,11.7499832145488));
#8860=CARTESIAN_POINT('Ctrl Pts',(-20.0731057082266,8.29136208034426,12.1099832145489));
#8861=CARTESIAN_POINT('Ctrl Pts',(-19.7955484180686,8.30325567238981,11.7499832145488));
#8862=CARTESIAN_POINT('Ctrl Pts',(-19.7955484180686,8.30325567238982,12.1099832145489));
#8863=CARTESIAN_POINT('Ctrl Pts',(-19.5840946505551,8.31317570716924,11.7499832145488));
#8864=CARTESIAN_POINT('Ctrl Pts',(-19.5840946505551,8.31317570716925,12.1099832145489));
#8865=CARTESIAN_POINT('Ctrl Pts',(-19.4437623023987,8.31738471984865,11.7499832145488));
#8866=CARTESIAN_POINT('Ctrl Pts',(-19.4437623023987,8.31738471984866,12.1099832145489));
#8867=CARTESIAN_POINT('',(-19.3395137786866,7.46878027915984,12.0499832145488));
#8868=CARTESIAN_POINT('',(-19.3395137786866,7.46878027915984,12.0499832145488));
#8869=CARTESIAN_POINT('',(-19.4437623023987,8.31738471984865,12.0499832145488));
#8870=CARTESIAN_POINT('Ctrl Pts',(-19.4437623023987,8.31738471984865,12.0499832145488));
#8871=CARTESIAN_POINT('Ctrl Pts',(-19.5840946505551,8.31317570716925,12.0499832145488));
#8872=CARTESIAN_POINT('Ctrl Pts',(-19.7955484180686,8.30325567238982,12.0499832145488));
#8873=CARTESIAN_POINT('Ctrl Pts',(-20.0731057082266,8.29136208034425,12.0499832145488));
#8874=CARTESIAN_POINT('Ctrl Pts',(-20.2902249934891,8.27056288064839,12.0499832145488));
#8875=CARTESIAN_POINT('Ctrl Pts',(-20.4808075615208,8.40863865758516,12.0499832145488));
#8876=CARTESIAN_POINT('Ctrl Pts',(-20.4065016797665,8.74130765130987,12.0499832145488));
#8877=CARTESIAN_POINT('Ctrl Pts',(-19.9402930881228,8.67934111339481,12.0499832145488));
#8878=CARTESIAN_POINT('Ctrl Pts',(-19.4745179212922,8.74036833428728,12.0499832145488));
#8879=CARTESIAN_POINT('Ctrl Pts',(-18.7514776488701,8.70029130946114,12.0499832145488));
#8880=CARTESIAN_POINT('Ctrl Pts',(-18.1597498793417,8.63199384630909,12.0499832145488));
#8881=CARTESIAN_POINT('Ctrl Pts',(-17.6771782242138,8.68001658782209,12.0499832145488));
#8882=CARTESIAN_POINT('Ctrl Pts',(-17.4858689922696,8.69094489876014,12.0499832145488));
#8883=CARTESIAN_POINT('Ctrl Pts',(-17.2931944796219,8.59870291056177,12.0499832145488));
#8884=CARTESIAN_POINT('Ctrl Pts',(-17.2305046164266,8.26510759192385,12.0499832145488));
#8885=CARTESIAN_POINT('Ctrl Pts',(-17.2968625461316,7.80536630579013,12.0499832145488));
#8886=CARTESIAN_POINT('Ctrl Pts',(-17.5064065526552,7.2362570241814,12.0499832145488));
#8887=CARTESIAN_POINT('Ctrl Pts',(-17.9134965817068,6.79750395101389,12.0499832145488));
#8888=CARTESIAN_POINT('Ctrl Pts',(-18.5207810120622,6.52272233892563,12.0499832145488));
#8889=CARTESIAN_POINT('Ctrl Pts',(-19.1135373404025,6.86626772003751,12.0499832145488));
#8890=CARTESIAN_POINT('Ctrl Pts',(-19.2712931059453,7.26913684162033,12.0499832145488));
#8891=CARTESIAN_POINT('Ctrl Pts',(-19.3395137786866,7.46878027915984,12.0499832145488));
#8892=CARTESIAN_POINT('',(-19.4437623023987,8.31738471984865,12.0499832145488));
#8893=CARTESIAN_POINT('Ctrl Pts',(-19.4437623023989,8.31738471984866,11.7499832145488));
#8894=CARTESIAN_POINT('Ctrl Pts',(-19.4437623023989,8.31738471984866,12.1099832145488));
#8895=CARTESIAN_POINT('Ctrl Pts',(-19.5431483359315,8.04193233604197,11.7499832145488));
#8896=CARTESIAN_POINT('Ctrl Pts',(-19.5431483359315,8.04193233604197,12.1099832145488));
#8897=CARTESIAN_POINT('Ctrl Pts',(-19.6956677444692,7.62622209208258,11.7499832145488));
#8898=CARTESIAN_POINT('Ctrl Pts',(-19.6956677444692,7.62622209208258,12.1099832145488));
#8899=CARTESIAN_POINT('Ctrl Pts',(-20.0443234905811,7.14882766667413,11.7499832145488));
#8900=CARTESIAN_POINT('Ctrl Pts',(-20.0443234905811,7.14882766667413,12.1099832145488));
#8901=CARTESIAN_POINT('Ctrl Pts',(-20.2719957038363,6.91372200544754,11.7499832145488));
#8902=CARTESIAN_POINT('Ctrl Pts',(-20.2719957038363,6.91372200544754,12.1099832145488));
#8903=CARTESIAN_POINT('Ctrl Pts',(-20.4108816741427,6.73290785239057,11.7499832145488));
#8904=CARTESIAN_POINT('Ctrl Pts',(-20.4108816741427,6.73290785239057,12.1099832145488));
#8905=CARTESIAN_POINT('Ctrl Pts',(-20.4022330571272,6.56965258263683,11.7499832145488));
#8906=CARTESIAN_POINT('Ctrl Pts',(-20.4022330571272,6.56965258263683,12.1099832145488));
#8907=CARTESIAN_POINT('Ctrl Pts',(-20.2247545138768,6.42655864649281,11.7499832145488));
#8908=CARTESIAN_POINT('Ctrl Pts',(-20.2247545138768,6.42655864649281,12.1099832145488));
#8909=CARTESIAN_POINT('Ctrl Pts',(-20.0074804381929,6.54897118782657,11.7499832145488));
#8910=CARTESIAN_POINT('Ctrl Pts',(-20.0074804381929,6.54897118782657,12.1099832145488));
#8911=CARTESIAN_POINT('Ctrl Pts',(-19.7947029331304,6.761894807896,11.7499832145488));
#8912=CARTESIAN_POINT('Ctrl Pts',(-19.7947029331304,6.761894807896,12.1099832145488));
#8913=CARTESIAN_POINT('Ctrl Pts',(-19.5690994879408,7.0764185869358,11.7499832145488));
#8914=CARTESIAN_POINT('Ctrl Pts',(-19.5690994879408,7.0764185869358,12.1099832145488));
#8915=CARTESIAN_POINT('Ctrl Pts',(-19.4164294971283,7.33750255628716,11.7499832145488));
#8916=CARTESIAN_POINT('Ctrl Pts',(-19.4164294971283,7.33750255628716,12.1099832145488));
#8917=CARTESIAN_POINT('Ctrl Pts',(-19.3395137786861,7.46878027915946,11.7499832145488));
#8918=CARTESIAN_POINT('Ctrl Pts',(-19.3395137786861,7.46878027915946,12.1099832145488));
#8919=CARTESIAN_POINT('Ctrl Pts',(-19.3395137786861,7.46878027915947,12.0499832145488));
#8920=CARTESIAN_POINT('Ctrl Pts',(-19.4164294971283,7.33750255628717,12.0499832145488));
#8921=CARTESIAN_POINT('Ctrl Pts',(-19.5690994879408,7.07641858693581,12.0499832145488));
#8922=CARTESIAN_POINT('Ctrl Pts',(-19.7947029331304,6.76189480789601,12.0499832145488));
#8923=CARTESIAN_POINT('Ctrl Pts',(-20.0074804381929,6.54897118782657,12.0499832145488));
#8924=CARTESIAN_POINT('Ctrl Pts',(-20.2247545138768,6.42655864649282,12.0499832145488));
#8925=CARTESIAN_POINT('Ctrl Pts',(-20.4022330571272,6.56965258263683,12.0499832145488));
#8926=CARTESIAN_POINT('Ctrl Pts',(-20.4108816741427,6.73290785239057,12.0499832145488));
#8927=CARTESIAN_POINT('Ctrl Pts',(-20.2719957038363,6.91372200544754,12.0499832145488));
#8928=CARTESIAN_POINT('Ctrl Pts',(-20.0443234905811,7.14882766667414,12.0499832145488));
#8929=CARTESIAN_POINT('Ctrl Pts',(-19.6956677444692,7.62622209208258,12.0499832145488));
#8930=CARTESIAN_POINT('Ctrl Pts',(-19.5431483359315,8.04193233604198,12.0499832145488));
#8931=CARTESIAN_POINT('Ctrl Pts',(-19.4437623023989,8.31738471984866,12.0499832145488));
#8932=CARTESIAN_POINT('Ctrl Pts',(-18.9931690692897,8.30654501916237,11.7499832145488));
#8933=CARTESIAN_POINT('Ctrl Pts',(-18.9931690692897,8.30654501916237,12.1099832145488));
#8934=CARTESIAN_POINT('Ctrl Pts',(-18.5457834849003,8.25787293526272,11.7499832145488));
#8935=CARTESIAN_POINT('Ctrl Pts',(-18.5457834849003,8.25787293526272,12.1099832145488));
#8936=CARTESIAN_POINT('Ctrl Pts',(-18.1404032318299,8.23487436656489,11.7499832145488));
#8937=CARTESIAN_POINT('Ctrl Pts',(-18.1404032318299,8.23487436656489,12.1099832145488));
#8938=CARTESIAN_POINT('Ctrl Pts',(-17.694171667099,8.27004969120117,11.7499832145488));
#8939=CARTESIAN_POINT('Ctrl Pts',(-17.694171667099,8.27004969120117,12.1099832145488));
#8940=CARTESIAN_POINT('',(-18.9931690692956,8.30654501872074,12.0499832145488));
#8941=CARTESIAN_POINT('',(-18.9931690692897,8.30654501916237,12.0499832145488));
#8942=CARTESIAN_POINT('',(-17.694171667099,8.27004969120117,12.0499832145488));
#8943=CARTESIAN_POINT('Ctrl Pts',(-17.694171667099,8.27004969120117,12.0499832145488));
#8944=CARTESIAN_POINT('Ctrl Pts',(-18.1404032318299,8.23487436656489,12.0499832145488));
#8945=CARTESIAN_POINT('Ctrl Pts',(-18.5457834849003,8.25787293526272,12.0499832145488));
#8946=CARTESIAN_POINT('Ctrl Pts',(-18.9931690692897,8.30654501916237,12.0499832145488));
#8947=CARTESIAN_POINT('',(-17.694171667099,8.27004969120117,12.0499832145488));
#8948=CARTESIAN_POINT('Ctrl Pts',(-17.6941716670989,8.27004969120044,11.7499832145488));
#8949=CARTESIAN_POINT('Ctrl Pts',(-17.6941716670989,8.27004969120044,12.1099832145488));
#8950=CARTESIAN_POINT('Ctrl Pts',(-17.7084990574466,7.99867566824061,11.7499832145488));
#8951=CARTESIAN_POINT('Ctrl Pts',(-17.7084990574466,7.99867566824061,12.1099832145488));
#8952=CARTESIAN_POINT('Ctrl Pts',(-17.769263105536,7.4983320239505,11.7499832145488));
#8953=CARTESIAN_POINT('Ctrl Pts',(-17.769263105536,7.4983320239505,12.1099832145488));
#8954=CARTESIAN_POINT('Ctrl Pts',(-18.3294974543045,6.93852550537466,11.7499832145488));
#8955=CARTESIAN_POINT('Ctrl Pts',(-18.3294974543045,6.93852550537466,12.1099832145488));
#8956=CARTESIAN_POINT('Ctrl Pts',(-18.6650202253233,7.09605376684087,11.7499832145488));
#8957=CARTESIAN_POINT('Ctrl Pts',(-18.6650202253233,7.09605376684087,12.1099832145488));
#8958=CARTESIAN_POINT('Ctrl Pts',(-19.015742192822,7.47771177396537,11.7499832145488));
#8959=CARTESIAN_POINT('Ctrl Pts',(-19.015742192822,7.47771177396537,12.1099832145488));
#8960=CARTESIAN_POINT('Ctrl Pts',(-18.9980528387087,7.93547392296315,11.7499832145488));
#8961=CARTESIAN_POINT('Ctrl Pts',(-18.9980528387087,7.93547392296315,12.1099832145488));
#8962=CARTESIAN_POINT('Ctrl Pts',(-18.9931690693073,8.30654501783749,11.7499832145488));
#8963=CARTESIAN_POINT('Ctrl Pts',(-18.9931690693073,8.30654501783749,12.1099832145488));
#8964=CARTESIAN_POINT('Ctrl Pts',(-18.9931690693073,8.30654501783749,12.0499832145488));
#8965=CARTESIAN_POINT('Ctrl Pts',(-18.9980528387087,7.93547392296315,12.0499832145488));
#8966=CARTESIAN_POINT('Ctrl Pts',(-19.015742192822,7.47771177396538,12.0499832145488));
#8967=CARTESIAN_POINT('Ctrl Pts',(-18.6650202253233,7.09605376684087,12.0499832145488));
#8968=CARTESIAN_POINT('Ctrl Pts',(-18.3294974543045,6.93852550537466,12.0499832145488));
#8969=CARTESIAN_POINT('Ctrl Pts',(-17.769263105536,7.49833202395051,12.0499832145488));
#8970=CARTESIAN_POINT('Ctrl Pts',(-17.7084990574466,7.99867566824061,12.0499832145488));
#8971=CARTESIAN_POINT('Ctrl Pts',(-17.6941716670989,8.27004969120044,12.0499832145488));
#8972=CARTESIAN_POINT('Origin',(-8.14806586771042,4.3792796637167,12.0499832145488));
#8973=CARTESIAN_POINT('Origin',(-26.3760650513522,-13.0207090339812,0.199999999999928));
#8974=CARTESIAN_POINT('',(-28.6760650513522,-13.0207090339812,0.400000000000017));
#8975=CARTESIAN_POINT('Origin',(-26.3760650513522,-13.0207090339812,0.400000000000017));
#8976=CARTESIAN_POINT('',(-29.0760650513522,-13.0207090339812,-1.62140751889539E-13));
#8977=CARTESIAN_POINT('',(-28.8760650513522,-13.0207090339812,0.199999999999928));
#8978=CARTESIAN_POINT('Origin',(-26.3760650513522,-13.0207090339812,-1.6077417175353E-13));
#8979=CARTESIAN_POINT('Origin',(11.5229350517287,-6.42070584968069,-7.105427357601E-14));
#8980=CARTESIAN_POINT('',(32.1759249138657,-18.220710936857,-7.105427357601E-14));
#8981=CARTESIAN_POINT('Origin',(32.1759249138657,-15.3207109368599,-7.105427357601E-14));
#8982=CARTESIAN_POINT('',(33.3760650513577,-18.220710936857,-7.105427357601E-14));
#8983=CARTESIAN_POINT('',(21.8760000515431,-18.220710936857,-7.105427357601E-14));
#8984=CARTESIAN_POINT('',(33.9760650513577,-18.820710936857,-7.105427357601E-14));
#8985=CARTESIAN_POINT('Origin',(33.3760650513577,-18.820710936857,-7.105427357601E-14));
#8986=CARTESIAN_POINT('',(33.9760650513577,-19.2204349019504,-7.105427357601E-14));
#8987=CARTESIAN_POINT('',(33.9760650513575,-13.0705755024139,-7.105427357601E-14));
#8988=CARTESIAN_POINT('',(33.3760650513577,-19.8204349019504,-1.10134124042816E-12));
#8989=CARTESIAN_POINT('Origin',(33.3760650513577,-19.2204349019504,-7.105427357601E-14));
#8990=CARTESIAN_POINT('',(20.9243293434646,-19.8204349019504,-1.10134124042816E-12));
#8991=CARTESIAN_POINT('',(9.1860338570926,-19.8204349019504,-1.11910480882216E-12));
#8992=CARTESIAN_POINT('',(20.9243293434652,-23.209748277959,-1.10134124042816E-12));
#8993=CARTESIAN_POINT('',(20.9243293434638,-15.7950155735782,-7.105427357601E-14));
#8994=CARTESIAN_POINT('',(21.3500727442052,-23.620429267346,-1.10134124042816E-12));
#8995=CARTESIAN_POINT('Ctrl Pts',(20.9243293434662,-23.2097482779578,-7.105427357601E-14));
#8996=CARTESIAN_POINT('Ctrl Pts',(21.1353424019591,-23.4131619619803,-8.88178419700125E-14));
#8997=CARTESIAN_POINT('Ctrl Pts',(21.3500727442044,-23.6204292673467,-8.88178419700125E-14));
#8998=CARTESIAN_POINT('',(21.350072744206,-27.6207090233537,-1.10134124042816E-12));
#8999=CARTESIAN_POINT('',(21.350072744206,-28.0207027820129,-1.10134124042816E-12));
#9000=CARTESIAN_POINT('',(-29.5760648674492,-27.6207090233635,-1.11910480882216E-12));
#9001=CARTESIAN_POINT('',(6.0731611579392,-27.6207090233567,-1.11910480882216E-12));
#9002=CARTESIAN_POINT('',(-29.576064867449,-28.3378674350113,-1.11910480882216E-12));
#9003=CARTESIAN_POINT('',(-29.5760648674508,-19.2207079985869,-1.11910480882216E-12));
#9004=CARTESIAN_POINT('',(-30.0973852110086,-28.8591877785711,-1.11910480882216E-12));
#9005=CARTESIAN_POINT('',(-15.2427351694445,-14.0045377370012,-1.11910480882216E-12));
#9006=CARTESIAN_POINT('',(-31.9358628420935,-29.6207101474864,-1.11910480882216E-12));
#9007=CARTESIAN_POINT('Origin',(-31.935862842094,-27.0207101474864,-1.11910480882216E-12));
#9008=CARTESIAN_POINT('',(-33.3760650513482,-29.6207101474867,-1.13730031718626E-12));
#9009=CARTESIAN_POINT('',(2.57343493653514,-29.6207101474797,-1.11910480882216E-12));
#9010=CARTESIAN_POINT('',(-33.9760650513483,-29.020710147487,-3.35591037911469E-13));
#9011=CARTESIAN_POINT('Origin',(-33.3760650513483,-29.0207101474867,-3.35287353436797E-13));
#9012=CARTESIAN_POINT('',(-33.9760650513612,21.9484725801363,2.09107909594147E-13));
#9013=CARTESIAN_POINT('',(-33.9760650513533,-9.92071162660077,-1.31492039479042E-13));
#9014=CARTESIAN_POINT('',(-33.6489529837371,24.4331354131182,2.35856782602941E-13));
#9015=CARTESIAN_POINT('Origin',(-24.3760650513608,21.9484725801387,2.13995487996499E-13));
#9016=CARTESIAN_POINT('',(-27.6149184278585,46.9524589503293,4.79541603934349E-13));
#9017=CARTESIAN_POINT('',(-34.1839569764784,22.4364733299513,2.14203654813616E-13));
#9018=CARTESIAN_POINT('',(-24.1375854532175,49.6207103879616,-1.49358912689951E-11));
#9019=CARTESIAN_POINT('Origin',(-24.1375854532175,46.0207103879618,4.71359062892418E-13));
#9020=CARTESIAN_POINT('',(-10.3770657111856,49.6207103879616,-6.74472422357297E-12));
#9021=CARTESIAN_POINT('',(19.4345850036254,49.6207103879616,1.10009917841936E-11));
#9022=CARTESIAN_POINT('',(-6.7770657111856,46.0207103879616,-4.53318047564827E-12));
#9023=CARTESIAN_POINT('Origin',(-10.3770657111856,46.0207103879616,-6.67611799176626E-12));
#9024=CARTESIAN_POINT('',(-6.77706571118033,-1.82071913759212,-7.74005384573611E-14));
#9025=CARTESIAN_POINT('',(-6.77706571118568,3.92027598485529,-4.11200616295706E-12));
#9026=CARTESIAN_POINT('',(-5.07705442057074,-1.82071913759212,-7.105427357601E-14));
#9027=CARTESIAN_POINT('',(5.76147098208737,-1.8207191375915,-7.105427357601E-14));
#9028=CARTESIAN_POINT('',(-4.4770544205707,-2.42071913759191,-7.105427357601E-14));
#9029=CARTESIAN_POINT('Origin',(-5.07705442057071,-2.42071913759211,-7.105427357601E-14));
#9030=CARTESIAN_POINT('',(-4.47705442056901,-9.22072203082591,-7.105427357601E-14));
#9031=CARTESIAN_POINT('',(-4.47705442056971,-6.42071067291751,-7.105427357601E-14));
#9032=CARTESIAN_POINT('Origin',(-3.67705442056901,-9.2207220308257,-7.105427357601E-14));
#9033=CARTESIAN_POINT('',(24.3229249138648,10.3792777329488,-2.6012525466967E-14));
#9034=CARTESIAN_POINT('Origin',(24.322924913865,9.77927773294882,-2.6012525466967E-14));
#9035=CARTESIAN_POINT('',(33.3760650513561,10.379277732951,-2.6012525466967E-14));
#9036=CARTESIAN_POINT('',(8.87293505172415,10.3792777329449,-4.37760938609695E-14));
#9037=CARTESIAN_POINT('',(33.9760650513563,9.77927773295114,-2.6012525466967E-14));
#9038=CARTESIAN_POINT('Origin',(33.3760650513563,9.77927773295103,-2.6012525466967E-14));
#9039=CARTESIAN_POINT('',(33.9760650513568,-4.6705755024126,-4.37760938609695E-14));
#9040=CARTESIAN_POINT('',(-6.07606505135223,-20.0207091067215,-2.25284686415094E-13));
#9041=CARTESIAN_POINT('Origin',(-3.37606505135223,-20.0207091067215,-2.23918106279086E-13));
#9042=CARTESIAN_POINT('',(-11.6783412334149,41.9842786285238,4.34536471171609E-13));
#9043=CARTESIAN_POINT('',(-11.6783412334149,34.5842786285238,3.5543650645757E-13));
#9044=CARTESIAN_POINT('',(-11.6783412334149,17.3817863894216,1.71598846243626E-13));
#9045=CARTESIAN_POINT('',(-17.4583412334149,41.9842786285238,4.31625692856643E-13));
#9046=CARTESIAN_POINT('',(-2.97870309084309,41.9842786285238,4.38954428361171E-13));
#9047=CARTESIAN_POINT('',(-17.4583412334149,34.5842786285238,3.52484667548475E-13));
#9048=CARTESIAN_POINT('',(-17.4583412334149,14.0817863894216,1.33365540833097E-13));
#9049=CARTESIAN_POINT('',(-0.48870309084311,34.5842786285238,3.61100038759332E-13));
#9050=CARTESIAN_POINT('',(-23.8793862835443,28.7842786285309,2.87248146046006E-13));
#9051=CARTESIAN_POINT('Origin',(-21.7793862835443,28.7842786285309,2.88311041707345E-13));
#9052=CARTESIAN_POINT('',(-32.5260650513812,-2.84432714150275,-8.88178419700125E-14));
#9053=CARTESIAN_POINT('',(-29.2760650513823,-0.967938766637042,-8.88178419700125E-14));
#9054=CARTESIAN_POINT('',(-15.2569987164243,7.12597295563817,-7.105427357601E-14));
#9055=CARTESIAN_POINT('',(-32.5260650513812,-6.59710389123655,-8.88178419700125E-14));
#9056=CARTESIAN_POINT('',(-32.5260650513812,-4.74798654943025,-8.88178419700125E-14));
#9057=CARTESIAN_POINT('',(-29.2760650513812,-8.47349226610285,-8.88178419700125E-14));
#9058=CARTESIAN_POINT('',(-15.9458813090063,-16.1696774381101,-8.88178419700125E-14));
#9059=CARTESIAN_POINT('',(-26.0260650513812,-6.59710389123654,-8.88178419700125E-14));
#9060=CARTESIAN_POINT('',(-13.4319987164238,0.67408369744328,-7.105427357601E-14));
#9061=CARTESIAN_POINT('',(-26.0260650513812,-2.84432714150393,-8.88178419700125E-14));
#9062=CARTESIAN_POINT('',(-26.0260650513812,-6.39343481662063,-8.88178419700125E-14));
#9063=CARTESIAN_POINT('',(-11.2708813090063,-11.3632364471064,-8.88178419700125E-14));
#9064=CARTESIAN_POINT('',(-8.67706494828119,-13.8207120609781,-8.88178419700125E-14));
#9065=CARTESIAN_POINT('',(-8.67706494828119,-18.0207090233612,-8.88178419700125E-14));
#9066=CARTESIAN_POINT('',(-8.67706494828119,-11.1207089553296,-8.88178419700125E-14));
#9067=CARTESIAN_POINT('',(-13.6770649482801,-8.82071206097892,-7.105427357601E-14));
#9068=CARTESIAN_POINT('Origin',(-13.6770649482801,-13.8207120609781,-8.88178419700125E-14));
#9069=CARTESIAN_POINT('',(-16.5760648674559,-8.82071206097812,-7.105427357601E-14));
#9070=CARTESIAN_POINT('',(-6.02656490785182,-8.82071206097812,-7.105427357601E-14));
#9071=CARTESIAN_POINT('',(-21.5760648674567,-13.8207120609781,-8.88178419700125E-14));
#9072=CARTESIAN_POINT('Origin',(-16.5760648674559,-13.8207120609781,-8.88178419700125E-14));
#9073=CARTESIAN_POINT('',(-21.576064867457,-18.0207090233612,-8.88178419700125E-14));
#9074=CARTESIAN_POINT('',(-21.576064867457,-13.2207074365211,-8.88178419700125E-14));
#9075=CARTESIAN_POINT('',(-16.576064867456,-23.0207093432513,9.85625334116055E-9));
#9076=CARTESIAN_POINT('Origin',(-16.5760648674558,-18.0207090233612,-8.88178419700125E-14));
#9077=CARTESIAN_POINT('',(-13.6770649482801,-23.0207093751463,-9.85697404573321E-9));
#9078=CARTESIAN_POINT('',(-2.14481254620536,-23.020709695037,-1.11910480882216E-12));
#9079=CARTESIAN_POINT('Origin',(-13.67706494828,-18.0207090233612,-8.88178419700125E-14));
#9080=CARTESIAN_POINT('',(33.1757462624158,-9.49711064191677,-5.32907051820075E-14));
#9081=CARTESIAN_POINT('',(29.9257462624158,-11.3734990167831,-7.105427357601E-14));
#9082=CARTESIAN_POINT('',(24.1970032340083,-14.6809903463524,-7.105427357601E-14));
#9083=CARTESIAN_POINT('',(33.1757462624158,-5.74433389218417,-5.32907051820075E-14));
#9084=CARTESIAN_POINT('',(33.1757462624158,-7.84343819196076,-5.32907051820075E-14));
#9085=CARTESIAN_POINT('',(29.9257462624159,-3.86794551731787,-5.32907051820075E-14));
#9086=CARTESIAN_POINT('',(25.102380882808,-1.08317421700137,-5.32907051820075E-14));
#9087=CARTESIAN_POINT('',(26.6757462624158,-5.74433389218417,-5.32907051820075E-14));
#9088=CARTESIAN_POINT('',(22.3720032340083,-8.22910108815828,-5.32907051820075E-14));
#9089=CARTESIAN_POINT('',(26.6757462624158,-9.49711064191677,-5.32907051820075E-14));
#9090=CARTESIAN_POINT('',(26.6757462624158,-6.19798992477036,-5.32907051820075E-14));
#9091=CARTESIAN_POINT('',(20.427380882808,-5.88961520800507,-5.32907051820075E-14));
#9092=CARTESIAN_POINT('',(-25.5471612664077,45.5707103879619,4.65861406688115E-13));
#9093=CARTESIAN_POINT('',(-23.6707728915414,48.8207103879618,5.01529333596507E-13));
#9094=CARTESIAN_POINT('',(-31.2894118762588,35.6248405819067,3.56659146660832E-13));
#9095=CARTESIAN_POINT('',(-23.6707728915414,42.3207103879619,4.32035970100709E-13));
#9096=CARTESIAN_POINT('',(-9.59919238958933,17.9480180157854,1.78676518025611E-13));
#9097=CARTESIAN_POINT('',(-19.9179961418089,42.3207103879619,4.33970600230605E-13));
#9098=CARTESIAN_POINT('',(-5.95844886606845,42.3207103879619,4.41036096532343E-13));
#9099=CARTESIAN_POINT('',(-18.0416077669426,45.5707103879619,4.6965988978765E-13));
#9100=CARTESIAN_POINT('',(-26.4829708852552,30.9498405819064,3.09127723419067E-13));
#9101=CARTESIAN_POINT('',(-19.9179961418089,48.8207103879618,5.03393186566144E-13));
#9102=CARTESIAN_POINT('',(-3.14730313139535,19.7730180157854,2.01436090030427E-13));
#9103=CARTESIAN_POINT('',(-4.31300059887802,48.8207103879618,5.11327091778924E-13));
#9104=CARTESIAN_POINT('',(-23.8793862832407,38.2842786285239,3.88833552799207E-13));
#9105=CARTESIAN_POINT('Origin',(-21.7793862832407,38.2842786285239,3.89896448460547E-13));
#9106=CARTESIAN_POINT('',(-11.6783412337185,32.4842786285307,3.33012743475367E-13));
#9107=CARTESIAN_POINT('',(-11.6783412337185,25.0842786285307,2.5392048864333E-13));
#9108=CARTESIAN_POINT('',(-11.6783412337185,12.8817863894251,1.23512311489549E-13));
#9109=CARTESIAN_POINT('',(-17.4583412337185,32.4842786285307,3.30040286103365E-13));
#9110=CARTESIAN_POINT('',(-2.97870309099489,32.4842786285307,3.37369021607969E-13));
#9111=CARTESIAN_POINT('',(-17.4583412337185,25.0842786285307,2.50960939852233E-13));
#9112=CARTESIAN_POINT('',(-17.4583412337185,9.58178638942508,8.52790060790198E-14));
#9113=CARTESIAN_POINT('',(-0.488703090994894,25.0842786285307,2.59584020945169E-13));
#9114=CARTESIAN_POINT('Origin',(-26.3760650513522,-13.0207090339812,-4.23585385198804E-12));
#9115=CARTESIAN_POINT('',(-28.6760650513522,-13.0207090339812,4.99999999999576));
#9116=CARTESIAN_POINT('',(-28.6760650513522,-13.0207090339812,-4.23585385198804E-12));
#9117=CARTESIAN_POINT('Origin',(-26.3760650513522,-13.0207090339812,4.99999999999576));
#9118=CARTESIAN_POINT('Origin',(-3.37606505135223,-20.0207091067215,0.199999999999928));
#9119=CARTESIAN_POINT('',(-5.67606505135223,-20.0207091067215,0.400000000000081));
#9120=CARTESIAN_POINT('Origin',(-3.37606505135223,-20.0207091067215,0.400000000000081));
#9121=CARTESIAN_POINT('',(-5.87606505135223,-20.0207091067215,0.199999999999928));
#9122=CARTESIAN_POINT('Origin',(-3.37606505135223,-20.0207091067215,-4.23585385198804E-12));
#9123=CARTESIAN_POINT('',(-5.67606505135223,-20.0207091067215,4.99999999999576));
#9124=CARTESIAN_POINT('',(-5.67606505135223,-20.0207091067215,-4.23585385198804E-12));
#9125=CARTESIAN_POINT('Origin',(-3.37606505135223,-20.0207091067215,4.99999999999576));
#9126=CARTESIAN_POINT('Origin',(-26.3760650513522,-13.0207090339812,4.99999999999576));
#9127=CARTESIAN_POINT('Origin',(-3.37606505135223,-20.0207091067215,4.99999999999576));
#9128=CARTESIAN_POINT('Ctrl Pts',(-23.5614852860679,28.1256352137797,6.05565649171795));
#9129=CARTESIAN_POINT('Ctrl Pts',(-23.6406703313698,28.3400721820315,6.06055735691224));
#9130=CARTESIAN_POINT('Ctrl Pts',(-23.6790237442818,28.5712275871238,6.06524622208815));
#9131=CARTESIAN_POINT('Ctrl Pts',(-23.6789169470877,28.9774976583035,6.06520307065336));
#9132=CARTESIAN_POINT('Ctrl Pts',(-23.6479436392905,29.1857199702873,6.06157588695452));
#9133=CARTESIAN_POINT('Ctrl Pts',(-23.5762936828537,29.4015835161201,6.05659518122648));
#9134=CARTESIAN_POINT('Ctrl Pts',(-23.5697236375255,29.4204702262063,6.05616876365055));
#9135=CARTESIAN_POINT('Ctrl Pts',(-23.5628426708374,29.4392340824508,6.05574076397602));
#9136=CARTESIAN_POINT('Ctrl Pts',(-23.4989192013522,28.1487323033065,5.98704299772914));
#9137=CARTESIAN_POINT('Ctrl Pts',(-23.5755121316968,28.3561900707878,5.99025777215196));
#9138=CARTESIAN_POINT('Ctrl Pts',(-23.612439225728,28.5789733624999,5.99401738425194));
#9139=CARTESIAN_POINT('Ctrl Pts',(-23.6123433782251,28.9704744467403,5.99398148130026));
#9140=CARTESIAN_POINT('Ctrl Pts',(-23.5825146640372,29.1711510271422,5.99109970660948));
#9141=CARTESIAN_POINT('Ctrl Pts',(-23.5132515460151,29.3798446441703,5.98767214067855));
#9142=CARTESIAN_POINT('Ctrl Pts',(-23.5068856361723,29.3981052561744,5.98737838880928));
#9143=CARTESIAN_POINT('Ctrl Pts',(-23.5002324187738,29.4162567665351,5.9870985373325));
#9144=CARTESIAN_POINT('Ctrl Pts',(-23.4363467301072,28.171833067556,5.9184252588035));
#9145=CARTESIAN_POINT('Ctrl Pts',(-23.5104964712073,28.3722258075105,5.92005292983262));
#9146=CARTESIAN_POINT('Ctrl Pts',(-23.5458771925034,28.5867153664517,5.92280343357343));
#9147=CARTESIAN_POINT('Ctrl Pts',(-23.5457794259184,28.9634460380767,5.92276636242106));
#9148=CARTESIAN_POINT('Ctrl Pts',(-23.5171723844349,29.1566108221267,5.92068090806126));
#9149=CARTESIAN_POINT('Ctrl Pts',(-23.4501981093789,29.3581027459951,5.9187416350702));
#9150=CARTESIAN_POINT('Ctrl Pts',(-23.444062692372,29.3757442174836,5.91859795825612));
#9151=CARTESIAN_POINT('Ctrl Pts',(-23.4376174591083,29.3932782237952,5.91845320178419));
#9152=CARTESIAN_POINT('Ctrl Pts',(-23.3737806561129,28.1949301509139,5.84981177194092));
#9153=CARTESIAN_POINT('Ctrl Pts',(-23.4453380322451,28.3883438341803,5.84975318602251));
#9154=CARTESIAN_POINT('Ctrl Pts',(-23.4792926362021,28.5944611481592,5.85157457074526));
#9155=CARTESIAN_POINT('Ctrl Pts',(-23.4792058409119,28.9564228352382,5.85154476220559));
#9156=CARTESIAN_POINT('Ctrl Pts',(-23.4517432636404,29.1420418307371,5.85020463138595));
#9157=CARTESIAN_POINT('Ctrl Pts',(-23.38715599151,29.3363638791257,5.8498186070543));
#9158=CARTESIAN_POINT('Ctrl Pts',(-23.3812246657407,29.353379240852,5.84980756672079));
#9159=CARTESIAN_POINT('Ctrl Pts',(-23.3750072149475,29.3703009099388,5.84981098035977));
#9160=CARTESIAN_POINT('',(-23.3770657111927,29.3651576576487,5.84998321454855));
#9161=CARTESIAN_POINT('',(-23.5649464973247,29.4334667356462,6.05587219285907));
#9162=CARTESIAN_POINT('',(-23.3770657111927,29.3651576576487,5.84998321454855));
#9163=CARTESIAN_POINT('',(-23.5649464973247,28.1350905214155,6.05587219285908));
#9164=CARTESIAN_POINT('Ctrl Pts',(-23.5649464973247,29.4334667356462,6.05587219285907));
#9165=CARTESIAN_POINT('Ctrl Pts',(-23.5710661773296,29.4166017485332,6.05625620343245));
#9166=CARTESIAN_POINT('Ctrl Pts',(-23.5769387056871,29.3996402223222,6.0566400196197));
#9167=CARTESIAN_POINT('Ctrl Pts',(-23.6479436392905,29.1857199702873,6.06157588695452));
#9168=CARTESIAN_POINT('Ctrl Pts',(-23.6789169470877,28.9774976583035,6.06520307065336));
#9169=CARTESIAN_POINT('Ctrl Pts',(-23.6790229220263,28.5743555513423,6.06524588985559));
#9170=CARTESIAN_POINT('Ctrl Pts',(-23.6417882046254,28.3468555814081,6.06069401819247));
#9171=CARTESIAN_POINT('Ctrl Pts',(-23.5649464973247,28.1350905214155,6.05587219285908));
#9172=CARTESIAN_POINT('',(-23.3770657111927,28.203399599413,5.84998321454856));
#9173=CARTESIAN_POINT('',(-23.5649464973247,28.1350905214155,6.05587219285908));
#9174=CARTESIAN_POINT('',(-23.4793862835344,28.7842844186949,5.85170781535784));
#9175=CARTESIAN_POINT('Ctrl Pts',(-23.3770657111927,28.203399599413,5.84998321454861));
#9176=CARTESIAN_POINT('Ctrl Pts',(-23.4114983984359,28.2981050256539,5.84998321454863));
#9177=CARTESIAN_POINT('Ctrl Pts',(-23.4374562977677,28.3957140532922,5.85079785437757));
#9178=CARTESIAN_POINT('Ctrl Pts',(-23.4711026645404,28.5906518507447,5.85165555643268));
#9179=CARTESIAN_POINT('Ctrl Pts',(-23.4793866135597,28.6873885595895,5.85169121337183));
#9180=CARTESIAN_POINT('Ctrl Pts',(-23.4793862835344,28.7842844186949,5.85170781535784));
#9181=CARTESIAN_POINT('Ctrl Pts',(-23.4793862835344,28.7842844186949,5.85170781535784));
#9182=CARTESIAN_POINT('Ctrl Pts',(-23.4793859535017,28.8811824748844,5.85172441772029));
#9183=CARTESIAN_POINT('Ctrl Pts',(-23.4711042631413,28.9778895532664,5.85160007417529));
#9184=CARTESIAN_POINT('Ctrl Pts',(-23.4460844636355,29.1228573947864,5.85089832493137));
#9185=CARTESIAN_POINT('Ctrl Pts',(-23.4353651786998,29.1719016978498,5.85059763712096));
#9186=CARTESIAN_POINT('Ctrl Pts',(-23.4094951716575,29.2693681796483,5.85011835791076));
#9187=CARTESIAN_POINT('Ctrl Pts',(-23.3943361604982,29.3176561294846,5.84998321454859));
#9188=CARTESIAN_POINT('Ctrl Pts',(-23.3770657111928,29.3651576576487,5.84998321454863));
#9189=CARTESIAN_POINT('Origin',(-21.7793862835443,28.7842786285309,5.94998321454882));
#9190=CARTESIAN_POINT('',(-23.3770657111927,29.8125881376131,6.04998321454854));
#9191=CARTESIAN_POINT('',(-23.208888929335,29.7043450313939,5.84998321454908));
#9192=CARTESIAN_POINT('',(-23.3770657111927,29.8125881376131,6.04998321454854));
#9193=CARTESIAN_POINT('',(-23.208888929335,27.8642122256678,5.8499832145491));
#9194=CARTESIAN_POINT('Origin',(-21.7793862835443,28.7842786285309,5.84998321454909));
#9195=CARTESIAN_POINT('',(-23.3770657111927,27.7559691194487,6.04998321454856));
#9196=CARTESIAN_POINT('',(-23.208888929335,27.8642122256678,5.8499832145491));
#9197=CARTESIAN_POINT('Origin',(-21.7793862835443,28.7842786285309,6.04998321454855));
#9198=CARTESIAN_POINT('Ctrl Pts',(-23.5649464973247,29.4334667356463,6.05587219285907));
#9199=CARTESIAN_POINT('Ctrl Pts',(-23.5167385130526,29.5663212366734,6.0528471367014));
#9200=CARTESIAN_POINT('Ctrl Pts',(-23.4535594832028,29.6937401402168,6.04998321454602));
#9201=CARTESIAN_POINT('Ctrl Pts',(-23.3770657110938,29.8125881377667,6.04998321454854));
#9202=CARTESIAN_POINT('Ctrl Pts',(-23.5023195686141,29.4106970429804,5.98724253342232));
#9203=CARTESIAN_POINT('Ctrl Pts',(-23.4557774578057,29.5388827095176,5.98522582931721));
#9204=CARTESIAN_POINT('Ctrl Pts',(-23.3948165639166,29.6618292099822,5.98331654788028));
#9205=CARTESIAN_POINT('Ctrl Pts',(-23.3210067838114,29.7765071023549,5.98331654788196));
#9206=CARTESIAN_POINT('Ctrl Pts',(-23.4396926399034,29.3879273503146,5.91861287398556));
#9207=CARTESIAN_POINT('Ctrl Pts',(-23.3948164025588,29.5114441823618,5.91760452193301));
#9208=CARTESIAN_POINT('Ctrl Pts',(-23.3360736446303,29.6299182797476,5.91664988121455));
#9209=CARTESIAN_POINT('Ctrl Pts',(-23.264947856529,29.7404260669431,5.91664988121539));
#9210=CARTESIAN_POINT('Ctrl Pts',(-23.3770657111927,29.3651576576487,5.84998321454881));
#9211=CARTESIAN_POINT('Ctrl Pts',(-23.3338553473118,29.484005655206,5.84998321454881));
#9212=CARTESIAN_POINT('Ctrl Pts',(-23.277330725344,29.598007349513,5.84998321454881));
#9213=CARTESIAN_POINT('Ctrl Pts',(-23.2088889292465,29.7043450315313,5.84998321454881));
#9214=CARTESIAN_POINT('Ctrl Pts',(-23.3770657110938,29.8125881377667,6.04998321454854));
#9215=CARTESIAN_POINT('Ctrl Pts',(-23.4535594832028,29.6937401402168,6.04998321454602));
#9216=CARTESIAN_POINT('Ctrl Pts',(-23.5167385130526,29.5663212366734,6.0528471367014));
#9217=CARTESIAN_POINT('Ctrl Pts',(-23.5649464973247,29.4334667356463,6.05587219285907));
#9218=CARTESIAN_POINT('Ctrl Pts',(-23.3770657111928,29.3651576576487,5.84998321454889));
#9219=CARTESIAN_POINT('Ctrl Pts',(-23.3554549707082,29.4245969449317,5.8499832145489));
#9220=CARTESIAN_POINT('Ctrl Pts',(-23.330544020659,29.4827840108531,5.84999434621911));
#9221=CARTESIAN_POINT('Ctrl Pts',(-23.2743538602862,29.5961111462437,5.84999422498024));
#9222=CARTESIAN_POINT('Ctrl Pts',(-23.2431186387818,29.6511625001477,5.84998321454893));
#9223=CARTESIAN_POINT('Ctrl Pts',(-23.208888929335,29.7043450313939,5.8499832145489));
#9224=CARTESIAN_POINT('Ctrl Pts',(-23.3770657111927,27.7559691194487,6.04998321454856));
#9225=CARTESIAN_POINT('Ctrl Pts',(-23.4535594832573,27.8748171169547,6.04998321454856));
#9226=CARTESIAN_POINT('Ctrl Pts',(-23.5167385130734,28.0022360204456,6.05284713670272));
#9227=CARTESIAN_POINT('Ctrl Pts',(-23.5649464973247,28.1350905214155,6.05587219285908));
#9228=CARTESIAN_POINT('Ctrl Pts',(-23.3210067839068,27.792050154855,5.98331654788199));
#9229=CARTESIAN_POINT('Ctrl Pts',(-23.3948165639691,27.9067280471855,5.98331654788198));
#9230=CARTESIAN_POINT('Ctrl Pts',(-23.4557774578257,28.0296745475993,5.98522582931809));
#9231=CARTESIAN_POINT('Ctrl Pts',(-23.5023195686141,28.1578602140813,5.98724253342233));
#9232=CARTESIAN_POINT('Ctrl Pts',(-23.2649478566209,27.8281311902614,5.91664988121541));
#9233=CARTESIAN_POINT('Ctrl Pts',(-23.336073644681,27.9386389774162,5.91664988121541));
#9234=CARTESIAN_POINT('Ctrl Pts',(-23.3948164025781,28.0571130747531,5.91760452193346));
#9235=CARTESIAN_POINT('Ctrl Pts',(-23.4396926399034,28.1806299067472,5.91861287398558));
#9236=CARTESIAN_POINT('Ctrl Pts',(-23.208888929335,27.8642122256678,5.84998321454883));
#9237=CARTESIAN_POINT('Ctrl Pts',(-23.2773307253928,27.9705499076469,5.84998321454883));
#9238=CARTESIAN_POINT('Ctrl Pts',(-23.3338553473305,28.0845516019069,5.84998321454883));
#9239=CARTESIAN_POINT('Ctrl Pts',(-23.3770657111927,28.203399599413,5.84998321454883));
#9240=CARTESIAN_POINT('Ctrl Pts',(-23.5649464973247,28.1350905214155,6.05587219285908));
#9241=CARTESIAN_POINT('Ctrl Pts',(-23.5167385130734,28.0022360204456,6.05284713670272));
#9242=CARTESIAN_POINT('Ctrl Pts',(-23.4535594832573,27.8748171169547,6.04998321454856));
#9243=CARTESIAN_POINT('Ctrl Pts',(-23.3770657111927,27.7559691194487,6.04998321454856));
#9244=CARTESIAN_POINT('Ctrl Pts',(-23.208888929335,27.8642122256678,5.84998321454882));
#9245=CARTESIAN_POINT('Ctrl Pts',(-23.2431186387524,27.9173947568683,5.84998321454882));
#9246=CARTESIAN_POINT('Ctrl Pts',(-23.2743538603106,27.9724461108672,5.84999422498013));
#9247=CARTESIAN_POINT('Ctrl Pts',(-23.3305440206589,28.0857732462085,5.84999434621902));
#9248=CARTESIAN_POINT('Ctrl Pts',(-23.3554549707082,28.1439603121299,5.84998321454884));
#9249=CARTESIAN_POINT('Ctrl Pts',(-23.3770657111927,28.203399599413,5.84998321454887));
#9250=CARTESIAN_POINT('Origin',(-8.14806586771042,4.37927966371663,6.04998321454882));
#9251=CARTESIAN_POINT('',(-23.3770657111927,23.7342786285306,6.04998321454861));
#9252=CARTESIAN_POINT('',(-23.3770657111927,14.1317791461236,6.04998321454871));
#9253=CARTESIAN_POINT('',(-7.3770657111892,23.7342786285306,6.04998321454861));
#9254=CARTESIAN_POINT('',(-7.2625657894516,23.7342786285306,6.04998321454861));
#9255=CARTESIAN_POINT('',(-7.37706571118913,42.8842786285236,6.0499832145484));
#9256=CARTESIAN_POINT('',(-7.37706571118864,13.5499950258408,6.04998321454872));
#9257=CARTESIAN_POINT('',(-23.3770657111927,42.8842786285236,6.0499832145484));
#9258=CARTESIAN_POINT('',(-18.6335801998114,42.8842786285236,6.0499832145484));
#9259=CARTESIAN_POINT('',(-23.3770657111927,39.3125881371344,6.04998321454844));
#9260=CARTESIAN_POINT('',(-23.3770657111927,14.1317791461236,6.04998321454871));
#9261=CARTESIAN_POINT('',(-23.3770657111927,37.2559691199134,6.04998321454846));
#9262=CARTESIAN_POINT('Origin',(-21.7793862832407,38.2842786285239,6.04998321454845));
#9263=CARTESIAN_POINT('',(-23.3770657111927,14.1317791461236,6.04998321454871));
#9264=CARTESIAN_POINT('',(-11.8783412337185,25.2842786285307,6.04998321454859));
#9265=CARTESIAN_POINT('',(-11.8783412337185,32.2842786285307,6.04998321454852));
#9266=CARTESIAN_POINT('',(-11.8783412337185,18.2817791461237,6.04998321454867));
#9267=CARTESIAN_POINT('',(-17.2583412337185,25.2842786285307,6.04998321454859));
#9268=CARTESIAN_POINT('',(-10.3242035507144,25.2842786285307,6.04998321454859));
#9269=CARTESIAN_POINT('',(-17.2583412337185,32.2842786285307,6.04998321454852));
#9270=CARTESIAN_POINT('',(-17.2583412337185,14.9817791461236,6.0499832145487));
#9271=CARTESIAN_POINT('',(-12.8142035507144,32.2842786285307,6.04998321454852));
#9272=CARTESIAN_POINT('',(-11.8783412334149,34.7842786285238,6.04998321454849));
#9273=CARTESIAN_POINT('',(-11.8783412334149,41.7842786285238,6.04998321454841));
#9274=CARTESIAN_POINT('',(-11.8783412334149,22.7817791461202,6.04998321454862));
#9275=CARTESIAN_POINT('',(-17.2583412334149,34.7842786285238,6.04998321454849));
#9276=CARTESIAN_POINT('',(-10.3242035505627,34.7842786285238,6.04998321454849));
#9277=CARTESIAN_POINT('',(-17.2583412334148,41.7842786285238,6.04998321454841));
#9278=CARTESIAN_POINT('',(-17.2583412334149,19.4817791461202,6.04998321454865));
#9279=CARTESIAN_POINT('',(-12.8142035505626,41.7842786285238,6.04998321454841));
#9280=CARTESIAN_POINT('Origin',(-21.7793862835443,28.7842786285309,-4.22786920833299E-12));
#9281=CARTESIAN_POINT('',(-23.4793862835443,28.7842786285309,0.399999999999569));
#9282=CARTESIAN_POINT('Origin',(-21.7793862835443,28.7842786285309,0.399999999999569));
#9283=CARTESIAN_POINT('',(-23.4793862835443,28.7842786285309,-4.22786920833299E-12));
#9284=CARTESIAN_POINT('Ctrl Pts',(-23.5628931672825,37.6294605953916,6.05574394048258));
#9285=CARTESIAN_POINT('Ctrl Pts',(-23.5697550987246,37.6481793520068,6.0561705958168));
#9286=CARTESIAN_POINT('Ctrl Pts',(-23.5763118532233,37.6670196320291,6.05659737896227));
#9287=CARTESIAN_POINT('Ctrl Pts',(-23.6479118107104,37.8828440221848,6.06156299704407));
#9288=CARTESIAN_POINT('Ctrl Pts',(-23.6789835138662,38.0910903713621,6.06522982941596));
#9289=CARTESIAN_POINT('Ctrl Pts',(-23.6789835138662,38.4774668856857,6.06522982941595));
#9290=CARTESIAN_POINT('Ctrl Pts',(-23.6479118107104,38.6857132348629,6.06156299704407));
#9291=CARTESIAN_POINT('Ctrl Pts',(-23.5763118532256,38.9015376250118,6.0565973789624));
#9292=CARTESIAN_POINT('Ctrl Pts',(-23.5697550987294,38.9203779050274,6.05617059581709));
#9293=CARTESIAN_POINT('Ctrl Pts',(-23.56289316729,38.9390966616357,6.05574394048303));
#9294=CARTESIAN_POINT('Ctrl Pts',(-23.5003022620181,37.6524255961557,5.98712377464971));
#9295=CARTESIAN_POINT('Ctrl Pts',(-23.5069382412584,37.6705337710758,5.98740346210271));
#9296=CARTESIAN_POINT('Ctrl Pts',(-23.5132899947711,37.6887494837248,5.98769700118515));
#9297=CARTESIAN_POINT('Ctrl Pts',(-23.5825072426095,37.8974095520108,5.99111219694216));
#9298=CARTESIAN_POINT('Ctrl Pts',(-23.6124287221888,38.0981091842353,5.99402988881068));
#9299=CARTESIAN_POINT('Ctrl Pts',(-23.6124287221888,38.4704480728125,5.99402988881067));
#9300=CARTESIAN_POINT('Ctrl Pts',(-23.5825072426095,38.671147705037,5.99111219694215));
#9301=CARTESIAN_POINT('Ctrl Pts',(-23.5132899947733,38.8798077733163,5.98769700118526));
#9302=CARTESIAN_POINT('Ctrl Pts',(-23.5069382412631,38.8980234859588,5.98740346210292));
#9303=CARTESIAN_POINT('Ctrl Pts',(-23.5003022620253,38.9161316608722,5.98712377464999));
#9304=CARTESIAN_POINT('Ctrl Pts',(-23.4377075122838,37.6753918802165,5.91850107010523));
#9305=CARTESIAN_POINT('Ctrl Pts',(-23.4441340081178,37.6928839589766,5.91864466529349));
#9306=CARTESIAN_POINT('Ctrl Pts',(-23.4502581771484,37.7104828314049,5.91879004310334));
#9307=CARTESIAN_POINT('Ctrl Pts',(-23.5171888503287,37.9119390760647,5.92071843944421));
#9308=CARTESIAN_POINT('Ctrl Pts',(-23.5458826180269,38.1051260144403,5.92283573872807));
#9309=CARTESIAN_POINT('Ctrl Pts',(-23.5458826180269,38.4634312426075,5.92283573872807));
#9310=CARTESIAN_POINT('Ctrl Pts',(-23.5171888503287,38.6566181809831,5.9207184394442));
#9311=CARTESIAN_POINT('Ctrl Pts',(-23.4502581771506,38.8580744256365,5.91879004310339));
#9312=CARTESIAN_POINT('Ctrl Pts',(-23.4441340081223,38.8756732980584,5.91864466529357));
#9313=CARTESIAN_POINT('Ctrl Pts',(-23.4377075122908,38.893165376812,5.91850107010538));
#9314=CARTESIAN_POINT('Ctrl Pts',(-23.3751166108605,37.6983568796985,5.84988090680878));
#9315=CARTESIAN_POINT('Ctrl Pts',(-23.3813171380386,37.7152383822729,5.84987752325004));
#9316=CARTESIAN_POINT('Ctrl Pts',(-23.3872363286463,37.7322126796077,5.84988967190059));
#9317=CARTESIAN_POINT('Ctrl Pts',(-23.45178419613,37.9265046418639,5.85026758235122));
#9318=CARTESIAN_POINT('Ctrl Pts',(-23.4793278176698,38.1121448292944,5.8516357923375));
#9319=CARTESIAN_POINT('Ctrl Pts',(-23.4793278176698,38.4564124277534,5.8516357923375));
#9320=CARTESIAN_POINT('Ctrl Pts',(-23.45178419613,38.6420526151839,5.85026758235122));
#9321=CARTESIAN_POINT('Ctrl Pts',(-23.3872363286484,38.8363445774339,5.84988967190059));
#9322=CARTESIAN_POINT('Ctrl Pts',(-23.3813171380429,38.8533188747625,5.84987752325002));
#9323=CARTESIAN_POINT('Ctrl Pts',(-23.3751166108672,38.8702003773308,5.84988090680875));
#9324=CARTESIAN_POINT('',(-23.3770657111927,38.8651576568067,5.84998321454844));
#9325=CARTESIAN_POINT('',(-23.5649464973604,38.933466734706,6.0558721928612));
#9326=CARTESIAN_POINT('',(-23.3770657111927,38.8651576568067,5.84998321454844));
#9327=CARTESIAN_POINT('',(-23.5649464973604,37.6350905223417,6.05587219286121));
#9328=CARTESIAN_POINT('Ctrl Pts',(-23.5649464973604,38.933466734706,6.0558721928612));
#9329=CARTESIAN_POINT('Ctrl Pts',(-23.5710661772523,38.9166017478767,6.05625620342756));
#9330=CARTESIAN_POINT('Ctrl Pts',(-23.5769411908938,38.899640606868,6.05664102494509));
#9331=CARTESIAN_POINT('Ctrl Pts',(-23.6479118107104,38.6857132348629,6.06156299704407));
#9332=CARTESIAN_POINT('Ctrl Pts',(-23.6789835138662,38.4774668856857,6.06522982941595));
#9333=CARTESIAN_POINT('Ctrl Pts',(-23.6789835138662,38.0910903713621,6.06522982941596));
#9334=CARTESIAN_POINT('Ctrl Pts',(-23.6479118107104,37.8828440221848,6.06156299704407));
#9335=CARTESIAN_POINT('Ctrl Pts',(-23.5769411908938,37.6689166501797,6.05664102494511));
#9336=CARTESIAN_POINT('Ctrl Pts',(-23.5710661772523,37.6519555091711,6.05625620342758));
#9337=CARTESIAN_POINT('Ctrl Pts',(-23.5649464973604,37.6350905223417,6.05587219286121));
#9338=CARTESIAN_POINT('',(-23.3770657111927,37.703399600241,5.84998321454846));
#9339=CARTESIAN_POINT('',(-23.5649464973604,37.6350905223417,6.05587219286121));
#9340=CARTESIAN_POINT('',(-23.4793862832407,38.2842786285239,5.85169833847324));
#9341=CARTESIAN_POINT('Ctrl Pts',(-23.3770657111927,37.703399600241,5.84998321454849));
#9342=CARTESIAN_POINT('Ctrl Pts',(-23.3943522443706,37.7509453663888,5.84998321454843));
#9343=CARTESIAN_POINT('Ctrl Pts',(-23.4095179883083,37.7992644212686,5.85012339928432));
#9344=CARTESIAN_POINT('Ctrl Pts',(-23.4353842723051,37.8967380294151,5.85060162222561));
#9345=CARTESIAN_POINT('Ctrl Pts',(-23.4460997279407,37.9457760368666,5.85089824814952));
#9346=CARTESIAN_POINT('Ctrl Pts',(-23.4711091256189,38.0907196031666,5.85158622924272));
#9347=CARTESIAN_POINT('Ctrl Pts',(-23.4793862832407,38.1874048219064,5.85169833847324));
#9348=CARTESIAN_POINT('Ctrl Pts',(-23.4793862832407,38.2842786285239,5.85169833847324));
#9349=CARTESIAN_POINT('Ctrl Pts',(-23.4793862832407,38.2842786285239,5.85169833847324));
#9350=CARTESIAN_POINT('Ctrl Pts',(-23.4793862832407,38.3811524351414,5.85169833847324));
#9351=CARTESIAN_POINT('Ctrl Pts',(-23.4711091256189,38.4778376538812,5.85158622924272));
#9352=CARTESIAN_POINT('Ctrl Pts',(-23.4460997279407,38.6227812201812,5.85089824814952));
#9353=CARTESIAN_POINT('Ctrl Pts',(-23.4353842723051,38.6718192276327,5.85060162222561));
#9354=CARTESIAN_POINT('Ctrl Pts',(-23.4095179883082,38.7692928357796,5.85012339928431));
#9355=CARTESIAN_POINT('Ctrl Pts',(-23.3943522443705,38.8176118906593,5.84998321454832));
#9356=CARTESIAN_POINT('Ctrl Pts',(-23.3770657111928,38.8651576568067,5.8499832145485));
#9357=CARTESIAN_POINT('Origin',(-21.7793862832407,38.2842786285239,5.94998321454882));
#9358=CARTESIAN_POINT('',(-23.208888929303,39.2043450309649,5.84998321454918));
#9359=CARTESIAN_POINT('',(-23.3770657111927,39.3125881371344,6.04998321454844));
#9360=CARTESIAN_POINT('',(-23.208888929303,37.3642122260829,5.8499832145492));
#9361=CARTESIAN_POINT('Origin',(-21.7793862832407,38.2842786285239,5.84998321454919));
#9362=CARTESIAN_POINT('',(-23.208888929303,37.3642122260829,5.8499832145492));
#9363=CARTESIAN_POINT('Ctrl Pts',(-23.5649464973604,38.933466734706,6.0558721928612));
#9364=CARTESIAN_POINT('Ctrl Pts',(-23.5167385131085,39.0663212358938,6.05284713670423));
#9365=CARTESIAN_POINT('Ctrl Pts',(-23.4535594832457,39.1937401395944,6.04998321454592));
#9366=CARTESIAN_POINT('Ctrl Pts',(-23.3770657110938,39.312588137288,6.04998321454844));
#9367=CARTESIAN_POINT('Ctrl Pts',(-23.5023195686378,38.9106970420729,5.98724253342374));
#9368=CARTESIAN_POINT('Ctrl Pts',(-23.455777457849,39.0388827087651,5.98522582931909));
#9369=CARTESIAN_POINT('Ctrl Pts',(-23.3948165639473,39.1618292093814,5.98331654788022));
#9370=CARTESIAN_POINT('Ctrl Pts',(-23.3210067838007,39.2765071018928,5.98331654788189));
#9371=CARTESIAN_POINT('Ctrl Pts',(-23.4396926399153,38.8879273494398,5.91861287398627));
#9372=CARTESIAN_POINT('Ctrl Pts',(-23.3948164025894,39.0114441816364,5.91760452193395));
#9373=CARTESIAN_POINT('Ctrl Pts',(-23.3360736446489,39.1299182791684,5.91664988121451));
#9374=CARTESIAN_POINT('Ctrl Pts',(-23.2649478565077,39.2404260664975,5.91664988121535));
#9375=CARTESIAN_POINT('Ctrl Pts',(-23.3770657111927,38.8651576568067,5.84998321454881));
#9376=CARTESIAN_POINT('Ctrl Pts',(-23.3338553473299,38.9840056545077,5.84998321454881));
#9377=CARTESIAN_POINT('Ctrl Pts',(-23.2773307253504,39.0980073489554,5.84998321454881));
#9378=CARTESIAN_POINT('Ctrl Pts',(-23.2088889292146,39.2043450311023,5.84998321454881));
#9379=CARTESIAN_POINT('Ctrl Pts',(-23.3770657110938,39.312588137288,6.04998321454844));
#9380=CARTESIAN_POINT('Ctrl Pts',(-23.4535594832457,39.1937401395944,6.04998321454592));
#9381=CARTESIAN_POINT('Ctrl Pts',(-23.5167385131085,39.0663212358938,6.05284713670423));
#9382=CARTESIAN_POINT('Ctrl Pts',(-23.5649464973604,38.933466734706,6.0558721928612));
#9383=CARTESIAN_POINT('Ctrl Pts',(-23.3770657111928,38.8651576568067,5.84998321454887));
#9384=CARTESIAN_POINT('Ctrl Pts',(-23.3554549707172,38.9245969441617,5.84998321454887));
#9385=CARTESIAN_POINT('Ctrl Pts',(-23.3305440206696,38.9827840101541,5.84999434621913));
#9386=CARTESIAN_POINT('Ctrl Pts',(-23.274353860286,39.0961111456831,5.84999422498025));
#9387=CARTESIAN_POINT('Ctrl Pts',(-23.243118638769,39.1511624996544,5.84998321454888));
#9388=CARTESIAN_POINT('Ctrl Pts',(-23.208888929303,39.2043450309649,5.84998321454883));
#9389=CARTESIAN_POINT('Ctrl Pts',(-23.3770657111927,37.2559691199134,6.04998321454846));
#9390=CARTESIAN_POINT('Ctrl Pts',(-23.4535594833002,37.3748171175631,6.04998321454846));
#9391=CARTESIAN_POINT('Ctrl Pts',(-23.5167385131293,37.5022360212113,6.05284713670555));
#9392=CARTESIAN_POINT('Ctrl Pts',(-23.5649464973604,37.6350905223417,6.05587219286121));
#9393=CARTESIAN_POINT('Ctrl Pts',(-23.3210067838961,37.2920501553032,5.98331654788192));
#9394=CARTESIAN_POINT('Ctrl Pts',(-23.3948165639999,37.4067280477723,5.98331654788192));
#9395=CARTESIAN_POINT('Ctrl Pts',(-23.455777457869,37.5296745483379,5.98522582931998));
#9396=CARTESIAN_POINT('Ctrl Pts',(-23.5023195686378,37.6578602149748,5.98724253342375));
#9397=CARTESIAN_POINT('Ctrl Pts',(-23.2649478565996,37.328131190693,5.91664988121537));
#9398=CARTESIAN_POINT('Ctrl Pts',(-23.3360736446995,37.4386389779814,5.91664988121537));
#9399=CARTESIAN_POINT('Ctrl Pts',(-23.3948164026088,37.5571130754646,5.9176045219344));
#9400=CARTESIAN_POINT('Ctrl Pts',(-23.4396926399153,37.6806299076079,5.91861287398629));
#9401=CARTESIAN_POINT('Ctrl Pts',(-23.208888929303,37.3642122260829,5.84998321454883));
#9402=CARTESIAN_POINT('Ctrl Pts',(-23.2773307253992,37.4705499081906,5.84998321454883));
#9403=CARTESIAN_POINT('Ctrl Pts',(-23.3338553473485,37.5845516025913,5.84998321454883));
#9404=CARTESIAN_POINT('Ctrl Pts',(-23.3770657111927,37.703399600241,5.84998321454883));
#9405=CARTESIAN_POINT('Ctrl Pts',(-23.5649464973604,37.6350905223417,6.05587219286121));
#9406=CARTESIAN_POINT('Ctrl Pts',(-23.5167385131293,37.5022360212113,6.05284713670555));
#9407=CARTESIAN_POINT('Ctrl Pts',(-23.4535594833002,37.3748171175631,6.04998321454846));
#9408=CARTESIAN_POINT('Ctrl Pts',(-23.3770657111927,37.2559691199134,6.04998321454846));
#9409=CARTESIAN_POINT('Ctrl Pts',(-23.208888929303,37.3642122260829,5.84998321454888));
#9410=CARTESIAN_POINT('Ctrl Pts',(-23.2431186387394,37.4173947573474,5.84998321454887));
#9411=CARTESIAN_POINT('Ctrl Pts',(-23.27435386031,37.4724461114132,5.84999422498023));
#9412=CARTESIAN_POINT('Ctrl Pts',(-23.3305440206694,37.5857732468934,5.84999434621912));
#9413=CARTESIAN_POINT('Ctrl Pts',(-23.3554549707171,37.6439603128859,5.84998321454888));
#9414=CARTESIAN_POINT('Ctrl Pts',(-23.3770657111927,37.703399600241,5.84998321454886));
#9415=CARTESIAN_POINT('Origin',(-21.7793862832407,38.2842786285239,-4.22786920833299E-12));
#9416=CARTESIAN_POINT('',(-23.4793862832407,38.2842786285239,0.399999999999467));
#9417=CARTESIAN_POINT('Origin',(-21.7793862832407,38.2842786285239,0.399999999999467));
#9418=CARTESIAN_POINT('',(-23.4793862832407,38.2842786285239,-4.22786920833299E-12));
#9419=CARTESIAN_POINT('Origin',(-11.9783412334149,22.7817791461202,5.94998321454862));
#9420=CARTESIAN_POINT('',(-12.0783412334149,41.5842786285238,5.84998321454842));
#9421=CARTESIAN_POINT('',(-11.8783412334149,41.7842786285238,6.04998321454841));
#9422=CARTESIAN_POINT('',(-12.0783412334149,34.9842786285238,5.84998321454849));
#9423=CARTESIAN_POINT('',(-12.0783412334149,22.7817791461202,5.84998321454862));
#9424=CARTESIAN_POINT('',(-12.0783412334149,34.9842786285238,5.84998321454849));
#9425=CARTESIAN_POINT('Origin',(-12.8142035505626,41.6842786285238,5.94998321454842));
#9426=CARTESIAN_POINT('',(-17.0583412334149,41.5842786285238,5.84998321454842));
#9427=CARTESIAN_POINT('',(-17.2583412334148,41.7842786285238,6.04998321454841));
#9428=CARTESIAN_POINT('',(-12.8142035505626,41.5842786285238,5.84998321454842));
#9429=CARTESIAN_POINT('Origin',(-17.1583412334149,19.4817791461202,5.94998321454865));
#9430=CARTESIAN_POINT('',(-17.0583412334149,34.9842786285238,5.84998321454848));
#9431=CARTESIAN_POINT('',(-17.2583412334149,34.7842786285238,6.04998321454849));
#9432=CARTESIAN_POINT('',(-17.0583412334149,19.4817791461202,5.84998321454865));
#9433=CARTESIAN_POINT('Origin',(-10.3242035505627,34.8842786285238,5.94998321454849));
#9434=CARTESIAN_POINT('',(-10.3242035505627,34.9842786285238,5.84998321454849));
#9435=CARTESIAN_POINT('Origin',(-12.5003412334149,34.9842786285238,12.0499832145486));
#9436=CARTESIAN_POINT('',(-12.0783412334149,34.9842786285238,0.40000000000036));
#9437=CARTESIAN_POINT('',(-12.0783412334149,34.9842786285238,12.0499832145486));
#9438=CARTESIAN_POINT('',(-17.0583412334149,34.9842786285238,0.399999999990666));
#9439=CARTESIAN_POINT('',(-0.48870309084311,34.9842786285238,0.399999999990674));
#9440=CARTESIAN_POINT('',(-17.0583412334149,34.9842786285238,12.0499832145486));
#9441=CARTESIAN_POINT('Origin',(-12.0783412334149,41.1842786285238,12.0499832145486));
#9442=CARTESIAN_POINT('',(-12.0783412334149,41.5842786285238,0.399999999990543));
#9443=CARTESIAN_POINT('',(-12.0783412334149,41.5842786285238,12.0499832145486));
#9444=CARTESIAN_POINT('',(-12.0783412334149,17.3817863894216,0.400000000000172));
#9445=CARTESIAN_POINT('Origin',(-11.9783412337185,18.2817791461236,5.94998321454867));
#9446=CARTESIAN_POINT('',(-12.0783412337185,32.0842786285307,5.84998321454852));
#9447=CARTESIAN_POINT('',(-11.8783412337185,32.2842786285307,6.04998321454852));
#9448=CARTESIAN_POINT('',(-12.0783412337185,25.4842786285307,5.84998321454859));
#9449=CARTESIAN_POINT('',(-12.0783412337185,18.2817791461236,5.84998321454867));
#9450=CARTESIAN_POINT('',(-12.0783412337185,25.4842786285307,5.84998321454859));
#9451=CARTESIAN_POINT('Origin',(-12.8142035507144,32.1842786285307,5.94998321454852));
#9452=CARTESIAN_POINT('',(-17.0583412337185,32.0842786285307,5.84998321454852));
#9453=CARTESIAN_POINT('',(-17.2583412337185,32.2842786285307,6.04998321454852));
#9454=CARTESIAN_POINT('',(-12.8142035507144,32.0842786285307,5.84998321454852));
#9455=CARTESIAN_POINT('Origin',(-17.1583412337185,14.9817791461236,5.9499832145487));
#9456=CARTESIAN_POINT('',(-17.0583412337185,25.4842786285307,5.84998321454859));
#9457=CARTESIAN_POINT('',(-17.2583412337185,25.2842786285307,6.04998321454859));
#9458=CARTESIAN_POINT('',(-17.0583412337185,14.9817791461236,5.8499832145487));
#9459=CARTESIAN_POINT('Origin',(-10.3242035507144,25.3842786285307,5.94998321454859));
#9460=CARTESIAN_POINT('',(-10.3242035507144,25.4842786285307,5.84998321454859));
#9461=CARTESIAN_POINT('Origin',(-12.5003412337185,25.4842786285307,12.0499832145486));
#9462=CARTESIAN_POINT('',(-12.0783412337185,25.4842786285307,0.40000000000026));
#9463=CARTESIAN_POINT('',(-12.0783412337185,25.4842786285307,12.0499832145486));
#9464=CARTESIAN_POINT('',(-17.0583412337185,25.4842786285307,0.399999999990837));
#9465=CARTESIAN_POINT('',(-0.488703090994895,25.4842786285307,0.399999999990845));
#9466=CARTESIAN_POINT('',(-17.0583412337185,25.4842786285307,12.0499832145486));
#9467=CARTESIAN_POINT('Origin',(-12.0783412337185,32.1842786285307,12.0499832145486));
#9468=CARTESIAN_POINT('',(-12.0783412337185,32.0842786285307,0.399999999990712));
#9469=CARTESIAN_POINT('',(-12.0783412337185,32.0842786285307,12.0499832145486));
#9470=CARTESIAN_POINT('',(-12.0783412337185,12.8817863894251,0.400000000000124));
#9471=CARTESIAN_POINT('Origin',(-11.8783412337185,12.8817863894251,0.200000000000124));
#9472=CARTESIAN_POINT('',(-12.0783412337185,32.0842786285307,0.399999999990712));
#9473=CARTESIAN_POINT('',(-11.6783412337185,25.0842786285307,2.5392048864333E-13));
#9474=CARTESIAN_POINT('Origin',(-2.97870309099489,32.2842786285307,0.199999999995527));
#9475=CARTESIAN_POINT('',(-17.0583412337185,32.0842786285307,0.400000000000325));
#9476=CARTESIAN_POINT('',(-2.97870309099489,32.0842786285307,0.399999999990717));
#9477=CARTESIAN_POINT('',(-17.0583412337185,32.0842786285307,0.39999999999071));
#9478=CARTESIAN_POINT('Origin',(-17.2583412337185,9.58178638942508,0.200000000000085));
#9479=CARTESIAN_POINT('',(-17.0583412337185,9.58178638942508,0.400000000000085));
#9480=CARTESIAN_POINT('',(-17.0583412337185,25.4842786285307,0.399999999990837));
#9481=CARTESIAN_POINT('Origin',(-0.488703090994894,25.2842786285307,0.199999999995552));
#9482=CARTESIAN_POINT('Origin',(-17.4803412337185,32.0842786285307,12.0499832145486));
#9483=CARTESIAN_POINT('',(-17.0583412337185,32.0842786285307,12.0499832145486));
#9484=CARTESIAN_POINT('Origin',(-11.8783412334149,17.3817863894216,0.200000000000172));
#9485=CARTESIAN_POINT('',(-11.6783412334149,34.5842786285238,3.5543650645757E-13));
#9486=CARTESIAN_POINT('',(-12.0783412334149,41.5842786285238,0.399999999990543));
#9487=CARTESIAN_POINT('Origin',(-2.97870309084309,41.7842786285238,0.199999999995493));
#9488=CARTESIAN_POINT('',(-17.0583412334149,41.5842786285238,0.400000000000427));
#9489=CARTESIAN_POINT('',(-2.97870309084309,41.5842786285238,0.399999999990547));
#9490=CARTESIAN_POINT('',(-17.0583412334149,41.5842786285238,0.399999999990541));
#9491=CARTESIAN_POINT('Origin',(-17.2583412334149,14.0817863894216,0.200000000000134));
#9492=CARTESIAN_POINT('',(-17.0583412334149,14.0817863894216,0.400000000000134));
#9493=CARTESIAN_POINT('',(-17.0583412334149,34.9842786285238,0.399999999990666));
#9494=CARTESIAN_POINT('Origin',(-0.48870309084311,34.7842786285238,0.199999999995517));
#9495=CARTESIAN_POINT('Origin',(-17.4803412334149,41.5842786285238,12.0499832145486));
#9496=CARTESIAN_POINT('',(-17.0583412334149,41.5842786285238,12.0499832145486));
#9497=CARTESIAN_POINT('Origin',(-21.7793862832407,38.2842786285239,0.199999999999928));
#9498=CARTESIAN_POINT('',(-23.6793862832407,38.2842786285239,0.199999999999928));
#9499=CARTESIAN_POINT('Origin',(-21.7793862835443,28.7842786285309,0.199999999999928));
#9500=CARTESIAN_POINT('',(-23.6793862835443,28.7842786285309,0.199999999999928));
#9501=CARTESIAN_POINT('Origin',(4.36233740398558,-25.0207124866819,16.7080868102679));
#9502=CARTESIAN_POINT('',(4.78184186944529,-25.0207124866852,16.4360279867401));
#9503=CARTESIAN_POINT('',(4.50535028993882,-25.0207124866834,16.2289758477017));
#9504=CARTESIAN_POINT('Origin',(4.36233740398558,-25.0207124866851,16.7080868102679));
#9505=CARTESIAN_POINT('',(4.50535028993881,-25.0207124866819,16.2289758477017));
#9506=CARTESIAN_POINT('',(4.78184186944529,-25.0207124866819,16.4360279867401));
#9507=CARTESIAN_POINT('Origin',(4.99159410218058,-28.0207121663778,14.5999985749759));
#9508=CARTESIAN_POINT('',(5.4778379144116,-25.0207124866832,16.2289758477045));
#9509=CARTESIAN_POINT('Origin',(4.99159410218,-25.0207124866833,14.5999985749759));
#9510=CARTESIAN_POINT('',(5.4778379144116,-25.020712486682,16.2289758477046));
#9511=CARTESIAN_POINT('Origin',(-3.70074244106056,-25.0207124866851,21.5999958304349));
#9512=CARTESIAN_POINT('',(0.991594102179265,-25.0207124866842,19.0999981080289));
#9513=CARTESIAN_POINT('',(8.99159410217929,-25.0207124866826,19.0999981080289));
#9514=CARTESIAN_POINT('',(-0.835903328447776,-25.0207124866846,19.0999981080289));
#9515=CARTESIAN_POINT('',(1.9915941021793,-25.0207124866839,18.0999981080289));
#9516=CARTESIAN_POINT('Origin',(0.991594102179265,-25.0207124866842,18.0999981080289));
#9517=CARTESIAN_POINT('',(1.99159410217926,-25.0207124866839,14.5999985749759));
#9518=CARTESIAN_POINT('',(1.99159410217928,-25.020712486684,28.5999985749759));
#9519=CARTESIAN_POINT('',(7.99159410217928,-25.0207124866828,14.5999985749759));
#9520=CARTESIAN_POINT('Origin',(4.99159410217929,-25.0207124866833,14.5999985749759));
#9521=CARTESIAN_POINT('',(7.99159410217928,-25.0207124866828,18.0999981080289));
#9522=CARTESIAN_POINT('',(7.99159410217928,-25.0207124866828,14.5999985749759));
#9523=CARTESIAN_POINT('Origin',(8.99159410217929,-25.0207124866826,18.0999981080289));
#9524=CARTESIAN_POINT('',(5.20134633490414,-25.0207124866851,16.4360279867414));
#9525=CARTESIAN_POINT('Origin',(4.99159410217515,-25.0207124866851,16.2999985749762));
#9526=CARTESIAN_POINT('Origin',(5.62085080036211,-25.0207124866851,16.708086810272));
#9527=CARTESIAN_POINT('Origin',(5.62085080036211,-25.0207124866819,16.708086810272));
#9528=CARTESIAN_POINT('',(5.20134633490414,-25.0207124866819,16.4360279867414));
#9529=CARTESIAN_POINT('Origin',(12.8936767330524,-25.0207124866819,16.7080868102677));
#9530=CARTESIAN_POINT('',(13.3131811985122,-25.0207124866852,16.43602798674));
#9531=CARTESIAN_POINT('',(13.0366896190058,-25.0207124866818,16.2289758477015));
#9532=CARTESIAN_POINT('Origin',(12.8936767330524,-25.0207124866851,16.7080868102677));
#9533=CARTESIAN_POINT('',(13.0366896190058,-25.0207124866819,16.2289758477015));
#9534=CARTESIAN_POINT('',(13.3131811985122,-25.0207124866819,16.43602798674));
#9535=CARTESIAN_POINT('Origin',(13.5229334312483,-28.0207121663762,14.5999985749759));
#9536=CARTESIAN_POINT('',(14.0091772434786,-25.0207124866816,16.2289758477047));
#9537=CARTESIAN_POINT('Origin',(13.5229334312477,-25.0207124866817,14.5999985749759));
#9538=CARTESIAN_POINT('',(14.0091772434786,-25.020712486682,16.2289758477048));
#9539=CARTESIAN_POINT('Origin',(-3.70074244106056,-25.0207124866851,21.5999958304349));
#9540=CARTESIAN_POINT('',(15.5229337038211,-25.0207124866814,19.0999981080289));
#9541=CARTESIAN_POINT('',(16.522933703821,-25.0207124866812,18.0999981339889));
#9542=CARTESIAN_POINT('Origin',(15.5229337038211,-25.0207124866844,18.0999981080289));
#9543=CARTESIAN_POINT('',(9.522933431247,-25.0207124866825,19.0999981080289));
#9544=CARTESIAN_POINT('',(-0.835903328447776,-25.0207124866846,19.0999981080289));
#9545=CARTESIAN_POINT('',(10.5229334312469,-25.0207124866823,18.0999981080289));
#9546=CARTESIAN_POINT('Origin',(9.522933431247,-25.0207124866826,18.0999981080289));
#9547=CARTESIAN_POINT('',(10.5229334312469,-25.0207124866823,14.5999985749759));
#9548=CARTESIAN_POINT('',(10.5229334312469,-25.0207124866824,28.5999985749759));
#9549=CARTESIAN_POINT('',(15.6657909401194,-25.0207124866812,12.5004363118669));
#9550=CARTESIAN_POINT('Origin',(13.522933431247,-25.0207124866817,14.5999985749759));
#9551=CARTESIAN_POINT('',(16.5229338582653,-25.0207124866811,12.1505092809959));
#9552=CARTESIAN_POINT('Origin',(16.0229338582649,-25.0207124866812,12.1505092680159));
#9553=CARTESIAN_POINT('',(16.5229337531436,-25.0207124866811,16.1999988535379));
#9554=CARTESIAN_POINT('',(13.7326856639711,-25.0207124866851,16.4360279867415));
#9555=CARTESIAN_POINT('Origin',(13.5229334312421,-25.0207124866851,16.2999985749762));
#9556=CARTESIAN_POINT('Origin',(14.1521901294289,-25.0207124866851,16.7080868102722));
#9557=CARTESIAN_POINT('Origin',(14.1521901294289,-25.0207124866819,16.7080868102722));
#9558=CARTESIAN_POINT('',(13.7326856639711,-25.0207124866819,16.4360279867415));
#9559=CARTESIAN_POINT('Origin',(13.5229334312421,-25.0207124866819,16.2999985749762));
#9560=CARTESIAN_POINT('Origin',(4.99159410217515,-25.0207124866819,16.2999985749762));
#9561=CARTESIAN_POINT('Origin',(26.6277462624187,-14.9579349019505,5.40044414240377));
#9562=CARTESIAN_POINT('',(26.6277462624187,-14.6954349019504,3.70044414240378));
#9563=CARTESIAN_POINT('Origin',(26.6277462624187,-14.6954349019505,5.40044414240378));
#9564=CARTESIAN_POINT('',(26.6277462624187,-15.2204349019512,3.175444142403));
#9565=CARTESIAN_POINT('',(26.6277462624187,-14.9579349019505,3.43794414240377));
#9566=CARTESIAN_POINT('',(26.6277462624201,-15.2204349019505,7.62544414240402));
#9567=CARTESIAN_POINT('Origin',(26.6277462624201,-15.2204349019505,5.40044414240402));
#9568=CARTESIAN_POINT('Origin',(26.6277462624201,-15.2204349019505,5.40044414240402));
#9569=CARTESIAN_POINT('Origin',(26.6277462624154,-1.42071852761227,5.40044414240393));
#9570=CARTESIAN_POINT('',(26.627746262418,-12.2204349019504,3.70044414240381));
#9571=CARTESIAN_POINT('Origin',(26.627746262418,-12.2204349019505,5.40044414240381));
#9572=CARTESIAN_POINT('',(26.6277462624154,-1.42071852761225,3.70044414240393));
#9573=CARTESIAN_POINT('Origin',(-31.1162067955019,35.5248405819066,0.200000000000356));
#9574=CARTESIAN_POINT('',(-23.4398327838656,48.4207103879618,0.400000000000497));
#9575=CARTESIAN_POINT('',(-23.6707728915414,48.8207103879618,5.01529333596507E-13));
#9576=CARTESIAN_POINT('',(-25.085281051056,45.5707103879619,0.400000000000466));
#9577=CARTESIAN_POINT('',(-30.943001714745,35.4248405819066,0.400000000000355));
#9578=CARTESIAN_POINT('',(-25.085281051056,45.5707103879619,0.400000000000466));
#9579=CARTESIAN_POINT('Origin',(-4.31300059887802,48.6207103879618,0.200000000000509));
#9580=CARTESIAN_POINT('',(-20.1489362494847,48.4207103879618,0.400000000000499));
#9581=CARTESIAN_POINT('',(-19.9179961418089,48.8207103879618,5.03393186566144E-13));
#9582=CARTESIAN_POINT('',(-4.31300059887802,48.4207103879618,0.400000000000507));
#9583=CARTESIAN_POINT('Origin',(-3.32050821215223,19.6730180157854,0.2000000000002));
#9584=CARTESIAN_POINT('',(-18.5034879822943,45.5707103879619,0.400000000000469));
#9585=CARTESIAN_POINT('',(-18.0416077669426,45.5707103879619,4.6965988978765E-13));
#9586=CARTESIAN_POINT('',(-3.49371329290912,19.5730180157854,0.400000000000199));
#9587=CARTESIAN_POINT('Origin',(-26.656175966012,31.0498405819064,0.20000000000031));
#9588=CARTESIAN_POINT('',(-20.1489362494847,42.7207103879619,0.400000000000438));
#9589=CARTESIAN_POINT('',(-19.9179961418089,42.3207103879619,4.33970600230605E-13));
#9590=CARTESIAN_POINT('',(-26.8293810467689,31.1498405819064,0.400000000000311));
#9591=CARTESIAN_POINT('Origin',(-5.95844886606845,42.5207103879619,0.200000000000443));
#9592=CARTESIAN_POINT('',(-23.4398327838656,42.7207103879619,0.400000000000437));
#9593=CARTESIAN_POINT('',(-5.95844886606845,42.7207103879619,0.400000000000445));
#9594=CARTESIAN_POINT('',(-23.6707728915414,42.3207103879619,4.32035970100709E-13));
#9595=CARTESIAN_POINT('Origin',(-9.42598730883244,18.0480180157854,0.20000000000018));
#9596=CARTESIAN_POINT('',(-9.25278222807554,18.1480180157854,0.400000000000181));
#9597=CARTESIAN_POINT('Origin',(-23.4398327838656,42.7207103879619,-4.23585385205156E-12));
#9598=CARTESIAN_POINT('',(-23.4398327838656,42.7207103879619,2.99999999999576));
#9599=CARTESIAN_POINT('',(-23.4398327838656,42.7207103879619,-4.23585385205156E-12));
#9600=CARTESIAN_POINT('',(-20.1489362494847,42.7207103879619,2.99999999999576));
#9601=CARTESIAN_POINT('',(-20.1489362494847,42.7207103879619,2.99999999999576));
#9602=CARTESIAN_POINT('',(-20.1489362494847,42.7207103879619,-4.23585385205156E-12));
#9603=CARTESIAN_POINT('Origin',(-25.085281051056,45.5707103879619,-4.23585385205156E-12));
#9604=CARTESIAN_POINT('',(-25.085281051056,45.5707103879619,3.19999999999577));
#9605=CARTESIAN_POINT('',(-25.085281051056,45.5707103879619,-4.23585385205156E-12));
#9606=CARTESIAN_POINT('',(-24.1032082431645,43.8697103879619,3.19999999999577));
#9607=CARTESIAN_POINT('',(-23.4398327838656,42.7207103879619,3.19999999999577));
#9608=CARTESIAN_POINT('',(-24.1032082431645,43.8697103879619,2.99999999999577));
#9609=CARTESIAN_POINT('',(-24.1032082431645,43.8697103879619,2.99999999999577));
#9610=CARTESIAN_POINT('',(-23.4398327838656,42.7207103879619,2.99999999999576));
#9611=CARTESIAN_POINT('Origin',(-23.4398327838656,48.4207103879618,-4.23585385205156E-12));
#9612=CARTESIAN_POINT('',(-23.4398327838656,48.4207103879618,2.99999999999576));
#9613=CARTESIAN_POINT('',(-23.4398327838656,48.4207103879618,-4.23585385205156E-12));
#9614=CARTESIAN_POINT('',(-24.1032082431644,47.2717103879619,2.99999999999577));
#9615=CARTESIAN_POINT('',(-25.085281051056,45.5707103879619,2.99999999999576));
#9616=CARTESIAN_POINT('',(-24.1032082431644,47.2717103879619,3.19999999999577));
#9617=CARTESIAN_POINT('',(-24.1032082431644,47.2717103879619,2.99999999999577));
#9618=CARTESIAN_POINT('',(-25.085281051056,45.5707103879619,3.19999999999577));
#9619=CARTESIAN_POINT('Origin',(-32.3770657111927,22.7342786285307,22.5999821903151));
#9620=CARTESIAN_POINT('',(-31.3770657111927,22.7342786285307,22.5999821903151));
#9621=CARTESIAN_POINT('',(-30.3770657111927,23.7342786285306,22.5999821903151));
#9622=CARTESIAN_POINT('Origin',(-30.3770657111927,22.7342786285307,22.5999821903151));
#9623=CARTESIAN_POINT('',(-30.6450149036238,23.7342786285306,21.5999821903151));
#9624=CARTESIAN_POINT('Origin',(-32.3770657111927,23.7342786285306,22.5999821903151));
#9625=CARTESIAN_POINT('',(-32.3770657111927,22.7342786285307,21.5999821903151));
#9626=CARTESIAN_POINT('Ctrl Pts',(-32.3770657111927,22.7342786285307,21.5999821903151));
#9627=CARTESIAN_POINT('Ctrl Pts',(-32.0999674891117,23.0113768506117,21.5999821903151));
#9628=CARTESIAN_POINT('Ctrl Pts',(-31.7618424389887,23.3381913447194,21.5999821903151));
#9629=CARTESIAN_POINT('Ctrl Pts',(-31.1923352380419,23.6447066286329,21.5999821903151));
#9630=CARTESIAN_POINT('Ctrl Pts',(-30.8998923254994,23.7342786285307,21.5999821903151));
#9631=CARTESIAN_POINT('Ctrl Pts',(-30.6450149036239,23.7342786285307,21.5999821903151));
#9632=CARTESIAN_POINT('Origin',(-32.3770657111927,22.7342786285307,22.5999821903151));
#9633=CARTESIAN_POINT('Origin',(-30.3770657111927,22.7342786285306,12.0499832145487));
#9634=CARTESIAN_POINT('',(-31.3770657111927,22.7342786285306,31.1499811645487));
#9635=CARTESIAN_POINT('',(-30.3770657111927,23.7342786285306,31.1499811645487));
#9636=CARTESIAN_POINT('Origin',(-30.3770657111927,22.7342786285306,31.1499811645487));
#9637=CARTESIAN_POINT('',(-30.3770657111927,23.7342786285306,12.0499832145487));
#9638=CARTESIAN_POINT('',(-31.3770657111927,22.7342786285306,12.0499832145487));
#9639=CARTESIAN_POINT('Origin',(-6.37706571119277,23.7342786285306,12.0499832145487));
#9640=CARTESIAN_POINT('',(-7.37706571120414,23.7342786285306,31.1499811645487));
#9641=CARTESIAN_POINT('',(-6.37706571119277,23.7342786285306,31.1499811645487));
#9642=CARTESIAN_POINT('',(-7.37706571118919,23.7342786285306,6.02499169339132));
#9643=CARTESIAN_POINT('',(-26.3770657111927,23.7342786285306,9.0499832145486));
#9644=CARTESIAN_POINT('Origin',(-23.3770657111927,23.7342786285306,9.04998321454861));
#9645=CARTESIAN_POINT('',(-26.3770657111927,23.7342786285306,21.5999827021984));
#9646=CARTESIAN_POINT('',(-26.3770657111927,23.7342786285306,12.0499832145487));
#9647=CARTESIAN_POINT('',(-14.4106136211302,23.7342786285306,21.5999821903151));
#9648=CARTESIAN_POINT('Origin',(-18.8770657111927,21.3842786285306,31.1499811645487));
#9649=CARTESIAN_POINT('',(-31.3770657111927,19.8842786285306,31.1499811645487));
#9650=CARTESIAN_POINT('',(-31.3770657111927,23.8842786285306,31.1499811645487));
#9651=CARTESIAN_POINT('',(-30.3770657111927,18.8842786285306,31.1499811645487));
#9652=CARTESIAN_POINT('Origin',(-30.3770657111927,19.8842786285306,31.1499811645487));
#9653=CARTESIAN_POINT('',(-7.37706571120415,18.8842786285306,31.1499811645487));
#9654=CARTESIAN_POINT('',(-6.37706571119279,18.8842786285306,31.1499811645487));
#9655=CARTESIAN_POINT('',(-6.37706571119278,19.8842786285306,31.1499811645487));
#9656=CARTESIAN_POINT('Origin',(-7.37706571120415,19.8842786285306,31.1499811645555));
#9657=CARTESIAN_POINT('',(-6.37706571119277,22.7342786285306,31.1499811645487));
#9658=CARTESIAN_POINT('',(-6.37706571119286,-1.42071913759226,31.1499811645487));
#9659=CARTESIAN_POINT('Origin',(-7.37706571120414,22.7342786285306,31.1499811645555));
#9660=CARTESIAN_POINT('Origin',(-7.37706571118919,22.7342786285306,6.02499169339132));
#9661=CARTESIAN_POINT('',(-6.37706571118861,22.7342786285306,5.04998321454922));
#9662=CARTESIAN_POINT('',(-6.37706571118919,22.7342786285306,6.02499169339192));
#9663=CARTESIAN_POINT('Origin',(-7.37706571118861,22.7342786285306,5.04998321454862));
#9664=CARTESIAN_POINT('Origin',(-31.3770657111927,23.8842786285306,12.0499832145487));
#9665=CARTESIAN_POINT('',(-31.3770657111927,19.8842786285306,22.5999821903151));
#9666=CARTESIAN_POINT('',(-31.3770657111927,34.802493677024,22.599982190315));
#9667=CARTESIAN_POINT('',(-31.3770657111927,19.8842786285306,12.0499832145487));
#9668=CARTESIAN_POINT('Origin',(-32.3770657111927,34.802493677024,22.599982190315));
#9669=CARTESIAN_POINT('',(-32.3770657111927,19.8842786285306,21.5999821903151));
#9670=CARTESIAN_POINT('',(-32.3770657111927,34.802493677024,21.599982190315));
#9671=CARTESIAN_POINT('Origin',(-32.3770657111927,19.8842786285306,22.5999821903151));
#9672=CARTESIAN_POINT('Origin',(-7.37706571118864,13.5499950258408,5.04998321454872));
#9673=CARTESIAN_POINT('',(-6.37706571118854,43.8842786285236,5.04998321454899));
#9674=CARTESIAN_POINT('',(-6.37706571118864,13.5499950258408,5.04998321454932));
#9675=CARTESIAN_POINT('Origin',(-7.37706571118854,43.8842786285236,5.04998321454839));
#9676=CARTESIAN_POINT('Origin',(-22.4441615310676,45.7207087255173,21.5999821903148));
#9677=CARTESIAN_POINT('',(-33.3760650513603,18.8842786285306,21.5999827021983));
#9678=CARTESIAN_POINT('',(-32.1091165187616,18.8842786285306,21.5999825317262));
#9679=CARTESIAN_POINT('',(-6.37706571119279,18.8842786285306,21.5999832145487));
#9680=CARTESIAN_POINT('Origin',(-30.3770657111927,19.8842786285306,21.5999821903151));
#9681=CARTESIAN_POINT('',(-26.3770657111927,42.8842786285236,21.5999832140811));
#9682=CARTESIAN_POINT('',(-26.3770657111927,42.8842786285236,21.5999832145487));
#9683=CARTESIAN_POINT('',(-7.37706571119839,42.8842786285236,21.5999827022028));
#9684=CARTESIAN_POINT('',(-6.3770657111927,42.8842786285236,21.5999832145487));
#9685=CARTESIAN_POINT('',(-6.37706571119649,43.8842786285236,21.5999827022028));
#9686=CARTESIAN_POINT('Origin',(-7.37706571119839,43.8842786285236,21.5999821903238));
#9687=CARTESIAN_POINT('',(-6.37706571119651,46.020710387962,21.5999827022012));
#9688=CARTESIAN_POINT('',(-6.37706571119286,-1.42071913759226,21.5999832145487));
#9689=CARTESIAN_POINT('',(-10.3770657111984,50.0207103879626,21.5999821903148));
#9690=CARTESIAN_POINT('Origin',(-10.3770657111984,46.020710387962,21.599982190322));
#9691=CARTESIAN_POINT('',(-24.1375854532189,50.0207103879626,21.5999821903148));
#9692=CARTESIAN_POINT('',(-24.1375854532189,50.0207103879626,21.5999821903148));
#9693=CARTESIAN_POINT('',(-28.0012887583724,47.05598656837,21.5999827021976));
#9694=CARTESIAN_POINT('Origin',(-24.1375854532189,46.020710387963,21.5999821903148));
#9695=CARTESIAN_POINT('',(-34.0353233142529,24.5366630311591,21.5999832140811));
#9696=CARTESIAN_POINT('',(-29.1093326713919,42.9207103879624,21.5999832145487));
#9697=CARTESIAN_POINT('',(-34.3760650513608,21.9484725801363,21.5999832140811));
#9698=CARTESIAN_POINT('Origin',(-24.3760650513611,21.9484725801388,21.5999832145487));
#9699=CARTESIAN_POINT('',(-34.3760650513603,19.8842786285304,21.5999827021983));
#9700=CARTESIAN_POINT('',(-34.3760650513608,21.9484725801363,21.5999832145487));
#9701=CARTESIAN_POINT('Origin',(-33.3760650513603,19.8842786285306,21.5999821903148));
#9702=CARTESIAN_POINT('',(-21.7943845166879,47.2707103879626,21.5999821903158));
#9703=CARTESIAN_POINT('Origin',(-21.7943845166838,45.570710387963,21.5999821903148));
#9704=CARTESIAN_POINT('Origin',(-6.3770657111856,22.720710387965,1.72235177231528E-7));
#9705=CARTESIAN_POINT('',(-6.37706571119219,19.8842786285306,11.0499832145492));
#9706=CARTESIAN_POINT('',(-6.3770657111892,19.8842786285306,6.02499169340025));
#9707=CARTESIAN_POINT('',(-6.37706587366465,-1.42071913759202,11.0499832145495));
#9708=CARTESIAN_POINT('',(-6.37706571119221,13.5499950258409,11.0499832145493));
#9709=CARTESIAN_POINT('',(-6.37706590016423,-1.42071916410748,0.399999973483124));
#9710=CARTESIAN_POINT('',(-6.37706619860943,-1.4207191375922,10.8000052115437));
#9711=CARTESIAN_POINT('',(-6.37706571118583,46.0207103879616,0.399999999995703));
#9712=CARTESIAN_POINT('',(-6.37706571118593,18.8000043652776,0.399999999996222));
#9713=CARTESIAN_POINT('',(-6.37706571118559,46.0207103879616,-4.25975796407266E-7));
#9714=CARTESIAN_POINT('',(-6.37706571118912,43.8842786285236,6.02499169339869));
#9715=CARTESIAN_POINT('Origin',(-23.495384516677,47.2717103879619,3.1999999999958));
#9716=CARTESIAN_POINT('',(-23.495384516677,47.2717103879619,3.1999999999958));
#9717=CARTESIAN_POINT('',(-23.495384516677,43.8697103879619,3.1999999999958));
#9718=CARTESIAN_POINT('',(-23.495384516677,46.4212103879619,3.19999999999577));
#9719=CARTESIAN_POINT('',(-23.495384516677,47.2717103879619,3.3999999999958));
#9720=CARTESIAN_POINT('',(-23.495384516677,47.2717103879619,3.1999999999958));
#9721=CARTESIAN_POINT('',(-23.495384516677,43.8697103879619,3.3999999999958));
#9722=CARTESIAN_POINT('',(-23.495384516677,47.2717103879619,3.3999999999958));
#9723=CARTESIAN_POINT('',(-23.495384516677,43.8697103879619,3.1999999999958));
#9724=CARTESIAN_POINT('Origin',(-20.093384516677,43.8697103879619,3.1999999999958));
#9725=CARTESIAN_POINT('',(-20.093384516677,43.8697103879619,3.1999999999958));
#9726=CARTESIAN_POINT('',(-20.093384516677,47.2717103879619,3.1999999999958));
#9727=CARTESIAN_POINT('',(-20.093384516677,44.7202103879619,3.19999999999577));
#9728=CARTESIAN_POINT('',(-20.093384516677,43.8697103879619,3.3999999999958));
#9729=CARTESIAN_POINT('',(-20.093384516677,43.8697103879619,3.1999999999958));
#9730=CARTESIAN_POINT('',(-20.093384516677,47.2717103879619,3.3999999999958));
#9731=CARTESIAN_POINT('',(-20.093384516677,47.2717103879619,3.3999999999958));
#9732=CARTESIAN_POINT('',(-20.093384516677,47.2717103879619,3.1999999999958));
#9733=CARTESIAN_POINT('Origin',(-21.794384516677,45.5707103879619,3.3999999999958));
#9734=CARTESIAN_POINT('',(-19.4855607901858,43.8697103879619,3.3999999999958));
#9735=CARTESIAN_POINT('',(-24.1032082431644,47.2717103879619,3.3999999999958));
#9736=CARTESIAN_POINT('',(-21.7943845166771,47.270710387962,3.39999999999577));
#9737=CARTESIAN_POINT('Origin',(-21.7943845166771,45.570710387962,3.3999999999958));
#9738=CARTESIAN_POINT('Origin',(-21.7943845166752,45.5707103879619,3.19999999999577));
#9739=CARTESIAN_POINT('',(-24.1032082431645,43.8697103879619,3.19999999999577));
#9740=CARTESIAN_POINT('',(-24.1032082431644,47.2717103879619,3.19999999999577));
#9741=CARTESIAN_POINT('Origin',(-19.4855607901859,47.2717103879619,2.99999999999577));
#9742=CARTESIAN_POINT('',(-19.4855607901859,47.2717103879619,2.99999999999577));
#9743=CARTESIAN_POINT('',(-20.6399726534305,47.2717103879619,2.99999999999576));
#9744=CARTESIAN_POINT('',(-19.4855607901859,47.2717103879619,3.19999999999577));
#9745=CARTESIAN_POINT('',(-19.4855607901859,47.2717103879619,2.99999999999577));
#9746=CARTESIAN_POINT('',(-24.1032082431644,47.2717103879619,3.19999999999577));
#9747=CARTESIAN_POINT('Origin',(-24.1032082431645,43.8697103879619,2.99999999999577));
#9748=CARTESIAN_POINT('',(-19.4855607901858,43.8697103879619,2.99999999999577));
#9749=CARTESIAN_POINT('',(-22.9487963799198,43.8697103879619,2.99999999999576));
#9750=CARTESIAN_POINT('',(-19.4855607901858,43.8697103879619,3.19999999999577));
#9751=CARTESIAN_POINT('',(-24.1032082431645,43.8697103879619,3.19999999999577));
#9752=CARTESIAN_POINT('',(-19.4855607901858,43.8697103879619,2.99999999999577));
#9753=CARTESIAN_POINT('Origin',(-21.7943845166752,45.5707103879619,3.19999999999577));
#9754=CARTESIAN_POINT('',(-18.5034879822943,45.5707103879619,3.19999999999577));
#9755=CARTESIAN_POINT('',(-20.1489362494847,48.4207103879618,3.19999999999577));
#9756=CARTESIAN_POINT('',(-18.5034879822943,45.5707103879619,3.19999999999577));
#9757=CARTESIAN_POINT('Origin',(-21.7943845166752,45.5707103879619,2.99999999999576));
#9758=CARTESIAN_POINT('',(-20.1489362494847,48.4207103879618,2.99999999999576));
#9759=CARTESIAN_POINT('',(-23.4398327838656,48.4207103879618,2.99999999999576));
#9760=CARTESIAN_POINT('',(-20.1489362494847,48.4207103879618,2.99999999999576));
#9761=CARTESIAN_POINT('Origin',(-21.7943845166752,45.5707103879619,2.99999999999576));
#9762=CARTESIAN_POINT('',(-18.5034879822943,45.5707103879619,2.99999999999576));
#9763=CARTESIAN_POINT('Origin',(-20.1489362494847,48.4207103879618,-4.23585385205156E-12));
#9764=CARTESIAN_POINT('',(-20.1489362494847,48.4207103879618,-4.23585385205156E-12));
#9765=CARTESIAN_POINT('Origin',(-18.5034879822943,45.5707103879619,-4.23585385205156E-12));
#9766=CARTESIAN_POINT('',(-18.5034879822943,45.5707103879619,-4.23585385205156E-12));
#9767=CARTESIAN_POINT('Origin',(-20.1489362494847,42.7207103879619,-4.23585385205156E-12));
#9768=CARTESIAN_POINT('Origin',(5.76147098208737,-1.6207191375916,0.199999999999907));
#9769=CARTESIAN_POINT('',(-3.66381040856708,1.29253616502573,3.11325530261751));
#9770=CARTESIAN_POINT('',(-5.07705442057076,-1.42071913759211,0.399999999999903));
#9771=CARTESIAN_POINT('',(5.76147098208737,-1.4207191375916,0.399999999999903));
#9772=CARTESIAN_POINT('',(-5.07705442057074,-1.82071913759212,-7.105427357601E-14));
#9773=CARTESIAN_POINT('Origin',(-34.3760650513602,18.8842786285306,12.0499832145487));
#9774=CARTESIAN_POINT('',(-7.37706571119278,18.8842786285306,12.0499832145487));
#9775=CARTESIAN_POINT('',(-7.3770657111892,18.8842786285306,6.02499169339966));
#9776=CARTESIAN_POINT('',(-30.3770657111927,18.8842786285306,22.5999821903148));
#9777=CARTESIAN_POINT('',(-30.3770657111927,18.8842786285306,12.0499832145487));
#9778=CARTESIAN_POINT('Ctrl Pts',(-32.1091165187616,18.8842786285306,21.5999821903148));
#9779=CARTESIAN_POINT('Ctrl Pts',(-31.854239096886,18.8842786285306,21.5999821903148));
#9780=CARTESIAN_POINT('Ctrl Pts',(-31.5617961843436,18.8842786285306,21.6895541902126));
#9781=CARTESIAN_POINT('Ctrl Pts',(-30.9922889833967,18.8842786285306,21.9960694741261));
#9782=CARTESIAN_POINT('Ctrl Pts',(-30.6541639332737,18.8842786285306,22.3228839682339));
#9783=CARTESIAN_POINT('Ctrl Pts',(-30.3770657111927,18.8842786285306,22.5999821903148));
#9784=CARTESIAN_POINT('',(-33.3760650513603,18.8842786285306,12.0499832145487));
#9785=CARTESIAN_POINT('',(-33.3760650513603,18.8842786285306,16.8249908947623));
#9786=CARTESIAN_POINT('',(-21.2620654595353,18.8842786285306,12.0499832145487));
#9787=CARTESIAN_POINT('Origin',(-30.3770657111927,19.8842786285306,22.5999821903148));
#9788=CARTESIAN_POINT('Origin',(-30.3770657111927,19.8842786285306,22.5999821903148));
#9789=CARTESIAN_POINT('Origin',(-30.3770657111927,19.8842786285306,12.0499832145487));
#9790=CARTESIAN_POINT('Origin',(-7.37706571119221,13.5499950258409,11.0499832145487));
#9791=CARTESIAN_POINT('Origin',(-7.37706571119219,19.8842786285306,11.0499832145487));
#9792=CARTESIAN_POINT('',(-7.37706571119226,-1.42071913759218,12.0499832145489));
#9793=CARTESIAN_POINT('',(-7.37706571119221,13.5499950258409,12.0499832145487));
#9794=CARTESIAN_POINT('Origin',(-7.37706571119226,-1.42071913759178,11.0499832145489));
#9795=CARTESIAN_POINT('Origin',(-8.14806586771042,4.3792796637167,12.0499832145488));
#9796=CARTESIAN_POINT('',(-33.3760650513563,3.652327032898,12.0499832145487));
#9797=CARTESIAN_POINT('',(-33.3760650513542,-4.52071886989965,12.0499832145489));
#9798=CARTESIAN_POINT('',(-32.3760650513559,3.92027622532628,12.0499832145488));
#9799=CARTESIAN_POINT('Origin',(-32.3760650513558,1.92027622532938,12.0499832145488));
#9800=CARTESIAN_POINT('',(-24.3480658677107,3.92027622532978,12.0499832145488));
#9801=CARTESIAN_POINT('',(-4.07403293385537,3.92027622533337,12.0499832145488));
#9802=CARTESIAN_POINT('',(-24.3480658677084,-5.42072009580971,12.0499832145489));
#9803=CARTESIAN_POINT('',(-24.3480658677108,4.37927978395099,12.0499832145488));
#9804=CARTESIAN_POINT('',(-8.1480658677093,-5.42072009580568,12.0499832145489));
#9805=CARTESIAN_POINT('',(-13.687312801835,-5.42072009580706,12.0499832145489));
#9806=CARTESIAN_POINT('',(-8.14806586771029,-1.42071913759221,12.0499832145489));
#9807=CARTESIAN_POINT('',(-8.14806586771123,2.37927978395551,12.0499832145488));
#9808=CARTESIAN_POINT('',(-4.07402947763189,-1.42071913759201,12.0499832145489));
#9809=CARTESIAN_POINT('Origin',(-33.3760650513542,-4.52071886989966,11.0499832145489));
#9810=CARTESIAN_POINT('',(-34.3760650513558,1.9202762253289,11.0499832145488));
#9811=CARTESIAN_POINT('Ctrl Pts',(-33.3760650513562,3.65232703289801,12.0499832145488));
#9812=CARTESIAN_POINT('Ctrl Pts',(-33.5069523005645,3.5767592443341,12.0499832145488));
#9813=CARTESIAN_POINT('Ctrl Pts',(-33.63655509349,3.48086307145892,12.0231450203928));
#9814=CARTESIAN_POINT('Ctrl Pts',(-33.8629904885368,3.26687155168574,11.931914425586));
#9815=CARTESIAN_POINT('Ctrl Pts',(-33.9600636953581,3.14884054155683,11.8679690170366));
#9816=CARTESIAN_POINT('Ctrl Pts',(-34.1469159511855,2.87093367447841,11.7039350426098));
#9817=CARTESIAN_POINT('Ctrl Pts',(-34.2356978493129,2.68319883341158,11.5806528138493));
#9818=CARTESIAN_POINT('Ctrl Pts',(-34.350213753475,2.29845808646718,11.3175901400071));
#9819=CARTESIAN_POINT('Ctrl Pts',(-34.3760650513559,2.10134472474839,11.1780179783476));
#9820=CARTESIAN_POINT('Ctrl Pts',(-34.3760650513558,1.9202762253289,11.0499832145488));
#9821=CARTESIAN_POINT('',(-34.3760650513603,19.8842786285304,11.0499832145486));
#9822=CARTESIAN_POINT('Origin',(-33.3760650513603,19.8842786285306,11.0499832145486));
#9823=CARTESIAN_POINT('',(-34.3760650513542,-4.52071886989991,11.0499832145489));
#9824=CARTESIAN_POINT('Origin',(-33.3760650513603,19.8842786285306,16.8249908947623));
#9825=CARTESIAN_POINT('',(-34.3760650513603,19.8842786285304,16.8249908947623));
#9826=CARTESIAN_POINT('Origin',(-34.376065051352,-13.4207174035099,21.5999985749758));
#9827=CARTESIAN_POINT('',(-34.3760650513608,21.9484725801362,0.399999999979874));
#9828=CARTESIAN_POINT('',(-34.3760650513608,21.9484725801363,12.0499832145487));
#9829=CARTESIAN_POINT('',(-34.3760650513483,-29.0207101474872,0.399999999999578));
#9830=CARTESIAN_POINT('',(-34.3760650513529,-9.92071162660088,0.399999999979532));
#9831=CARTESIAN_POINT('',(-34.3760650513482,-29.0207101474873,12.4000013702829));
#9832=CARTESIAN_POINT('',(-34.3760650513483,-29.0207101474875,21.5999985749758));
#9833=CARTESIAN_POINT('',(-34.3760650513532,-8.82071206097947,12.400001370286));
#9834=CARTESIAN_POINT('',(-34.3760650513513,-16.4207164498336,12.4000013698209));
#9835=CARTESIAN_POINT('',(-34.3760650513532,-8.82071206098496,21.5999999999989));
#9836=CARTESIAN_POINT('',(-34.3760650513532,-8.82071206098235,17.2244986975339));
#9837=CARTESIAN_POINT('',(-34.3760650513566,1.92027622532868,21.599999999999));
#9838=CARTESIAN_POINT('',(-34.3760650513537,-9.53535858151946,21.5999999999989));
#9839=CARTESIAN_POINT('',(-34.3760650513558,1.9202762253289,10.999999287488));
#9840=CARTESIAN_POINT('Origin',(-7.3770657111892,19.8842786285306,6.02499169339966));
#9841=CARTESIAN_POINT('Origin',(-7.37706571118912,43.8842786285236,6.02499169339809));
#9842=CARTESIAN_POINT('',(-7.37706571118912,42.8842786285236,6.02499169339809));
#9843=CARTESIAN_POINT('Origin',(-23.3770657111927,14.1317791461236,9.04998321454871));
#9844=CARTESIAN_POINT('',(-26.3770657111927,42.8842786285236,9.0499832145484));
#9845=CARTESIAN_POINT('Origin',(-23.3770657111927,42.8842786285236,9.0499832145484));
#9846=CARTESIAN_POINT('',(-26.3770657111927,14.1317791461236,9.04998321454871));
#9847=CARTESIAN_POINT('Origin',(-26.3770657111927,23.8842786285306,12.0499832145487));
#9848=CARTESIAN_POINT('',(-26.3770657111927,42.8842786285236,12.0499832145487));
#9849=CARTESIAN_POINT('Origin',(-29.1190945319124,42.8842786285236,12.0499832145487));
#9850=CARTESIAN_POINT('Origin',(6.91244635753208E-6,-1.42071913759181,10.8000061999269));
#9851=CARTESIAN_POINT('',(-5.94806586771028,-1.42071913759212,14.2499832145489));
#9852=CARTESIAN_POINT('Origin',(-8.14806586771029,-1.4207191375938,14.2499832145489));
#9853=CARTESIAN_POINT('',(-5.94806586771027,-1.42071913759213,21.5999999999999));
#9854=CARTESIAN_POINT('',(-5.94806586771027,-1.42071913759212,12.5250021539849));
#9855=CARTESIAN_POINT('',(-5.07705442057076,-1.42071913759213,21.5999999999999));
#9856=CARTESIAN_POINT('',(-0.00220014531838508,-1.42071913759182,21.5999999999999));
#9857=CARTESIAN_POINT('',(-5.07705442057076,-1.42071913759213,26.2000023874509));
#9858=CARTESIAN_POINT('Origin',(-30.417813713961,38.037392656344,26.3750008521998));
#9859=CARTESIAN_POINT('',(-28.001288758375,47.0559865683703,0.400000000000476));
#9860=CARTESIAN_POINT('',(-28.001288758375,47.0559865683706,13.1874999139998));
#9861=CARTESIAN_POINT('',(-34.0353233142528,24.536663031159,0.399999999998646));
#9862=CARTESIAN_POINT('',(-34.5703273069941,22.5400009479922,0.400000000000212));
#9863=CARTESIAN_POINT('',(-34.0353233142529,24.5366630311591,12.0499832145487));
#9864=CARTESIAN_POINT('Origin',(-32.3760650513558,1.9202762253294,10.999999287488));
#9865=CARTESIAN_POINT('',(-32.3760650513559,3.92027622532609,21.5999999999999));
#9866=CARTESIAN_POINT('Origin',(-32.3760650513558,1.92027622532918,21.6));
#9867=CARTESIAN_POINT('',(-32.3760650513559,3.9202762253294,10.9999992874881));
#9868=CARTESIAN_POINT('Origin',(-8.14806586771123,2.37927978395553,14.2499832145488));
#9869=CARTESIAN_POINT('',(-5.94806586770929,-5.42072009580508,14.2499832145489));
#9870=CARTESIAN_POINT('Origin',(-8.1480658677093,-5.42072009580588,14.2499832145489));
#9871=CARTESIAN_POINT('',(-5.94806586771123,2.37927978395608,14.2499832145488));
#9872=CARTESIAN_POINT('Origin',(-5.94806586771074,0.379279904194885,14.2499981080419));
#9873=CARTESIAN_POINT('',(-5.9480658677093,-5.42072009580523,21.5999999999989));
#9874=CARTESIAN_POINT('',(-5.9480658677093,-5.42072009580512,17.9249986977739));
#9875=CARTESIAN_POINT('',(-5.94806586770997,-2.63535992766433,21.5999999999999));
#9876=CARTESIAN_POINT('Origin',(-19.226559735962,-5.42072009580855,21.5999992875059));
#9877=CARTESIAN_POINT('',(-26.5480658677101,-5.42072009581023,14.2499832145489));
#9878=CARTESIAN_POINT('Origin',(-24.3480658677084,-5.42072009580991,14.2499832145489));
#9879=CARTESIAN_POINT('',(-26.5480658677101,-5.42072009581037,21.5999999999989));
#9880=CARTESIAN_POINT('',(-26.5480658677101,-5.42072009581037,25.2750038669049));
#9881=CARTESIAN_POINT('',(-9.61548346952296,-5.42072009580613,21.5999999999989));
#9882=CARTESIAN_POINT('',(-8.92705268019701,-5.42072009580594,16.3499981080396));
#9883=CARTESIAN_POINT('',(-10.627052680197,-5.42072009580635,14.6499981080399));
#9884=CARTESIAN_POINT('Origin',(-10.627052680197,-5.42072009580498,16.3499981080396));
#9885=CARTESIAN_POINT('',(-8.92705268019701,-5.42072009580592,16.3927808633909));
#9886=CARTESIAN_POINT('',(-8.92705268019701,-5.42072009580592,15.3249991746519));
#9887=CARTESIAN_POINT('',(-10.2480658677102,-5.42072009580622,18.0499981080399));
#9888=CARTESIAN_POINT('Origin',(-10.627052680197,-5.42072009580804,16.3927808633909));
#9889=CARTESIAN_POINT('',(-22.2480658677101,-5.42072009580924,18.0499981080399));
#9890=CARTESIAN_POINT('',(-21.7511141854232,-5.42072009580914,18.0499981080399));
#9891=CARTESIAN_POINT('',(-22.2480658677101,-5.42072009580924,14.6499981080399));
#9892=CARTESIAN_POINT('Origin',(-22.2480658677101,-5.42072009580924,16.3499981080399));
#9893=CARTESIAN_POINT('',(-13.7373128018366,-5.42072009580712,14.6499981080399));
#9894=CARTESIAN_POINT('Origin',(-24.3480658677108,4.37927978395101,14.2499832145488));
#9895=CARTESIAN_POINT('',(-26.5480658677115,3.92027622532768,14.2499832145488));
#9896=CARTESIAN_POINT('Origin',(-24.3480658677107,3.9202762253287,14.2499832145488));
#9897=CARTESIAN_POINT('',(-26.5480658677108,4.37927978395047,14.2499832145488));
#9898=CARTESIAN_POINT('Origin',(-26.5480658677108,4.37927990418894,28.9500084463039));
#9899=CARTESIAN_POINT('',(-26.5480658677115,3.92027622532755,21.5999999999999));
#9900=CARTESIAN_POINT('',(-26.5480658677116,3.92027622532734,30.0500083601839));
#9901=CARTESIAN_POINT('',(-26.5480658677115,-2.63535992766876,21.5999999999999));
#9902=CARTESIAN_POINT('Origin',(-16.9570661986099,3.92027622533039,0.399999999999903));
#9903=CARTESIAN_POINT('',(-9.26087001413108,3.92027622533187,21.5999999999999));
#9904=CARTESIAN_POINT('Origin',(-15.8125601441403,-21.0207096950377,10.9999999999999));
#9905=CARTESIAN_POINT('',(-13.6770649482771,-21.0207093591995,12.4000021875567));
#9906=CARTESIAN_POINT('',(-13.6770649482802,-21.0207093558675,2.0000000080569));
#9907=CARTESIAN_POINT('',(-13.6770649482768,-21.0207096950376,7.04999906179789));
#9908=CARTESIAN_POINT('',(-16.5760648674559,-21.0207093558668,2.00000000806219));
#9909=CARTESIAN_POINT('',(-2.14481254620545,-21.020709695037,1.99999999999889));
#9910=CARTESIAN_POINT('',(-16.5760648674497,-21.0207093591825,12.4000023818729));
#9911=CARTESIAN_POINT('',(-16.5760648674323,-21.0207090233617,41.5999995992249));
#9912=CARTESIAN_POINT('',(-7.90183270802536,-21.0207096950365,12.4000023818729));
#9913=CARTESIAN_POINT('Origin',(-23.5760648674323,-10.820712060979,41.5999995992289));
#9914=CARTESIAN_POINT('',(-13.677064948276,-10.8207120609784,12.400002381376));
#9915=CARTESIAN_POINT('',(-13.6770649482801,-10.8207120609781,2.0000000000269));
#9916=CARTESIAN_POINT('',(-13.6770649482565,-10.820712060979,41.5999995992229));
#9917=CARTESIAN_POINT('',(-16.5760648674497,-10.8207120609783,12.4000023818729));
#9918=CARTESIAN_POINT('',(-13.2263388016429,-10.8207120609783,12.4000023818729));
#9919=CARTESIAN_POINT('',(-16.5760648674559,-10.8207120609781,1.9999999999999));
#9920=CARTESIAN_POINT('',(-16.5760648674323,-10.820712060979,41.5999995992249));
#9921=CARTESIAN_POINT('',(-6.02656490785182,-10.8207120609781,1.9999999999999));
#9922=CARTESIAN_POINT('Origin',(-10.627052680197,-5.62071582551272,16.3499981080394));
#9923=CARTESIAN_POINT('',(-10.6270526801968,-9.8207120609796,14.6499981080369));
#9924=CARTESIAN_POINT('',(-10.627052680197,-5.6207158255117,14.6499981080394));
#9925=CARTESIAN_POINT('',(-8.92705268019678,-9.82071206098066,16.3499981080369));
#9926=CARTESIAN_POINT('Origin',(-10.6270526801968,-9.82071206098055,16.3499981080369));
#9927=CARTESIAN_POINT('',(-8.927052680197,-5.62071582551263,16.3499981080394));
#9928=CARTESIAN_POINT('Origin',(-8.24806586770999,-9.82071318510432,14.6499981080369));
#9929=CARTESIAN_POINT('',(-22.248065867709,-9.82071149917397,14.6499981080389));
#9930=CARTESIAN_POINT('',(-22.2480658677101,-5.42071694868404,14.6499981080399));
#9931=CARTESIAN_POINT('',(-14.9270526801975,-9.82071206097981,14.6499981080369));
#9932=CARTESIAN_POINT('Origin',(-8.9270526801972,-1.42071846591552,9.04999906179791));
#9933=CARTESIAN_POINT('',(-8.92705268019678,-9.82071206098063,16.3927808633909));
#9934=CARTESIAN_POINT('',(-8.92705268019678,-9.82071206097743,10.9494989409409));
#9935=CARTESIAN_POINT('',(-8.92705268019699,-5.42071694868122,16.3927808633909));
#9936=CARTESIAN_POINT('Origin',(-20.4689620019018,-9.82071206097894,12.8489988200899));
#9937=CARTESIAN_POINT('',(-4.67706513527557,-9.82071206097669,12.4000020445223));
#9938=CARTESIAN_POINT('',(-33.3760650513532,-9.82071206098118,12.4000013702859));
#9939=CARTESIAN_POINT('',(-4.07705350113283,-9.82071206097802,12.4000013698209));
#9940=CARTESIAN_POINT('',(-4.0770544205689,-9.82071206097802,12.4921273486909));
#9941=CARTESIAN_POINT('Origin',(-4.67706513527561,-9.82071206097512,14.4000023818729));
#9942=CARTESIAN_POINT('',(-4.07705442056888,-9.82071206098363,21.5999999999989));
#9943=CARTESIAN_POINT('',(-4.0770544205689,-9.82071206099223,36.1999978263179));
#9944=CARTESIAN_POINT('',(-33.3760650513532,-9.82071206098476,21.5999999999989));
#9945=CARTESIAN_POINT('',(-10.2366846024928,-9.82071206098383,21.5999999999989));
#9946=CARTESIAN_POINT('',(-33.3760650513532,-9.82071206098206,17.2244986975339));
#9947=CARTESIAN_POINT('',(-22.248065867709,-9.82071149917488,18.0499981080389));
#9948=CARTESIAN_POINT('Origin',(-22.248065867709,-9.82071093685554,16.3499981080399));
#9949=CARTESIAN_POINT('',(-10.2480658685929,-9.82071206098052,18.0499981081389));
#9950=CARTESIAN_POINT('',(-21.8723153183926,-9.82071206098194,18.0499981080369));
#9951=CARTESIAN_POINT('Origin',(-10.6270526801968,-9.82071206097853,16.3927808633909));
#9952=CARTESIAN_POINT('Origin',(-2.8766127358534,-28.0207124284837,12.4000023818729));
#9953=CARTESIAN_POINT('',(-4.67706431276879,-23.5225221873821,12.4000023818729));
#9954=CARTESIAN_POINT('',(-4.67706431276879,-23.5207083516836,12.4000023818729));
#9955=CARTESIAN_POINT('',(-4.67706349026595,-12.9707137446375,12.4000023818729));
#9956=CARTESIAN_POINT('',(-4.6770651352726,-21.7207147557338,12.4000023818729));
#9957=CARTESIAN_POINT('Origin',(-33.3760650513532,-8.82071206097915,12.4000013698269));
#9958=CARTESIAN_POINT('',(-33.3760650513481,-30.0207101474869,12.4000013702829));
#9959=CARTESIAN_POINT('Origin',(-33.3760650513483,-29.0207101474869,12.4000013698209));
#9960=CARTESIAN_POINT('',(-31.9358628420934,-30.0207101474866,12.4000013702829));
#9961=CARTESIAN_POINT('',(7.57343493653539,-30.0207101474789,12.4000013698209));
#9962=CARTESIAN_POINT('',(-29.8145424985339,-29.1420304910458,12.4000013702828));
#9963=CARTESIAN_POINT('Origin',(-31.935862842094,-27.0207101474865,12.4000013698209));
#9964=CARTESIAN_POINT('',(-29.5760648674489,-28.9035528599607,12.4000013702828));
#9965=CARTESIAN_POINT('',(-14.7098948685861,-14.0373828610921,12.4000013698209));
#9966=CARTESIAN_POINT('',(-29.5760648674492,-27.6207091671866,12.4000019485771));
#9967=CARTESIAN_POINT('',(-29.5760648674499,-23.7207128218198,12.4000013698209));
#9968=CARTESIAN_POINT('',(-4.67706513527115,-27.6207090233589,12.4000023818729));
#9969=CARTESIAN_POINT('',(-4.78867758845639,-27.6207090233589,12.4000023818729));
#9970=CARTESIAN_POINT('',(-4.6770651352726,-21.7207147557338,12.4000023818729));
#9971=CARTESIAN_POINT('',(-19.5760648674496,-18.0207090233615,12.4000023818729));
#9972=CARTESIAN_POINT('Origin',(-16.5760648674496,-18.0207090233615,12.4000023818809));
#9973=CARTESIAN_POINT('',(-19.5760648674497,-13.8207120609783,12.4000023818729));
#9974=CARTESIAN_POINT('',(-19.5760648674496,-24.0207107259227,12.4000023818729));
#9975=CARTESIAN_POINT('Origin',(-16.5760648674497,-13.8207120609783,12.4000023818809));
#9976=CARTESIAN_POINT('',(-10.6770649482738,-13.8207120609783,12.400002381376));
#9977=CARTESIAN_POINT('Origin',(-13.6770649482739,-13.8207120609784,12.4000023818796));
#9978=CARTESIAN_POINT('',(-10.6770649482738,-18.0207090233613,12.4000023813759));
#9979=CARTESIAN_POINT('',(-10.6770649482738,-21.9207122447312,12.4000023818729));
#9980=CARTESIAN_POINT('Origin',(-13.6770649482738,-18.0207090233614,12.4000023818795));
#9981=CARTESIAN_POINT('Origin',(-33.3760650513483,-29.0207101474867,0.199999999999622));
#9982=CARTESIAN_POINT('',(-33.3760650513481,-30.0207101474868,0.399999999998872));
#9983=CARTESIAN_POINT('',(-33.3760650513481,-29.820710147487,0.199999999999193));
#9984=CARTESIAN_POINT('Origin',(-33.3760650513483,-29.0207101474867,0.399999999999578));
#9985=CARTESIAN_POINT('',(-34.3760650513483,-29.0207101474872,0.399999999999578));
#9986=CARTESIAN_POINT('Origin',(-34.1760650513531,-9.92071162660082,0.1999999999897));
#9987=CARTESIAN_POINT('',(-34.3760650513608,21.9484725801362,0.399999999979874));
#9988=CARTESIAN_POINT('Origin',(-24.3760650513608,21.9484725801387,0.199999999999419));
#9989=CARTESIAN_POINT('Origin',(-24.3760650513608,21.9484725801387,0.399999999998624));
#9990=CARTESIAN_POINT('',(-34.0353233142528,24.536663031159,0.399999999998646));
#9991=CARTESIAN_POINT('Origin',(-34.3771421417363,22.4882371389717,0.200000000000213));
#9992=CARTESIAN_POINT('',(-28.001288758375,47.0559865683703,0.400000000000476));
#9993=CARTESIAN_POINT('Origin',(-24.1375854532175,46.0207103879618,0.199999999998891));
#9994=CARTESIAN_POINT('',(-24.1375854532175,50.0207103879618,0.399999999985057));
#9995=CARTESIAN_POINT('',(-24.1375854532152,49.8207103879536,0.199999999977078));
#9996=CARTESIAN_POINT('Origin',(-24.1375854532175,46.0207103879618,0.399999999997311));
#9997=CARTESIAN_POINT('Origin',(19.4345850036252,49.8207103879616,0.200000000010997));
#9998=CARTESIAN_POINT('',(-10.3770657111858,50.0207103879616,0.399999999993274));
#9999=CARTESIAN_POINT('',(19.4345850036251,50.0207103879616,0.400000000010994));
#10000=CARTESIAN_POINT('',(-10.3770657111858,50.0207103879616,0.399999999993274));
#10001=CARTESIAN_POINT('Origin',(-24.1375854532175,46.0207103879621,13.1874999139998));
#10002=CARTESIAN_POINT('',(-24.1375854532175,50.0207103879621,13.1874999139998));
#10003=CARTESIAN_POINT('Origin',(-24.3760650513608,21.9484725801391,23.9874997135877));
#10004=CARTESIAN_POINT('Origin',(-33.3760650513483,-29.020710147487,21.5999985749759));
#10005=CARTESIAN_POINT('',(-33.3760650513481,-30.020710147487,21.5999985749759));
#10006=CARTESIAN_POINT('Origin',(-17.0583412334149,34.5842786285238,12.0499832145486));
#10007=CARTESIAN_POINT('Origin',(-17.0583412337185,25.5842786285307,12.0499832145486));
#10008=CARTESIAN_POINT('Origin',(-6.57706571118581,-1.19999563472245,0.199999999996104));
#10009=CARTESIAN_POINT('',(-6.57706571118556,46.0207103879616,0.199999999995742));
#10010=CARTESIAN_POINT('Origin',(-10.3770657111857,46.0207103879616,0.199999999993337));
#10011=CARTESIAN_POINT('Origin',(-10.3770657111858,46.0207103879616,0.39999999999335));
#10012=CARTESIAN_POINT('Origin',(-27.2068934051173,50.0207103879616,-1.0241991788007E-6));
#10013=CARTESIAN_POINT('',(-10.3770657111856,50.0207103879616,-4.25978253013048E-7));
#10014=CARTESIAN_POINT('Origin',(-10.3770657111856,46.0207103879616,-4.25978176725431E-7));
#10015=CARTESIAN_POINT('Origin',(-21.7943845166937,45.5707103879625,31.1499907705448));
#10016=CARTESIAN_POINT('',(-21.7943845166937,47.2707103879625,31.1499907705448));
#10017=CARTESIAN_POINT('Origin',(-0.00440720308309217,-1.64999975952272,
21.5999999999999));
#10018=CARTESIAN_POINT('Origin',(-33.3760650513532,-8.82071206098477,21.5999999999979));
#10019=CARTESIAN_POINT('',(-4.07705442057073,-2.42071913759183,21.5999999999999));
#10020=CARTESIAN_POINT('',(-4.07705442057034,-4.03535762783683,21.5999999999989));
#10021=CARTESIAN_POINT('Origin',(-5.07705442057071,-2.42071913759212,21.5999999999999));
#10022=CARTESIAN_POINT('',(-29.2760650513677,-3.02071551637066,21.6000000000169));
#10023=CARTESIAN_POINT('Origin',(-29.2760650513677,-4.72071551637065,21.6000000000169));
#10024=CARTESIAN_POINT('Origin',(-3.82415776109831,-18.0207101474816,21.5999985749759));
#10025=CARTESIAN_POINT('',(-24.9756698076423,-18.0207101474855,7.57499857497601));
#10026=CARTESIAN_POINT('Origin',(-24.9756698076423,-18.0207101474855,5.34999857497601));
#10027=CARTESIAN_POINT('Origin',(-24.9756698076404,-28.0207101474854,5.34999857497588));
#10028=CARTESIAN_POINT('',(-24.9756698076404,-28.0207093436683,7.57499857497589));
#10029=CARTESIAN_POINT('Origin',(-24.9756698076404,-28.0207093436683,5.34999857497588));
#10030=CARTESIAN_POINT('',(-24.9756698076404,-28.0207101474854,7.57499857497588));
#10031=CARTESIAN_POINT('Origin',(18.3243291929014,-22.6448772824092,5.80000131790191));
#10032=CARTESIAN_POINT('',(21.3243291929009,-20.2204349019505,5.80000139577992));
#10033=CARTESIAN_POINT('',(18.3243291150232,-20.2204349019506,8.8000013179019));
#10034=CARTESIAN_POINT('Origin',(18.3243291929009,-20.2204349019483,5.80000131790191));
#10035=CARTESIAN_POINT('',(18.3243291150238,-23.2204292673409,8.8000013179019));
#10036=CARTESIAN_POINT('',(18.3243291150236,-22.6448772824093,8.8000013179019));
#10037=CARTESIAN_POINT('',(21.3243291929015,-23.2204292673407,5.80000139577992));
#10038=CARTESIAN_POINT('Origin',(18.3243291929015,-23.2204292673419,5.80000131790191));
#10039=CARTESIAN_POINT('',(21.3243291929014,-22.6448772824086,5.80000139577992));
#10040=CARTESIAN_POINT('Origin',(17.2229357334601,-20.1204292673409,8.80000128931089));
#10041=CARTESIAN_POINT('',(17.5229339452419,-20.2204349019506,8.8000012970989));
#10042=CARTESIAN_POINT('',(12.0360342368972,-20.2204349019506,8.8000011546629));
#10043=CARTESIAN_POINT('',(17.5229339452419,-23.2204292673409,8.8000012970989));
#10044=CARTESIAN_POINT('',(17.5229339452418,-20.1204292673409,8.8000012970989));
#10045=CARTESIAN_POINT('',(21.3862180586409,-23.2204292673407,8.80000139738691));
#10046=CARTESIAN_POINT('Origin',(17.5229339192826,-20.1204292673409,9.80000129709889));
#10047=CARTESIAN_POINT('',(16.5229339192826,-20.2204349019506,9.8000012711389));
#10048=CARTESIAN_POINT('Origin',(17.5229339192826,-20.2204349019502,9.80000129709889));
#10049=CARTESIAN_POINT('',(16.5229339192827,-23.2204292673409,9.8000012711389));
#10050=CARTESIAN_POINT('',(16.5229339192826,-20.120429267341,9.8000012711389));
#10051=CARTESIAN_POINT('Origin',(17.5229339192827,-23.2204292673409,9.80000129709889));
#10052=CARTESIAN_POINT('Origin',(25.5495000515433,-23.2204292673409,21.5999992874889));
#10053=CARTESIAN_POINT('',(21.3243293009097,-23.2204292673406,1.63932028022991));
#10054=CARTESIAN_POINT('',(21.4633132273843,-23.2204292673408,9.99770383352391));
#10055=CARTESIAN_POINT('Origin',(-1.54856715088411,-23.2204292673415,6.20000008076289));
#10056=CARTESIAN_POINT('',(21.3243287827453,-23.2204292673411,21.6000062025359));
#10057=CARTESIAN_POINT('',(16.5229338902029,-23.220429267341,10.9202100209539));
#10058=CARTESIAN_POINT('',(16.5229337531435,-23.2204292673411,16.2000002024069));
#10059=CARTESIAN_POINT('',(17.5229338647681,-23.2204292673409,10.5000059440269));
#10060=CARTESIAN_POINT('Origin',(17.5229338647681,-23.2204292673409,11.9000059440269));
#10061=CARTESIAN_POINT('',(20.8713207254153,-23.2204292673408,10.5000059440269));
#10062=CARTESIAN_POINT('',(11.3364436578449,-23.2204292673411,10.5000059440269));
#10063=CARTESIAN_POINT('Origin',(20.8713207254153,-23.2204292673408,9.90000594402691));
#10064=CARTESIAN_POINT('Origin',(21.3243287827454,-25.1693252974776,21.6000132272659));
#10065=CARTESIAN_POINT('',(21.3243293330809,-20.2204349019504,0.399999999998908));
#10066=CARTESIAN_POINT('',(21.3243293330816,-23.494091120972,0.399999999998908));
#10067=CARTESIAN_POINT('',(21.3243293330801,-15.7950155735781,0.399999999998908));
#10068=CARTESIAN_POINT('',(21.324328909945,-20.2204349019508,16.7000068015149));
#10069=CARTESIAN_POINT('Ctrl Pts',(21.3243293009097,-23.2204292673404,1.63932028022991));
#10070=CARTESIAN_POINT('Ctrl Pts',(21.3243293169018,-23.3408928007929,1.02327432385591));
#10071=CARTESIAN_POINT('Ctrl Pts',(21.3243293330816,-23.494091120972,0.399999999998908));
#10072=CARTESIAN_POINT('Origin',(32.2290650513576,-17.820710936857,-0.999998975777086));
#10073=CARTESIAN_POINT('',(32.1759249138657,-17.8207109368572,0.399999999998908));
#10074=CARTESIAN_POINT('',(33.3760650513577,-17.820710936857,0.399999999998908));
#10075=CARTESIAN_POINT('',(21.8760000515431,-17.820710936857,0.399999999998908));
#10076=CARTESIAN_POINT('',(32.1759249138658,-17.8207109368572,14.0999981080289));
#10077=CARTESIAN_POINT('',(32.1759249138657,-17.8207109368572,14.0999981080289));
#10078=CARTESIAN_POINT('',(31.0202136840905,-17.8207109368571,18.0999981080289));
#10079=CARTESIAN_POINT('Origin',(24.6759249138657,-17.8207109368571,14.0999981080289));
#10080=CARTESIAN_POINT('',(33.3760650513577,-17.8207109368572,18.0999981080289));
#10081=CARTESIAN_POINT('',(16.9525004177625,-17.8207109368572,18.0999981080289));
#10082=CARTESIAN_POINT('',(33.3760650513577,-17.8207109368572,20.2999999999989));
#10083=CARTESIAN_POINT('Origin',(-29.5760648674491,-28.0207101474859,1.59999857497686));
#10084=CARTESIAN_POINT('',(-29.5760648674489,-28.9035528599605,0.399999999998872));
#10085=CARTESIAN_POINT('',(-29.5760648674499,-23.925775958077,-3.11981980255611));
#10086=CARTESIAN_POINT('',(-29.5760648674491,-28.0207090238608,0.400000001199403));
#10087=CARTESIAN_POINT('',(-29.5760648674491,-28.2207089481384,0.599999924773886));
#10088=CARTESIAN_POINT('',(-29.5760648674491,-28.0207092073425,12.0000024253444));
#10089=CARTESIAN_POINT('',(-29.5760648674491,-28.0207090233638,18.7499988437389));
#10090=CARTESIAN_POINT('',(-29.5760648674486,-30.5207104162703,9.50000331118089));
#10091=CARTESIAN_POINT('',(-29.5760648674489,-28.9035528599607,6.59999857497587));
#10092=CARTESIAN_POINT('Origin',(-30.1346435112115,-29.4621315037235,11.5999985749759));
#10093=CARTESIAN_POINT('',(-29.8145424985339,-29.1420304910456,0.399999999998872));
#10094=CARTESIAN_POINT('',(-14.9598924569698,-14.2873804494758,0.39999999999889));
#10095=CARTESIAN_POINT('',(-29.8145424985339,-29.1420304910459,16.5999985749759));
#10096=CARTESIAN_POINT('Origin',(-31.935862842094,-27.0207101474866,16.5999985749759));
#10097=CARTESIAN_POINT('',(-31.9358628420934,-30.0207101474864,0.399999999998872));
#10098=CARTESIAN_POINT('Origin',(-31.935862842094,-27.0207101474864,0.399999999998872));
#10099=CARTESIAN_POINT('',(-31.9358628420934,-30.0207101474867,16.5999985749759));
#10100=CARTESIAN_POINT('Origin',(-6.37606517866133,-30.0207101474817,21.5999985749759));
#10101=CARTESIAN_POINT('',(2.57343493653521,-30.0207101474798,0.39999999999889));
#10102=CARTESIAN_POINT('Origin',(2.57343493653518,-29.8207101474797,0.199999999998894));
#10103=CARTESIAN_POINT('',(-31.9358628420934,-30.0207101474864,0.399999999998872));
#10104=CARTESIAN_POINT('Origin',(-31.935862842094,-27.0207101474864,0.199999999998877));
#10105=CARTESIAN_POINT('',(-29.8145424985339,-29.1420304910456,0.399999999998872));
#10106=CARTESIAN_POINT('Origin',(-15.1013138132072,-14.1459590932385,0.199999999998894));
#10107=CARTESIAN_POINT('Origin',(24.6759249138657,-15.3207109368599,14.0999981080289));
#10108=CARTESIAN_POINT('',(24.6759249138657,-15.3207109368599,19.0999981080289));
#10109=CARTESIAN_POINT('Ctrl Pts',(31.0202136840905,-17.8207109368599,18.0999981080289));
#10110=CARTESIAN_POINT('Ctrl Pts',(30.9154314441646,-17.8207109368599,18.1169754433989));
#10111=CARTESIAN_POINT('Ctrl Pts',(30.809844667904,-17.8169092210901,18.1346392568649));
#10112=CARTESIAN_POINT('Ctrl Pts',(30.5971732123502,-17.8020861437136,18.1712580713269));
#10113=CARTESIAN_POINT('Ctrl Pts',(30.4900851300005,-17.79104385944,18.1902166749909));
#10114=CARTESIAN_POINT('Ctrl Pts',(30.2748128976283,-17.7621350223477,18.2292848121339));
#10115=CARTESIAN_POINT('Ctrl Pts',(30.1666269344092,-17.7442539674046,18.2493967869109));
#10116=CARTESIAN_POINT('Ctrl Pts',(29.9494427508403,-17.7021135264873,18.2906320684409));
#10117=CARTESIAN_POINT('Ctrl Pts',(29.8404435291107,-17.6778440251702,18.3117570856459));
#10118=CARTESIAN_POINT('Ctrl Pts',(29.6217621660113,-17.6233970435517,18.3548856316079));
#10119=CARTESIAN_POINT('Ctrl Pts',(29.5120792212083,-17.593210377811,18.3768907176699));
#10120=CARTESIAN_POINT('Ctrl Pts',(29.2922229544497,-17.5274661310915,18.4216062185379));
#10121=CARTESIAN_POINT('Ctrl Pts',(29.1820495666319,-17.4919083934236,18.4443169761829));
#10122=CARTESIAN_POINT('Ctrl Pts',(28.9613285136412,-17.4160067995392,18.4902482318369));
#10123=CARTESIAN_POINT('Ctrl Pts',(28.8507817012021,-17.3756712761107,18.5134681936739));
#10124=CARTESIAN_POINT('Ctrl Pts',(28.6898980879704,-17.3140323320199,18.5474167462269));
#10125=CARTESIAN_POINT('Ctrl Pts',(28.6398540368366,-17.2944497331294,18.5579980545299));
#10126=CARTESIAN_POINT('Ctrl Pts',(28.4645326661178,-17.2245131532419,18.5951017364489));
#10127=CARTESIAN_POINT('Ctrl Pts',(28.338999929514,-17.1720622658101,18.6217171217539));
#10128=CARTESIAN_POINT('Ctrl Pts',(28.0827318054133,-17.0609114411333,18.6754817832599));
#10129=CARTESIAN_POINT('Ctrl Pts',(27.9519644061084,-17.0020595672537,18.7026188464299));
#10130=CARTESIAN_POINT('Ctrl Pts',(27.6823111541526,-16.8771325011331,18.7572387073499));
#10131=CARTESIAN_POINT('Ctrl Pts',(27.5433553392545,-16.81084101719,18.7846673059719));
#10132=CARTESIAN_POINT('Ctrl Pts',(27.379556151393,-16.73097256321,18.8156809411189));
#10133=CARTESIAN_POINT('Ctrl Pts',(27.3556434735114,-16.7192700497628,18.8201759351839));
#10134=CARTESIAN_POINT('Ctrl Pts',(27.2177183825307,-16.6515379496666,18.8459028804529));
#10135=CARTESIAN_POINT('Ctrl Pts',(27.103024692735,-16.5943963550765,18.8665836262159));
#10136=CARTESIAN_POINT('Ctrl Pts',(26.8700875783529,-16.4769969273104,18.9065455553949));
#10137=CARTESIAN_POINT('Ctrl Pts',(26.7518186751741,-16.4166997527266,18.9257911310789));
#10138=CARTESIAN_POINT('Ctrl Pts',(26.5117110250599,-16.2931843974976,18.9622245935219));
#10139=CARTESIAN_POINT('Ctrl Pts',(26.3898483659679,-16.229931704621,18.9793631423609));
#10140=CARTESIAN_POINT('Ctrl Pts',(26.1373706501895,-16.0980076536272,19.0116143162649));
#10141=CARTESIAN_POINT('Ctrl Pts',(26.0066872227202,-16.0292456720321,19.0265313953649));
#10142=CARTESIAN_POINT('Ctrl Pts',(25.7463167088502,-15.8916025289076,19.0523035607359));
#10143=CARTESIAN_POINT('Ctrl Pts',(25.6166445826866,-15.8227387818481,19.0632173048289));
#10144=CARTESIAN_POINT('Ctrl Pts',(25.3535144497353,-15.6826405808414,19.0811689215649));
#10145=CARTESIAN_POINT('Ctrl Pts',(25.2200382090434,-15.6113879139062,19.0881113474489));
#10146=CARTESIAN_POINT('Ctrl Pts',(24.9524729573305,-15.4684572944096,19.0974773742099));
#10147=CARTESIAN_POINT('Ctrl Pts',(24.8183839309194,-15.3967790889442,19.0999011000229));
#10148=CARTESIAN_POINT('Ctrl Pts',(24.6813657982635,-15.3236203247244,19.0999971598199));
#10149=CARTESIAN_POINT('Ctrl Pts',(24.6786465696772,-15.3221657230592,19.0999981080289));
#10150=CARTESIAN_POINT('Ctrl Pts',(24.6759249138657,-15.32071093686,19.0999981080289));
#10151=CARTESIAN_POINT('Origin',(32.1759249138658,-15.3207109368599,14.0999981080289));
#10152=CARTESIAN_POINT('Origin',(24.6759249138657,-15.3207109368596,21.5999981080289));
#10153=CARTESIAN_POINT('Origin',(32.1759249138657,-15.3207109368599,14.0999981080289));
#10154=CARTESIAN_POINT('Origin',(32.1759249138657,-15.3207109368599,0.399999999999903));
#10155=CARTESIAN_POINT('Origin',(-33.3760650513532,-8.82071206098206,17.2244986975339));
#10156=CARTESIAN_POINT('Origin',(1.67593578416182,-15.3207109368653,21.5999981080289));
#10157=CARTESIAN_POINT('',(1.67593578416182,-15.3207109368653,19.0999981080289));
#10158=CARTESIAN_POINT('Origin',(-0.452000000000643,0.199999999992997,3.00000102422491));
#10159=CARTESIAN_POINT('',(31.6257462624159,-9.93012334380897,3.00000102422493));
#10160=CARTESIAN_POINT('',(31.6257462624159,-5.31132119029207,3.00000102422493));
#10161=CARTESIAN_POINT('',(31.6257462624159,-2.86036113352877,3.00000102422493));
#10162=CARTESIAN_POINT('',(32.7757462624158,-5.97527399986007,3.00000102422294));
#10163=CARTESIAN_POINT('',(29.9257462624158,-4.32982573266967,3.00000102422294));
#10164=CARTESIAN_POINT('',(32.7757462624158,-9.26617053424097,3.00000102422294));
#10165=CARTESIAN_POINT('',(32.7757462624158,-5.97527399986007,3.00000102422294));
#10166=CARTESIAN_POINT('',(32.7757462624158,-9.26617053424097,3.00000102422294));
#10167=CARTESIAN_POINT('Origin',(-24.2756686348832,-9.82071318510694,18.0499981080369));
#10168=CARTESIAN_POINT('',(-10.2480658677102,-5.42071694868122,18.0499981080399));
#10169=CARTESIAN_POINT('',(-22.2480658677101,-5.42071694868404,18.0499981080399));
#10170=CARTESIAN_POINT('Origin',(-22.2480658677101,-5.42071694868404,16.3499981080399));
#10171=CARTESIAN_POINT('Origin',(-26.4260650513812,-6.36616378356065,-0.999998975776091));
#10172=CARTESIAN_POINT('',(-26.4260650513812,-6.36616378356065,0.399999999999903));
#10173=CARTESIAN_POINT('',(-26.4260650513812,-3.07526724917974,0.399999999999903));
#10174=CARTESIAN_POINT('',(-26.4260650513812,-6.39343481662063,0.399999999999903));
#10175=CARTESIAN_POINT('',(-26.4260650513812,-6.36616378356065,3.00000102422391));
#10176=CARTESIAN_POINT('',(-26.4260650513812,-6.36616378356065,-0.999998975776091));
#10177=CARTESIAN_POINT('',(-26.4260650513812,-3.07526724917984,3.00000102422391));
#10178=CARTESIAN_POINT('',(-26.4260650513812,-3.07526724917984,3.00000102422391));
#10179=CARTESIAN_POINT('',(-26.4260650513812,-3.07526724917974,-0.999998975776091));
#10180=CARTESIAN_POINT('Origin',(-29.2760650513812,-8.01161205075103,-0.999998975777086));
#10181=CARTESIAN_POINT('',(-29.2760650513812,-8.01161205075103,0.399999999999903));
#10182=CARTESIAN_POINT('',(-13.6319987164238,1.02049385895707,0.399999999999903));
#10183=CARTESIAN_POINT('',(-29.2760650513812,-8.01161205075113,3.20000102422489));
#10184=CARTESIAN_POINT('',(-29.2760650513812,-8.01161205075103,-0.999998975777086));
#10185=CARTESIAN_POINT('',(-27.5760650513788,-7.03011659312734,3.20000102422489));
#10186=CARTESIAN_POINT('',(-26.4260650513812,-6.36616378356065,3.2000010242249));
#10187=CARTESIAN_POINT('',(-27.5760650513788,-7.03011659312734,3.00000102422489));
#10188=CARTESIAN_POINT('',(-27.5760650513788,-7.03011659312734,3.00000102422489));
#10189=CARTESIAN_POINT('',(-26.4260650513812,-6.36616378356065,3.00000102422391));
#10190=CARTESIAN_POINT('Origin',(27.0757462624158,-9.26617053424097,-0.999998975777068));
#10191=CARTESIAN_POINT('',(27.0757462624158,-9.26617053424097,0.39999999999992));
#10192=CARTESIAN_POINT('',(29.9257462624158,-10.9116188014314,0.399999999999903));
#10193=CARTESIAN_POINT('',(20.627380882808,-5.54320504649128,0.39999999999992));
#10194=CARTESIAN_POINT('',(27.0757462624158,-9.26617053424097,3.00000102422294));
#10195=CARTESIAN_POINT('',(27.0757462624158,-9.26617053424097,-0.999998975777068));
#10196=CARTESIAN_POINT('',(28.2257462624159,-9.93012334380906,3.00000102422493));
#10197=CARTESIAN_POINT('',(29.9257462624158,-10.9116188014314,3.00000102422292));
#10198=CARTESIAN_POINT('',(28.2257462624159,-9.93012334380906,3.20000102422492));
#10199=CARTESIAN_POINT('',(28.2257462624159,-9.93012334380906,3.00000102422493));
#10200=CARTESIAN_POINT('',(29.9257462624158,-10.9116188014314,3.2000010242249));
#10201=CARTESIAN_POINT('',(29.9257462624158,-10.9116188014314,3.2000010242249));
#10202=CARTESIAN_POINT('',(29.9257462624158,-10.9116188014314,-0.999998975777086));
#10203=CARTESIAN_POINT('Origin',(27.0757462624158,-5.97527399986007,-0.999998975777068));
#10204=CARTESIAN_POINT('',(27.0757462624158,-5.97527399986007,0.39999999999992));
#10205=CARTESIAN_POINT('',(27.0757462624158,-6.19798992477036,0.39999999999992));
#10206=CARTESIAN_POINT('',(27.0757462624158,-5.97527399986007,3.00000102422393));
#10207=CARTESIAN_POINT('',(27.0757462624158,-5.97527399986007,-0.999998975777068));
#10208=CARTESIAN_POINT('',(27.0757462624158,-9.26617053424097,3.00000102422294));
#10209=CARTESIAN_POINT('Origin',(29.9257462624158,-4.32982573266957,-0.999998975776073));
#10210=CARTESIAN_POINT('',(29.9257462624158,-4.32982573266957,0.39999999999992));
#10211=CARTESIAN_POINT('',(22.5720032340083,-8.57551124967208,0.39999999999992));
#10212=CARTESIAN_POINT('',(29.9257462624158,-4.32982573266967,3.20000102422492));
#10213=CARTESIAN_POINT('',(29.9257462624158,-4.32982573266957,-0.999998975776073));
#10214=CARTESIAN_POINT('',(28.2257462624159,-5.31132119029197,3.20000102422492));
#10215=CARTESIAN_POINT('',(27.0757462624158,-5.97527399986007,3.20000102422492));
#10216=CARTESIAN_POINT('',(28.2257462624159,-5.31132119029197,3.00000102422493));
#10217=CARTESIAN_POINT('',(28.2257462624159,-5.31132119029197,3.00000102422493));
#10218=CARTESIAN_POINT('',(27.0757462624158,-5.97527399986007,3.00000102422393));
#10219=CARTESIAN_POINT('Origin',(9.62293491415077,-16.0207211309905,21.5999985749759));
#10220=CARTESIAN_POINT('Origin',(18.3243283803757,-16.0207211309886,6.09999857497689));
#10221=CARTESIAN_POINT('Origin',(18.3243283803784,-28.0207197939459,6.09999857497689));
#10222=CARTESIAN_POINT('',(18.3243283803783,-27.6207093436598,7.5499985749769));
#10223=CARTESIAN_POINT('Origin',(18.3243283803783,-27.6207093436598,6.09999857497689));
#10224=CARTESIAN_POINT('',(18.3243283803784,-28.0207197939459,7.54999857497689));
#10225=CARTESIAN_POINT('Origin',(18.3243283803783,-27.8207093436598,6.09999857497689));
#10226=CARTESIAN_POINT('',(18.3243283803784,-28.0207093436599,7.94999857497688));
#10227=CARTESIAN_POINT('',(18.3243283803783,-27.8207093436598,7.74999857497688));
#10228=CARTESIAN_POINT('Origin',(18.3243283803784,-28.0207093436599,6.09999857497689));
#10229=CARTESIAN_POINT('Origin',(6.07316115793929,-27.8207090233567,0.199999999998894));
#10230=CARTESIAN_POINT('',(21.0418997920744,-28.0207091839464,0.400000092350958));
#10231=CARTESIAN_POINT('Origin',(-78.1845013416532,10.4622373364852,-38.0829463348121));
#10232=CARTESIAN_POINT('',(6.07316115793929,-28.0207090233567,0.39999999999889));
#10233=CARTESIAN_POINT('Origin',(16.5229338933233,-20.120429267341,10.8000013516489));
#10234=CARTESIAN_POINT('',(16.5229337038209,-20.2204349019508,18.0999981214272));
#10235=CARTESIAN_POINT('',(16.5229337038212,-28.8205701400265,18.0999981339889));
#10236=CARTESIAN_POINT('',(16.5229338615398,-27.6207091756024,12.1505092809949));
#10237=CARTESIAN_POINT('',(16.5229338582654,-28.0207124866812,12.1505092809949));
#10238=CARTESIAN_POINT('',(16.5229338647683,-27.6207090233611,11.9000059180669));
#10239=CARTESIAN_POINT('',(16.5229337531437,-27.6207090233548,16.2000006210109));
#10240=CARTESIAN_POINT('',(16.5229338647682,-23.6204292673413,11.9000059180669));
#10241=CARTESIAN_POINT('',(16.5229338647682,-24.070570847912,11.9000059180669));
#10242=CARTESIAN_POINT('Ctrl Pts',(16.5229338647682,-23.6204292673413,11.9000059180669));
#10243=CARTESIAN_POINT('Ctrl Pts',(16.522933875366,-23.6204292673413,11.4917576276029));
#10244=CARTESIAN_POINT('Ctrl Pts',(16.5229338902029,-23.2204292673409,10.9202100209539));
#10245=CARTESIAN_POINT('',(16.5229338803437,-20.2204349019507,11.3000008013869));
#10246=CARTESIAN_POINT('Origin',(16.0229338582654,-28.0207124866812,12.1505092680159));
#10247=CARTESIAN_POINT('',(15.6657909401199,-27.6207093436606,12.5004363118669));
#10248=CARTESIAN_POINT('Origin',(16.0229338582654,-27.6207093436605,12.1505092680159));
#10249=CARTESIAN_POINT('',(15.66579094012,-28.0207124866813,12.5004363118669));
#10250=CARTESIAN_POINT('Origin',(13.5229334312476,-28.0207124866817,14.5999985749759));
#10251=CARTESIAN_POINT('',(10.5229334312474,-27.6207093436616,14.5999985749759));
#10252=CARTESIAN_POINT('Origin',(13.5229334312474,-27.620709343661,14.5999985749759));
#10253=CARTESIAN_POINT('',(10.5229334312475,-28.0207124866823,14.5999985749759));
#10254=CARTESIAN_POINT('Origin',(4.99159410217989,-28.0207124866833,14.5999985749759));
#10255=CARTESIAN_POINT('',(7.99159410217981,-27.6207093436619,14.5999985749759));
#10256=CARTESIAN_POINT('',(1.99159410217978,-27.620709343663,14.5999985749759));
#10257=CARTESIAN_POINT('Origin',(4.9915941021798,-27.6207093436624,14.5999985749759));
#10258=CARTESIAN_POINT('',(7.99159410217988,-28.0207124866828,14.5999985749759));
#10259=CARTESIAN_POINT('',(1.99159410217985,-28.0207124866839,14.5999985749759));
#10260=CARTESIAN_POINT('Origin',(-4.67706513527253,-21.7207147557339,14.4000023818729));
#10261=CARTESIAN_POINT('',(-2.67706513527108,-27.6207090233585,14.4000023818729));
#10262=CARTESIAN_POINT('Origin',(-4.67706513527106,-27.620709023359,14.4000023818729));
#10263=CARTESIAN_POINT('',(-2.67706513527254,-21.7207147557334,14.4000023818729));
#10264=CARTESIAN_POINT('',(-4.07705442056689,-17.7207147557336,12.4921273486909));
#10265=CARTESIAN_POINT('Origin',(-4.78867758845637,-27.8207091835116,12.2000023818729));
#10266=CARTESIAN_POINT('',(-4.67706513527109,-28.0207093436644,12.0000023818729));
#10267=CARTESIAN_POINT('',(-4.78867758845632,-28.0207093436644,12.0000023818729));
#10268=CARTESIAN_POINT('',(-4.67706513527115,-27.6207090233589,12.4000023818729));
#10269=CARTESIAN_POINT('Origin',(-4.67706513527104,-27.8207091835117,14.4000023818729));
#10270=CARTESIAN_POINT('',(-2.27706513527111,-28.0207093436639,14.4000023818729));
#10271=CARTESIAN_POINT('',(-2.67706513527108,-27.6207090233585,14.4000023818729));
#10272=CARTESIAN_POINT('Origin',(-4.67706513527099,-28.0207093436644,14.4000023818729));
#10273=CARTESIAN_POINT('Origin',(4.9915941021798,-27.8207093436625,14.5999985749759));
#10274=CARTESIAN_POINT('',(1.59159410217986,-28.0207093436632,14.5999985749759));
#10275=CARTESIAN_POINT('',(1.99159410217978,-27.620709343663,14.5999985749759));
#10276=CARTESIAN_POINT('',(8.39159410217991,-28.0207093436619,14.5999985749759));
#10277=CARTESIAN_POINT('Origin',(4.99159410217989,-28.0207093436625,14.5999985749759));
#10278=CARTESIAN_POINT('',(7.99159410217981,-27.6207093436619,14.5999985749759));
#10279=CARTESIAN_POINT('Origin',(13.5229334312475,-27.8207093436609,14.5999985749759));
#10280=CARTESIAN_POINT('',(10.1229334312475,-28.0207093436615,14.5999985749759));
#10281=CARTESIAN_POINT('',(10.5229334312474,-27.6207093436616,14.5999985749759));
#10282=CARTESIAN_POINT('',(15.9515052746364,-28.0207093436604,12.2204946767859));
#10283=CARTESIAN_POINT('Origin',(13.5229334312476,-28.0207093436609,14.5999985749759));
#10284=CARTESIAN_POINT('',(15.6657909401199,-27.6207093436606,12.5004363118669));
#10285=CARTESIAN_POINT('Origin',(16.0229338582654,-27.8207093436604,12.1505092680159));
#10286=CARTESIAN_POINT('',(16.1229338582656,-28.0207093436604,12.1505092706119));
#10287=CARTESIAN_POINT('',(16.5229338582654,-27.6207090233548,12.1505092809949));
#10288=CARTESIAN_POINT('Origin',(16.0229338582654,-28.0207093436604,12.1505092680159));
#10289=CARTESIAN_POINT('Origin',(16.3229337531437,-27.8207091835076,16.2000006158189));
#10290=CARTESIAN_POINT('',(16.1229338647685,-28.0207093436604,11.9000059076839));
#10291=CARTESIAN_POINT('',(16.1229337531438,-28.0207093436604,16.2000006106279));
#10292=CARTESIAN_POINT('',(16.5229338647683,-27.6207090233611,11.9000059180669));
#10293=CARTESIAN_POINT('Origin',(17.5229338647683,-27.8207091835105,11.9000059440269));
#10294=CARTESIAN_POINT('',(17.5229338647683,-27.6207090233546,10.9000059440269));
#10295=CARTESIAN_POINT('',(17.5229338647684,-28.0207093436601,10.5000059440269));
#10296=CARTESIAN_POINT('',(17.5229338647683,-27.6207090233546,10.9000059440269));
#10297=CARTESIAN_POINT('Origin',(17.5229338647683,-27.6207090233609,11.9000059440269));
#10298=CARTESIAN_POINT('Origin',(17.5229338647684,-28.0207093436601,11.9000059440269));
#10299=CARTESIAN_POINT('Origin',(-4.78867758845637,-27.8207091835116,10.7000059440269));
#10300=CARTESIAN_POINT('',(20.8713207254161,-28.0207093436594,10.5000059440269));
#10301=CARTESIAN_POINT('',(-4.7886775884563,-28.0207093436644,10.5000059440269));
#10302=CARTESIAN_POINT('',(20.8713207254161,-27.6207090233539,10.9000059440269));
#10303=CARTESIAN_POINT('',(20.8713207254161,-27.6207090233539,10.9000059440269));
#10304=CARTESIAN_POINT('',(-4.78867758845639,-27.6207090233589,10.9000059440269));
#10305=CARTESIAN_POINT('Origin',(20.8713207254161,-27.8207091835067,9.90000594402691));
#10306=CARTESIAN_POINT('',(21.8579748953646,-27.6207090233538,10.0628357598559));
#10307=CARTESIAN_POINT('',(21.4633132273854,-28.0207093436593,9.99770383352391));
#10308=CARTESIAN_POINT('',(21.8579748953646,-27.6207090233538,10.0628357598559));
#10309=CARTESIAN_POINT('Origin',(20.8713207254161,-27.6207090233539,9.90000594402691));
#10310=CARTESIAN_POINT('Origin',(20.8713207254161,-28.0207093436594,9.90000594402691));
#10311=CARTESIAN_POINT('Origin',(-1.54856715088326,-27.820709183511,6.20000008076289));
#10312=CARTESIAN_POINT('Origin',(-1.5485671508833,-27.6207090233582,6.20000008076289));
#10313=CARTESIAN_POINT('Origin',(-1.54856715088322,-28.0207093436637,6.20000008076289));
#10314=CARTESIAN_POINT('Origin',(17.5229338647682,-24.070570847912,11.9000059440269));
#10315=CARTESIAN_POINT('',(17.5229338647682,-23.6204292673413,10.9000059440269));
#10316=CARTESIAN_POINT('Origin',(17.5229338647682,-23.6204292673413,11.9000059440269));
#10317=CARTESIAN_POINT('',(17.5229338647682,-24.070570847912,10.9000059440269));
#10318=CARTESIAN_POINT('Origin',(-2.8766127358534,-28.0207124284837,10.9000059440269));
#10319=CARTESIAN_POINT('',(20.8713207254153,-23.6204292673408,10.9000059440269));
#10320=CARTESIAN_POINT('',(11.3364436578449,-23.6204292673411,10.9000059440269));
#10321=CARTESIAN_POINT('',(20.8713207254161,-28.0207027820131,10.9000059440269));
#10322=CARTESIAN_POINT('Origin',(20.8713207254161,-28.0207027820131,9.90000594402691));
#10323=CARTESIAN_POINT('',(21.8579748953638,-23.6204292673425,10.0628357598559));
#10324=CARTESIAN_POINT('Origin',(20.8713207254153,-23.6204292673426,9.90000594402691));
#10325=CARTESIAN_POINT('',(21.8579748953646,-28.0207027820129,10.0628357598559));
#10326=CARTESIAN_POINT('Origin',(-1.54856715088322,-28.0207027820174,6.20000008076289));
#10327=CARTESIAN_POINT('Origin',(-1.54856715088409,-23.620429267347,6.20000008076289));
#10328=CARTESIAN_POINT('Origin',(-1.54856715088409,-23.4204292673442,6.20000008076289));
#10329=CARTESIAN_POINT('Ctrl Pts',(20.924329343455,-23.20974827795,-1.13082854170734E-11));
#10330=CARTESIAN_POINT('Ctrl Pts',(21.123117028613,-23.3485088602313,0.198787690307006));
#10331=CARTESIAN_POINT('Ctrl Pts',(21.3243293330798,-23.4940911209714,0.399999999997012));
#10332=CARTESIAN_POINT('',(21.8579748953638,-23.6204292673425,10.0628357598559));
#10333=CARTESIAN_POINT('Origin',(20.8713207254153,-23.4204292673417,9.90000594402691));
#10334=CARTESIAN_POINT('',(20.8713207254153,-23.6204292673408,10.9000059440269));
#10335=CARTESIAN_POINT('Origin',(11.3364436578449,-23.4204292673411,10.7000059440269));
#10336=CARTESIAN_POINT('',(17.5229338647682,-23.6204292673413,10.9000059440269));
#10337=CARTESIAN_POINT('Origin',(17.5229338647681,-23.4204292673411,11.9000059440269));
#10338=CARTESIAN_POINT('Origin',(-2.07705442056832,-12.0207167420619,7.1999983886109));
#10339=CARTESIAN_POINT('',(-4.07705442056902,-9.22072203082582,7.19999838861092));
#10340=CARTESIAN_POINT('Ctrl Pts',(-4.07705442056902,-9.22072203082578,
7.1999983886109));
#10341=CARTESIAN_POINT('Ctrl Pts',(-4.07705442056899,-9.3097254364578,7.00098072338872));
#10342=CARTESIAN_POINT('Ctrl Pts',(-4.045784002434,-9.40665027630695,6.78598748875353));
#10343=CARTESIAN_POINT('Ctrl Pts',(-3.91076814346399,-9.56116064130392,
6.37246794208473));
#10344=CARTESIAN_POINT('Ctrl Pts',(-3.80786217807041,-9.62072203082554,
6.17440873194638));
#10345=CARTESIAN_POINT('Ctrl Pts',(-3.67705442056944,-9.62072203082568,
5.9999983886116));
#10346=CARTESIAN_POINT('',(-4.07705442056833,-12.0207167420624,7.1999983886109));
#10347=CARTESIAN_POINT('Origin',(-3.67705442056903,-9.22072203082573,31.5999985749759));
#10348=CARTESIAN_POINT('',(-4.07705442056902,-9.22072203082581,0.399999999999903));
#10349=CARTESIAN_POINT('Origin',(-3.67705442056901,-9.2207220308257,0.399999999999903));
#10350=CARTESIAN_POINT('',(-4.07705442056902,-9.22072203082584,31.5999985749759));
#10351=CARTESIAN_POINT('Origin',(-3.67705442056901,-9.2207220308257,0.199999999999907));
#10352=CARTESIAN_POINT('',(-4.07705442056902,-9.22072203082581,0.399999999999903));
#10353=CARTESIAN_POINT('Origin',(-26.4260650513812,-3.07526724917974,-0.999998975776091));
#10354=CARTESIAN_POINT('',(-29.276065051382,-1.42981898198854,0.399999999999903));
#10355=CARTESIAN_POINT('',(-11.4708813090063,-11.7096466086202,0.399999999999885));
#10356=CARTESIAN_POINT('',(-27.5760650513788,-2.41131443961295,3.00000102422489));
#10357=CARTESIAN_POINT('',(-29.2760650513812,-1.42981898198934,3.0000010242239));
#10358=CARTESIAN_POINT('',(-27.5760650513788,-2.41131443961295,3.20000102422489));
#10359=CARTESIAN_POINT('',(-27.5760650513788,-2.41131443961295,3.00000102422489));
#10360=CARTESIAN_POINT('',(-29.276065051382,-1.42981898198854,3.20000102422489));
#10361=CARTESIAN_POINT('',(-29.276065051382,-1.42981898198854,3.20000102422489));
#10362=CARTESIAN_POINT('',(-29.276065051382,-1.42981898198854,-0.999998975776091));
#10363=CARTESIAN_POINT('Origin',(-6.30606677987089E-13,0.199999999992997,
3.00000102422491));
#10364=CARTESIAN_POINT('',(-30.9760650513788,-2.41131443960983,3.00000102422489));
#10365=CARTESIAN_POINT('',(-30.9760650513788,-7.03011659313014,3.00000102422489));
#10366=CARTESIAN_POINT('',(-30.9760650513788,-3.11035775818864,3.00000102422489));
#10367=CARTESIAN_POINT('',(-32.1260650513812,-6.36616378356065,3.0000010242239));
#10368=CARTESIAN_POINT('',(-29.2760650513812,-8.01161205075113,3.0000010242229));
#10369=CARTESIAN_POINT('',(-32.1260650513812,-3.07526724917984,3.0000010242239));
#10370=CARTESIAN_POINT('',(-32.1260650513812,-6.36616378356065,3.0000010242239));
#10371=CARTESIAN_POINT('',(-32.1260650513812,-3.07526724917984,3.0000010242239));
#10372=CARTESIAN_POINT('Origin',(33.3760650513563,9.77927773295103,0.199999999999952));
#10373=CARTESIAN_POINT('',(33.376065051356,10.779277732951,0.399999999999947));
#10374=CARTESIAN_POINT('',(33.376065051356,10.779277732951,0.399999999999947));
#10375=CARTESIAN_POINT('Origin',(33.3760650513563,9.77927773295103,0.399999999999947));
#10376=CARTESIAN_POINT('',(34.3760650513563,9.77927773295114,0.399999999999947));
#10377=CARTESIAN_POINT('Origin',(33.3760650513562,9.77927773295061,34.2867249987269));
#10378=CARTESIAN_POINT('',(33.376065051356,10.7792777329506,34.2867249987269));
#10379=CARTESIAN_POINT('Origin',(8.87293505172415,10.5792777329449,0.199999999999934));
#10380=CARTESIAN_POINT('',(24.3229249138647,10.7792777329488,0.399999999999947));
#10381=CARTESIAN_POINT('',(24.3229249138647,10.5792777329489,0.199999999999952));
#10382=CARTESIAN_POINT('',(8.87293505172408,10.7792777329449,0.39999999999993));
#10383=CARTESIAN_POINT('Origin',(-4.07705442056971,-6.42071549615084,41.5999985749759));
#10384=CARTESIAN_POINT('',(-4.07705442057071,-2.42071913759181,0.399999999999903));
#10385=CARTESIAN_POINT('',(-4.07705442057071,-2.42071913759183,26.2000023874509));
#10386=CARTESIAN_POINT('',(-4.07705442056971,-6.42071067291742,0.399999999999903));
#10387=CARTESIAN_POINT('Origin',(-5.07705442057071,-2.42071913759212,26.2000023874509));
#10388=CARTESIAN_POINT('Origin',(-5.07705442057071,-2.42071913759211,0.399999999999903));
#10389=CARTESIAN_POINT('Origin',(-4.27705442056971,-6.42071067291751,0.199999999999907));
#10390=CARTESIAN_POINT('',(-4.27705442057081,-2.42071913759191,0.199999999999907));
#10391=CARTESIAN_POINT('Origin',(-5.07705442057071,-2.42071913759211,0.199999999999907));
#10392=CARTESIAN_POINT('Origin',(-10.627052680197,-5.42071694868123,16.3927808633909));
#10393=CARTESIAN_POINT('Origin',(-19.5760648674322,-20.0207090233621,41.5999995992259));
#10394=CARTESIAN_POINT('',(-19.5760648674559,-13.8207120609781,2.0000000000349));
#10395=CARTESIAN_POINT('',(-19.5760648674558,-18.0207090233612,1.9999999999999));
#10396=CARTESIAN_POINT('',(-19.5760648674558,-13.2207074365211,1.9999999999999));
#10397=CARTESIAN_POINT('',(-19.5760648674323,-13.820712060979,41.5999995992269));
#10398=CARTESIAN_POINT('',(-19.5760648674322,-18.0207090233621,41.5999995992259));
#10399=CARTESIAN_POINT('Origin',(-16.5760648674322,-18.020709023362,41.5999995992249));
#10400=CARTESIAN_POINT('Origin',(-16.5760648674558,-18.0207090233612,2.0000000000349));
#10401=CARTESIAN_POINT('Origin',(-13.6770649482564,-18.020709023362,41.5999995992229));
#10402=CARTESIAN_POINT('',(-10.67706494828,-18.0207090233612,1.99999999999889));
#10403=CARTESIAN_POINT('Origin',(-13.67706494828,-18.0207090233612,2.0000000000269));
#10404=CARTESIAN_POINT('',(-10.6770649482564,-18.020709023362,41.5999995992209));
#10405=CARTESIAN_POINT('Origin',(6.22293505172366,10.779277732944,26.9734510216779));
#10406=CARTESIAN_POINT('',(24.3229249138655,10.7792777329486,14.2867260229509));
#10407=CARTESIAN_POINT('Origin',(24.322924913865,9.77927773294882,0.199999999999952));
#10408=CARTESIAN_POINT('Origin',(24.3229249138657,9.77927773294882,0.399999999999947));
#10409=CARTESIAN_POINT('Origin',(24.3229249138656,9.77927773294861,14.2867260229509));
#10410=CARTESIAN_POINT('Origin',(26.6277462624201,-20.2204349019505,5.40044414240391));
#10411=CARTESIAN_POINT('',(26.6277462624201,-20.2204349019506,7.62544414240391));
#10412=CARTESIAN_POINT('Origin',(26.6277462624201,-20.2204349019505,5.40044414240391));
#10413=CARTESIAN_POINT('',(26.6277462624201,-20.2204349019506,7.62544414240391));
#10414=CARTESIAN_POINT('Origin',(26.6277462624201,-12.2204349019505,5.40044414240391));
#10415=CARTESIAN_POINT('Origin',(7.99159410217988,-28.0207124866828,19.0999981080289));
#10416=CARTESIAN_POINT('',(7.99159410217982,-27.620709343662,18.099997983344));
#10417=CARTESIAN_POINT('',(7.9915941021808,-32.7707117496971,18.0999981080289));
#10418=CARTESIAN_POINT('',(7.99159410217981,-27.620709343662,20.3499986977669));
#10419=CARTESIAN_POINT('Origin',(-2.47706513527111,-27.8207091835113,21.6000026604459));
#10420=CARTESIAN_POINT('',(-2.67706513527108,-27.6207090233585,18.0999981080289));
#10421=CARTESIAN_POINT('',(-2.27706513527111,-28.020709343664,18.0999981080289));
#10422=CARTESIAN_POINT('',(-3.6050249184393,-26.6927484971138,18.0999981080289));
#10423=CARTESIAN_POINT('',(-2.67706513527108,-27.6207090233585,21.6000026604459));
#10424=CARTESIAN_POINT('',(-2.27706513527111,-28.020709343664,21.6000026604459));
#10425=CARTESIAN_POINT('Origin',(8.1915941021798,-27.820709343662,20.3499986977669));
#10426=CARTESIAN_POINT('',(8.39159410217991,-28.0207093436619,18.0999982147979));
#10427=CARTESIAN_POINT('',(4.70896858273298,-24.3380838242163,18.0999949382279));
#10428=CARTESIAN_POINT('',(8.39159410217991,-28.0207093436619,20.3499986977669));
#10429=CARTESIAN_POINT('Origin',(1.79159410217982,-27.8207093436632,18.0999989312399));
#10430=CARTESIAN_POINT('',(1.59159407232185,-28.0207093735212,18.0999980546449));
#10431=CARTESIAN_POINT('',(1.99159409553664,-27.6207093597022,18.0999980109229));
#10432=CARTESIAN_POINT('',(1.59159410217986,-28.0207093436632,18.0999980546449));
#10433=CARTESIAN_POINT('',(1.59159410217984,-28.0207093436632,18.0999989312399));
#10434=CARTESIAN_POINT('',(1.99159410217978,-27.6207093436631,18.0999989312399));
#10435=CARTESIAN_POINT('Origin',(1.99159410217985,-28.0207124866839,14.5999985749759));
#10436=CARTESIAN_POINT('',(1.99159410218077,-32.7707117496982,18.0999981080289));
#10437=CARTESIAN_POINT('Ctrl Pts',(0.991561275027625,-28.0207093436561,
18.6999981071298));
#10438=CARTESIAN_POINT('Ctrl Pts',(0.991554068894604,-27.8872645170698,
18.8334428402181));
#10439=CARTESIAN_POINT('Ctrl Pts',(0.991546791760226,-27.7538196904834,
18.9668875325881));
#10440=CARTESIAN_POINT('Ctrl Pts',(0.991539585745802,-27.620374863897,19.1003322657445));
#10441=CARTESIAN_POINT('Ctrl Pts',(1.07238243647023,-28.0207093616326,18.7000025621855));
#10442=CARTESIAN_POINT('Ctrl Pts',(1.09029215826152,-27.8872645390374,18.8334148405745));
#10443=CARTESIAN_POINT('Ctrl Pts',(1.10837697202867,-27.7538197164634,18.9669274986618));
#10444=CARTESIAN_POINT('Ctrl Pts',(1.12628640134922,-27.6203748938681,19.1003396093784));
#10445=CARTESIAN_POINT('Ctrl Pts',(1.2484990909542,-28.0207094066936,18.6669221305338));
#10446=CARTESIAN_POINT('Ctrl Pts',(1.30580271533791,-27.8872645941792,18.7929257739947));
#10447=CARTESIAN_POINT('Ctrl Pts',(1.36260838161353,-27.7538197815091,18.9191837798934));
#10448=CARTESIAN_POINT('Ctrl Pts',(1.4199128377782,-27.6203749689949,19.045186998472));
#10449=CARTESIAN_POINT('Ctrl Pts',(1.52161675112411,-28.0207095052898,18.4542443200809));
#10450=CARTESIAN_POINT('Ctrl Pts',(1.63948704398733,-27.8872647146515,18.5330213783354));
#10451=CARTESIAN_POINT('Ctrl Pts',(1.7573904131599,-27.7538199240149,18.6118286756991));
#10452=CARTESIAN_POINT('Ctrl Pts',(1.87526065077301,-27.6203751333767,18.6906056834429));
#10453=CARTESIAN_POINT('Ctrl Pts',(1.59160142998737,-28.020709562328,18.2211912177797));
#10454=CARTESIAN_POINT('Ctrl Pts',(1.72554982870757,-27.887264784542,18.2478400564257));
#10455=CARTESIAN_POINT('Ctrl Pts',(1.85799114265428,-27.7538200062577,18.2754059619655));
#10456=CARTESIAN_POINT('Ctrl Pts',(1.9919420587839,-27.6203752284726,18.3020532687566));
#10457=CARTESIAN_POINT('Ctrl Pts',(1.59159386092769,-28.0207095838982,18.0999653774079));
#10458=CARTESIAN_POINT('Ctrl Pts',(1.72503849853904,-27.8872648107434,18.099958144581));
#10459=CARTESIAN_POINT('Ctrl Pts',(1.85848354244021,-27.7538200375891,18.0999506645236));
#10460=CARTESIAN_POINT('Ctrl Pts',(1.99192817937294,-27.6203752644344,18.0999434321088));
#10461=CARTESIAN_POINT('',(0.99159404879555,-28.0207093436633,18.6999981080289));
#10462=CARTESIAN_POINT('Ctrl Pts',(0.99159404879555,-28.0207093436634,18.6999981080294));
#10463=CARTESIAN_POINT('Ctrl Pts',(1.07240624337215,-28.0207093481573,18.6999981035358));
#10464=CARTESIAN_POINT('Ctrl Pts',(1.1604579469032,-28.020709353801,18.6834560342074));
#10465=CARTESIAN_POINT('Ctrl Pts',(1.24349761035027,-28.0207093601343,18.6448048037517));
#10466=CARTESIAN_POINT('Ctrl Pts',(1.32653727379734,-28.0207093664676,18.6061535732961));
#10467=CARTESIAN_POINT('Ctrl Pts',(1.4045648951687,-28.0207093735171,18.5453931825687));
#10468=CARTESIAN_POINT('Ctrl Pts',(1.46257950491956,-28.020709380032,18.4716511528919));
#10469=CARTESIAN_POINT('Ctrl Pts',(1.54960141954585,-28.0207093898042,18.3610381083767));
#10470=CARTESIAN_POINT('Ctrl Pts',(1.59159404774094,-28.0207093987796,18.22121638812));
#10471=CARTESIAN_POINT('Ctrl Pts',(1.59159404212254,-28.0207094037206,18.0999980546449));
#10472=CARTESIAN_POINT('',(0.991594164582989,-27.6207090233579,19.0999981080289));
#10473=CARTESIAN_POINT('Origin',(0.991594102179727,-27.6207092012843,18.0999981080289));
#10474=CARTESIAN_POINT('',(0.991594226742931,-27.6207090233579,19.0999981080289));
#10475=CARTESIAN_POINT('Origin',(0.991594102180775,-32.7707117496984,18.0999981080289));
#10476=CARTESIAN_POINT('',(0.991594102180775,-32.7707117496984,19.0999981080289));
#10477=CARTESIAN_POINT('Origin',(15.5229337038212,-28.8205701400266,18.0999981080289));
#10478=CARTESIAN_POINT('',(15.5229337038208,-19.2204349019508,19.0999981080289));
#10479=CARTESIAN_POINT('Origin',(15.5229337038208,-19.2204349019508,18.0999981080289));
#10480=CARTESIAN_POINT('',(15.5229337038212,-28.8205701400266,19.0999981080289));
#10481=CARTESIAN_POINT('Origin',(-2.68890332844685,-27.8207091835113,18.8999981080289));
#10482=CARTESIAN_POINT('',(-1.67706513527098,-28.0207093436638,18.6999981080289));
#10483=CARTESIAN_POINT('',(-1.67706513527107,-27.6207090233584,19.0999981080289));
#10484=CARTESIAN_POINT('',(-1.67706513527119,-26.6927484971134,20.0279578911969));
#10485=CARTESIAN_POINT('',(-2.68890332844683,-28.020709343664,18.6999981080289));
#10486=CARTESIAN_POINT('',(-2.33590332844693,-27.6207090233585,19.0999981080289));
#10487=CARTESIAN_POINT('Origin',(-1.67706513527121,-26.6927484971134,18.0999981080289));
#10488=CARTESIAN_POINT('Origin',(-1.67706513527098,-28.0207093436641,18.0999981080289));
#10489=CARTESIAN_POINT('Origin',(-1.67706513527107,-27.6207090233583,18.0999981080289));
#10490=CARTESIAN_POINT('Origin',(10.3229334312475,-27.8207093436615,18.0999989312399));
#10491=CARTESIAN_POINT('',(10.1229334013895,-28.0207093735196,18.0999980546449));
#10492=CARTESIAN_POINT('',(10.5229334246043,-27.6207093597005,18.0999980109229));
#10493=CARTESIAN_POINT('',(10.1229334312475,-28.0207093436616,18.0999980546449));
#10494=CARTESIAN_POINT('',(10.1229334312475,-28.0207093436616,18.0999989312399));
#10495=CARTESIAN_POINT('',(10.5229334312474,-27.6207093436615,18.0999989312399));
#10496=CARTESIAN_POINT('Origin',(10.5229334312475,-28.0207124866823,14.5999985749759));
#10497=CARTESIAN_POINT('',(10.5229334312484,-32.7707117496966,18.0999981080289));
#10498=CARTESIAN_POINT('Ctrl Pts',(9.52290074628044,-28.0207093436545,18.6999981071369));
#10499=CARTESIAN_POINT('Ctrl Pts',(9.52289357169396,-27.887265000804,18.8334423564341));
#10500=CARTESIAN_POINT('Ctrl Pts',(9.5228863264146,-27.7538206579538,18.9668865651881));
#10501=CARTESIAN_POINT('Ctrl Pts',(9.52287915194572,-27.6203763151035,19.1003308145502));
#10502=CARTESIAN_POINT('Ctrl Pts',(9.60372186904626,-28.020709361631,18.7000025426215));
#10503=CARTESIAN_POINT('Ctrl Pts',(9.62163154901781,-27.8872650227717,18.8334143330485));
#10504=CARTESIAN_POINT('Ctrl Pts',(9.63971631945022,-27.7538206839335,18.9669265024276));
#10505=CARTESIAN_POINT('Ctrl Pts',(9.65762570822402,-27.6203763450743,19.1003381259111));
#10506=CARTESIAN_POINT('Ctrl Pts',(9.77983680723497,-28.0207094066913,18.6669233032098));
#10507=CARTESIAN_POINT('Ctrl Pts',(9.83714023404213,-27.887265077913,18.7929264819947));
#10508=CARTESIAN_POINT('Ctrl Pts',(9.89394459890009,-27.7538207489781,18.9191848282193));
#10509=CARTESIAN_POINT('Ctrl Pts',(9.9512488557108,-27.6203764202001,19.0451875826308));
#10510=CARTESIAN_POINT('Ctrl Pts',(10.0529520894204,-28.0207095052868,18.4542468762829));
#10511=CARTESIAN_POINT('Ctrl Pts',(10.1708219448568,-27.8872651983844,18.5330236568844));
#10512=CARTESIAN_POINT('Ctrl Pts',(10.2887222418912,-27.7538208914827,18.6118323595901));
#10513=CARTESIAN_POINT('Ctrl Pts',(10.4065920466993,-27.6203765845803,18.690609087101));
#10514=CARTESIAN_POINT('Ctrl Pts',(10.1229407266436,-28.0207095623263,18.2211913268518));
#10515=CARTESIAN_POINT('Ctrl Pts',(10.256888632259,-27.8872652682761,18.2478400933539));
#10516=CARTESIAN_POINT('Ctrl Pts',(10.3893294650326,-27.7538209737275,18.2754059195026));
#10517=CARTESIAN_POINT('Ctrl Pts',(10.5232798771021,-27.6203766796783,18.3020531608169));
#10518=CARTESIAN_POINT('Ctrl Pts',(10.1229331900041,-28.0207095838965,18.0999655195931));
#10519=CARTESIAN_POINT('Ctrl Pts',(10.2563773444712,-27.8872652944776,18.0999583180562));
#10520=CARTESIAN_POINT('Ctrl Pts',(10.3898219034566,-27.7538210050589,18.0999508703689));
#10521=CARTESIAN_POINT('Ctrl Pts',(10.5232660572508,-27.6203767156399,18.0999436692401));
#10522=CARTESIAN_POINT('',(9.52293337786318,-28.0207093436617,18.6999981080289));
#10523=CARTESIAN_POINT('Ctrl Pts',(9.52293337786318,-28.0207093436616,18.6999981080287));
#10524=CARTESIAN_POINT('Ctrl Pts',(9.60374557243967,-28.0207093481551,18.6999981035353));
#10525=CARTESIAN_POINT('Ctrl Pts',(9.69179644665171,-28.020709353799,18.6834566383881));
#10526=CARTESIAN_POINT('Ctrl Pts',(9.77483536882743,-28.0207093601324,18.6448058974735));
#10527=CARTESIAN_POINT('Ctrl Pts',(9.85787429100315,-28.0207093664658,18.6061551565588));
#10528=CARTESIAN_POINT('Ctrl Pts',(9.93590125915066,-28.0207093735152,18.5453951407324));
#10529=CARTESIAN_POINT('Ctrl Pts',(9.99391610815434,-28.0207093800299,18.4716529327145));
#10530=CARTESIAN_POINT('Ctrl Pts',(10.0809383816599,-28.0207093898021,18.3610396206877));
#10531=CARTESIAN_POINT('Ctrl Pts',(10.1229333768087,-28.0207093987779,18.2212163881228));
#10532=CARTESIAN_POINT('Ctrl Pts',(10.1229333711902,-28.0207094037189,18.0999980546449));
#10533=CARTESIAN_POINT('',(9.52293349365058,-27.6207090233562,19.0999981080289));
#10534=CARTESIAN_POINT('Origin',(9.52293343124739,-27.6207092012827,18.0999981080289));
#10535=CARTESIAN_POINT('',(9.52293355581047,-27.6207090233562,19.0999981080289));
#10536=CARTESIAN_POINT('Origin',(9.52293343124839,-32.7707117496968,18.0999981080289));
#10537=CARTESIAN_POINT('',(9.52293343124839,-32.7707117496968,19.0999981080289));
#10538=CARTESIAN_POINT('Origin',(-6.70074244105925,-28.0207093436649,21.5999992875039));
#10539=CARTESIAN_POINT('',(8.9915939954115,-28.0207093436618,18.6999981080289));
#10540=CARTESIAN_POINT('Origin',(8.9915939954115,-28.0207093436618,18.0999982147979));
#10541=CARTESIAN_POINT('',(-2.68890332844683,-28.020709343664,18.6999981080289));
#10542=CARTESIAN_POINT('Origin',(-2.68890332844685,-27.8207091835113,18.8999981080289));
#10543=CARTESIAN_POINT('',(8.99159406665985,-27.6207090233563,19.0999981080288));
#10544=CARTESIAN_POINT('',(8.99159432306788,-24.3380821095294,22.3826223932479));
#10545=CARTESIAN_POINT('',(-2.33590332844693,-27.6207090233585,19.0999981080289));
#10546=CARTESIAN_POINT('Origin',(8.99159413254718,-24.3380840147353,18.0999968434339));
#10547=CARTESIAN_POINT('Origin',(8.9915941021794,-27.6207092724832,18.0999981080289));
#10548=CARTESIAN_POINT('Origin',(8.99159410218078,-32.7707117496969,18.0999981080289));
#10549=CARTESIAN_POINT('',(8.99159410218078,-32.7707117496969,19.0999981080289));
#10550=CARTESIAN_POINT('Origin',(6.84913266245659,-20.2204349019507,11.7999999999989));
#10551=CARTESIAN_POINT('',(33.3760650513577,-20.2204349019504,0.399999999998908));
#10552=CARTESIAN_POINT('',(9.1860338570926,-20.2204349019504,0.39999999999889));
#10553=CARTESIAN_POINT('',(33.3760650513577,-20.2204349019508,18.0999981080289));
#10554=CARTESIAN_POINT('',(33.3760650513577,-20.220434901951,26.6999994878869));
#10555=CARTESIAN_POINT('',(4.26253422331199,-20.2204349019508,18.0999981080289));
#10556=CARTESIAN_POINT('Origin',(34.3760650513577,-19.7204451551483,41.5999989757749));
#10557=CARTESIAN_POINT('',(34.3760650513577,-18.820710936857,0.399999999998908));
#10558=CARTESIAN_POINT('',(34.3760650513577,-19.2204349019504,0.399999999998908));
#10559=CARTESIAN_POINT('',(34.3760650513575,-13.0705755024139,0.399999999998908));
#10560=CARTESIAN_POINT('',(34.3760650513577,-18.8207109368572,18.0999981080289));
#10561=CARTESIAN_POINT('',(34.3760650513577,-18.8207109368572,20.2999999999989));
#10562=CARTESIAN_POINT('',(34.3760650513577,-19.2204349019508,18.0999981080289));
#10563=CARTESIAN_POINT('',(34.3760650513581,-28.6205780839298,18.0999981080289));
#10564=CARTESIAN_POINT('',(34.3760650513577,-19.2204349019509,26.6999994878869));
#10565=CARTESIAN_POINT('Origin',(4.26253422331198,-19.2204349019508,18.0999981080289));
#10566=CARTESIAN_POINT('',(33.3760650513577,-19.2204349019508,19.0999981080289));
#10567=CARTESIAN_POINT('Origin',(33.3760650513577,-19.2204349019508,18.0999981080289));
#10568=CARTESIAN_POINT('',(4.26253422331198,-19.2204349019508,19.0999981080289));
#10569=CARTESIAN_POINT('Ctrl Pts',(31.0269819171121,-17.8207080247353,18.0975648714369));
#10570=CARTESIAN_POINT('Ctrl Pts',(30.2398720787454,-17.8217838273138,18.2250060308019));
#10571=CARTESIAN_POINT('Ctrl Pts',(29.012428623721,-17.4959257783405,18.4757602987339));
#10572=CARTESIAN_POINT('Ctrl Pts',(26.9247707699464,-16.5300916012544,18.9244849155859));
#10573=CARTESIAN_POINT('Ctrl Pts',(25.5861989646645,-15.806491283875,19.0997291636349));
#10574=CARTESIAN_POINT('Ctrl Pts',(24.6813667199238,-15.3236193386324,19.0999963864119));
#10575=CARTESIAN_POINT('Ctrl Pts',(24.678647032822,-15.3221652279366,19.0999981080289));
#10576=CARTESIAN_POINT('Ctrl Pts',(24.6759249138657,-15.32071093686,19.0999981080289));
#10577=CARTESIAN_POINT('Ctrl Pts',(31.0269749068479,-17.8199401553186,18.3974287628749));
#10578=CARTESIAN_POINT('Ctrl Pts',(30.2407583522688,-17.8605071361639,18.5005596647209));
#10579=CARTESIAN_POINT('Ctrl Pts',(28.9738542294946,-17.5889113787013,18.6907638652219));
#10580=CARTESIAN_POINT('Ctrl Pts',(26.8482005459743,-16.6206811507707,18.9923575258399));
#10581=CARTESIAN_POINT('Ctrl Pts',(25.5511803725784,-15.8438442705515,19.0996800516409));
#10582=CARTESIAN_POINT('Ctrl Pts',(24.681159762854,-15.3238407626348,19.0999973602609));
#10583=CARTESIAN_POINT('Ctrl Pts',(24.6785431963162,-15.3222762338326,19.0999981080289));
#10584=CARTESIAN_POINT('Ctrl Pts',(24.6759249138657,-15.32071093686,19.0999981080289));
#10585=CARTESIAN_POINT('Ctrl Pts',(31.0274188589995,-18.07104660522,18.9165585390269));
#10586=CARTESIAN_POINT('Ctrl Pts',(30.1895723739535,-18.1331548099068,18.9476294340269));
#10587=CARTESIAN_POINT('Ctrl Pts',(28.8424392263389,-17.8542145917021,19.0006196894499));
#10588=CARTESIAN_POINT('Ctrl Pts',(26.7050852497085,-16.7798874689785,19.0758598822759));
#10589=CARTESIAN_POINT('Ctrl Pts',(25.4903345916188,-15.9083287535902,19.0999613512229));
#10590=CARTESIAN_POINT('Ctrl Pts',(24.680796982582,-15.3242297718184,19.0999978589959));
#10591=CARTESIAN_POINT('Ctrl Pts',(24.6783615982171,-15.3224703703697,19.0999981080289));
#10592=CARTESIAN_POINT('Ctrl Pts',(24.6759249138657,-15.32071093686,19.0999981080289));
#10593=CARTESIAN_POINT('Ctrl Pts',(31.0283324423183,-18.5961490357977,19.1000009444619));
#10594=CARTESIAN_POINT('Ctrl Pts',(30.0840778059162,-18.6158672644243,19.0996700649559));
#10595=CARTESIAN_POINT('Ctrl Pts',(28.6563805454134,-18.2129267872889,19.0996866108569));
#10596=CARTESIAN_POINT('Ctrl Pts',(26.5559360765551,-16.9439776913027,19.0996150175649));
#10597=CARTESIAN_POINT('Ctrl Pts',(25.4297516460074,-15.9732225729523,19.0999333031539));
#10598=CARTESIAN_POINT('Ctrl Pts',(24.6804336496084,-15.3246179261925,19.0999982436569));
#10599=CARTESIAN_POINT('Ctrl Pts',(24.6781800001181,-15.322664506907,19.0999981080289));
#10600=CARTESIAN_POINT('Ctrl Pts',(24.6759249138657,-15.32071093686,19.0999981080289));
#10601=CARTESIAN_POINT('Ctrl Pts',(31.0287225420971,-18.8207034048549,19.0999981080289));
#10602=CARTESIAN_POINT('Ctrl Pts',(30.0390319422222,-18.8224558771984,19.0999981080289));
#10603=CARTESIAN_POINT('Ctrl Pts',(28.5767863646524,-18.3665929045468,19.0999981080309));
#10604=CARTESIAN_POINT('Ctrl Pts',(26.4920546713196,-17.014409553744,19.0999981080299));
#10605=CARTESIAN_POINT('Ctrl Pts',(25.4038093908956,-16.00103666736,19.0999981080329));
#10606=CARTESIAN_POINT('Ctrl Pts',(24.6802780682854,-15.3247840820235,19.0999981080289));
#10607=CARTESIAN_POINT('Ctrl Pts',(24.678102238525,-15.3227476375483,19.0999981080289));
#10608=CARTESIAN_POINT('Ctrl Pts',(24.6759249138657,-15.32071093686,19.0999981080289));
#10609=CARTESIAN_POINT('',(31.0202136840905,-18.8207109368572,19.0999981080289));
#10610=CARTESIAN_POINT('Ctrl Pts',(24.6759249138657,-15.32071093686,19.0999981080289));
#10611=CARTESIAN_POINT('Ctrl Pts',(24.678102238525,-15.3227476375483,19.0999981080289));
#10612=CARTESIAN_POINT('Ctrl Pts',(24.6802780682854,-15.3247840820235,19.0999981080289));
#10613=CARTESIAN_POINT('Ctrl Pts',(25.4038093908956,-16.00103666736,19.0999981080329));
#10614=CARTESIAN_POINT('Ctrl Pts',(26.4920546713196,-17.014409553744,19.0999981080299));
#10615=CARTESIAN_POINT('Ctrl Pts',(28.5743923555855,-18.3650401199788,19.0999981080309));
#10616=CARTESIAN_POINT('Ctrl Pts',(30.0334397440144,-18.8207109368599,19.0999981080289));
#10617=CARTESIAN_POINT('Ctrl Pts',(31.0202136840905,-18.8207109368599,19.0999981080289));
#10618=CARTESIAN_POINT('Origin',(31.0202136840905,-18.8207109368572,18.0999981080289));
#10619=CARTESIAN_POINT('Origin',(16.9525004177625,-18.8207109368572,18.0999981080289));
#10620=CARTESIAN_POINT('',(33.3760650513577,-18.8207109368572,19.0999981080289));
#10621=CARTESIAN_POINT('',(16.9525004177625,-18.8207109368572,19.0999981080289));
#10622=CARTESIAN_POINT('Origin',(33.3760650513577,-18.8207109368572,18.0999981080289));
#10623=CARTESIAN_POINT('Origin',(33.3760650513577,-18.8207109368572,20.2999999999989));
#10624=CARTESIAN_POINT('Origin',(33.3760650513577,-18.820710936857,0.399999999998908));
#10625=CARTESIAN_POINT('Origin',(33.3760650513577,-18.8207109368572,18.0999981080289));
#10626=CARTESIAN_POINT('Origin',(33.3760650513581,-28.6205780839299,18.0999981080289));
#10627=CARTESIAN_POINT('Origin',(33.3760650513577,-19.2204349019508,18.0999981080289));
#10628=CARTESIAN_POINT('Origin',(33.3760650513577,-18.8207109368572,18.0999981080289));
#10629=CARTESIAN_POINT('',(33.3760650513581,-28.6205780839299,19.0999981080289));
#10630=CARTESIAN_POINT('Origin',(33.3760650513577,-18.8207109368572,18.0999981080289));
#10631=CARTESIAN_POINT('Origin',(33.3760650513577,-19.220434901951,26.6999994878869));
#10632=CARTESIAN_POINT('Origin',(33.3760650513577,-19.2204349019504,0.399999999998908));
#10633=CARTESIAN_POINT('Origin',(33.3760650513577,-19.2204349019508,18.0999981080289));
#10634=CARTESIAN_POINT('Origin',(33.3760650513577,-19.2204349019508,18.0999981080289));
#10635=CARTESIAN_POINT('Origin',(-10.6770649482564,-15.820712060979,41.5999995992209));
#10636=CARTESIAN_POINT('',(-10.6770649482801,-13.8207120609781,1.9999999999999));
#10637=CARTESIAN_POINT('',(-10.67706494828,-11.1207089553296,1.9999999999999));
#10638=CARTESIAN_POINT('',(-10.6770649482565,-13.820712060979,41.5999995992209));
#10639=CARTESIAN_POINT('Origin',(-13.6770649482565,-13.820712060979,41.5999995992229));
#10640=CARTESIAN_POINT('Origin',(-13.6770649482801,-13.8207120609781,2.0000000000269));
#10641=CARTESIAN_POINT('Origin',(-16.5760648674323,-13.820712060979,41.5999995992249));
#10642=CARTESIAN_POINT('Origin',(-16.5760648674559,-13.8207120609781,2.0000000000349));
#10643=CARTESIAN_POINT('Origin',(-13.67706494828,-18.0207090233612,1.00000000001289));
#10644=CARTESIAN_POINT('',(-8.67706494828119,-18.0207090233612,-8.88178419700125E-14));
#10645=CARTESIAN_POINT('',(-13.6770649482802,-21.0207090233609,1.99999999999889));
#10646=CARTESIAN_POINT('Origin',(-2.14481254620542,-22.020709695037,0.999999999998877));
#10647=CARTESIAN_POINT('',(-16.5760648674559,-21.0207090233609,2.0000000000349));
#10648=CARTESIAN_POINT('Origin',(-16.5760648674558,-18.0207090233612,1.00000000001691));
#10649=CARTESIAN_POINT('',(-19.5760648674558,-18.0207090233612,1.9999999999999));
#10650=CARTESIAN_POINT('Origin',(-20.5760648674564,-13.2207074365211,0.999999999999908));
#10651=CARTESIAN_POINT('',(-19.5760648674559,-13.8207120609781,2.0000000000349));
#10652=CARTESIAN_POINT('Origin',(-16.5760648674559,-13.8207120609781,1.00000000001691));
#10653=CARTESIAN_POINT('',(-16.5760648674559,-10.8207120609781,1.9999999999999));
#10654=CARTESIAN_POINT('Origin',(-6.02656490785182,-9.82071206097811,0.999999999999925));
#10655=CARTESIAN_POINT('',(-13.6770649482801,-10.8207120609781,2.0000000000269));
#10656=CARTESIAN_POINT('Origin',(-13.6770649482801,-13.8207120609781,1.00000000001289));
#10657=CARTESIAN_POINT('',(-10.6770649482801,-13.8207120609781,1.9999999999999));
#10658=CARTESIAN_POINT('Origin',(-9.6770649482806,-11.1207089553296,0.999999999999908));
#10659=CARTESIAN_POINT('Origin',(34.1760650513575,-4.6705755024134,0.199999999999934));
#10660=CARTESIAN_POINT('Origin',(32.1759249138657,-15.3207109368599,0.199999999999907));
#10661=CARTESIAN_POINT('',(32.1759249138657,-18.220710936857,-7.105427357601E-14));
#10662=CARTESIAN_POINT('Origin',(21.8760000515431,-18.020710936857,0.199999999998912));
#10663=CARTESIAN_POINT('',(33.3760650513577,-18.220710936857,-7.105427357601E-14));
#10664=CARTESIAN_POINT('Origin',(33.3760650513577,-18.820710936857,0.199999999998912));
#10665=CARTESIAN_POINT('',(33.9760650513577,-18.820710936857,-7.105427357601E-14));
#10666=CARTESIAN_POINT('Origin',(34.1760650513575,-13.0705755024139,0.199999999999907));
#10667=CARTESIAN_POINT('',(33.9760650513577,-19.2204349019504,-7.105427357601E-14));
#10668=CARTESIAN_POINT('Origin',(33.3760650513577,-19.2204349019504,0.199999999998912));
#10669=CARTESIAN_POINT('',(33.3760650513577,-19.8204349019504,-1.10134124042816E-12));
#10670=CARTESIAN_POINT('Origin',(9.1860338570926,-20.0204349019504,0.199999999998894));
#10671=CARTESIAN_POINT('',(20.9243293434646,-19.8204349019504,-1.10134124042816E-12));
#10672=CARTESIAN_POINT('Origin',(21.1243293382719,-15.7950155735781,0.199999999998912));
#10673=CARTESIAN_POINT('Origin',(-29.2760650513543,-4.72071551637107,44.1999995992329));
#10674=CARTESIAN_POINT('',(-29.2760650513788,-3.02071551637024,3.40000102422492));
#10675=CARTESIAN_POINT('',(-29.2760650513543,-3.02071551637107,44.1999995992329));
#10676=CARTESIAN_POINT('',(-27.5760650513788,-4.72071551637024,3.40000102422492));
#10677=CARTESIAN_POINT('Origin',(-29.2760650513786,-4.72071551637024,3.40000102422492));
#10678=CARTESIAN_POINT('',(-29.2760650513788,-6.42071551637025,3.40000102422492));
#10679=CARTESIAN_POINT('Origin',(-29.2760650513786,-4.72071551637024,3.40000102422492));
#10680=CARTESIAN_POINT('',(-30.9760650513788,-4.72071551637024,3.40000102422492));
#10681=CARTESIAN_POINT('Origin',(-29.2760650513786,-4.72071551637024,3.40000102422392));
#10682=CARTESIAN_POINT('Origin',(-29.2760650513786,-4.72071551637024,3.40000102422392));
#10683=CARTESIAN_POINT('Origin',(29.9257462624159,-7.62072226705046,-0.999998975777068));
#10684=CARTESIAN_POINT('',(29.9257462624159,-9.32072226705047,3.40000102422493));
#10685=CARTESIAN_POINT('',(28.2257462624159,-7.62072226705046,3.40000102422493));
#10686=CARTESIAN_POINT('Origin',(29.9257462624159,-7.62072226705046,3.40000102422493));
#10687=CARTESIAN_POINT('',(29.9257462624159,-5.92072226705048,3.40000102422493));
#10688=CARTESIAN_POINT('Origin',(29.9257462624159,-7.62072226705046,3.40000102422493));
#10689=CARTESIAN_POINT('',(31.6257462624159,-7.62072226705046,3.40000102422493));
#10690=CARTESIAN_POINT('Origin',(29.9257462624159,-7.62072226705046,3.40000102422493));
#10691=CARTESIAN_POINT('Origin',(29.9257462624159,-7.62072226705046,3.40000102422493));
#10692=CARTESIAN_POINT('',(29.9257462624159,-9.32072226705046,-0.999998975777088));
#10693=CARTESIAN_POINT('Origin',(29.0757462624159,-6.77072226705047,3.40000102422493));
#10694=CARTESIAN_POINT('',(28.2257462624159,-5.92072226705048,3.40000102422493));
#10695=CARTESIAN_POINT('',(28.2257462624159,-9.93012334380906,3.40000102422493));
#10696=CARTESIAN_POINT('',(31.8006499037818,-5.92072226705048,3.40000102422493));
#10697=CARTESIAN_POINT('Origin',(28.2257462624159,-5.92072226705048,3.00000102422493));
#10698=CARTESIAN_POINT('',(28.2257462624159,-2.55566059514947,3.00000102422493));
#10699=CARTESIAN_POINT('',(28.2257462624159,-5.92072226705048,3.20000102422492));
#10700=CARTESIAN_POINT('',(28.2257462624159,-9.93012334380906,3.20000102422492));
#10701=CARTESIAN_POINT('',(28.2257462624159,-5.92072226705048,3.00000102422493));
#10702=CARTESIAN_POINT('',(28.2257462624159,-9.32072226705047,3.40000102422493));
#10703=CARTESIAN_POINT('',(28.2257462624159,-9.93012334380906,3.40000102422493));
#10704=CARTESIAN_POINT('',(28.2257462624159,-9.32072226705047,3.20000102422492));
#10705=CARTESIAN_POINT('',(28.2257462624159,-9.32072226705047,3.00000102422493));
#10706=CARTESIAN_POINT('',(28.2257462624159,-9.93012334380906,3.20000102422492));
#10707=CARTESIAN_POINT('Origin',(30.7757462624159,-6.77072226705047,3.40000102422493));
#10708=CARTESIAN_POINT('',(31.6257462624159,-5.92072226705048,3.40000102422493));
#10709=CARTESIAN_POINT('',(31.8006499037818,-5.92072226705048,3.40000102422493));
#10710=CARTESIAN_POINT('',(31.6257462624159,-9.93012334380897,3.40000102422493));
#10711=CARTESIAN_POINT('Origin',(31.6257462624159,-5.92072226705048,3.00000102422493));
#10712=CARTESIAN_POINT('',(31.6257462624159,-5.92072226705048,3.20000102422492));
#10713=CARTESIAN_POINT('',(30.7757462624159,-5.92072226705048,3.20000102422492));
#10714=CARTESIAN_POINT('',(31.6257462624159,-5.92072226705048,3.00000102422493));
#10715=CARTESIAN_POINT('Origin',(30.7757462624159,-8.47072226705047,3.40000102422493));
#10716=CARTESIAN_POINT('',(31.6257462624159,-9.32072226705047,3.40000102422493));
#10717=CARTESIAN_POINT('',(31.6257462624159,-9.93012334380897,3.40000102422493));
#10718=CARTESIAN_POINT('',(28.2257462624159,-9.32072226705047,3.40000102422493));
#10719=CARTESIAN_POINT('Origin',(31.6257462624159,-9.32072226705047,3.00000102422493));
#10720=CARTESIAN_POINT('',(31.6257462624159,-9.93012334380897,3.20000102422492));
#10721=CARTESIAN_POINT('',(31.6257462624159,-9.93012334380897,3.00000102422493));
#10722=CARTESIAN_POINT('',(31.6257462624159,-9.32072226705047,3.20000102422492));
#10723=CARTESIAN_POINT('',(31.6257462624159,-9.93012334380897,3.20000102422492));
#10724=CARTESIAN_POINT('',(31.6257462624159,-9.32072226705047,3.00000102422493));
#10725=CARTESIAN_POINT('',(31.6257462624159,-5.31132119029207,3.20000102422492));
#10726=CARTESIAN_POINT('',(31.6257462624159,-9.93012334380897,3.20000102422492));
#10727=CARTESIAN_POINT('',(31.6257462624159,-5.31132119029207,3.00000102422493));
#10728=CARTESIAN_POINT('Origin',(29.0757462624159,-8.47072226705047,3.40000102422493));
#10729=CARTESIAN_POINT('',(28.2257462624159,-9.32072226705047,3.40000102422493));
#10730=CARTESIAN_POINT('Origin',(28.2257462624159,-9.32072226705047,3.00000102422493));
#10731=CARTESIAN_POINT('',(29.0757462624159,-9.32072226705047,3.20000102422492));
#10732=CARTESIAN_POINT('Origin',(-28.4260650513788,-3.87071551637023,3.40000102422492));
#10733=CARTESIAN_POINT('',(-27.5760650513788,-3.02071551637024,3.40000102422492));
#10734=CARTESIAN_POINT('',(-27.5760650513788,-7.03011659312734,3.40000102422492));
#10735=CARTESIAN_POINT('',(-27.5760650513788,-3.02071551637024,3.40000102422492));
#10736=CARTESIAN_POINT('Origin',(-27.5760650513788,-4.72071551637024,3.00000102422489));
#10737=CARTESIAN_POINT('',(-27.5760650513788,-3.41505829656724,3.00000102422489));
#10738=CARTESIAN_POINT('',(-27.5760650513788,-6.42071551637025,3.20000102422489));
#10739=CARTESIAN_POINT('',(-27.5760650513788,-7.03011659312734,3.20000102422489));
#10740=CARTESIAN_POINT('',(-27.5760650513788,-6.42071551637025,3.40000102422492));
#10741=CARTESIAN_POINT('',(-27.5760650513788,-6.42071551637025,3.00000102422489));
#10742=CARTESIAN_POINT('',(-27.5760650513788,-7.03011659312734,3.40000102422492));
#10743=CARTESIAN_POINT('',(-27.5760650513788,-3.02071551637024,3.20000102422489));
#10744=CARTESIAN_POINT('',(-27.5760650513788,-3.02071551637024,3.00000102422489));
#10745=CARTESIAN_POINT('',(-27.5760650513788,-7.03011659312734,3.20000102422489));
#10746=CARTESIAN_POINT('Origin',(-30.1260650513788,-3.87071551637023,3.40000102422492));
#10747=CARTESIAN_POINT('',(-30.9760650513788,-3.02071551637024,3.40000102422492));
#10748=CARTESIAN_POINT('',(-30.9760650513788,-7.03011659313014,3.40000102422492));
#10749=CARTESIAN_POINT('',(-27.5760650513788,-3.02071551637024,3.40000102422492));
#10750=CARTESIAN_POINT('Origin',(-30.9760650513788,-3.02071551637024,3.00000102422489));
#10751=CARTESIAN_POINT('',(-30.9760650513788,-2.41131443960983,3.20000102422489));
#10752=CARTESIAN_POINT('',(-30.9760650513788,-2.41131443960983,3.00000102422489));
#10753=CARTESIAN_POINT('',(-30.9760650513788,-3.02071551637024,3.20000102422489));
#10754=CARTESIAN_POINT('',(-30.9760650513788,-7.03011659313014,3.20000102422489));
#10755=CARTESIAN_POINT('',(-30.9760650513788,-3.02071551637024,3.00000102422489));
#10756=CARTESIAN_POINT('',(-30.9760650513788,-6.42071551637025,3.40000102422492));
#10757=CARTESIAN_POINT('',(-30.9760650513788,-7.03011659313014,3.40000102422492));
#10758=CARTESIAN_POINT('',(-30.9760650513788,-6.42071551637025,3.20000102422489));
#10759=CARTESIAN_POINT('',(-30.9760650513788,-6.42071551637025,3.00000102422489));
#10760=CARTESIAN_POINT('',(-30.9760650513788,-7.03011659313014,3.20000102422489));
#10761=CARTESIAN_POINT('',(-30.9760650513788,-7.03011659313014,3.20000102422489));
#10762=CARTESIAN_POINT('',(-30.9760650513788,-7.03011659313014,3.00000102422489));
#10763=CARTESIAN_POINT('Origin',(-30.1260650513788,-5.57071551637024,3.40000102422492));
#10764=CARTESIAN_POINT('',(-30.9760650513788,-6.42071551637025,3.40000102422492));
#10765=CARTESIAN_POINT('Origin',(-30.9760650513788,-6.42071551637025,3.00000102422489));
#10766=CARTESIAN_POINT('',(-30.1260650513788,-6.42071551637025,3.20000102422489));
#10767=CARTESIAN_POINT('',(-30.9760650513788,-6.42071551637025,3.40000102422492));
#10768=CARTESIAN_POINT('Origin',(-28.4260650513788,-5.57071551637024,3.40000102422492));
#10769=CARTESIAN_POINT('Origin',(-27.5760650513788,-3.02071551637024,3.00000102422489));
#10770=CARTESIAN_POINT('',(-28.4260650513788,-3.02071551637024,3.20000102422489));
#10771=CARTESIAN_POINT('Origin',(-6.30606677987089E-13,0.199999999992997,
3.00000102422491));
#10772=CARTESIAN_POINT('Origin',(-0.452000000000643,0.199999999992997,3.00000102422491));
#10773=CARTESIAN_POINT('Origin',(-29.2760650513788,-2.22526724917945,3.20000102422489));
#10774=CARTESIAN_POINT('',(-32.1260650513812,-3.07526724917984,3.20000102422489));
#10775=CARTESIAN_POINT('Origin',(29.9257462624159,-10.116170534241,3.20000102422492));
#10776=CARTESIAN_POINT('',(32.7757462624158,-9.26617053424097,3.20000102422492));
#10777=CARTESIAN_POINT('Origin',(-29.2760650513788,-7.21616378356064,3.20000102422489));
#10778=CARTESIAN_POINT('',(-29.2760650513812,-8.01161205075113,3.20000102422489));
#10779=CARTESIAN_POINT('Origin',(29.9257462624159,-5.12527399986006,3.20000102422492));
#10780=CARTESIAN_POINT('',(29.9257462624158,-4.32982573266967,3.20000102422492));
#10781=CARTESIAN_POINT('Origin',(-29.2760650513812,-1.42981898198934,-0.999998975776091));
#10782=CARTESIAN_POINT('',(-32.1260650513812,-3.07526724917974,0.399999999999903));
#10783=CARTESIAN_POINT('',(-15.0569987164238,6.77956279412357,0.399999999999903));
#10784=CARTESIAN_POINT('',(-32.1260650513812,-3.07526724917974,-0.999998975776091));
#10785=CARTESIAN_POINT('Origin',(-32.1260650513812,-3.07526724917974,-0.999998975776091));
#10786=CARTESIAN_POINT('',(-32.1260650513812,-6.36616378356065,0.399999999999903));
#10787=CARTESIAN_POINT('',(-32.1260650513812,-4.74798654943024,0.399999999999903));
#10788=CARTESIAN_POINT('',(-32.1260650513812,-6.36616378356065,-0.999998975776091));
#10789=CARTESIAN_POINT('Origin',(-32.1260650513812,-6.36616378356065,-0.999998975776091));
#10790=CARTESIAN_POINT('',(-15.7458813090063,-15.8232672765963,0.399999999999885));
#10791=CARTESIAN_POINT('Origin',(-11.3708813090063,-11.5364415278633,0.199999999999889));
#10792=CARTESIAN_POINT('',(-29.2760650513823,-0.967938766637042,-8.88178419700125E-14));
#10793=CARTESIAN_POINT('',(-26.0260650513812,-2.84432714150393,-8.88178419700125E-14));
#10794=CARTESIAN_POINT('Origin',(-32.3260650513812,-4.74798654943025,0.199999999999907));
#10795=CARTESIAN_POINT('',(-32.1260650513812,-3.07526724917974,0.399999999999903));
#10796=CARTESIAN_POINT('',(-32.5260650513812,-6.59710389123655,-8.88178419700125E-14));
#10797=CARTESIAN_POINT('Origin',(-15.156998716424,6.95276787488086,0.199999999999907));
#10798=CARTESIAN_POINT('Origin',(-15.8458813090063,-15.9964723573532,0.199999999999889));
#10799=CARTESIAN_POINT('',(-29.2760650513812,-8.47349226610285,-8.88178419700125E-14));
#10800=CARTESIAN_POINT('Origin',(-13.5319987164238,0.847288778200177,0.199999999999907));
#10801=CARTESIAN_POINT('',(-26.0260650513812,-6.59710389123654,-8.88178419700125E-14));
#10802=CARTESIAN_POINT('Origin',(-26.2260650513812,-6.39343481662063,0.199999999999907));
#10803=CARTESIAN_POINT('Origin',(29.9257462624158,-10.9116188014314,-0.999998975777086));
#10804=CARTESIAN_POINT('',(32.7757462624158,-9.26617053424097,0.39999999999992));
#10805=CARTESIAN_POINT('',(23.9970032340083,-14.3345801848386,0.399999999999903));
#10806=CARTESIAN_POINT('',(32.7757462624158,-9.26617053424097,-0.999998975777068));
#10807=CARTESIAN_POINT('Origin',(32.7757462624158,-9.26617053424097,-0.999998975777068));
#10808=CARTESIAN_POINT('',(32.7757462624158,-5.97527399986007,0.39999999999992));
#10809=CARTESIAN_POINT('',(32.7757462624158,-7.84343819196076,0.39999999999992));
#10810=CARTESIAN_POINT('',(32.7757462624158,-5.97527399986007,-0.999998975777068));
#10811=CARTESIAN_POINT('Origin',(32.7757462624158,-5.97527399986007,-0.999998975777068));
#10812=CARTESIAN_POINT('',(24.902380882808,-1.42958437851518,0.39999999999992));
#10813=CARTESIAN_POINT('Origin',(26.8757462624158,-6.19798992477036,0.199999999999925));
#10814=CARTESIAN_POINT('',(26.6757462624158,-9.49711064191677,-5.32907051820075E-14));
#10815=CARTESIAN_POINT('',(26.6757462624158,-5.74433389218417,-5.32907051820075E-14));
#10816=CARTESIAN_POINT('Origin',(32.9757462624158,-7.84343819196076,0.199999999999925));
#10817=CARTESIAN_POINT('',(32.7757462624158,-9.26617053424097,0.39999999999992));
#10818=CARTESIAN_POINT('',(33.1757462624158,-5.74433389218417,-5.32907051820075E-14));
#10819=CARTESIAN_POINT('Origin',(20.527380882808,-5.71641012724818,0.199999999999925));
#10820=CARTESIAN_POINT('',(29.9257462624158,-11.3734990167831,-7.105427357601E-14));
#10821=CARTESIAN_POINT('Origin',(24.0970032340083,-14.5077852655955,0.199999999999907));
#10822=CARTESIAN_POINT('Origin',(25.0023808828079,-1.25637929775827,0.199999999999925));
#10823=CARTESIAN_POINT('',(29.9257462624159,-3.86794551731787,-5.32907051820075E-14));
#10824=CARTESIAN_POINT('Origin',(22.4720032340083,-8.40230616891517,0.199999999999925));
#10825=CARTESIAN_POINT('Origin',(-2.67706513527412,-15.4207170829831,21.6000060333869));
#10826=CARTESIAN_POINT('',(-2.67706513527298,-19.920725039092,16.5999981080289));
#10827=CARTESIAN_POINT('',(-2.67706513527355,-17.6707210610369,16.5999981080289));
#10828=CARTESIAN_POINT('',(-2.6770651352721,-23.4914392533579,18.0999981080289));
#10829=CARTESIAN_POINT('',(-2.67706513527135,-26.4707140478484,18.0999981080289));
#10830=CARTESIAN_POINT('Origin',(-2.67706513527298,-19.9207250390867,21.5999981080289));
#10831=CARTESIAN_POINT('Origin',(-2.67706513527233,-19.9207250390907,17.5999981080289));
#10832=CARTESIAN_POINT('',(0.922934864727667,-19.9207250390907,17.5999981080289));
#10833=CARTESIAN_POINT('',(0.922934864727667,-20.3457232763097,17.5999981080289));
#10834=CARTESIAN_POINT('',(-1.67706513527411,-19.9207250390907,17.5999981080289));
#10835=CARTESIAN_POINT('',(-1.67706513527356,-17.6707210610367,17.5999981080289));
#10836=CARTESIAN_POINT('',(-2.67706513527233,-19.9207250390907,17.5999981080289));
#10837=CARTESIAN_POINT('Origin',(-2.67706513527233,-19.9207250390864,21.5999981080289));
#10838=CARTESIAN_POINT('',(0.922934864727667,-20.8569639027721,17.7111092191399));
#10839=CARTESIAN_POINT('Origin',(0.922934864727667,-19.9207250390864,21.5999981080289));
#10840=CARTESIAN_POINT('',(-1.6770651352721,-22.7772964105034,18.7999981080289));
#10841=CARTESIAN_POINT('Origin',(-1.67706513527411,-19.9207250390864,21.5999981080289));
#10842=CARTESIAN_POINT('',(1.3231348847317,-22.7772964105034,18.7999981080289));
#10843=CARTESIAN_POINT('',(-2.67706513527233,-22.7772964105034,18.7999981080289));
#10844=CARTESIAN_POINT('Ctrl Pts',(0.922934864727667,-20.8569639027721,
17.7111092191399));
#10845=CARTESIAN_POINT('Ctrl Pts',(0.922934864727667,-21.1786512523156,
17.7885545273509));
#10846=CARTESIAN_POINT('Ctrl Pts',(0.930596940518322,-21.9063964005106,
18.0587393198549));
#10847=CARTESIAN_POINT('Ctrl Pts',(1.09543930970225,-22.5243013271374,18.5418914965109));
#10848=CARTESIAN_POINT('Ctrl Pts',(1.3231348847317,-22.7772964105034,18.7999981080289));
#10849=CARTESIAN_POINT('Origin',(-1.67706513527135,-26.4707140478481,18.0999981080289));
#10850=CARTESIAN_POINT('',(-1.6770651352721,-23.4914392533577,19.0999981080289));
#10851=CARTESIAN_POINT('Origin',(-1.6770651352721,-23.4914392533577,18.0999981080289));
#10852=CARTESIAN_POINT('',(-1.67706513527135,-26.4707140478481,19.0999981080289));
#10853=CARTESIAN_POINT('Origin',(1.67593578416743,-37.5207110127126,19.0999981080289));
#10854=CARTESIAN_POINT('',(2.32293486472767,-23.4914392533577,19.0999981080289));
#10855=CARTESIAN_POINT('',(2.32293486472769,-29.1457162631206,19.0999981080289));
#10856=CARTESIAN_POINT('',(-2.67706513527233,-23.4914392533577,19.0999981080289));
#10857=CARTESIAN_POINT('Origin',(-1.6770651352721,-23.4914392533577,18.0999981080289));
#10858=CARTESIAN_POINT('Origin',(-1.67706513527322,-23.4914392533577,18.0999981080289));
#10859=CARTESIAN_POINT('Origin',(-1.6770651352721,-23.4914392533577,18.0999981080289));
#10860=CARTESIAN_POINT('Origin',(-1.67706513527356,-17.6707210610367,16.5999981080289));
#10861=CARTESIAN_POINT('Origin',(-1.67706513527411,-19.9207250390918,16.5999981080289));
#10862=CARTESIAN_POINT('Origin',(-1.67706513527411,-19.9207250390864,21.5999981080289));
#10863=CARTESIAN_POINT('Origin',(-2.67706513527233,-23.4914392533577,18.0999981080289));
#10864=CARTESIAN_POINT('Origin',(2.32293486472767,-23.4914392533577,18.0999981080289));
#10865=CARTESIAN_POINT('Origin',(2.32293486472769,-29.1457162631206,18.0999981080289));
#10866=CARTESIAN_POINT('',(1.60879202187341,-22.4916392733617,18.7999981080289));
#10867=CARTESIAN_POINT('',(1.32293486472768,-20.7633400164036,18.0999981080289));
#10868=CARTESIAN_POINT('Ctrl Pts',(1.60879202187341,-22.4916392733617,18.7999981080289));
#10869=CARTESIAN_POINT('Ctrl Pts',(1.44615232542381,-22.2639436983323,18.6340724291959));
#10870=CARTESIAN_POINT('Ctrl Pts',(1.32840777600669,-21.7078292643681,18.3234746013459));
#10871=CARTESIAN_POINT('Ctrl Pts',(1.32293486472768,-21.0528586309925,18.1497843775939));
#10872=CARTESIAN_POINT('Ctrl Pts',(1.32293486472768,-20.7633400164036,18.0999981080289));
#10873=CARTESIAN_POINT('Origin',(2.32293486472767,-23.4914392533577,18.0999981080289));
#10874=CARTESIAN_POINT('',(1.32293486472768,-29.1457162631206,18.0999981080289));
#10875=CARTESIAN_POINT('Origin',(1.32293486472768,-20.7707215135286,21.5999981080289));
#10876=CARTESIAN_POINT('',(1.32293486472768,-19.9207250390903,17.9999981080289));
#10877=CARTESIAN_POINT('',(1.32293486472768,-20.3457232763097,17.9999981080289));
#10878=CARTESIAN_POINT('Origin',(1.32293486472768,-19.9207250390864,21.5999981080289));
#10879=CARTESIAN_POINT('Origin',(0.922934864727667,-20.3457232763097,17.9999981080289));
#10880=CARTESIAN_POINT('Origin',(0.922934864727667,-19.9207250390903,17.9999981080289));
#10881=CARTESIAN_POINT('Origin',(0.922934864727667,-19.9207250390864,21.5999981080289));
#10882=CARTESIAN_POINT('Origin',(0.922934864727667,-20.7633400164036,18.0999981080289));
#10883=CARTESIAN_POINT('Ctrl Pts',(1.32293486472768,-20.7633400164036,18.0999981080289));
#10884=CARTESIAN_POINT('Ctrl Pts',(1.32293486472768,-21.0528586309925,18.1497843775939));
#10885=CARTESIAN_POINT('Ctrl Pts',(1.32840777600669,-21.7078292643681,18.3234746013459));
#10886=CARTESIAN_POINT('Ctrl Pts',(1.44615232542381,-22.2639436983323,18.6340724291959));
#10887=CARTESIAN_POINT('Ctrl Pts',(1.60879202187341,-22.4916392733617,18.7999981080289));
#10888=CARTESIAN_POINT('Ctrl Pts',(1.32293486472768,-20.7878506925382,17.9981872349959));
#10889=CARTESIAN_POINT('Ctrl Pts',(1.31775152926703,-21.08504388999,18.0531309269699));
#10890=CARTESIAN_POINT('Ctrl Pts',(1.30657431135909,-21.7545365657197,18.2448528081469));
#10891=CARTESIAN_POINT('Ctrl Pts',(1.41465021499612,-22.318450250276,18.5884192140319));
#10892=CARTESIAN_POINT('Ctrl Pts',(1.58045936536092,-22.5494610213464,18.7710930167899));
#10893=CARTESIAN_POINT('Ctrl Pts',(1.23612655102282,-20.8366455735268,17.7955061907979));
#10894=CARTESIAN_POINT('Ctrl Pts',(1.226643969353,-21.1491085832909,17.8649062209199));
#10895=CARTESIAN_POINT('Ctrl Pts',(1.20215669978715,-21.8476703413487,18.1057156307009));
#10896=CARTESIAN_POINT('Ctrl Pts',(1.31362945307449,-22.4273096734827,18.5219572740519));
#10897=CARTESIAN_POINT('Ctrl Pts',(1.49649771493963,-22.6650021035697,18.7401389821979));
#10898=CARTESIAN_POINT('Ctrl Pts',(1.02765461984734,-20.8569639027721,17.7111092191399));
#10899=CARTESIAN_POINT('Ctrl Pts',(1.02439604450594,-21.1775057072286,17.7883869520309));
#10900=CARTESIAN_POINT('Ctrl Pts',(1.02115245497962,-21.8981150360037,18.0566528769789));
#10901=CARTESIAN_POINT('Ctrl Pts',(1.16824160229567,-22.5017256862639,18.5240104907519));
#10902=CARTESIAN_POINT('Ctrl Pts',(1.38095663271637,-22.748963753991,18.7710930167899));
#10903=CARTESIAN_POINT('Ctrl Pts',(0.922934864727667,-20.8569639027721,
17.7111092191399));
#10904=CARTESIAN_POINT('Ctrl Pts',(0.922934864727667,-21.1786512523156,
17.7885545273509));
#10905=CARTESIAN_POINT('Ctrl Pts',(0.930596940518322,-21.9063964005106,
18.0587393198549));
#10906=CARTESIAN_POINT('Ctrl Pts',(1.09543930970225,-22.5243013271374,18.5418914965109));
#10907=CARTESIAN_POINT('Ctrl Pts',(1.3231348847317,-22.7772964105034,18.7999981080289));
#10908=CARTESIAN_POINT('Origin',(1.3231348847317,-22.4916392733617,19.0799981080289));
#10909=CARTESIAN_POINT('Ctrl Pts',(2.32293486472767,-23.4914392533577,19.0999981080289));
#10910=CARTESIAN_POINT('Ctrl Pts',(1.95174874397508,-23.226306309963,19.0999981080289));
#10911=CARTESIAN_POINT('Ctrl Pts',(1.58296516925852,-22.9628894708797,18.9893409019599));
#10912=CARTESIAN_POINT('Ctrl Pts',(1.3231348847317,-22.7772964105034,18.7999981080289));
#10913=CARTESIAN_POINT('Ctrl Pts',(2.32293486472767,-23.4914392533577,19.0999981080289));
#10914=CARTESIAN_POINT('Ctrl Pts',(1.97194934918612,-23.206105704752,19.0999981080289));
#10915=CARTESIAN_POINT('Ctrl Pts',(1.62409850592401,-22.9249293893138,18.9685927162829));
#10916=CARTESIAN_POINT('Ctrl Pts',(1.38921688242847,-22.744916231632,18.7669637180419));
#10917=CARTESIAN_POINT('Ctrl Pts',(2.32293486472767,-23.4914392533577,19.0999981080289));
#10918=CARTESIAN_POINT('Ctrl Pts',(2.0073004083054,-23.1707546456327,19.0999981080289));
#10919=CARTESIAN_POINT('Ctrl Pts',(1.69649227507002,-22.8545686479629,18.9525256805819));
#10920=CARTESIAN_POINT('Ctrl Pts',(1.5045942055053,-22.6568926142327,18.7401517235419));
#10921=CARTESIAN_POINT('Ctrl Pts',(2.32293486472767,-23.4914392533577,19.0999981080289));
#10922=CARTESIAN_POINT('Ctrl Pts',(2.04265146742471,-23.1354035865134,19.0999981080289));
#10923=CARTESIAN_POINT('Ctrl Pts',(1.76603142589093,-22.782423648691,18.9736405630809));
#10924=CARTESIAN_POINT('Ctrl Pts',(1.58450688771985,-22.5412007716343,18.7752223155389));
#10925=CARTESIAN_POINT('Ctrl Pts',(2.32293486472767,-23.4914392533577,19.0999981080289));
#10926=CARTESIAN_POINT('Ctrl Pts',(2.05780192133298,-23.1202531326051,19.0999981080289));
#10927=CARTESIAN_POINT('Ctrl Pts',(1.7943850822497,-22.7514695578885,18.9893409019599));
#10928=CARTESIAN_POINT('Ctrl Pts',(1.60879202187341,-22.4916392733617,18.7999981080289));
#10929=UNCERTAINTY_MEASURE_WITH_UNIT(LENGTH_MEASURE(0.01),#10933,
'DISTANCE_ACCURACY_VALUE',
'Maximum model space distance between geometric entities at asserted c
onnectivities');
#10930=UNCERTAINTY_MEASURE_WITH_UNIT(LENGTH_MEASURE(0.01),#10933,
'DISTANCE_ACCURACY_VALUE',
'Maximum model space distance between geometric entities at asserted c
onnectivities');
#10931=(
GEOMETRIC_REPRESENTATION_CONTEXT(3)
GLOBAL_UNCERTAINTY_ASSIGNED_CONTEXT((#10929))
GLOBAL_UNIT_ASSIGNED_CONTEXT((#10933,#10935,#10936))
REPRESENTATION_CONTEXT('','3D')
);
#10932=(
GEOMETRIC_REPRESENTATION_CONTEXT(3)
GLOBAL_UNCERTAINTY_ASSIGNED_CONTEXT((#10930))
GLOBAL_UNIT_ASSIGNED_CONTEXT((#10933,#10935,#10936))
REPRESENTATION_CONTEXT('','3D')
);
#10933=(
LENGTH_UNIT()
NAMED_UNIT(*)
SI_UNIT(.MILLI.,.METRE.)
);
#10934=(
LENGTH_UNIT()
NAMED_UNIT(*)
SI_UNIT($,.METRE.)
);
#10935=(
NAMED_UNIT(*)
PLANE_ANGLE_UNIT()
SI_UNIT($,.RADIAN.)
);
#10936=(
NAMED_UNIT(*)
SI_UNIT($,.STERADIAN.)
SOLID_ANGLE_UNIT()
);
#10937=SHAPE_DEFINITION_REPRESENTATION(#10938,#10939);
#10938=PRODUCT_DEFINITION_SHAPE('',$,#10941);
#10939=SHAPE_REPRESENTATION('',(#6089),#10931);
#10940=PRODUCT_DEFINITION_CONTEXT('part definition',#10945,'design');
#10941=PRODUCT_DEFINITION('2026-08-02-23-13-47-568',
'x_carriage_right_pz',#10942,#10940);
#10942=PRODUCT_DEFINITION_FORMATION('',$,#10947);
#10943=PRODUCT_RELATED_PRODUCT_CATEGORY('x_carriage_right_pz',
'x_carriage_right_pz',(#10947));
#10944=APPLICATION_PROTOCOL_DEFINITION('international standard',
'automotive_design',2009,#10945);
#10945=APPLICATION_CONTEXT(
'Core Data for Automotive Mechanical Design Process');
#10946=PRODUCT_CONTEXT('part definition',#10945,'mechanical');
#10947=PRODUCT('2026-08-02-23-13-47-568','x_carriage_right_pz',$,(#10946));
#10948=PRESENTATION_STYLE_ASSIGNMENT((#10950));
#10949=PRESENTATION_STYLE_ASSIGNMENT((#10951));
#10950=SURFACE_STYLE_USAGE(.BOTH.,#10952);
#10951=SURFACE_STYLE_USAGE(.BOTH.,#10953);
#10952=SURFACE_SIDE_STYLE('',(#10954));
#10953=SURFACE_SIDE_STYLE('',(#10955));
#10954=SURFACE_STYLE_FILL_AREA(#10956);
#10955=SURFACE_STYLE_FILL_AREA(#10957);
#10956=FILL_AREA_STYLE('Plate',(#10958));
#10957=FILL_AREA_STYLE('Opaque(40,40,40)',(#10959));
#10958=FILL_AREA_STYLE_COLOUR('Plate',#10960);
#10959=FILL_AREA_STYLE_COLOUR('Opaque(40,40,40)',#10961);
#10960=COLOUR_RGB('Plate',0.6,0.6,0.6);
#10961=COLOUR_RGB('Opaque(40,40,40)',0.156862745098039,0.156862745098039,
0.156862745098039);
ENDSEC;
END-ISO-10303-21;
