ISO-10303-21;
HEADER;
/* Generated by software containing ST-Developer
 * from STEP Tools, Inc. (www.steptools.com) 
 */

FILE_DESCRIPTION(
/* description */ (''),
/* implementation_level */ '2;1');

FILE_NAME(
/* name */ 'x_carriage_left_pz.step',
/* time_stamp */ '2026-08-02T23:18:36-07:00',
/* author */ (''),
/* organization */ (''),
/* preprocessor_version */ 'ST-DEVELOPER v20.1',
/* originating_system */ 'Autodesk Translation Framework v15.8.0.0',
/* authorisation */ '');

FILE_SCHEMA (('AUTOMOTIVE_DESIGN { 1 0 10303 214 3 1 1 }'));
ENDSEC;

DATA;
#10=MECHANICAL_DESIGN_GEOMETRIC_PRESENTATION_REPRESENTATION('',(#13),#12304);
#11=SHAPE_REPRESENTATION_RELATIONSHIP('SRR','None',#12311,#12);
#12=ADVANCED_BREP_SHAPE_REPRESENTATION('',(#14),#12303);
#13=STYLED_ITEM('',(#12321),#14);
#14=MANIFOLD_SOLID_BREP('Body1',#6906);
#15=ELLIPSE('',#7020,1.41421356237274,1.);
#16=ELLIPSE('',#7057,1.41421356237309,1.);
#17=ELLIPSE('',#7092,0.926309883354254,0.65499999999992);
#18=ELLIPSE('',#7095,0.926309883354264,0.65499999999992);
#19=ELLIPSE('',#7128,0.926309883354264,0.65499999999992);
#20=ELLIPSE('',#7132,0.926309883354275,0.65499999999992);
#21=ELLIPSE('',#7508,1.41421356237312,1.);
#22=ELLIPSE('',#7627,1.72046505340853,0.999999999999996);
#23=ELLIPSE('',#7634,1.72046505340852,1.00000000000001);
#24=B_SPLINE_SURFACE_WITH_KNOTS('',3,1,((#10163,#10164),(#10165,#10166),
(#10167,#10168),(#10169,#10170),(#10171,#10172),(#10173,#10174),(#10175,
#10176),(#10177,#10178),(#10179,#10180),(#10181,#10182),(#10183,#10184),
(#10185,#10186),(#10187,#10188)),.UNSPECIFIED.,.F.,.F.,.F.,(4,1,1,1,1,1,
1,1,1,1,4),(2,2),(0.,0.128058693096748,0.256117386193496,0.26853891365126,
0.280960441109023,0.30580349602455,0.3430157606977,0.380228025370849,0.401913547787108,
0.423599070203367,0.466970115035886),(0.,0.0360000000000035),
 .UNSPECIFIED.);
#25=B_SPLINE_SURFACE_WITH_KNOTS('',3,1,((#10206,#10207),(#10208,#10209),
(#10210,#10211),(#10212,#10213)),.UNSPECIFIED.,.F.,.F.,.F.,(4,4),(2,2),
(0.,0.214747159875758),(0.,0.036),.UNSPECIFIED.);
#26=B_SPLINE_SURFACE_WITH_KNOTS('',3,1,((#10220,#10221),(#10222,#10223),
(#10224,#10225),(#10226,#10227),(#10228,#10229),(#10230,#10231),(#10232,
#10233),(#10234,#10235),(#10236,#10237),(#10238,#10239),(#10240,#10241),
(#10242,#10243),(#10244,#10245)),.UNSPECIFIED.,.F.,.F.,.F.,(4,1,1,1,1,1,
1,1,1,1,4),(2,2),(0.,0.0331497505635306,0.0565010960005347,0.0681767687190367,
0.0798524414375388,0.13015363457592,0.180454827714301,0.201194355826946,
0.221933883939592,0.242673412052237,0.263412940164882),(0.,0.036),
 .UNSPECIFIED.);
#27=B_SPLINE_SURFACE_WITH_KNOTS('',3,1,((#10311,#10312),(#10313,#10314),
(#10315,#10316),(#10317,#10318),(#10319,#10320),(#10321,#10322),(#10323,
#10324),(#10325,#10326),(#10327,#10328),(#10329,#10330),(#10331,#10332),
(#10333,#10334),(#10335,#10336),(#10337,#10338),(#10339,#10340),(#10341,
#10342),(#10343,#10344),(#10345,#10346),(#10347,#10348),(#10349,#10350),
(#10351,#10352),(#10353,#10354)),.UNSPECIFIED.,.F.,.F.,.F.,(4,1,1,1,1,1,
1,1,1,1,1,1,1,1,1,1,1,1,1,4),(2,2),(0.,0.0632933209873082,0.126586641974616,
0.18624084659136,0.245895051208104,0.305549255824847,0.365203460441591,
0.384368026988937,0.403532593536284,0.42269716008363,0.441861726630977,
0.548771126952405,0.602225827113119,0.655680527273833,0.697799128268304,
0.71885842876554,0.739917729262775,0.760977029760011,0.782036330257246,
0.824154931251718),(0.,0.036000000000012),.UNSPECIFIED.);
#28=B_SPLINE_SURFACE_WITH_KNOTS('',3,1,((#10381,#10382),(#10383,#10384),
(#10385,#10386),(#10387,#10388),(#10389,#10390),(#10391,#10392),(#10393,
#10394),(#10395,#10396),(#10397,#10398),(#10399,#10400),(#10401,#10402),
(#10403,#10404),(#10405,#10406)),.UNSPECIFIED.,.F.,.F.,.F.,(4,1,1,1,1,1,
1,1,1,1,4),(2,2),(0.,0.0878501002796239,0.131775150419436,0.175700200559248,
0.187111499635102,0.198522798710955,0.221345396862663,0.24416799501437,
0.266990593166077,0.312635789469492,0.358280985772907),(0.,0.036),
 .UNSPECIFIED.);
#29=B_SPLINE_SURFACE_WITH_KNOTS('',3,1,((#10420,#10421),(#10422,#10423),
(#10424,#10425),(#10426,#10427)),.UNSPECIFIED.,.F.,.F.,.F.,(4,4),(2,2),
(0.,0.130360691174552),(0.,0.036000000000012),.UNSPECIFIED.);
#30=B_SPLINE_SURFACE_WITH_KNOTS('',3,1,((#10436,#10437),(#10438,#10439),
(#10440,#10441),(#10442,#10443),(#10444,#10445),(#10446,#10447),(#10448,
#10449),(#10450,#10451)),.UNSPECIFIED.,.F.,.F.,.F.,(4,1,1,1,1,4),(2,2),
(0.,0.0804902948511539,0.160980589702308,0.178903640311383,0.196826690920458,
0.307398203753153),(0.,0.0360000000000003),.UNSPECIFIED.);
#31=B_SPLINE_SURFACE_WITH_KNOTS('',3,3,((#10491,#10492,#10493,#10494,#10495),
(#10496,#10497,#10498,#10499,#10500),(#10501,#10502,#10503,#10504,#10505),
(#10506,#10507,#10508,#10509,#10510),(#10511,#10512,#10513,#10514,#10515)),
 .UNSPECIFIED.,.F.,.F.,.F.,(4,1,4),(4,1,4),(0.,0.571428571428571,1.),(0.,
0.137220821355826,0.240136437372696),.UNSPECIFIED.);
#32=B_SPLINE_SURFACE_WITH_KNOTS('',3,3,((#11916,#11917,#11918,#11919,#11920,
#11921),(#11922,#11923,#11924,#11925,#11926,#11927),(#11928,#11929,#11930,
#11931,#11932,#11933),(#11934,#11935,#11936,#11937,#11938,#11939),(#11940,
#11941,#11942,#11943,#11944,#11945)),.UNSPECIFIED.,.F.,.F.,.F.,(4,1,4),
(4,1,1,4),(0.,0.571428571428571,1.),(0.,0.0823403541136212,0.164680708227242,
0.288191239397674),.UNSPECIFIED.);
#33=B_SPLINE_SURFACE_WITH_KNOTS('',3,3,((#12156,#12157,#12158,#12159),(#12160,
#12161,#12162,#12163),(#12164,#12165,#12166,#12167),(#12168,#12169,#12170,
#12171),(#12172,#12173,#12174,#12175)),.UNSPECIFIED.,.F.,.F.,.F.,(4,1,4),
(4,4),(0.,0.571428571428571,1.),(0.775397496610701,1.5707963267949),
 .UNSPECIFIED.);
#34=B_SPLINE_SURFACE_WITH_KNOTS('',3,3,((#12177,#12178,#12179,#12180,#12181),
(#12182,#12183,#12184,#12185,#12186),(#12187,#12188,#12189,#12190,#12191),
(#12192,#12193,#12194,#12195,#12196),(#12197,#12198,#12199,#12200,#12201)),
 .UNSPECIFIED.,.F.,.F.,.F.,(4,1,4),(4,1,4),(0.,0.5,1.),(0.,0.119120300826641,
0.208460526446621),.UNSPECIFIED.);
#35=(
BOUNDED_CURVE()
B_SPLINE_CURVE(2,(#10055,#10056,#10057),.UNSPECIFIED.,.F.,.F.)
B_SPLINE_CURVE_WITH_KNOTS((3,3),(-7.52690214992459,-7.50891108995603),
 .UNSPECIFIED.)
CURVE()
GEOMETRIC_REPRESENTATION_ITEM()
RATIONAL_B_SPLINE_CURVE((1.23394236114048,1.24254910672192,1.2511133714615))
REPRESENTATION_ITEM('')
);
#36=(
BOUNDED_CURVE()
B_SPLINE_CURVE(2,(#11483,#11484,#11485),.UNSPECIFIED.,.F.,.F.)
B_SPLINE_CURVE_WITH_KNOTS((3,3),(0.,0.107079771593978),.UNSPECIFIED.)
CURVE()
GEOMETRIC_REPRESENTATION_ITEM()
RATIONAL_B_SPLINE_CURVE((1.,1.09544511501014,1.))
REPRESENTATION_ITEM('')
);
#37=(
BOUNDED_CURVE()
B_SPLINE_CURVE(2,(#11508,#11509,#11510),.UNSPECIFIED.,.F.,.F.)
B_SPLINE_CURVE_WITH_KNOTS((3,3),(0.297887020136446,0.423667452976258),
 .UNSPECIFIED.)
CURVE()
GEOMETRIC_REPRESENTATION_ITEM()
RATIONAL_B_SPLINE_CURVE((1.01993429928303,1.02330786392649,1.02597629673837))
REPRESENTATION_ITEM('')
);
#38=(
BOUNDED_CURVE()
B_SPLINE_CURVE(2,(#11511,#11512,#11513),.UNSPECIFIED.,.F.,.F.)
B_SPLINE_CURVE_WITH_KNOTS((3,3),(-2.78107220352118,-2.72832175738836),
 .UNSPECIFIED.)
CURVE()
GEOMETRIC_REPRESENTATION_ITEM()
RATIONAL_B_SPLINE_CURVE((1.02567358089114,1.02908848294876,1.03236460292559))
REPRESENTATION_ITEM('')
);
#39=SPHERICAL_SURFACE('',#6965,1.);
#40=SPHERICAL_SURFACE('',#6971,1.);
#41=SPHERICAL_SURFACE('',#7521,1.);
#42=SPHERICAL_SURFACE('',#7554,1.);
#43=SPHERICAL_SURFACE('',#7623,1.);
#44=TOROIDAL_SURFACE('',#6960,2.,1.);
#45=TOROIDAL_SURFACE('',#6967,3.49999999999999,1.);
#46=TOROIDAL_SURFACE('',#7023,3.,1.);
#47=TOROIDAL_SURFACE('',#7028,3.,1.);
#48=TOROIDAL_SURFACE('',#7053,9.,1.);
#49=TOROIDAL_SURFACE('',#7498,2.,1.);
#50=TOROIDAL_SURFACE('',#7558,2.,1.);
#51=TOROIDAL_SURFACE('',#7628,5.,1.);
#52=TOROIDAL_SURFACE('',#7637,3.6,0.4);
#53=B_SPLINE_CURVE_WITH_KNOTS('',3,(#9833,#9834,#9835,#9836,#9837,#9838,
#9839,#9840,#9841,#9842),.UNSPECIFIED.,.F.,.F.,(4,2,2,2,4),(0.,0.0346246848641863,
0.0734667030676051,0.113374334365141,0.11393613969317),.UNSPECIFIED.);
#54=B_SPLINE_CURVE_WITH_KNOTS('',3,(#9847,#9848,#9849,#9850,#9851,#9852,
#9853,#9854,#9855,#9856,#9857,#9858),.UNSPECIFIED.,.F.,.F.,(4,2,2,2,2,4),
(0.,0.0156257789354784,0.0312515578709573,0.0468773368064362,0.0549349512923629,
0.0629925657782894),.UNSPECIFIED.);
#55=B_SPLINE_CURVE_WITH_KNOTS('',3,(#9937,#9938,#9939,#9940,#9941,#9942,
#9943,#9944,#9945,#9946,#9947,#9948),.UNSPECIFIED.,.F.,.F.,(4,2,2,2,2,4),
(0.,0.0390644473386939,0.0781288946773878,0.117193342016082,0.137337378229616,
0.15748141444315),.UNSPECIFIED.);
#56=B_SPLINE_CURVE_WITH_KNOTS('',3,(#9997,#9998,#9999,#10000,#10001,#10002),
 .UNSPECIFIED.,.F.,.F.,(4,1,1,4),(-0.288191239397674,-0.164680708227242,
-0.0823403541136212,0.),.UNSPECIFIED.);
#57=B_SPLINE_CURVE_WITH_KNOTS('',3,(#10132,#10133,#10134,#10135,#10136,
#10137,#10138,#10139,#10140,#10141,#10142,#10143,#10144),.UNSPECIFIED.,
 .F.,.F.,(4,1,1,1,1,1,1,1,1,1,4),(0.,0.128058693096748,0.256117386193496,
0.26853891365126,0.280960441109023,0.30580349602455,0.3430157606977,0.380228025370849,
0.401913547787108,0.423599070203367,0.466970115035886),.UNSPECIFIED.);
#58=B_SPLINE_CURVE_WITH_KNOTS('',3,(#10146,#10147,#10148,#10149),
 .UNSPECIFIED.,.F.,.F.,(4,4),(0.,0.214747159875758),.UNSPECIFIED.);
#59=B_SPLINE_CURVE_WITH_KNOTS('',3,(#10150,#10151,#10152,#10153,#10154,
#10155,#10156,#10157,#10158,#10159,#10160,#10161,#10162),.UNSPECIFIED.,
 .F.,.F.,(4,1,1,1,1,1,1,1,1,1,4),(0.,0.0331497505635306,0.0565010960005347,
0.0681767687190367,0.0798524414375388,0.13015363457592,0.180454827714301,
0.201194355826946,0.221933883939592,0.242673412052237,0.263412940164882),
 .UNSPECIFIED.);
#60=B_SPLINE_CURVE_WITH_KNOTS('',3,(#10192,#10193,#10194,#10195,#10196,
#10197,#10198,#10199,#10200,#10201,#10202,#10203,#10204),.UNSPECIFIED.,
 .F.,.F.,(4,1,1,1,1,1,1,1,1,1,4),(-0.466970115035886,-0.423599070203367,
-0.401913547787108,-0.380228025370849,-0.3430157606977,-0.30580349602455,
-0.280960441109023,-0.26853891365126,-0.256117386193496,-0.128058693096748,
0.),.UNSPECIFIED.);
#61=B_SPLINE_CURVE_WITH_KNOTS('',3,(#10215,#10216,#10217,#10218),
 .UNSPECIFIED.,.F.,.F.,(4,4),(-0.214747159875758,0.),.UNSPECIFIED.);
#62=B_SPLINE_CURVE_WITH_KNOTS('',3,(#10246,#10247,#10248,#10249,#10250,
#10251,#10252,#10253,#10254,#10255,#10256,#10257,#10258),.UNSPECIFIED.,
 .F.,.F.,(4,1,1,1,1,1,1,1,1,1,4),(-0.263412940164882,-0.242673412052237,
-0.221933883939592,-0.201194355826946,-0.180454827714301,-0.13015363457592,
-0.0798524414375388,-0.0681767687190367,-0.0565010960005347,-0.0331497505635306,
0.),.UNSPECIFIED.);
#63=B_SPLINE_CURVE_WITH_KNOTS('',3,(#10262,#10263,#10264,#10265,#10266,
#10267,#10268,#10269,#10270,#10271,#10272,#10273,#10274,#10275,#10276,#10277,
#10278,#10279,#10280,#10281,#10282,#10283),.UNSPECIFIED.,.F.,.F.,(4,1,1,
1,1,1,1,1,1,1,1,1,1,1,1,1,1,1,1,4),(0.,0.0632933209873082,0.126586641974616,
0.18624084659136,0.245895051208104,0.305549255824847,0.365203460441591,
0.384368026988937,0.403532593536284,0.42269716008363,0.441861726630977,
0.548771126952405,0.602225827113119,0.655680527273833,0.697799128268304,
0.71885842876554,0.739917729262775,0.760977029760011,0.782036330257246,
0.824154931251718),.UNSPECIFIED.);
#64=B_SPLINE_CURVE_WITH_KNOTS('',3,(#10284,#10285,#10286,#10287,#10288,
#10289,#10290,#10291,#10292,#10293,#10294,#10295,#10296),.UNSPECIFIED.,
 .F.,.F.,(4,1,1,1,1,1,1,1,1,1,4),(0.,0.0878501002796239,0.131775150419436,
0.175700200559248,0.187111499635102,0.198522798710955,0.221345396862663,
0.24416799501437,0.266990593166077,0.312635789469492,0.358280985772907),
 .UNSPECIFIED.);
#65=B_SPLINE_CURVE_WITH_KNOTS('',3,(#10299,#10300,#10301,#10302),
 .UNSPECIFIED.,.F.,.F.,(4,4),(0.,0.130360691174552),.UNSPECIFIED.);
#66=B_SPLINE_CURVE_WITH_KNOTS('',3,(#10303,#10304,#10305,#10306,#10307,
#10308,#10309,#10310),.UNSPECIFIED.,.F.,.F.,(4,1,1,1,1,4),(0.,0.0804902948511539,
0.160980589702308,0.178903640311383,0.196826690920458,0.307398203753153),
 .UNSPECIFIED.);
#67=B_SPLINE_CURVE_WITH_KNOTS('',3,(#10358,#10359,#10360,#10361,#10362,
#10363,#10364,#10365,#10366,#10367,#10368,#10369,#10370,#10371,#10372,#10373,
#10374,#10375,#10376,#10377,#10378,#10379),.UNSPECIFIED.,.F.,.F.,(4,1,1,
1,1,1,1,1,1,1,1,1,1,1,1,1,1,1,1,4),(-0.824154931251718,-0.782036330257246,
-0.760977029760011,-0.739917729262775,-0.71885842876554,-0.697799128268304,
-0.655680527273833,-0.602225827113119,-0.548771126952405,-0.441861726630977,
-0.42269716008363,-0.403532593536284,-0.384368026988937,-0.365203460441591,
-0.305549255824847,-0.245895051208104,-0.18624084659136,-0.126586641974616,
-0.0632933209873082,0.),.UNSPECIFIED.);
#68=B_SPLINE_CURVE_WITH_KNOTS('',3,(#10407,#10408,#10409,#10410,#10411,
#10412,#10413,#10414,#10415,#10416,#10417,#10418,#10419),.UNSPECIFIED.,
 .F.,.F.,(4,1,1,1,1,1,1,1,1,1,4),(-0.358280985772907,-0.312635789469492,
-0.266990593166077,-0.24416799501437,-0.221345396862663,-0.198522798710955,
-0.187111499635102,-0.175700200559248,-0.131775150419436,-0.0878501002796239,
0.),.UNSPECIFIED.);
#69=B_SPLINE_CURVE_WITH_KNOTS('',3,(#10431,#10432,#10433,#10434),
 .UNSPECIFIED.,.F.,.F.,(4,4),(-0.130360691174552,0.),.UNSPECIFIED.);
#70=B_SPLINE_CURVE_WITH_KNOTS('',3,(#10452,#10453,#10454,#10455,#10456,
#10457,#10458,#10459),.UNSPECIFIED.,.F.,.F.,(4,1,1,1,1,4),(-0.307398203753153,
-0.196826690920458,-0.178903640311383,-0.160980589702308,-0.0804902948511539,
0.),.UNSPECIFIED.);
#71=B_SPLINE_CURVE_WITH_KNOTS('',3,(#10520,#10521,#10522,#10523,#10524),
 .UNSPECIFIED.,.F.,.F.,(4,1,4),(-0.240136437372696,-0.137220821355826,0.),
 .UNSPECIFIED.);
#72=B_SPLINE_CURVE_WITH_KNOTS('',3,(#10527,#10528,#10529,#10530,#10531),
 .UNSPECIFIED.,.F.,.F.,(4,1,4),(0.,0.137220821355826,0.240136437372696),
 .UNSPECIFIED.);
#73=B_SPLINE_CURVE_WITH_KNOTS('',3,(#10557,#10558,#10559,#10560,#10561,
#10562,#10563,#10564,#10565,#10566),.UNSPECIFIED.,.F.,.F.,(4,2,2,2,4),(1.01997752384251,
1.09582755463315,1.17167758542379,1.2831879408097,1.39469829619561),
 .UNSPECIFIED.);
#74=B_SPLINE_CURVE_WITH_KNOTS('',3,(#10657,#10658,#10659,#10660,#10661,
#10662,#10663,#10664,#10665,#10666),.UNSPECIFIED.,.F.,.F.,(4,2,2,2,4),(0.,
0.0665288148103189,0.133057629620638,0.178398302758993,0.223738975897348),
 .UNSPECIFIED.);
#75=B_SPLINE_CURVE_WITH_KNOTS('',3,(#11473,#11474,#11475,#11476,#11477,
#11478),.UNSPECIFIED.,.F.,.F.,(4,2,4),(0.276536643829338,0.341940522579861,
0.407344401330383),.UNSPECIFIED.);
#76=B_SPLINE_CURVE_WITH_KNOTS('',3,(#11897,#11898,#11899,#11900,#11901,
#11902),.UNSPECIFIED.,.F.,.F.,(4,1,1,4),(0.,0.0823403541136212,0.164680708227242,
0.288191239397674),.UNSPECIFIED.);
#77=B_SPLINE_CURVE_WITH_KNOTS('',3,(#12111,#12112,#12113,#12114,#12115),
 .UNSPECIFIED.,.F.,.F.,(4,1,4),(0.,0.119120300826641,0.208460526446621),
 .UNSPECIFIED.);
#78=B_SPLINE_CURVE_WITH_KNOTS('',3,(#12151,#12152,#12153,#12154,#12155),
 .UNSPECIFIED.,.F.,.F.,(4,1,4),(-0.208460526446621,-0.119120300826641,0.),
 .UNSPECIFIED.);
#79=FACE_BOUND('',#820,.T.);
#80=FACE_BOUND('',#826,.T.);
#81=FACE_BOUND('',#827,.T.);
#82=FACE_BOUND('',#829,.T.);
#83=FACE_BOUND('',#841,.T.);
#84=FACE_BOUND('',#845,.T.);
#85=FACE_BOUND('',#846,.T.);
#86=FACE_BOUND('',#847,.T.);
#87=FACE_BOUND('',#848,.T.);
#88=FACE_BOUND('',#849,.T.);
#89=FACE_BOUND('',#850,.T.);
#90=FACE_BOUND('',#851,.T.);
#91=FACE_BOUND('',#852,.T.);
#92=FACE_BOUND('',#865,.T.);
#93=FACE_BOUND('',#884,.T.);
#94=FACE_BOUND('',#889,.T.);
#95=FACE_BOUND('',#890,.T.);
#96=FACE_BOUND('',#891,.T.);
#97=FACE_BOUND('',#892,.T.);
#98=FACE_BOUND('',#893,.T.);
#99=FACE_BOUND('',#894,.T.);
#100=FACE_BOUND('',#910,.T.);
#101=FACE_BOUND('',#912,.T.);
#102=FACE_BOUND('',#932,.T.);
#103=FACE_BOUND('',#941,.T.);
#104=FACE_BOUND('',#1091,.T.);
#105=FACE_BOUND('',#1094,.T.);
#106=FACE_BOUND('',#1095,.T.);
#107=FACE_BOUND('',#1099,.T.);
#108=FACE_BOUND('',#1143,.T.);
#109=FACE_BOUND('',#1162,.T.);
#110=FACE_BOUND('',#1215,.T.);
#111=PLANE('',#6925);
#112=PLANE('',#6934);
#113=PLANE('',#6935);
#114=PLANE('',#6950);
#115=PLANE('',#6952);
#116=PLANE('',#6973);
#117=PLANE('',#6974);
#118=PLANE('',#6979);
#119=PLANE('',#6980);
#120=PLANE('',#6999);
#121=PLANE('',#7006);
#122=PLANE('',#7007);
#123=PLANE('',#7008);
#124=PLANE('',#7010);
#125=PLANE('',#7011);
#126=PLANE('',#7012);
#127=PLANE('',#7013);
#128=PLANE('',#7016);
#129=PLANE('',#7019);
#130=PLANE('',#7035);
#131=PLANE('',#7037);
#132=PLANE('',#7041);
#133=PLANE('',#7042);
#134=PLANE('',#7043);
#135=PLANE('',#7044);
#136=PLANE('',#7058);
#137=PLANE('',#7061);
#138=PLANE('',#7080);
#139=PLANE('',#7085);
#140=PLANE('',#7091);
#141=PLANE('',#7093);
#142=PLANE('',#7094);
#143=PLANE('',#7096);
#144=PLANE('',#7097);
#145=PLANE('',#7127);
#146=PLANE('',#7129);
#147=PLANE('',#7130);
#148=PLANE('',#7131);
#149=PLANE('',#7133);
#150=PLANE('',#7163);
#151=PLANE('',#7164);
#152=PLANE('',#7165);
#153=PLANE('',#7166);
#154=PLANE('',#7169);
#155=PLANE('',#7170);
#156=PLANE('',#7171);
#157=PLANE('',#7173);
#158=PLANE('',#7175);
#159=PLANE('',#7176);
#160=PLANE('',#7177);
#161=PLANE('',#7178);
#162=PLANE('',#7181);
#163=PLANE('',#7182);
#164=PLANE('',#7183);
#165=PLANE('',#7185);
#166=PLANE('',#7195);
#167=PLANE('',#7196);
#168=PLANE('',#7197);
#169=PLANE('',#7206);
#170=PLANE('',#7211);
#171=PLANE('',#7236);
#172=PLANE('',#7247);
#173=PLANE('',#7253);
#174=PLANE('',#7259);
#175=PLANE('',#7265);
#176=PLANE('',#7271);
#177=PLANE('',#7277);
#178=PLANE('',#7281);
#179=PLANE('',#7290);
#180=PLANE('',#7295);
#181=PLANE('',#7320);
#182=PLANE('',#7331);
#183=PLANE('',#7337);
#184=PLANE('',#7343);
#185=PLANE('',#7349);
#186=PLANE('',#7355);
#187=PLANE('',#7361);
#188=PLANE('',#7367);
#189=PLANE('',#7369);
#190=PLANE('',#7376);
#191=PLANE('',#7380);
#192=PLANE('',#7388);
#193=PLANE('',#7395);
#194=PLANE('',#7398);
#195=PLANE('',#7402);
#196=PLANE('',#7406);
#197=PLANE('',#7410);
#198=PLANE('',#7414);
#199=PLANE('',#7418);
#200=PLANE('',#7422);
#201=PLANE('',#7429);
#202=PLANE('',#7433);
#203=PLANE('',#7443);
#204=PLANE('',#7445);
#205=PLANE('',#7448);
#206=PLANE('',#7451);
#207=PLANE('',#7453);
#208=PLANE('',#7457);
#209=PLANE('',#7467);
#210=PLANE('',#7472);
#211=PLANE('',#7473);
#212=PLANE('',#7476);
#213=PLANE('',#7477);
#214=PLANE('',#7481);
#215=PLANE('',#7484);
#216=PLANE('',#7488);
#217=PLANE('',#7489);
#218=PLANE('',#7490);
#219=PLANE('',#7493);
#220=PLANE('',#7495);
#221=PLANE('',#7496);
#222=PLANE('',#7503);
#223=PLANE('',#7510);
#224=PLANE('',#7511);
#225=PLANE('',#7512);
#226=PLANE('',#7513);
#227=PLANE('',#7516);
#228=PLANE('',#7518);
#229=PLANE('',#7523);
#230=PLANE('',#7526);
#231=PLANE('',#7532);
#232=PLANE('',#7537);
#233=PLANE('',#7542);
#234=PLANE('',#7546);
#235=PLANE('',#7547);
#236=PLANE('',#7551);
#237=PLANE('',#7563);
#238=PLANE('',#7564);
#239=PLANE('',#7566);
#240=PLANE('',#7568);
#241=PLANE('',#7579);
#242=PLANE('',#7580);
#243=PLANE('',#7581);
#244=PLANE('',#7582);
#245=PLANE('',#7583);
#246=PLANE('',#7584);
#247=PLANE('',#7585);
#248=PLANE('',#7586);
#249=PLANE('',#7587);
#250=PLANE('',#7588);
#251=PLANE('',#7589);
#252=PLANE('',#7590);
#253=PLANE('',#7591);
#254=PLANE('',#7592);
#255=PLANE('',#7593);
#256=PLANE('',#7594);
#257=PLANE('',#7595);
#258=PLANE('',#7597);
#259=PLANE('',#7600);
#260=PLANE('',#7602);
#261=PLANE('',#7604);
#262=PLANE('',#7606);
#263=PLANE('',#7614);
#264=PLANE('',#7620);
#265=PLANE('',#7622);
#266=PLANE('',#7631);
#267=PLANE('',#7643);
#268=PLANE('',#7645);
#269=PLANE('',#7646);
#270=PLANE('',#7651);
#271=PLANE('',#7661);
#272=PLANE('',#7662);
#273=PLANE('',#7663);
#274=PLANE('',#7664);
#275=PLANE('',#7666);
#276=PLANE('',#7667);
#277=PLANE('',#7668);
#278=PLANE('',#7670);
#279=PLANE('',#7671);
#280=PLANE('',#7673);
#281=PLANE('',#7674);
#282=PLANE('',#7677);
#283=CYLINDRICAL_SURFACE('',#6923,1.1);
#284=CYLINDRICAL_SURFACE('',#6928,2.);
#285=CYLINDRICAL_SURFACE('',#6931,0.4);
#286=CYLINDRICAL_SURFACE('',#6953,1.);
#287=CYLINDRICAL_SURFACE('',#6957,1.);
#288=CYLINDRICAL_SURFACE('',#6963,1.);
#289=CYLINDRICAL_SURFACE('',#6978,2.49999999999999);
#290=CYLINDRICAL_SURFACE('',#7000,1.);
#291=CYLINDRICAL_SURFACE('',#7002,1.);
#292=CYLINDRICAL_SURFACE('',#7004,1.);
#293=CYLINDRICAL_SURFACE('',#7017,4.);
#294=CYLINDRICAL_SURFACE('',#7027,1.);
#295=CYLINDRICAL_SURFACE('',#7032,1.);
#296=CYLINDRICAL_SURFACE('',#7034,2.);
#297=CYLINDRICAL_SURFACE('',#7051,1.);
#298=CYLINDRICAL_SURFACE('',#7056,1.);
#299=CYLINDRICAL_SURFACE('',#7059,10.);
#300=CYLINDRICAL_SURFACE('',#7066,1.7);
#301=CYLINDRICAL_SURFACE('',#7068,0.5);
#302=CYLINDRICAL_SURFACE('',#7070,0.25);
#303=CYLINDRICAL_SURFACE('',#7072,0.5);
#304=CYLINDRICAL_SURFACE('',#7074,0.5);
#305=CYLINDRICAL_SURFACE('',#7076,0.249999999999999);
#306=CYLINDRICAL_SURFACE('',#7078,0.5);
#307=CYLINDRICAL_SURFACE('',#7121,0.65499999999992);
#308=CYLINDRICAL_SURFACE('',#7125,1.7);
#309=CYLINDRICAL_SURFACE('',#7157,0.65499999999992);
#310=CYLINDRICAL_SURFACE('',#7161,1.7);
#311=CYLINDRICAL_SURFACE('',#7189,3.);
#312=CYLINDRICAL_SURFACE('',#7193,3.);
#313=CYLINDRICAL_SURFACE('',#7209,1.6);
#314=CYLINDRICAL_SURFACE('',#7234,1.6);
#315=CYLINDRICAL_SURFACE('',#7245,1.099999999999);
#316=CYLINDRICAL_SURFACE('',#7246,0.0500000000000048);
#317=CYLINDRICAL_SURFACE('',#7248,0.0499999999973701);
#318=CYLINDRICAL_SURFACE('',#7249,1.09999999999956);
#319=CYLINDRICAL_SURFACE('',#7250,0.65499999999992);
#320=CYLINDRICAL_SURFACE('',#7251,1.099999999999);
#321=CYLINDRICAL_SURFACE('',#7252,0.0500000000000048);
#322=CYLINDRICAL_SURFACE('',#7254,0.0499999999973701);
#323=CYLINDRICAL_SURFACE('',#7255,1.09999999999956);
#324=CYLINDRICAL_SURFACE('',#7256,0.65499999999992);
#325=CYLINDRICAL_SURFACE('',#7257,1.099999999999);
#326=CYLINDRICAL_SURFACE('',#7258,0.0500000000000048);
#327=CYLINDRICAL_SURFACE('',#7260,0.0499999999973701);
#328=CYLINDRICAL_SURFACE('',#7261,1.09999999999956);
#329=CYLINDRICAL_SURFACE('',#7262,0.65499999999992);
#330=CYLINDRICAL_SURFACE('',#7263,1.099999999999);
#331=CYLINDRICAL_SURFACE('',#7264,0.0500000000000048);
#332=CYLINDRICAL_SURFACE('',#7266,0.0499999999973701);
#333=CYLINDRICAL_SURFACE('',#7267,1.09999999999956);
#334=CYLINDRICAL_SURFACE('',#7268,0.65499999999992);
#335=CYLINDRICAL_SURFACE('',#7269,1.099999999999);
#336=CYLINDRICAL_SURFACE('',#7270,0.0500000000000048);
#337=CYLINDRICAL_SURFACE('',#7272,0.0499999999973701);
#338=CYLINDRICAL_SURFACE('',#7273,1.09999999999956);
#339=CYLINDRICAL_SURFACE('',#7274,0.65499999999992);
#340=CYLINDRICAL_SURFACE('',#7275,1.099999999999);
#341=CYLINDRICAL_SURFACE('',#7276,0.0500000000000048);
#342=CYLINDRICAL_SURFACE('',#7278,0.0499999999973701);
#343=CYLINDRICAL_SURFACE('',#7279,1.09999999999956);
#344=CYLINDRICAL_SURFACE('',#7280,0.654999999999855);
#345=CYLINDRICAL_SURFACE('',#7293,1.6);
#346=CYLINDRICAL_SURFACE('',#7318,1.6);
#347=CYLINDRICAL_SURFACE('',#7329,1.099999999999);
#348=CYLINDRICAL_SURFACE('',#7330,0.0500000000000048);
#349=CYLINDRICAL_SURFACE('',#7332,0.0499999999973701);
#350=CYLINDRICAL_SURFACE('',#7333,1.09999999999956);
#351=CYLINDRICAL_SURFACE('',#7334,0.65499999999992);
#352=CYLINDRICAL_SURFACE('',#7335,1.099999999999);
#353=CYLINDRICAL_SURFACE('',#7336,0.0500000000000048);
#354=CYLINDRICAL_SURFACE('',#7338,0.0499999999973701);
#355=CYLINDRICAL_SURFACE('',#7339,1.09999999999956);
#356=CYLINDRICAL_SURFACE('',#7340,0.65499999999992);
#357=CYLINDRICAL_SURFACE('',#7341,1.099999999999);
#358=CYLINDRICAL_SURFACE('',#7342,0.0500000000000048);
#359=CYLINDRICAL_SURFACE('',#7344,0.0499999999973701);
#360=CYLINDRICAL_SURFACE('',#7345,1.09999999999956);
#361=CYLINDRICAL_SURFACE('',#7346,0.65499999999992);
#362=CYLINDRICAL_SURFACE('',#7347,1.099999999999);
#363=CYLINDRICAL_SURFACE('',#7348,0.0500000000000048);
#364=CYLINDRICAL_SURFACE('',#7350,0.0499999999973701);
#365=CYLINDRICAL_SURFACE('',#7351,1.09999999999956);
#366=CYLINDRICAL_SURFACE('',#7352,0.65499999999992);
#367=CYLINDRICAL_SURFACE('',#7353,1.099999999999);
#368=CYLINDRICAL_SURFACE('',#7354,0.0500000000000048);
#369=CYLINDRICAL_SURFACE('',#7356,0.0499999999973701);
#370=CYLINDRICAL_SURFACE('',#7357,1.09999999999956);
#371=CYLINDRICAL_SURFACE('',#7358,0.65499999999992);
#372=CYLINDRICAL_SURFACE('',#7359,1.099999999999);
#373=CYLINDRICAL_SURFACE('',#7360,0.0500000000000048);
#374=CYLINDRICAL_SURFACE('',#7362,0.0499999999973701);
#375=CYLINDRICAL_SURFACE('',#7363,1.09999999999956);
#376=CYLINDRICAL_SURFACE('',#7364,0.654999999999855);
#377=CYLINDRICAL_SURFACE('',#7372,4.);
#378=CYLINDRICAL_SURFACE('',#7374,1.);
#379=CYLINDRICAL_SURFACE('',#7377,2.19999999999999);
#380=CYLINDRICAL_SURFACE('',#7383,0.4);
#381=CYLINDRICAL_SURFACE('',#7384,2.);
#382=CYLINDRICAL_SURFACE('',#7441,23.7231064733288);
#383=CYLINDRICAL_SURFACE('',#7442,1.);
#384=CYLINDRICAL_SURFACE('',#7444,1.);
#385=CYLINDRICAL_SURFACE('',#7446,0.5);
#386=CYLINDRICAL_SURFACE('',#7447,3.00000000000001);
#387=CYLINDRICAL_SURFACE('',#7449,1.);
#388=CYLINDRICAL_SURFACE('',#7450,1.);
#389=CYLINDRICAL_SURFACE('',#7452,3.00000000000001);
#390=CYLINDRICAL_SURFACE('',#7454,1.);
#391=CYLINDRICAL_SURFACE('',#7455,1.99999999999999);
#392=CYLINDRICAL_SURFACE('',#7469,1.45);
#393=CYLINDRICAL_SURFACE('',#7478,1.);
#394=CYLINDRICAL_SURFACE('',#7487,3.00000000000001);
#395=CYLINDRICAL_SURFACE('',#7494,3.);
#396=CYLINDRICAL_SURFACE('',#7501,3.);
#397=CYLINDRICAL_SURFACE('',#7504,1.);
#398=CYLINDRICAL_SURFACE('',#7506,2.225);
#399=CYLINDRICAL_SURFACE('',#7507,1.);
#400=CYLINDRICAL_SURFACE('',#7509,3.00000000000001);
#401=CYLINDRICAL_SURFACE('',#7514,2.99999999999999);
#402=CYLINDRICAL_SURFACE('',#7524,1.7);
#403=CYLINDRICAL_SURFACE('',#7527,1.70000000000189);
#404=CYLINDRICAL_SURFACE('',#7529,2.99999999999999);
#405=CYLINDRICAL_SURFACE('',#7534,1.7);
#406=CYLINDRICAL_SURFACE('',#7535,1.7);
#407=CYLINDRICAL_SURFACE('',#7536,1.);
#408=CYLINDRICAL_SURFACE('',#7541,1.);
#409=CYLINDRICAL_SURFACE('',#7545,2.);
#410=CYLINDRICAL_SURFACE('',#7548,1.);
#411=CYLINDRICAL_SURFACE('',#7549,1.);
#412=CYLINDRICAL_SURFACE('',#7552,1.);
#413=CYLINDRICAL_SURFACE('',#7561,1.);
#414=CYLINDRICAL_SURFACE('',#7562,1.);
#415=CYLINDRICAL_SURFACE('',#7567,2.225);
#416=CYLINDRICAL_SURFACE('',#7569,1.7);
#417=CYLINDRICAL_SURFACE('',#7574,1.7);
#418=CYLINDRICAL_SURFACE('',#7608,3.);
#419=CYLINDRICAL_SURFACE('',#7611,3.);
#420=CYLINDRICAL_SURFACE('',#7615,4.);
#421=CYLINDRICAL_SURFACE('',#7618,1.);
#422=CYLINDRICAL_SURFACE('',#7626,1.);
#423=CYLINDRICAL_SURFACE('',#7630,1.);
#424=CYLINDRICAL_SURFACE('',#7633,1.);
#425=CYLINDRICAL_SURFACE('',#7639,0.4);
#426=CYLINDRICAL_SURFACE('',#7640,2.2);
#427=CYLINDRICAL_SURFACE('',#7641,4.);
#428=CYLINDRICAL_SURFACE('',#7650,1.);
#429=CYLINDRICAL_SURFACE('',#7652,1.);
#430=CYLINDRICAL_SURFACE('',#7655,3.);
#431=CYLINDRICAL_SURFACE('',#7676,1.70000000000001);
#432=FACE_OUTER_BOUND('',#817,.T.);
#433=FACE_OUTER_BOUND('',#818,.T.);
#434=FACE_OUTER_BOUND('',#819,.T.);
#435=FACE_OUTER_BOUND('',#821,.T.);
#436=FACE_OUTER_BOUND('',#822,.T.);
#437=FACE_OUTER_BOUND('',#823,.T.);
#438=FACE_OUTER_BOUND('',#824,.T.);
#439=FACE_OUTER_BOUND('',#825,.T.);
#440=FACE_OUTER_BOUND('',#828,.T.);
#441=FACE_OUTER_BOUND('',#830,.T.);
#442=FACE_OUTER_BOUND('',#831,.T.);
#443=FACE_OUTER_BOUND('',#832,.T.);
#444=FACE_OUTER_BOUND('',#833,.T.);
#445=FACE_OUTER_BOUND('',#834,.T.);
#446=FACE_OUTER_BOUND('',#835,.T.);
#447=FACE_OUTER_BOUND('',#836,.T.);
#448=FACE_OUTER_BOUND('',#837,.T.);
#449=FACE_OUTER_BOUND('',#838,.T.);
#450=FACE_OUTER_BOUND('',#839,.T.);
#451=FACE_OUTER_BOUND('',#840,.T.);
#452=FACE_OUTER_BOUND('',#842,.T.);
#453=FACE_OUTER_BOUND('',#843,.T.);
#454=FACE_OUTER_BOUND('',#844,.T.);
#455=FACE_OUTER_BOUND('',#853,.T.);
#456=FACE_OUTER_BOUND('',#854,.T.);
#457=FACE_OUTER_BOUND('',#855,.T.);
#458=FACE_OUTER_BOUND('',#856,.T.);
#459=FACE_OUTER_BOUND('',#857,.T.);
#460=FACE_OUTER_BOUND('',#858,.T.);
#461=FACE_OUTER_BOUND('',#859,.T.);
#462=FACE_OUTER_BOUND('',#860,.T.);
#463=FACE_OUTER_BOUND('',#861,.T.);
#464=FACE_OUTER_BOUND('',#862,.T.);
#465=FACE_OUTER_BOUND('',#863,.T.);
#466=FACE_OUTER_BOUND('',#864,.T.);
#467=FACE_OUTER_BOUND('',#866,.T.);
#468=FACE_OUTER_BOUND('',#867,.T.);
#469=FACE_OUTER_BOUND('',#868,.T.);
#470=FACE_OUTER_BOUND('',#869,.T.);
#471=FACE_OUTER_BOUND('',#870,.T.);
#472=FACE_OUTER_BOUND('',#871,.T.);
#473=FACE_OUTER_BOUND('',#872,.T.);
#474=FACE_OUTER_BOUND('',#873,.T.);
#475=FACE_OUTER_BOUND('',#874,.T.);
#476=FACE_OUTER_BOUND('',#875,.T.);
#477=FACE_OUTER_BOUND('',#876,.T.);
#478=FACE_OUTER_BOUND('',#877,.T.);
#479=FACE_OUTER_BOUND('',#878,.T.);
#480=FACE_OUTER_BOUND('',#879,.T.);
#481=FACE_OUTER_BOUND('',#880,.T.);
#482=FACE_OUTER_BOUND('',#881,.T.);
#483=FACE_OUTER_BOUND('',#882,.T.);
#484=FACE_OUTER_BOUND('',#883,.T.);
#485=FACE_OUTER_BOUND('',#885,.T.);
#486=FACE_OUTER_BOUND('',#886,.T.);
#487=FACE_OUTER_BOUND('',#887,.T.);
#488=FACE_OUTER_BOUND('',#888,.T.);
#489=FACE_OUTER_BOUND('',#895,.T.);
#490=FACE_OUTER_BOUND('',#896,.T.);
#491=FACE_OUTER_BOUND('',#897,.T.);
#492=FACE_OUTER_BOUND('',#898,.T.);
#493=FACE_OUTER_BOUND('',#899,.T.);
#494=FACE_OUTER_BOUND('',#900,.T.);
#495=FACE_OUTER_BOUND('',#901,.T.);
#496=FACE_OUTER_BOUND('',#902,.T.);
#497=FACE_OUTER_BOUND('',#903,.T.);
#498=FACE_OUTER_BOUND('',#904,.T.);
#499=FACE_OUTER_BOUND('',#905,.T.);
#500=FACE_OUTER_BOUND('',#906,.T.);
#501=FACE_OUTER_BOUND('',#907,.T.);
#502=FACE_OUTER_BOUND('',#908,.T.);
#503=FACE_OUTER_BOUND('',#909,.T.);
#504=FACE_OUTER_BOUND('',#911,.T.);
#505=FACE_OUTER_BOUND('',#913,.T.);
#506=FACE_OUTER_BOUND('',#914,.T.);
#507=FACE_OUTER_BOUND('',#915,.T.);
#508=FACE_OUTER_BOUND('',#916,.T.);
#509=FACE_OUTER_BOUND('',#917,.T.);
#510=FACE_OUTER_BOUND('',#918,.T.);
#511=FACE_OUTER_BOUND('',#919,.T.);
#512=FACE_OUTER_BOUND('',#920,.T.);
#513=FACE_OUTER_BOUND('',#921,.T.);
#514=FACE_OUTER_BOUND('',#922,.T.);
#515=FACE_OUTER_BOUND('',#923,.T.);
#516=FACE_OUTER_BOUND('',#924,.T.);
#517=FACE_OUTER_BOUND('',#925,.T.);
#518=FACE_OUTER_BOUND('',#926,.T.);
#519=FACE_OUTER_BOUND('',#927,.T.);
#520=FACE_OUTER_BOUND('',#928,.T.);
#521=FACE_OUTER_BOUND('',#929,.T.);
#522=FACE_OUTER_BOUND('',#930,.T.);
#523=FACE_OUTER_BOUND('',#931,.T.);
#524=FACE_OUTER_BOUND('',#933,.T.);
#525=FACE_OUTER_BOUND('',#934,.T.);
#526=FACE_OUTER_BOUND('',#935,.T.);
#527=FACE_OUTER_BOUND('',#936,.T.);
#528=FACE_OUTER_BOUND('',#937,.T.);
#529=FACE_OUTER_BOUND('',#938,.T.);
#530=FACE_OUTER_BOUND('',#939,.T.);
#531=FACE_OUTER_BOUND('',#940,.T.);
#532=FACE_OUTER_BOUND('',#942,.T.);
#533=FACE_OUTER_BOUND('',#943,.T.);
#534=FACE_OUTER_BOUND('',#944,.T.);
#535=FACE_OUTER_BOUND('',#945,.T.);
#536=FACE_OUTER_BOUND('',#946,.T.);
#537=FACE_OUTER_BOUND('',#947,.T.);
#538=FACE_OUTER_BOUND('',#948,.T.);
#539=FACE_OUTER_BOUND('',#949,.T.);
#540=FACE_OUTER_BOUND('',#950,.T.);
#541=FACE_OUTER_BOUND('',#951,.T.);
#542=FACE_OUTER_BOUND('',#952,.T.);
#543=FACE_OUTER_BOUND('',#953,.T.);
#544=FACE_OUTER_BOUND('',#954,.T.);
#545=FACE_OUTER_BOUND('',#955,.T.);
#546=FACE_OUTER_BOUND('',#956,.T.);
#547=FACE_OUTER_BOUND('',#957,.T.);
#548=FACE_OUTER_BOUND('',#958,.T.);
#549=FACE_OUTER_BOUND('',#959,.T.);
#550=FACE_OUTER_BOUND('',#960,.T.);
#551=FACE_OUTER_BOUND('',#961,.T.);
#552=FACE_OUTER_BOUND('',#962,.T.);
#553=FACE_OUTER_BOUND('',#963,.T.);
#554=FACE_OUTER_BOUND('',#964,.T.);
#555=FACE_OUTER_BOUND('',#965,.T.);
#556=FACE_OUTER_BOUND('',#966,.T.);
#557=FACE_OUTER_BOUND('',#967,.T.);
#558=FACE_OUTER_BOUND('',#968,.T.);
#559=FACE_OUTER_BOUND('',#969,.T.);
#560=FACE_OUTER_BOUND('',#970,.T.);
#561=FACE_OUTER_BOUND('',#971,.T.);
#562=FACE_OUTER_BOUND('',#972,.T.);
#563=FACE_OUTER_BOUND('',#973,.T.);
#564=FACE_OUTER_BOUND('',#974,.T.);
#565=FACE_OUTER_BOUND('',#975,.T.);
#566=FACE_OUTER_BOUND('',#976,.T.);
#567=FACE_OUTER_BOUND('',#977,.T.);
#568=FACE_OUTER_BOUND('',#978,.T.);
#569=FACE_OUTER_BOUND('',#979,.T.);
#570=FACE_OUTER_BOUND('',#980,.T.);
#571=FACE_OUTER_BOUND('',#981,.T.);
#572=FACE_OUTER_BOUND('',#982,.T.);
#573=FACE_OUTER_BOUND('',#983,.T.);
#574=FACE_OUTER_BOUND('',#984,.T.);
#575=FACE_OUTER_BOUND('',#985,.T.);
#576=FACE_OUTER_BOUND('',#986,.T.);
#577=FACE_OUTER_BOUND('',#987,.T.);
#578=FACE_OUTER_BOUND('',#988,.T.);
#579=FACE_OUTER_BOUND('',#989,.T.);
#580=FACE_OUTER_BOUND('',#990,.T.);
#581=FACE_OUTER_BOUND('',#991,.T.);
#582=FACE_OUTER_BOUND('',#992,.T.);
#583=FACE_OUTER_BOUND('',#993,.T.);
#584=FACE_OUTER_BOUND('',#994,.T.);
#585=FACE_OUTER_BOUND('',#995,.T.);
#586=FACE_OUTER_BOUND('',#996,.T.);
#587=FACE_OUTER_BOUND('',#997,.T.);
#588=FACE_OUTER_BOUND('',#998,.T.);
#589=FACE_OUTER_BOUND('',#999,.T.);
#590=FACE_OUTER_BOUND('',#1000,.T.);
#591=FACE_OUTER_BOUND('',#1001,.T.);
#592=FACE_OUTER_BOUND('',#1002,.T.);
#593=FACE_OUTER_BOUND('',#1003,.T.);
#594=FACE_OUTER_BOUND('',#1004,.T.);
#595=FACE_OUTER_BOUND('',#1005,.T.);
#596=FACE_OUTER_BOUND('',#1006,.T.);
#597=FACE_OUTER_BOUND('',#1007,.T.);
#598=FACE_OUTER_BOUND('',#1008,.T.);
#599=FACE_OUTER_BOUND('',#1009,.T.);
#600=FACE_OUTER_BOUND('',#1010,.T.);
#601=FACE_OUTER_BOUND('',#1011,.T.);
#602=FACE_OUTER_BOUND('',#1012,.T.);
#603=FACE_OUTER_BOUND('',#1013,.T.);
#604=FACE_OUTER_BOUND('',#1014,.T.);
#605=FACE_OUTER_BOUND('',#1015,.T.);
#606=FACE_OUTER_BOUND('',#1016,.T.);
#607=FACE_OUTER_BOUND('',#1017,.T.);
#608=FACE_OUTER_BOUND('',#1018,.T.);
#609=FACE_OUTER_BOUND('',#1019,.T.);
#610=FACE_OUTER_BOUND('',#1020,.T.);
#611=FACE_OUTER_BOUND('',#1021,.T.);
#612=FACE_OUTER_BOUND('',#1022,.T.);
#613=FACE_OUTER_BOUND('',#1023,.T.);
#614=FACE_OUTER_BOUND('',#1024,.T.);
#615=FACE_OUTER_BOUND('',#1025,.T.);
#616=FACE_OUTER_BOUND('',#1026,.T.);
#617=FACE_OUTER_BOUND('',#1027,.T.);
#618=FACE_OUTER_BOUND('',#1028,.T.);
#619=FACE_OUTER_BOUND('',#1029,.T.);
#620=FACE_OUTER_BOUND('',#1030,.T.);
#621=FACE_OUTER_BOUND('',#1031,.T.);
#622=FACE_OUTER_BOUND('',#1032,.T.);
#623=FACE_OUTER_BOUND('',#1033,.T.);
#624=FACE_OUTER_BOUND('',#1034,.T.);
#625=FACE_OUTER_BOUND('',#1035,.T.);
#626=FACE_OUTER_BOUND('',#1036,.T.);
#627=FACE_OUTER_BOUND('',#1037,.T.);
#628=FACE_OUTER_BOUND('',#1038,.T.);
#629=FACE_OUTER_BOUND('',#1039,.T.);
#630=FACE_OUTER_BOUND('',#1040,.T.);
#631=FACE_OUTER_BOUND('',#1041,.T.);
#632=FACE_OUTER_BOUND('',#1042,.T.);
#633=FACE_OUTER_BOUND('',#1043,.T.);
#634=FACE_OUTER_BOUND('',#1044,.T.);
#635=FACE_OUTER_BOUND('',#1045,.T.);
#636=FACE_OUTER_BOUND('',#1046,.T.);
#637=FACE_OUTER_BOUND('',#1047,.T.);
#638=FACE_OUTER_BOUND('',#1048,.T.);
#639=FACE_OUTER_BOUND('',#1049,.T.);
#640=FACE_OUTER_BOUND('',#1050,.T.);
#641=FACE_OUTER_BOUND('',#1051,.T.);
#642=FACE_OUTER_BOUND('',#1052,.T.);
#643=FACE_OUTER_BOUND('',#1053,.T.);
#644=FACE_OUTER_BOUND('',#1054,.T.);
#645=FACE_OUTER_BOUND('',#1055,.T.);
#646=FACE_OUTER_BOUND('',#1056,.T.);
#647=FACE_OUTER_BOUND('',#1057,.T.);
#648=FACE_OUTER_BOUND('',#1058,.T.);
#649=FACE_OUTER_BOUND('',#1059,.T.);
#650=FACE_OUTER_BOUND('',#1060,.T.);
#651=FACE_OUTER_BOUND('',#1061,.T.);
#652=FACE_OUTER_BOUND('',#1062,.T.);
#653=FACE_OUTER_BOUND('',#1063,.T.);
#654=FACE_OUTER_BOUND('',#1064,.T.);
#655=FACE_OUTER_BOUND('',#1065,.T.);
#656=FACE_OUTER_BOUND('',#1066,.T.);
#657=FACE_OUTER_BOUND('',#1067,.T.);
#658=FACE_OUTER_BOUND('',#1068,.T.);
#659=FACE_OUTER_BOUND('',#1069,.T.);
#660=FACE_OUTER_BOUND('',#1070,.T.);
#661=FACE_OUTER_BOUND('',#1071,.T.);
#662=FACE_OUTER_BOUND('',#1072,.T.);
#663=FACE_OUTER_BOUND('',#1073,.T.);
#664=FACE_OUTER_BOUND('',#1074,.T.);
#665=FACE_OUTER_BOUND('',#1075,.T.);
#666=FACE_OUTER_BOUND('',#1076,.T.);
#667=FACE_OUTER_BOUND('',#1077,.T.);
#668=FACE_OUTER_BOUND('',#1078,.T.);
#669=FACE_OUTER_BOUND('',#1079,.T.);
#670=FACE_OUTER_BOUND('',#1080,.T.);
#671=FACE_OUTER_BOUND('',#1081,.T.);
#672=FACE_OUTER_BOUND('',#1082,.T.);
#673=FACE_OUTER_BOUND('',#1083,.T.);
#674=FACE_OUTER_BOUND('',#1084,.T.);
#675=FACE_OUTER_BOUND('',#1085,.T.);
#676=FACE_OUTER_BOUND('',#1086,.T.);
#677=FACE_OUTER_BOUND('',#1087,.T.);
#678=FACE_OUTER_BOUND('',#1088,.T.);
#679=FACE_OUTER_BOUND('',#1089,.T.);
#680=FACE_OUTER_BOUND('',#1090,.T.);
#681=FACE_OUTER_BOUND('',#1092,.T.);
#682=FACE_OUTER_BOUND('',#1093,.T.);
#683=FACE_OUTER_BOUND('',#1096,.T.);
#684=FACE_OUTER_BOUND('',#1097,.T.);
#685=FACE_OUTER_BOUND('',#1098,.T.);
#686=FACE_OUTER_BOUND('',#1100,.T.);
#687=FACE_OUTER_BOUND('',#1101,.T.);
#688=FACE_OUTER_BOUND('',#1102,.T.);
#689=FACE_OUTER_BOUND('',#1103,.T.);
#690=FACE_OUTER_BOUND('',#1104,.T.);
#691=FACE_OUTER_BOUND('',#1105,.T.);
#692=FACE_OUTER_BOUND('',#1106,.T.);
#693=FACE_OUTER_BOUND('',#1107,.T.);
#694=FACE_OUTER_BOUND('',#1108,.T.);
#695=FACE_OUTER_BOUND('',#1109,.T.);
#696=FACE_OUTER_BOUND('',#1110,.T.);
#697=FACE_OUTER_BOUND('',#1111,.T.);
#698=FACE_OUTER_BOUND('',#1112,.T.);
#699=FACE_OUTER_BOUND('',#1113,.T.);
#700=FACE_OUTER_BOUND('',#1114,.T.);
#701=FACE_OUTER_BOUND('',#1115,.T.);
#702=FACE_OUTER_BOUND('',#1116,.T.);
#703=FACE_OUTER_BOUND('',#1117,.T.);
#704=FACE_OUTER_BOUND('',#1118,.T.);
#705=FACE_OUTER_BOUND('',#1119,.T.);
#706=FACE_OUTER_BOUND('',#1120,.T.);
#707=FACE_OUTER_BOUND('',#1121,.T.);
#708=FACE_OUTER_BOUND('',#1122,.T.);
#709=FACE_OUTER_BOUND('',#1123,.T.);
#710=FACE_OUTER_BOUND('',#1124,.T.);
#711=FACE_OUTER_BOUND('',#1125,.T.);
#712=FACE_OUTER_BOUND('',#1126,.T.);
#713=FACE_OUTER_BOUND('',#1127,.T.);
#714=FACE_OUTER_BOUND('',#1128,.T.);
#715=FACE_OUTER_BOUND('',#1129,.T.);
#716=FACE_OUTER_BOUND('',#1130,.T.);
#717=FACE_OUTER_BOUND('',#1131,.T.);
#718=FACE_OUTER_BOUND('',#1132,.T.);
#719=FACE_OUTER_BOUND('',#1133,.T.);
#720=FACE_OUTER_BOUND('',#1134,.T.);
#721=FACE_OUTER_BOUND('',#1135,.T.);
#722=FACE_OUTER_BOUND('',#1136,.T.);
#723=FACE_OUTER_BOUND('',#1137,.T.);
#724=FACE_OUTER_BOUND('',#1138,.T.);
#725=FACE_OUTER_BOUND('',#1139,.T.);
#726=FACE_OUTER_BOUND('',#1140,.T.);
#727=FACE_OUTER_BOUND('',#1141,.T.);
#728=FACE_OUTER_BOUND('',#1142,.T.);
#729=FACE_OUTER_BOUND('',#1144,.T.);
#730=FACE_OUTER_BOUND('',#1145,.T.);
#731=FACE_OUTER_BOUND('',#1146,.T.);
#732=FACE_OUTER_BOUND('',#1147,.T.);
#733=FACE_OUTER_BOUND('',#1148,.T.);
#734=FACE_OUTER_BOUND('',#1149,.T.);
#735=FACE_OUTER_BOUND('',#1150,.T.);
#736=FACE_OUTER_BOUND('',#1151,.T.);
#737=FACE_OUTER_BOUND('',#1152,.T.);
#738=FACE_OUTER_BOUND('',#1153,.T.);
#739=FACE_OUTER_BOUND('',#1154,.T.);
#740=FACE_OUTER_BOUND('',#1155,.T.);
#741=FACE_OUTER_BOUND('',#1156,.T.);
#742=FACE_OUTER_BOUND('',#1157,.T.);
#743=FACE_OUTER_BOUND('',#1158,.T.);
#744=FACE_OUTER_BOUND('',#1159,.T.);
#745=FACE_OUTER_BOUND('',#1160,.T.);
#746=FACE_OUTER_BOUND('',#1161,.T.);
#747=FACE_OUTER_BOUND('',#1163,.T.);
#748=FACE_OUTER_BOUND('',#1164,.T.);
#749=FACE_OUTER_BOUND('',#1165,.T.);
#750=FACE_OUTER_BOUND('',#1166,.T.);
#751=FACE_OUTER_BOUND('',#1167,.T.);
#752=FACE_OUTER_BOUND('',#1168,.T.);
#753=FACE_OUTER_BOUND('',#1169,.T.);
#754=FACE_OUTER_BOUND('',#1170,.T.);
#755=FACE_OUTER_BOUND('',#1171,.T.);
#756=FACE_OUTER_BOUND('',#1172,.T.);
#757=FACE_OUTER_BOUND('',#1173,.T.);
#758=FACE_OUTER_BOUND('',#1174,.T.);
#759=FACE_OUTER_BOUND('',#1175,.T.);
#760=FACE_OUTER_BOUND('',#1176,.T.);
#761=FACE_OUTER_BOUND('',#1177,.T.);
#762=FACE_OUTER_BOUND('',#1178,.T.);
#763=FACE_OUTER_BOUND('',#1179,.T.);
#764=FACE_OUTER_BOUND('',#1180,.T.);
#765=FACE_OUTER_BOUND('',#1181,.T.);
#766=FACE_OUTER_BOUND('',#1182,.T.);
#767=FACE_OUTER_BOUND('',#1183,.T.);
#768=FACE_OUTER_BOUND('',#1184,.T.);
#769=FACE_OUTER_BOUND('',#1185,.T.);
#770=FACE_OUTER_BOUND('',#1186,.T.);
#771=FACE_OUTER_BOUND('',#1187,.T.);
#772=FACE_OUTER_BOUND('',#1188,.T.);
#773=FACE_OUTER_BOUND('',#1189,.T.);
#774=FACE_OUTER_BOUND('',#1190,.T.);
#775=FACE_OUTER_BOUND('',#1191,.T.);
#776=FACE_OUTER_BOUND('',#1192,.T.);
#777=FACE_OUTER_BOUND('',#1193,.T.);
#778=FACE_OUTER_BOUND('',#1194,.T.);
#779=FACE_OUTER_BOUND('',#1195,.T.);
#780=FACE_OUTER_BOUND('',#1196,.T.);
#781=FACE_OUTER_BOUND('',#1197,.T.);
#782=FACE_OUTER_BOUND('',#1198,.T.);
#783=FACE_OUTER_BOUND('',#1199,.T.);
#784=FACE_OUTER_BOUND('',#1200,.T.);
#785=FACE_OUTER_BOUND('',#1201,.T.);
#786=FACE_OUTER_BOUND('',#1202,.T.);
#787=FACE_OUTER_BOUND('',#1203,.T.);
#788=FACE_OUTER_BOUND('',#1204,.T.);
#789=FACE_OUTER_BOUND('',#1205,.T.);
#790=FACE_OUTER_BOUND('',#1206,.T.);
#791=FACE_OUTER_BOUND('',#1207,.T.);
#792=FACE_OUTER_BOUND('',#1208,.T.);
#793=FACE_OUTER_BOUND('',#1209,.T.);
#794=FACE_OUTER_BOUND('',#1210,.T.);
#795=FACE_OUTER_BOUND('',#1211,.T.);
#796=FACE_OUTER_BOUND('',#1212,.T.);
#797=FACE_OUTER_BOUND('',#1213,.T.);
#798=FACE_OUTER_BOUND('',#1214,.T.);
#799=FACE_OUTER_BOUND('',#1216,.T.);
#800=FACE_OUTER_BOUND('',#1217,.T.);
#801=FACE_OUTER_BOUND('',#1218,.T.);
#802=FACE_OUTER_BOUND('',#1219,.T.);
#803=FACE_OUTER_BOUND('',#1220,.T.);
#804=FACE_OUTER_BOUND('',#1221,.T.);
#805=FACE_OUTER_BOUND('',#1222,.T.);
#806=FACE_OUTER_BOUND('',#1223,.T.);
#807=FACE_OUTER_BOUND('',#1224,.T.);
#808=FACE_OUTER_BOUND('',#1225,.T.);
#809=FACE_OUTER_BOUND('',#1226,.T.);
#810=FACE_OUTER_BOUND('',#1227,.T.);
#811=FACE_OUTER_BOUND('',#1228,.T.);
#812=FACE_OUTER_BOUND('',#1229,.T.);
#813=FACE_OUTER_BOUND('',#1230,.T.);
#814=FACE_OUTER_BOUND('',#1231,.T.);
#815=FACE_OUTER_BOUND('',#1232,.T.);
#816=FACE_OUTER_BOUND('',#1233,.T.);
#817=EDGE_LOOP('',(#4456,#4457,#4458,#4459));
#818=EDGE_LOOP('',(#4460,#4461,#4462,#4463));
#819=EDGE_LOOP('',(#4464,#4465,#4466,#4467,#4468,#4469,#4470,#4471));
#820=EDGE_LOOP('',(#4472));
#821=EDGE_LOOP('',(#4473,#4474,#4475,#4476,#4477));
#822=EDGE_LOOP('',(#4478,#4479,#4480,#4481));
#823=EDGE_LOOP('',(#4482,#4483,#4484,#4485));
#824=EDGE_LOOP('',(#4486,#4487,#4488,#4489,#4490,#4491,#4492,#4493));
#825=EDGE_LOOP('',(#4494,#4495,#4496,#4497,#4498,#4499,#4500,#4501,#4502,
#4503,#4504,#4505,#4506,#4507,#4508));
#826=EDGE_LOOP('',(#4509,#4510,#4511,#4512));
#827=EDGE_LOOP('',(#4513,#4514,#4515,#4516));
#828=EDGE_LOOP('',(#4517,#4518,#4519,#4520,#4521,#4522,#4523,#4524));
#829=EDGE_LOOP('',(#4525));
#830=EDGE_LOOP('',(#4526,#4527,#4528,#4529));
#831=EDGE_LOOP('',(#4530,#4531,#4532,#4533));
#832=EDGE_LOOP('',(#4534,#4535,#4536,#4537));
#833=EDGE_LOOP('',(#4538,#4539,#4540,#4541));
#834=EDGE_LOOP('',(#4542,#4543,#4544,#4545));
#835=EDGE_LOOP('',(#4546,#4547,#4548,#4549));
#836=EDGE_LOOP('',(#4550,#4551,#4552));
#837=EDGE_LOOP('',(#4553,#4554,#4555,#4556));
#838=EDGE_LOOP('',(#4557,#4558,#4559));
#839=EDGE_LOOP('',(#4560,#4561,#4562,#4563));
#840=EDGE_LOOP('',(#4564,#4565,#4566,#4567,#4568,#4569,#4570));
#841=EDGE_LOOP('',(#4571));
#842=EDGE_LOOP('',(#4572,#4573,#4574,#4575,#4576,#4577));
#843=EDGE_LOOP('',(#4578,#4579,#4580,#4581));
#844=EDGE_LOOP('',(#4582,#4583,#4584,#4585,#4586,#4587,#4588,#4589,#4590,
#4591,#4592,#4593,#4594,#4595,#4596,#4597,#4598,#4599,#4600,#4601,#4602,
#4603,#4604,#4605,#4606,#4607,#4608,#4609,#4610));
#845=EDGE_LOOP('',(#4611));
#846=EDGE_LOOP('',(#4612,#4613,#4614,#4615));
#847=EDGE_LOOP('',(#4616,#4617,#4618,#4619));
#848=EDGE_LOOP('',(#4620));
#849=EDGE_LOOP('',(#4621));
#850=EDGE_LOOP('',(#4622,#4623,#4624,#4625,#4626,#4627,#4628,#4629));
#851=EDGE_LOOP('',(#4630));
#852=EDGE_LOOP('',(#4631));
#853=EDGE_LOOP('',(#4632,#4633,#4634,#4635));
#854=EDGE_LOOP('',(#4636,#4637,#4638,#4639));
#855=EDGE_LOOP('',(#4640,#4641,#4642,#4643));
#856=EDGE_LOOP('',(#4644,#4645,#4646,#4647));
#857=EDGE_LOOP('',(#4648,#4649,#4650,#4651));
#858=EDGE_LOOP('',(#4652,#4653,#4654,#4655));
#859=EDGE_LOOP('',(#4656,#4657,#4658,#4659,#4660,#4661));
#860=EDGE_LOOP('',(#4662,#4663,#4664));
#861=EDGE_LOOP('',(#4665,#4666,#4667,#4668));
#862=EDGE_LOOP('',(#4669,#4670,#4671,#4672));
#863=EDGE_LOOP('',(#4673,#4674,#4675,#4676));
#864=EDGE_LOOP('',(#4677,#4678));
#865=EDGE_LOOP('',(#4679,#4680));
#866=EDGE_LOOP('',(#4681,#4682,#4683,#4684));
#867=EDGE_LOOP('',(#4685,#4686,#4687,#4688));
#868=EDGE_LOOP('',(#4689,#4690,#4691,#4692));
#869=EDGE_LOOP('',(#4693,#4694,#4695,#4696));
#870=EDGE_LOOP('',(#4697,#4698));
#871=EDGE_LOOP('',(#4699,#4700,#4701,#4702));
#872=EDGE_LOOP('',(#4703,#4704,#4705,#4706));
#873=EDGE_LOOP('',(#4707,#4708,#4709,#4710));
#874=EDGE_LOOP('',(#4711,#4712,#4713,#4714));
#875=EDGE_LOOP('',(#4715,#4716,#4717,#4718,#4719,#4720,#4721));
#876=EDGE_LOOP('',(#4722,#4723,#4724,#4725));
#877=EDGE_LOOP('',(#4726,#4727,#4728,#4729));
#878=EDGE_LOOP('',(#4730,#4731,#4732,#4733));
#879=EDGE_LOOP('',(#4734,#4735,#4736,#4737));
#880=EDGE_LOOP('',(#4738,#4739,#4740,#4741));
#881=EDGE_LOOP('',(#4742,#4743,#4744,#4745,#4746));
#882=EDGE_LOOP('',(#4747,#4748,#4749,#4750,#4751));
#883=EDGE_LOOP('',(#4752,#4753,#4754,#4755,#4756,#4757,#4758,#4759,#4760,
#4761,#4762));
#884=EDGE_LOOP('',(#4763));
#885=EDGE_LOOP('',(#4764,#4765,#4766,#4767,#4768,#4769,#4770,#4771,#4772,
#4773));
#886=EDGE_LOOP('',(#4774,#4775,#4776,#4777));
#887=EDGE_LOOP('',(#4778,#4779,#4780,#4781));
#888=EDGE_LOOP('',(#4782,#4783,#4784,#4785,#4786,#4787,#4788,#4789,#4790,
#4791,#4792,#4793,#4794,#4795,#4796));
#889=EDGE_LOOP('',(#4797,#4798,#4799));
#890=EDGE_LOOP('',(#4800,#4801));
#891=EDGE_LOOP('',(#4802));
#892=EDGE_LOOP('',(#4803));
#893=EDGE_LOOP('',(#4804,#4805,#4806,#4807));
#894=EDGE_LOOP('',(#4808,#4809,#4810,#4811));
#895=EDGE_LOOP('',(#4812,#4813,#4814,#4815));
#896=EDGE_LOOP('',(#4816,#4817,#4818,#4819));
#897=EDGE_LOOP('',(#4820,#4821,#4822,#4823));
#898=EDGE_LOOP('',(#4824,#4825,#4826,#4827,#4828,#4829));
#899=EDGE_LOOP('',(#4830,#4831,#4832,#4833));
#900=EDGE_LOOP('',(#4834,#4835,#4836,#4837,#4838,#4839,#4840,#4841));
#901=EDGE_LOOP('',(#4842,#4843,#4844,#4845,#4846));
#902=EDGE_LOOP('',(#4847,#4848,#4849,#4850));
#903=EDGE_LOOP('',(#4851,#4852,#4853,#4854));
#904=EDGE_LOOP('',(#4855,#4856,#4857,#4858));
#905=EDGE_LOOP('',(#4859,#4860,#4861,#4862));
#906=EDGE_LOOP('',(#4863,#4864,#4865,#4866));
#907=EDGE_LOOP('',(#4867,#4868,#4869,#4870));
#908=EDGE_LOOP('',(#4871,#4872,#4873,#4874));
#909=EDGE_LOOP('',(#4875,#4876,#4877,#4878,#4879,#4880));
#910=EDGE_LOOP('',(#4881,#4882,#4883,#4884));
#911=EDGE_LOOP('',(#4885,#4886,#4887,#4888,#4889,#4890,#4891));
#912=EDGE_LOOP('',(#4892,#4893,#4894,#4895));
#913=EDGE_LOOP('',(#4896,#4897,#4898,#4899,#4900));
#914=EDGE_LOOP('',(#4901,#4902,#4903,#4904));
#915=EDGE_LOOP('',(#4905,#4906,#4907,#4908,#4909));
#916=EDGE_LOOP('',(#4910,#4911,#4912,#4913));
#917=EDGE_LOOP('',(#4914,#4915,#4916,#4917,#4918,#4919,#4920,#4921,#4922,
#4923,#4924,#4925,#4926,#4927,#4928,#4929,#4930,#4931,#4932,#4933,#4934,
#4935,#4936,#4937,#4938,#4939,#4940,#4941,#4942,#4943,#4944));
#918=EDGE_LOOP('',(#4945,#4946,#4947,#4948,#4949,#4950));
#919=EDGE_LOOP('',(#4951,#4952,#4953,#4954));
#920=EDGE_LOOP('',(#4955,#4956,#4957,#4958));
#921=EDGE_LOOP('',(#4959,#4960,#4961,#4962,#4963));
#922=EDGE_LOOP('',(#4964,#4965,#4966,#4967));
#923=EDGE_LOOP('',(#4968,#4969,#4970,#4971));
#924=EDGE_LOOP('',(#4972,#4973,#4974,#4975,#4976));
#925=EDGE_LOOP('',(#4977,#4978,#4979,#4980,#4981,#4982,#4983,#4984,#4985,
#4986,#4987,#4988,#4989,#4990,#4991,#4992,#4993,#4994,#4995,#4996,#4997,
#4998,#4999,#5000,#5001,#5002,#5003,#5004,#5005,#5006,#5007));
#926=EDGE_LOOP('',(#5008,#5009,#5010,#5011,#5012,#5013));
#927=EDGE_LOOP('',(#5014,#5015,#5016,#5017));
#928=EDGE_LOOP('',(#5018,#5019,#5020,#5021));
#929=EDGE_LOOP('',(#5022,#5023,#5024,#5025));
#930=EDGE_LOOP('',(#5026,#5027,#5028,#5029));
#931=EDGE_LOOP('',(#5030,#5031,#5032,#5033));
#932=EDGE_LOOP('',(#5034));
#933=EDGE_LOOP('',(#5035,#5036,#5037,#5038,#5039));
#934=EDGE_LOOP('',(#5040,#5041,#5042,#5043,#5044,#5045,#5046,#5047));
#935=EDGE_LOOP('',(#5048,#5049,#5050,#5051,#5052,#5053,#5054,#5055));
#936=EDGE_LOOP('',(#5056,#5057,#5058,#5059));
#937=EDGE_LOOP('',(#5060,#5061));
#938=EDGE_LOOP('',(#5062,#5063,#5064,#5065));
#939=EDGE_LOOP('',(#5066,#5067,#5068,#5069));
#940=EDGE_LOOP('',(#5070,#5071,#5072,#5073));
#941=EDGE_LOOP('',(#5074));
#942=EDGE_LOOP('',(#5075,#5076,#5077,#5078,#5079));
#943=EDGE_LOOP('',(#5080,#5081,#5082,#5083,#5084,#5085,#5086,#5087));
#944=EDGE_LOOP('',(#5088,#5089,#5090,#5091,#5092,#5093,#5094,#5095));
#945=EDGE_LOOP('',(#5096,#5097,#5098,#5099));
#946=EDGE_LOOP('',(#5100,#5101));
#947=EDGE_LOOP('',(#5102,#5103,#5104,#5105));
#948=EDGE_LOOP('',(#5106,#5107,#5108,#5109,#5110,#5111,#5112,#5113,#5114,
#5115,#5116,#5117));
#949=EDGE_LOOP('',(#5118,#5119,#5120,#5121));
#950=EDGE_LOOP('',(#5122,#5123,#5124,#5125,#5126,#5127,#5128,#5129,#5130,
#5131,#5132,#5133));
#951=EDGE_LOOP('',(#5134,#5135));
#952=EDGE_LOOP('',(#5136,#5137));
#953=EDGE_LOOP('',(#5138,#5139,#5140,#5141,#5142,#5143,#5144,#5145,#5146,
#5147,#5148,#5149,#5150));
#954=EDGE_LOOP('',(#5151,#5152,#5153,#5154,#5155,#5156,#5157,#5158));
#955=EDGE_LOOP('',(#5159,#5160,#5161,#5162));
#956=EDGE_LOOP('',(#5163,#5164,#5165,#5166,#5167,#5168,#5169,#5170,#5171,
#5172,#5173,#5174,#5175,#5176,#5177,#5178,#5179,#5180,#5181,#5182,#5183,
#5184,#5185,#5186,#5187,#5188,#5189,#5190,#5191,#5192,#5193));
#957=EDGE_LOOP('',(#5194,#5195,#5196,#5197));
#958=EDGE_LOOP('',(#5198,#5199,#5200,#5201,#5202,#5203,#5204,#5205,#5206,
#5207,#5208,#5209,#5210));
#959=EDGE_LOOP('',(#5211,#5212,#5213,#5214));
#960=EDGE_LOOP('',(#5215,#5216,#5217,#5218));
#961=EDGE_LOOP('',(#5219,#5220,#5221,#5222));
#962=EDGE_LOOP('',(#5223,#5224,#5225,#5226));
#963=EDGE_LOOP('',(#5227,#5228,#5229,#5230));
#964=EDGE_LOOP('',(#5231,#5232,#5233,#5234));
#965=EDGE_LOOP('',(#5235,#5236,#5237,#5238));
#966=EDGE_LOOP('',(#5239,#5240,#5241,#5242));
#967=EDGE_LOOP('',(#5243,#5244,#5245,#5246));
#968=EDGE_LOOP('',(#5247,#5248,#5249,#5250));
#969=EDGE_LOOP('',(#5251,#5252,#5253,#5254));
#970=EDGE_LOOP('',(#5255,#5256,#5257,#5258));
#971=EDGE_LOOP('',(#5259,#5260,#5261,#5262));
#972=EDGE_LOOP('',(#5263,#5264,#5265,#5266));
#973=EDGE_LOOP('',(#5267,#5268,#5269,#5270));
#974=EDGE_LOOP('',(#5271,#5272,#5273,#5274));
#975=EDGE_LOOP('',(#5275,#5276,#5277,#5278));
#976=EDGE_LOOP('',(#5279,#5280,#5281,#5282));
#977=EDGE_LOOP('',(#5283,#5284,#5285,#5286));
#978=EDGE_LOOP('',(#5287,#5288,#5289,#5290));
#979=EDGE_LOOP('',(#5291,#5292,#5293,#5294));
#980=EDGE_LOOP('',(#5295,#5296,#5297,#5298));
#981=EDGE_LOOP('',(#5299,#5300,#5301,#5302));
#982=EDGE_LOOP('',(#5303,#5304,#5305,#5306));
#983=EDGE_LOOP('',(#5307,#5308,#5309,#5310));
#984=EDGE_LOOP('',(#5311,#5312,#5313,#5314));
#985=EDGE_LOOP('',(#5315,#5316,#5317,#5318,#5319,#5320,#5321,#5322));
#986=EDGE_LOOP('',(#5323,#5324,#5325,#5326));
#987=EDGE_LOOP('',(#5327,#5328,#5329,#5330));
#988=EDGE_LOOP('',(#5331,#5332,#5333,#5334));
#989=EDGE_LOOP('',(#5335,#5336,#5337,#5338));
#990=EDGE_LOOP('',(#5339,#5340,#5341,#5342));
#991=EDGE_LOOP('',(#5343,#5344,#5345,#5346));
#992=EDGE_LOOP('',(#5347,#5348,#5349,#5350));
#993=EDGE_LOOP('',(#5351,#5352,#5353,#5354));
#994=EDGE_LOOP('',(#5355,#5356,#5357,#5358));
#995=EDGE_LOOP('',(#5359,#5360,#5361,#5362,#5363,#5364,#5365,#5366,#5367,
#5368,#5369,#5370,#5371));
#996=EDGE_LOOP('',(#5372,#5373,#5374,#5375,#5376,#5377,#5378,#5379));
#997=EDGE_LOOP('',(#5380,#5381,#5382,#5383));
#998=EDGE_LOOP('',(#5384,#5385,#5386,#5387,#5388,#5389,#5390,#5391,#5392,
#5393,#5394,#5395,#5396,#5397,#5398,#5399,#5400,#5401,#5402,#5403,#5404,
#5405,#5406,#5407,#5408,#5409,#5410,#5411,#5412,#5413,#5414));
#999=EDGE_LOOP('',(#5415,#5416,#5417,#5418));
#1000=EDGE_LOOP('',(#5419,#5420,#5421,#5422,#5423,#5424,#5425,#5426,#5427,
#5428,#5429,#5430,#5431));
#1001=EDGE_LOOP('',(#5432,#5433,#5434,#5435));
#1002=EDGE_LOOP('',(#5436,#5437,#5438,#5439));
#1003=EDGE_LOOP('',(#5440,#5441,#5442,#5443));
#1004=EDGE_LOOP('',(#5444,#5445,#5446,#5447));
#1005=EDGE_LOOP('',(#5448,#5449,#5450,#5451));
#1006=EDGE_LOOP('',(#5452,#5453,#5454,#5455));
#1007=EDGE_LOOP('',(#5456,#5457,#5458,#5459));
#1008=EDGE_LOOP('',(#5460,#5461,#5462,#5463));
#1009=EDGE_LOOP('',(#5464,#5465,#5466,#5467));
#1010=EDGE_LOOP('',(#5468,#5469,#5470,#5471));
#1011=EDGE_LOOP('',(#5472,#5473,#5474,#5475));
#1012=EDGE_LOOP('',(#5476,#5477,#5478,#5479));
#1013=EDGE_LOOP('',(#5480,#5481,#5482,#5483));
#1014=EDGE_LOOP('',(#5484,#5485,#5486,#5487));
#1015=EDGE_LOOP('',(#5488,#5489,#5490,#5491));
#1016=EDGE_LOOP('',(#5492,#5493,#5494,#5495));
#1017=EDGE_LOOP('',(#5496,#5497,#5498,#5499));
#1018=EDGE_LOOP('',(#5500,#5501,#5502,#5503));
#1019=EDGE_LOOP('',(#5504,#5505,#5506,#5507));
#1020=EDGE_LOOP('',(#5508,#5509,#5510,#5511));
#1021=EDGE_LOOP('',(#5512,#5513,#5514,#5515));
#1022=EDGE_LOOP('',(#5516,#5517,#5518,#5519));
#1023=EDGE_LOOP('',(#5520,#5521,#5522,#5523));
#1024=EDGE_LOOP('',(#5524,#5525,#5526,#5527));
#1025=EDGE_LOOP('',(#5528,#5529,#5530,#5531));
#1026=EDGE_LOOP('',(#5532,#5533,#5534,#5535));
#1027=EDGE_LOOP('',(#5536,#5537,#5538,#5539,#5540,#5541,#5542,#5543));
#1028=EDGE_LOOP('',(#5544,#5545,#5546,#5547));
#1029=EDGE_LOOP('',(#5548,#5549,#5550,#5551));
#1030=EDGE_LOOP('',(#5552,#5553,#5554,#5555));
#1031=EDGE_LOOP('',(#5556,#5557,#5558,#5559));
#1032=EDGE_LOOP('',(#5560,#5561,#5562,#5563));
#1033=EDGE_LOOP('',(#5564,#5565,#5566,#5567));
#1034=EDGE_LOOP('',(#5568,#5569,#5570,#5571));
#1035=EDGE_LOOP('',(#5572,#5573,#5574,#5575));
#1036=EDGE_LOOP('',(#5576,#5577,#5578,#5579));
#1037=EDGE_LOOP('',(#5580,#5581,#5582,#5583));
#1038=EDGE_LOOP('',(#5584,#5585,#5586,#5587));
#1039=EDGE_LOOP('',(#5588,#5589,#5590,#5591));
#1040=EDGE_LOOP('',(#5592,#5593,#5594,#5595));
#1041=EDGE_LOOP('',(#5596,#5597,#5598,#5599));
#1042=EDGE_LOOP('',(#5600,#5601,#5602,#5603));
#1043=EDGE_LOOP('',(#5604,#5605,#5606,#5607));
#1044=EDGE_LOOP('',(#5608,#5609,#5610,#5611));
#1045=EDGE_LOOP('',(#5612,#5613,#5614,#5615));
#1046=EDGE_LOOP('',(#5616,#5617,#5618,#5619));
#1047=EDGE_LOOP('',(#5620,#5621,#5622,#5623));
#1048=EDGE_LOOP('',(#5624,#5625,#5626,#5627));
#1049=EDGE_LOOP('',(#5628,#5629,#5630,#5631,#5632));
#1050=EDGE_LOOP('',(#5633,#5634,#5635,#5636));
#1051=EDGE_LOOP('',(#5637,#5638,#5639,#5640));
#1052=EDGE_LOOP('',(#5641,#5642,#5643,#5644));
#1053=EDGE_LOOP('',(#5645,#5646,#5647,#5648,#5649,#5650));
#1054=EDGE_LOOP('',(#5651,#5652,#5653,#5654,#5655,#5656,#5657,#5658,#5659));
#1055=EDGE_LOOP('',(#5660,#5661,#5662,#5663));
#1056=EDGE_LOOP('',(#5664,#5665,#5666,#5667));
#1057=EDGE_LOOP('',(#5668,#5669,#5670,#5671));
#1058=EDGE_LOOP('',(#5672,#5673,#5674,#5675));
#1059=EDGE_LOOP('',(#5676,#5677,#5678,#5679));
#1060=EDGE_LOOP('',(#5680,#5681,#5682,#5683));
#1061=EDGE_LOOP('',(#5684,#5685,#5686,#5687));
#1062=EDGE_LOOP('',(#5688,#5689,#5690,#5691));
#1063=EDGE_LOOP('',(#5692,#5693,#5694,#5695));
#1064=EDGE_LOOP('',(#5696,#5697,#5698,#5699));
#1065=EDGE_LOOP('',(#5700,#5701,#5702,#5703));
#1066=EDGE_LOOP('',(#5704,#5705,#5706,#5707));
#1067=EDGE_LOOP('',(#5708,#5709,#5710,#5711));
#1068=EDGE_LOOP('',(#5712,#5713,#5714,#5715));
#1069=EDGE_LOOP('',(#5716,#5717,#5718,#5719));
#1070=EDGE_LOOP('',(#5720,#5721,#5722,#5723));
#1071=EDGE_LOOP('',(#5724,#5725,#5726,#5727));
#1072=EDGE_LOOP('',(#5728,#5729,#5730,#5731));
#1073=EDGE_LOOP('',(#5732,#5733,#5734,#5735));
#1074=EDGE_LOOP('',(#5736,#5737,#5738,#5739));
#1075=EDGE_LOOP('',(#5740,#5741,#5742,#5743));
#1076=EDGE_LOOP('',(#5744,#5745,#5746,#5747));
#1077=EDGE_LOOP('',(#5748,#5749,#5750,#5751));
#1078=EDGE_LOOP('',(#5752,#5753,#5754,#5755));
#1079=EDGE_LOOP('',(#5756,#5757,#5758,#5759,#5760,#5761,#5762,#5763,#5764));
#1080=EDGE_LOOP('',(#5765,#5766,#5767,#5768));
#1081=EDGE_LOOP('',(#5769,#5770,#5771,#5772));
#1082=EDGE_LOOP('',(#5773,#5774,#5775,#5776));
#1083=EDGE_LOOP('',(#5777,#5778,#5779,#5780));
#1084=EDGE_LOOP('',(#5781,#5782,#5783,#5784));
#1085=EDGE_LOOP('',(#5785,#5786,#5787,#5788));
#1086=EDGE_LOOP('',(#5789,#5790,#5791,#5792));
#1087=EDGE_LOOP('',(#5793,#5794,#5795,#5796));
#1088=EDGE_LOOP('',(#5797,#5798,#5799,#5800));
#1089=EDGE_LOOP('',(#5801,#5802,#5803,#5804,#5805,#5806));
#1090=EDGE_LOOP('',(#5807,#5808,#5809,#5810,#5811,#5812,#5813,#5814,#5815,
#5816));
#1091=EDGE_LOOP('',(#5817,#5818,#5819,#5820,#5821,#5822,#5823,#5824));
#1092=EDGE_LOOP('',(#5825,#5826,#5827,#5828));
#1093=EDGE_LOOP('',(#5829,#5830,#5831,#5832,#5833,#5834,#5835,#5836,#5837,
#5838,#5839,#5840,#5841,#5842,#5843,#5844,#5845,#5846,#5847,#5848,#5849,
#5850));
#1094=EDGE_LOOP('',(#5851));
#1095=EDGE_LOOP('',(#5852));
#1096=EDGE_LOOP('',(#5853,#5854,#5855,#5856,#5857,#5858,#5859,#5860));
#1097=EDGE_LOOP('',(#5861,#5862,#5863));
#1098=EDGE_LOOP('',(#5864,#5865,#5866,#5867,#5868));
#1099=EDGE_LOOP('',(#5869,#5870,#5871,#5872));
#1100=EDGE_LOOP('',(#5873,#5874,#5875,#5876));
#1101=EDGE_LOOP('',(#5877,#5878,#5879,#5880));
#1102=EDGE_LOOP('',(#5881,#5882,#5883,#5884));
#1103=EDGE_LOOP('',(#5885,#5886,#5887,#5888));
#1104=EDGE_LOOP('',(#5889,#5890,#5891,#5892));
#1105=EDGE_LOOP('',(#5893,#5894,#5895,#5896));
#1106=EDGE_LOOP('',(#5897,#5898,#5899,#5900));
#1107=EDGE_LOOP('',(#5901,#5902,#5903,#5904));
#1108=EDGE_LOOP('',(#5905,#5906,#5907,#5908));
#1109=EDGE_LOOP('',(#5909,#5910,#5911,#5912));
#1110=EDGE_LOOP('',(#5913,#5914,#5915,#5916));
#1111=EDGE_LOOP('',(#5917,#5918,#5919,#5920));
#1112=EDGE_LOOP('',(#5921,#5922,#5923,#5924));
#1113=EDGE_LOOP('',(#5925,#5926,#5927,#5928));
#1114=EDGE_LOOP('',(#5929,#5930,#5931,#5932));
#1115=EDGE_LOOP('',(#5933));
#1116=EDGE_LOOP('',(#5934,#5935,#5936,#5937));
#1117=EDGE_LOOP('',(#5938,#5939,#5940,#5941));
#1118=EDGE_LOOP('',(#5942,#5943,#5944,#5945));
#1119=EDGE_LOOP('',(#5946,#5947,#5948,#5949));
#1120=EDGE_LOOP('',(#5950,#5951,#5952,#5953));
#1121=EDGE_LOOP('',(#5954,#5955,#5956,#5957));
#1122=EDGE_LOOP('',(#5958,#5959,#5960,#5961));
#1123=EDGE_LOOP('',(#5962,#5963,#5964,#5965));
#1124=EDGE_LOOP('',(#5966,#5967,#5968,#5969,#5970,#5971,#5972));
#1125=EDGE_LOOP('',(#5973,#5974,#5975,#5976));
#1126=EDGE_LOOP('',(#5977,#5978,#5979,#5980));
#1127=EDGE_LOOP('',(#5981,#5982,#5983,#5984));
#1128=EDGE_LOOP('',(#5985,#5986));
#1129=EDGE_LOOP('',(#5987,#5988,#5989));
#1130=EDGE_LOOP('',(#5990,#5991,#5992));
#1131=EDGE_LOOP('',(#5993,#5994,#5995,#5996));
#1132=EDGE_LOOP('',(#5997,#5998,#5999,#6000));
#1133=EDGE_LOOP('',(#6001,#6002,#6003,#6004));
#1134=EDGE_LOOP('',(#6005,#6006,#6007,#6008));
#1135=EDGE_LOOP('',(#6009,#6010,#6011,#6012));
#1136=EDGE_LOOP('',(#6013,#6014,#6015,#6016));
#1137=EDGE_LOOP('',(#6017,#6018,#6019,#6020));
#1138=EDGE_LOOP('',(#6021,#6022,#6023,#6024));
#1139=EDGE_LOOP('',(#6025,#6026,#6027,#6028));
#1140=EDGE_LOOP('',(#6029,#6030,#6031,#6032));
#1141=EDGE_LOOP('',(#6033,#6034,#6035,#6036));
#1142=EDGE_LOOP('',(#6037,#6038,#6039,#6040,#6041,#6042));
#1143=EDGE_LOOP('',(#6043,#6044,#6045,#6046));
#1144=EDGE_LOOP('',(#6047,#6048,#6049,#6050));
#1145=EDGE_LOOP('',(#6051,#6052,#6053,#6054));
#1146=EDGE_LOOP('',(#6055,#6056,#6057,#6058));
#1147=EDGE_LOOP('',(#6059,#6060,#6061,#6062));
#1148=EDGE_LOOP('',(#6063,#6064,#6065,#6066,#6067));
#1149=EDGE_LOOP('',(#6068,#6069,#6070,#6071,#6072));
#1150=EDGE_LOOP('',(#6073,#6074,#6075,#6076));
#1151=EDGE_LOOP('',(#6077,#6078,#6079,#6080));
#1152=EDGE_LOOP('',(#6081,#6082,#6083,#6084,#6085));
#1153=EDGE_LOOP('',(#6086,#6087,#6088,#6089));
#1154=EDGE_LOOP('',(#6090,#6091,#6092,#6093));
#1155=EDGE_LOOP('',(#6094,#6095,#6096));
#1156=EDGE_LOOP('',(#6097,#6098,#6099,#6100));
#1157=EDGE_LOOP('',(#6101,#6102,#6103,#6104));
#1158=EDGE_LOOP('',(#6105,#6106,#6107,#6108));
#1159=EDGE_LOOP('',(#6109,#6110,#6111,#6112));
#1160=EDGE_LOOP('',(#6113,#6114,#6115,#6116,#6117));
#1161=EDGE_LOOP('',(#6118,#6119,#6120,#6121,#6122,#6123,#6124,#6125,#6126,
#6127,#6128));
#1162=EDGE_LOOP('',(#6129));
#1163=EDGE_LOOP('',(#6130,#6131,#6132,#6133));
#1164=EDGE_LOOP('',(#6134,#6135,#6136,#6137,#6138));
#1165=EDGE_LOOP('',(#6139));
#1166=EDGE_LOOP('',(#6140,#6141,#6142,#6143,#6144,#6145,#6146));
#1167=EDGE_LOOP('',(#6147,#6148,#6149,#6150,#6151,#6152,#6153));
#1168=EDGE_LOOP('',(#6154,#6155,#6156));
#1169=EDGE_LOOP('',(#6157,#6158,#6159,#6160,#6161,#6162,#6163,#6164,#6165));
#1170=EDGE_LOOP('',(#6166,#6167,#6168));
#1171=EDGE_LOOP('',(#6169,#6170,#6171,#6172,#6173));
#1172=EDGE_LOOP('',(#6174,#6175,#6176));
#1173=EDGE_LOOP('',(#6177,#6178,#6179,#6180,#6181,#6182,#6183,#6184,#6185));
#1174=EDGE_LOOP('',(#6186,#6187,#6188));
#1175=EDGE_LOOP('',(#6189,#6190,#6191,#6192,#6193));
#1176=EDGE_LOOP('',(#6194,#6195,#6196));
#1177=EDGE_LOOP('',(#6197,#6198,#6199,#6200,#6201));
#1178=EDGE_LOOP('',(#6202,#6203,#6204));
#1179=EDGE_LOOP('',(#6205,#6206,#6207,#6208,#6209,#6210,#6211,#6212,#6213));
#1180=EDGE_LOOP('',(#6214,#6215,#6216));
#1181=EDGE_LOOP('',(#6217,#6218,#6219,#6220,#6221,#6222,#6223,#6224,#6225));
#1182=EDGE_LOOP('',(#6226,#6227,#6228,#6229,#6230));
#1183=EDGE_LOOP('',(#6231,#6232,#6233));
#1184=EDGE_LOOP('',(#6234,#6235));
#1185=EDGE_LOOP('',(#6236,#6237,#6238));
#1186=EDGE_LOOP('',(#6239,#6240,#6241,#6242));
#1187=EDGE_LOOP('',(#6243,#6244,#6245,#6246));
#1188=EDGE_LOOP('',(#6247,#6248,#6249,#6250));
#1189=EDGE_LOOP('',(#6251,#6252,#6253,#6254));
#1190=EDGE_LOOP('',(#6255,#6256,#6257,#6258,#6259,#6260,#6261,#6262,#6263,
#6264,#6265,#6266));
#1191=EDGE_LOOP('',(#6267,#6268,#6269,#6270));
#1192=EDGE_LOOP('',(#6271,#6272,#6273,#6274,#6275,#6276,#6277,#6278,#6279,
#6280,#6281,#6282));
#1193=EDGE_LOOP('',(#6283,#6284,#6285,#6286));
#1194=EDGE_LOOP('',(#6287,#6288,#6289,#6290,#6291,#6292,#6293,#6294,#6295,
#6296,#6297,#6298,#6299,#6300,#6301,#6302,#6303));
#1195=EDGE_LOOP('',(#6304,#6305,#6306,#6307,#6308));
#1196=EDGE_LOOP('',(#6309,#6310,#6311,#6312));
#1197=EDGE_LOOP('',(#6313,#6314,#6315,#6316,#6317,#6318));
#1198=EDGE_LOOP('',(#6319,#6320,#6321,#6322));
#1199=EDGE_LOOP('',(#6323,#6324,#6325));
#1200=EDGE_LOOP('',(#6326,#6327,#6328,#6329));
#1201=EDGE_LOOP('',(#6330,#6331,#6332,#6333));
#1202=EDGE_LOOP('',(#6334,#6335,#6336,#6337));
#1203=EDGE_LOOP('',(#6338,#6339,#6340,#6341));
#1204=EDGE_LOOP('',(#6342,#6343,#6344,#6345,#6346));
#1205=EDGE_LOOP('',(#6347,#6348,#6349));
#1206=EDGE_LOOP('',(#6350,#6351,#6352,#6353));
#1207=EDGE_LOOP('',(#6354,#6355,#6356,#6357));
#1208=EDGE_LOOP('',(#6358,#6359,#6360,#6361));
#1209=EDGE_LOOP('',(#6362,#6363,#6364,#6365,#6366));
#1210=EDGE_LOOP('',(#6367,#6368,#6369,#6370,#6371));
#1211=EDGE_LOOP('',(#6372,#6373,#6374,#6375));
#1212=EDGE_LOOP('',(#6376,#6377,#6378,#6379));
#1213=EDGE_LOOP('',(#6380,#6381,#6382,#6383));
#1214=EDGE_LOOP('',(#6384,#6385,#6386,#6387,#6388,#6389,#6390,#6391));
#1215=EDGE_LOOP('',(#6392));
#1216=EDGE_LOOP('',(#6393,#6394,#6395,#6396));
#1217=EDGE_LOOP('',(#6397,#6398,#6399,#6400));
#1218=EDGE_LOOP('',(#6401,#6402,#6403,#6404,#6405));
#1219=EDGE_LOOP('',(#6406,#6407,#6408,#6409));
#1220=EDGE_LOOP('',(#6410,#6411,#6412,#6413,#6414,#6415,#6416,#6417,#6418,
#6419,#6420,#6421));
#1221=EDGE_LOOP('',(#6422,#6423,#6424,#6425));
#1222=EDGE_LOOP('',(#6426,#6427,#6428,#6429));
#1223=EDGE_LOOP('',(#6430,#6431,#6432));
#1224=EDGE_LOOP('',(#6433,#6434,#6435));
#1225=EDGE_LOOP('',(#6436,#6437,#6438,#6439,#6440));
#1226=EDGE_LOOP('',(#6441,#6442,#6443,#6444,#6445,#6446,#6447,#6448,#6449));
#1227=EDGE_LOOP('',(#6450,#6451,#6452));
#1228=EDGE_LOOP('',(#6453,#6454,#6455,#6456,#6457,#6458,#6459,#6460,#6461));
#1229=EDGE_LOOP('',(#6462,#6463,#6464));
#1230=EDGE_LOOP('',(#6465,#6466,#6467,#6468,#6469));
#1231=EDGE_LOOP('',(#6470,#6471,#6472));
#1232=EDGE_LOOP('',(#6473,#6474,#6475,#6476,#6477,#6478,#6479));
#1233=EDGE_LOOP('',(#6480,#6481));
#1234=LINE('',#9800,#1833);
#1235=LINE('',#9804,#1834);
#1236=LINE('',#9809,#1835);
#1237=LINE('',#9811,#1836);
#1238=LINE('',#9815,#1837);
#1239=LINE('',#9819,#1838);
#1240=LINE('',#9821,#1839);
#1241=LINE('',#9822,#1840);
#1242=LINE('',#9826,#1841);
#1243=LINE('',#9830,#1842);
#1244=LINE('',#9845,#1843);
#1245=LINE('',#9859,#1844);
#1246=LINE('',#9862,#1845);
#1247=LINE('',#9865,#1846);
#1248=LINE('',#9868,#1847);
#1249=LINE('',#9870,#1848);
#1250=LINE('',#9872,#1849);
#1251=LINE('',#9874,#1850);
#1252=LINE('',#9876,#1851);
#1253=LINE('',#9878,#1852);
#1254=LINE('',#9879,#1853);
#1255=LINE('',#9882,#1854);
#1256=LINE('',#9884,#1855);
#1257=LINE('',#9888,#1856);
#1258=LINE('',#9892,#1857);
#1259=LINE('',#9896,#1858);
#1260=LINE('',#9900,#1859);
#1261=LINE('',#9921,#1860);
#1262=LINE('',#9923,#1861);
#1263=LINE('',#9925,#1862);
#1264=LINE('',#9928,#1863);
#1265=LINE('',#9931,#1864);
#1266=LINE('',#9932,#1865);
#1267=LINE('',#9949,#1866);
#1268=LINE('',#9954,#1867);
#1269=LINE('',#9955,#1868);
#1270=LINE('',#9960,#1869);
#1271=LINE('',#9969,#1870);
#1272=LINE('',#9982,#1871);
#1273=LINE('',#9983,#1872);
#1274=LINE('',#9985,#1873);
#1275=LINE('',#9989,#1874);
#1276=LINE('',#9995,#1875);
#1277=LINE('',#10003,#1876);
#1278=LINE('',#10006,#1877);
#1279=LINE('',#10008,#1878);
#1280=LINE('',#10009,#1879);
#1281=LINE('',#10014,#1880);
#1282=LINE('',#10017,#1881);
#1283=LINE('',#10021,#1882);
#1284=LINE('',#10025,#1883);
#1285=LINE('',#10027,#1884);
#1286=LINE('',#10031,#1885);
#1287=LINE('',#10035,#1886);
#1288=LINE('',#10039,#1887);
#1289=LINE('',#10043,#1888);
#1290=LINE('',#10047,#1889);
#1291=LINE('',#10049,#1890);
#1292=LINE('',#10051,#1891);
#1293=LINE('',#10053,#1892);
#1294=LINE('',#10058,#1893);
#1295=LINE('',#10063,#1894);
#1296=LINE('',#10065,#1895);
#1297=LINE('',#10067,#1896);
#1298=LINE('',#10068,#1897);
#1299=LINE('',#10071,#1898);
#1300=LINE('',#10073,#1899);
#1301=LINE('',#10075,#1900);
#1302=LINE('',#10076,#1901);
#1303=LINE('',#10083,#1902);
#1304=LINE('',#10087,#1903);
#1305=LINE('',#10091,#1904);
#1306=LINE('',#10095,#1905);
#1307=LINE('',#10103,#1906);
#1308=LINE('',#10104,#1907);
#1309=LINE('',#10107,#1908);
#1310=LINE('',#10110,#1909);
#1311=LINE('',#10113,#1910);
#1312=LINE('',#10116,#1911);
#1313=LINE('',#10119,#1912);
#1314=LINE('',#10122,#1913);
#1315=LINE('',#10124,#1914);
#1316=LINE('',#10128,#1915);
#1317=LINE('',#10190,#1916);
#1318=LINE('',#10205,#1917);
#1319=LINE('',#10219,#1918);
#1320=LINE('',#10356,#1919);
#1321=LINE('',#10380,#1920);
#1322=LINE('',#10429,#1921);
#1323=LINE('',#10435,#1922);
#1324=LINE('',#10463,#1923);
#1325=LINE('',#10465,#1924);
#1326=LINE('',#10466,#1925);
#1327=LINE('',#10469,#1926);
#1328=LINE('',#10473,#1927);
#1329=LINE('',#10474,#1928);
#1330=LINE('',#10477,#1929);
#1331=LINE('',#10480,#1930);
#1332=LINE('',#10483,#1931);
#1333=LINE('',#10487,#1932);
#1334=LINE('',#10489,#1933);
#1335=LINE('',#10490,#1934);
#1336=LINE('',#10539,#1935);
#1337=LINE('',#10540,#1936);
#1338=LINE('',#10551,#1937);
#1339=LINE('',#10552,#1938);
#1340=LINE('',#10555,#1939);
#1341=LINE('',#10567,#1940);
#1342=LINE('',#10570,#1941);
#1343=LINE('',#10572,#1942);
#1344=LINE('',#10576,#1943);
#1345=LINE('',#10578,#1944);
#1346=LINE('',#10582,#1945);
#1347=LINE('',#10586,#1946);
#1348=LINE('',#10588,#1947);
#1349=LINE('',#10590,#1948);
#1350=LINE('',#10591,#1949);
#1351=LINE('',#10596,#1950);
#1352=LINE('',#10598,#1951);
#1353=LINE('',#10600,#1952);
#1354=LINE('',#10601,#1953);
#1355=LINE('',#10603,#1954);
#1356=LINE('',#10604,#1955);
#1357=LINE('',#10607,#1956);
#1358=LINE('',#10608,#1957);
#1359=LINE('',#10610,#1958);
#1360=LINE('',#10613,#1959);
#1361=LINE('',#10615,#1960);
#1362=LINE('',#10617,#1961);
#1363=LINE('',#10619,#1962);
#1364=LINE('',#10623,#1963);
#1365=LINE('',#10627,#1964);
#1366=LINE('',#10631,#1965);
#1367=LINE('',#10639,#1966);
#1368=LINE('',#10641,#1967);
#1369=LINE('',#10643,#1968);
#1370=LINE('',#10644,#1969);
#1371=LINE('',#10647,#1970);
#1372=LINE('',#10649,#1971);
#1373=LINE('',#10651,#1972);
#1374=LINE('',#10652,#1973);
#1375=LINE('',#10667,#1974);
#1376=LINE('',#10675,#1975);
#1377=LINE('',#10678,#1976);
#1378=LINE('',#10680,#1977);
#1379=LINE('',#10682,#1978);
#1380=LINE('',#10684,#1979);
#1381=LINE('',#10685,#1980);
#1382=LINE('',#10688,#1981);
#1383=LINE('',#10691,#1982);
#1384=LINE('',#10693,#1983);
#1385=LINE('',#10695,#1984);
#1386=LINE('',#10697,#1985);
#1387=LINE('',#10698,#1986);
#1388=LINE('',#10703,#1987);
#1389=LINE('',#10710,#1988);
#1390=LINE('',#10713,#1989);
#1391=LINE('',#10716,#1990);
#1392=LINE('',#10720,#1991);
#1393=LINE('',#10724,#1992);
#1394=LINE('',#10729,#1993);
#1395=LINE('',#10730,#1994);
#1396=LINE('',#10733,#1995);
#1397=LINE('',#10737,#1996);
#1398=LINE('',#10742,#1997);
#1399=LINE('',#10746,#1998);
#1400=LINE('',#10750,#1999);
#1401=LINE('',#10758,#2000);
#1402=LINE('',#10762,#2001);
#1403=LINE('',#10766,#2002);
#1404=LINE('',#10771,#2003);
#1405=LINE('',#10773,#2004);
#1406=LINE('',#10776,#2005);
#1407=LINE('',#10779,#2006);
#1408=LINE('',#10780,#2007);
#1409=LINE('',#10783,#2008);
#1410=LINE('',#10785,#2009);
#1411=LINE('',#10788,#2010);
#1412=LINE('',#10797,#2011);
#1413=LINE('',#10809,#2012);
#1414=LINE('',#10821,#2013);
#1415=LINE('',#10833,#2014);
#1416=LINE('',#10845,#2015);
#1417=LINE('',#10847,#2016);
#1418=LINE('',#10848,#2017);
#1419=LINE('',#10852,#2018);
#1420=LINE('',#10856,#2019);
#1421=LINE('',#10860,#2020);
#1422=LINE('',#10863,#2021);
#1423=LINE('',#10865,#2022);
#1424=LINE('',#10868,#2023);
#1425=LINE('',#10871,#2024);
#1426=LINE('',#10872,#2025);
#1427=LINE('',#10875,#2026);
#1428=LINE('',#10876,#2027);
#1429=LINE('',#10880,#2028);
#1430=LINE('',#10889,#2029);
#1431=LINE('',#10901,#2030);
#1432=LINE('',#10913,#2031);
#1433=LINE('',#10925,#2032);
#1434=LINE('',#10937,#2033);
#1435=LINE('',#10939,#2034);
#1436=LINE('',#10940,#2035);
#1437=LINE('',#10944,#2036);
#1438=LINE('',#10948,#2037);
#1439=LINE('',#10952,#2038);
#1440=LINE('',#10956,#2039);
#1441=LINE('',#10958,#2040);
#1442=LINE('',#10960,#2041);
#1443=LINE('',#10961,#2042);
#1444=LINE('',#10965,#2043);
#1445=LINE('',#10967,#2044);
#1446=LINE('',#10969,#2045);
#1447=LINE('',#10970,#2046);
#1448=LINE('',#10972,#2047);
#1449=LINE('',#10973,#2048);
#1450=LINE('',#10976,#2049);
#1451=LINE('',#10981,#2050);
#1452=LINE('',#10985,#2051);
#1453=LINE('',#10986,#2052);
#1454=LINE('',#10988,#2053);
#1455=LINE('',#10989,#2054);
#1456=LINE('',#10993,#2055);
#1457=LINE('',#10995,#2056);
#1458=LINE('',#10996,#2057);
#1459=LINE('',#10997,#2058);
#1460=LINE('',#11005,#2059);
#1461=LINE('',#11007,#2060);
#1462=LINE('',#11009,#2061);
#1463=LINE('',#11010,#2062);
#1464=LINE('',#11014,#2063);
#1465=LINE('',#11016,#2064);
#1466=LINE('',#11018,#2065);
#1467=LINE('',#11019,#2066);
#1468=LINE('',#11021,#2067);
#1469=LINE('',#11022,#2068);
#1470=LINE('',#11025,#2069);
#1471=LINE('',#11030,#2070);
#1472=LINE('',#11034,#2071);
#1473=LINE('',#11035,#2072);
#1474=LINE('',#11037,#2073);
#1475=LINE('',#11038,#2074);
#1476=LINE('',#11042,#2075);
#1477=LINE('',#11044,#2076);
#1478=LINE('',#11045,#2077);
#1479=LINE('',#11046,#2078);
#1480=LINE('',#11054,#2079);
#1481=LINE('',#11056,#2080);
#1482=LINE('',#11061,#2081);
#1483=LINE('',#11063,#2082);
#1484=LINE('',#11075,#2083);
#1485=LINE('',#11087,#2084);
#1486=LINE('',#11089,#2085);
#1487=LINE('',#11090,#2086);
#1488=LINE('',#11094,#2087);
#1489=LINE('',#11097,#2088);
#1490=LINE('',#11101,#2089);
#1491=LINE('',#11104,#2090);
#1492=LINE('',#11116,#2091);
#1493=LINE('',#11128,#2092);
#1494=LINE('',#11140,#2093);
#1495=LINE('',#11152,#2094);
#1496=LINE('',#11159,#2095);
#1497=LINE('',#11162,#2096);
#1498=LINE('',#11174,#2097);
#1499=LINE('',#11181,#2098);
#1500=LINE('',#11183,#2099);
#1501=LINE('',#11185,#2100);
#1502=LINE('',#11187,#2101);
#1503=LINE('',#11189,#2102);
#1504=LINE('',#11191,#2103);
#1505=LINE('',#11193,#2104);
#1506=LINE('',#11195,#2105);
#1507=LINE('',#11197,#2106);
#1508=LINE('',#11199,#2107);
#1509=LINE('',#11201,#2108);
#1510=LINE('',#11203,#2109);
#1511=LINE('',#11205,#2110);
#1512=LINE('',#11207,#2111);
#1513=LINE('',#11209,#2112);
#1514=LINE('',#11211,#2113);
#1515=LINE('',#11213,#2114);
#1516=LINE('',#11215,#2115);
#1517=LINE('',#11217,#2116);
#1518=LINE('',#11219,#2117);
#1519=LINE('',#11221,#2118);
#1520=LINE('',#11223,#2119);
#1521=LINE('',#11225,#2120);
#1522=LINE('',#11227,#2121);
#1523=LINE('',#11229,#2122);
#1524=LINE('',#11231,#2123);
#1525=LINE('',#11233,#2124);
#1526=LINE('',#11235,#2125);
#1527=LINE('',#11237,#2126);
#1528=LINE('',#11239,#2127);
#1529=LINE('',#11241,#2128);
#1530=LINE('',#11243,#2129);
#1531=LINE('',#11245,#2130);
#1532=LINE('',#11247,#2131);
#1533=LINE('',#11249,#2132);
#1534=LINE('',#11259,#2133);
#1535=LINE('',#11271,#2134);
#1536=LINE('',#11273,#2135);
#1537=LINE('',#11274,#2136);
#1538=LINE('',#11278,#2137);
#1539=LINE('',#11281,#2138);
#1540=LINE('',#11285,#2139);
#1541=LINE('',#11288,#2140);
#1542=LINE('',#11300,#2141);
#1543=LINE('',#11312,#2142);
#1544=LINE('',#11324,#2143);
#1545=LINE('',#11336,#2144);
#1546=LINE('',#11343,#2145);
#1547=LINE('',#11346,#2146);
#1548=LINE('',#11358,#2147);
#1549=LINE('',#11365,#2148);
#1550=LINE('',#11367,#2149);
#1551=LINE('',#11369,#2150);
#1552=LINE('',#11371,#2151);
#1553=LINE('',#11373,#2152);
#1554=LINE('',#11375,#2153);
#1555=LINE('',#11377,#2154);
#1556=LINE('',#11379,#2155);
#1557=LINE('',#11381,#2156);
#1558=LINE('',#11383,#2157);
#1559=LINE('',#11385,#2158);
#1560=LINE('',#11387,#2159);
#1561=LINE('',#11389,#2160);
#1562=LINE('',#11391,#2161);
#1563=LINE('',#11393,#2162);
#1564=LINE('',#11395,#2163);
#1565=LINE('',#11397,#2164);
#1566=LINE('',#11399,#2165);
#1567=LINE('',#11401,#2166);
#1568=LINE('',#11403,#2167);
#1569=LINE('',#11405,#2168);
#1570=LINE('',#11407,#2169);
#1571=LINE('',#11409,#2170);
#1572=LINE('',#11411,#2171);
#1573=LINE('',#11413,#2172);
#1574=LINE('',#11415,#2173);
#1575=LINE('',#11417,#2174);
#1576=LINE('',#11419,#2175);
#1577=LINE('',#11421,#2176);
#1578=LINE('',#11423,#2177);
#1579=LINE('',#11425,#2178);
#1580=LINE('',#11427,#2179);
#1581=LINE('',#11429,#2180);
#1582=LINE('',#11431,#2181);
#1583=LINE('',#11433,#2182);
#1584=LINE('',#11437,#2183);
#1585=LINE('',#11439,#2184);
#1586=LINE('',#11441,#2185);
#1587=LINE('',#11443,#2186);
#1588=LINE('',#11446,#2187);
#1589=LINE('',#11450,#2188);
#1590=LINE('',#11455,#2189);
#1591=LINE('',#11459,#2190);
#1592=LINE('',#11460,#2191);
#1593=LINE('',#11461,#2192);
#1594=LINE('',#11467,#2193);
#1595=LINE('',#11468,#2194);
#1596=LINE('',#11470,#2195);
#1597=LINE('',#11489,#2196);
#1598=LINE('',#11493,#2197);
#1599=LINE('',#11495,#2198);
#1600=LINE('',#11496,#2199);
#1601=LINE('',#11500,#2200);
#1602=LINE('',#11516,#2201);
#1603=LINE('',#11520,#2202);
#1604=LINE('',#11523,#2203);
#1605=LINE('',#11527,#2204);
#1606=LINE('',#11529,#2205);
#1607=LINE('',#11531,#2206);
#1608=LINE('',#11532,#2207);
#1609=LINE('',#11537,#2208);
#1610=LINE('',#11542,#2209);
#1611=LINE('',#11543,#2210);
#1612=LINE('',#11544,#2211);
#1613=LINE('',#11549,#2212);
#1614=LINE('',#11554,#2213);
#1615=LINE('',#11555,#2214);
#1616=LINE('',#11556,#2215);
#1617=LINE('',#11561,#2216);
#1618=LINE('',#11566,#2217);
#1619=LINE('',#11567,#2218);
#1620=LINE('',#11568,#2219);
#1621=LINE('',#11572,#2220);
#1622=LINE('',#11578,#2221);
#1623=LINE('',#11579,#2222);
#1624=LINE('',#11580,#2223);
#1625=LINE('',#11585,#2224);
#1626=LINE('',#11590,#2225);
#1627=LINE('',#11591,#2226);
#1628=LINE('',#11592,#2227);
#1629=LINE('',#11597,#2228);
#1630=LINE('',#11602,#2229);
#1631=LINE('',#11603,#2230);
#1632=LINE('',#11604,#2231);
#1633=LINE('',#11608,#2232);
#1634=LINE('',#11615,#2233);
#1635=LINE('',#11620,#2234);
#1636=LINE('',#11621,#2235);
#1637=LINE('',#11622,#2236);
#1638=LINE('',#11627,#2237);
#1639=LINE('',#11632,#2238);
#1640=LINE('',#11633,#2239);
#1641=LINE('',#11634,#2240);
#1642=LINE('',#11639,#2241);
#1643=LINE('',#11647,#2242);
#1644=LINE('',#11649,#2243);
#1645=LINE('',#11651,#2244);
#1646=LINE('',#11653,#2245);
#1647=LINE('',#11655,#2246);
#1648=LINE('',#11657,#2247);
#1649=LINE('',#11659,#2248);
#1650=LINE('',#11660,#2249);
#1651=LINE('',#11662,#2250);
#1652=LINE('',#11664,#2251);
#1653=LINE('',#11666,#2252);
#1654=LINE('',#11668,#2253);
#1655=LINE('',#11670,#2254);
#1656=LINE('',#11671,#2255);
#1657=LINE('',#11673,#2256);
#1658=LINE('',#11675,#2257);
#1659=LINE('',#11677,#2258);
#1660=LINE('',#11679,#2259);
#1661=LINE('',#11682,#2260);
#1662=LINE('',#11684,#2261);
#1663=LINE('',#11687,#2262);
#1664=LINE('',#11689,#2263);
#1665=LINE('',#11692,#2264);
#1666=LINE('',#11695,#2265);
#1667=LINE('',#11698,#2266);
#1668=LINE('',#11702,#2267);
#1669=LINE('',#11706,#2268);
#1670=LINE('',#11710,#2269);
#1671=LINE('',#11716,#2270);
#1672=LINE('',#11720,#2271);
#1673=LINE('',#11721,#2272);
#1674=LINE('',#11726,#2273);
#1675=LINE('',#11731,#2274);
#1676=LINE('',#11734,#2275);
#1677=LINE('',#11738,#2276);
#1678=LINE('',#11743,#2277);
#1679=LINE('',#11744,#2278);
#1680=LINE('',#11745,#2279);
#1681=LINE('',#11747,#2280);
#1682=LINE('',#11748,#2281);
#1683=LINE('',#11753,#2282);
#1684=LINE('',#11757,#2283);
#1685=LINE('',#11759,#2284);
#1686=LINE('',#11760,#2285);
#1687=LINE('',#11766,#2286);
#1688=LINE('',#11767,#2287);
#1689=LINE('',#11768,#2288);
#1690=LINE('',#11772,#2289);
#1691=LINE('',#11774,#2290);
#1692=LINE('',#11776,#2291);
#1693=LINE('',#11779,#2292);
#1694=LINE('',#11780,#2293);
#1695=LINE('',#11783,#2294);
#1696=LINE('',#11787,#2295);
#1697=LINE('',#11788,#2296);
#1698=LINE('',#11790,#2297);
#1699=LINE('',#11791,#2298);
#1700=LINE('',#11804,#2299);
#1701=LINE('',#11805,#2300);
#1702=LINE('',#11808,#2301);
#1703=LINE('',#11809,#2302);
#1704=LINE('',#11813,#2303);
#1705=LINE('',#11816,#2304);
#1706=LINE('',#11819,#2305);
#1707=LINE('',#11821,#2306);
#1708=LINE('',#11823,#2307);
#1709=LINE('',#11828,#2308);
#1710=LINE('',#11829,#2309);
#1711=LINE('',#11830,#2310);
#1712=LINE('',#11836,#2311);
#1713=LINE('',#11841,#2312);
#1714=LINE('',#11850,#2313);
#1715=LINE('',#11851,#2314);
#1716=LINE('',#11852,#2315);
#1717=LINE('',#11856,#2316);
#1718=LINE('',#11859,#2317);
#1719=LINE('',#11860,#2318);
#1720=LINE('',#11866,#2319);
#1721=LINE('',#11868,#2320);
#1722=LINE('',#11878,#2321);
#1723=LINE('',#11880,#2322);
#1724=LINE('',#11883,#2323);
#1725=LINE('',#11884,#2324);
#1726=LINE('',#11888,#2325);
#1727=LINE('',#11891,#2326);
#1728=LINE('',#11903,#2327);
#1729=LINE('',#11906,#2328);
#1730=LINE('',#11907,#2329);
#1731=LINE('',#11911,#2330);
#1732=LINE('',#11952,#2331);
#1733=LINE('',#11954,#2332);
#1734=LINE('',#11955,#2333);
#1735=LINE('',#11957,#2334);
#1736=LINE('',#11958,#2335);
#1737=LINE('',#11964,#2336);
#1738=LINE('',#11975,#2337);
#1739=LINE('',#11978,#2338);
#1740=LINE('',#11988,#2339);
#1741=LINE('',#11989,#2340);
#1742=LINE('',#11993,#2341);
#1743=LINE('',#11995,#2342);
#1744=LINE('',#11997,#2343);
#1745=LINE('',#11998,#2344);
#1746=LINE('',#12000,#2345);
#1747=LINE('',#12002,#2346);
#1748=LINE('',#12004,#2347);
#1749=LINE('',#12005,#2348);
#1750=LINE('',#12008,#2349);
#1751=LINE('',#12009,#2350);
#1752=LINE('',#12012,#2351);
#1753=LINE('',#12013,#2352);
#1754=LINE('',#12016,#2353);
#1755=LINE('',#12017,#2354);
#1756=LINE('',#12020,#2355);
#1757=LINE('',#12022,#2356);
#1758=LINE('',#12023,#2357);
#1759=LINE('',#12025,#2358);
#1760=LINE('',#12026,#2359);
#1761=LINE('',#12028,#2360);
#1762=LINE('',#12030,#2361);
#1763=LINE('',#12033,#2362);
#1764=LINE('',#12034,#2363);
#1765=LINE('',#12038,#2364);
#1766=LINE('',#12039,#2365);
#1767=LINE('',#12041,#2366);
#1768=LINE('',#12042,#2367);
#1769=LINE('',#12045,#2368);
#1770=LINE('',#12046,#2369);
#1771=LINE('',#12050,#2370);
#1772=LINE('',#12052,#2371);
#1773=LINE('',#12054,#2372);
#1774=LINE('',#12055,#2373);
#1775=LINE('',#12057,#2374);
#1776=LINE('',#12058,#2375);
#1777=LINE('',#12061,#2376);
#1778=LINE('',#12062,#2377);
#1779=LINE('',#12065,#2378);
#1780=LINE('',#12066,#2379);
#1781=LINE('',#12067,#2380);
#1782=LINE('',#12069,#2381);
#1783=LINE('',#12071,#2382);
#1784=LINE('',#12072,#2383);
#1785=LINE('',#12074,#2384);
#1786=LINE('',#12092,#2385);
#1787=LINE('',#12095,#2386);
#1788=LINE('',#12098,#2387);
#1789=LINE('',#12101,#2388);
#1790=LINE('',#12104,#2389);
#1791=LINE('',#12106,#2390);
#1792=LINE('',#12107,#2391);
#1793=LINE('',#12117,#2392);
#1794=LINE('',#12121,#2393);
#1795=LINE('',#12126,#2394);
#1796=LINE('',#12129,#2395);
#1797=LINE('',#12132,#2396);
#1798=LINE('',#12133,#2397);
#1799=LINE('',#12146,#2398);
#1800=LINE('',#12147,#2399);
#1801=LINE('',#12210,#2400);
#1802=LINE('',#12213,#2401);
#1803=LINE('',#12218,#2402);
#1804=LINE('',#12223,#2403);
#1805=LINE('',#12225,#2404);
#1806=LINE('',#12230,#2405);
#1807=LINE('',#12233,#2406);
#1808=LINE('',#12237,#2407);
#1809=LINE('',#12241,#2408);
#1810=LINE('',#12245,#2409);
#1811=LINE('',#12249,#2410);
#1812=LINE('',#12253,#2411);
#1813=LINE('',#12255,#2412);
#1814=LINE('',#12256,#2413);
#1815=LINE('',#12259,#2414);
#1816=LINE('',#12261,#2415);
#1817=LINE('',#12262,#2416);
#1818=LINE('',#12264,#2417);
#1819=LINE('',#12268,#2418);
#1820=LINE('',#12270,#2419);
#1821=LINE('',#12274,#2420);
#1822=LINE('',#12276,#2421);
#1823=LINE('',#12278,#2422);
#1824=LINE('',#12279,#2423);
#1825=LINE('',#12281,#2424);
#1826=LINE('',#12282,#2425);
#1827=LINE('',#12286,#2426);
#1828=LINE('',#12288,#2427);
#1829=LINE('',#12290,#2428);
#1830=LINE('',#12291,#2429);
#1831=LINE('',#12295,#2430);
#1832=LINE('',#12299,#2431);
#1833=VECTOR('',#7684,1.30000000000008);
#1834=VECTOR('',#7689,1.1);
#1835=VECTOR('',#7694,10.);
#1836=VECTOR('',#7695,10.);
#1837=VECTOR('',#7698,10.);
#1838=VECTOR('',#7701,10.);
#1839=VECTOR('',#7702,10.);
#1840=VECTOR('',#7703,10.);
#1841=VECTOR('',#7706,10.);
#1842=VECTOR('',#7709,10.);
#1843=VECTOR('',#7714,10.);
#1844=VECTOR('',#7715,10.);
#1845=VECTOR('',#7718,12.2474487135939);
#1846=VECTOR('',#7721,12.2474487135939);
#1847=VECTOR('',#7724,10.);
#1848=VECTOR('',#7725,10.);
#1849=VECTOR('',#7726,10.);
#1850=VECTOR('',#7727,10.);
#1851=VECTOR('',#7728,10.);
#1852=VECTOR('',#7729,10.);
#1853=VECTOR('',#7730,10.);
#1854=VECTOR('',#7733,10.);
#1855=VECTOR('',#7734,10.);
#1856=VECTOR('',#7737,10.);
#1857=VECTOR('',#7740,10.);
#1858=VECTOR('',#7743,10.);
#1859=VECTOR('',#7746,10.);
#1860=VECTOR('',#7769,10.);
#1861=VECTOR('',#7770,10.);
#1862=VECTOR('',#7771,10.);
#1863=VECTOR('',#7774,10.);
#1864=VECTOR('',#7777,10.);
#1865=VECTOR('',#7778,10.);
#1866=VECTOR('',#7783,10.);
#1867=VECTOR('',#7788,12.2474487137175);
#1868=VECTOR('',#7789,12.2474487137175);
#1869=VECTOR('',#7794,10.);
#1870=VECTOR('',#7807,10.);
#1871=VECTOR('',#7826,10.);
#1872=VECTOR('',#7827,10.);
#1873=VECTOR('',#7830,10.);
#1874=VECTOR('',#7833,10.);
#1875=VECTOR('',#7840,10.);
#1876=VECTOR('',#7841,10.);
#1877=VECTOR('',#7844,10.);
#1878=VECTOR('',#7845,10.);
#1879=VECTOR('',#7846,10.);
#1880=VECTOR('',#7851,10.);
#1881=VECTOR('',#7854,10.);
#1882=VECTOR('',#7857,10.);
#1883=VECTOR('',#7860,10.);
#1884=VECTOR('',#7861,10.);
#1885=VECTOR('',#7864,10.);
#1886=VECTOR('',#7867,10.);
#1887=VECTOR('',#7870,10.);
#1888=VECTOR('',#7873,10.);
#1889=VECTOR('',#7876,10.);
#1890=VECTOR('',#7877,10.);
#1891=VECTOR('',#7878,10.);
#1892=VECTOR('',#7879,10.);
#1893=VECTOR('',#7880,10.);
#1894=VECTOR('',#7883,10.);
#1895=VECTOR('',#7884,10.);
#1896=VECTOR('',#7885,10.);
#1897=VECTOR('',#7886,10.);
#1898=VECTOR('',#7887,10.);
#1899=VECTOR('',#7888,10.);
#1900=VECTOR('',#7889,10.);
#1901=VECTOR('',#7890,10.);
#1902=VECTOR('',#7895,10.);
#1903=VECTOR('',#7898,10.);
#1904=VECTOR('',#7901,10.);
#1905=VECTOR('',#7904,10.);
#1906=VECTOR('',#7913,10.);
#1907=VECTOR('',#7914,10.);
#1908=VECTOR('',#7917,10.);
#1909=VECTOR('',#7920,1.);
#1910=VECTOR('',#7923,10.);
#1911=VECTOR('',#7926,1.);
#1912=VECTOR('',#7929,10.);
#1913=VECTOR('',#7934,10.);
#1914=VECTOR('',#7937,10.);
#1915=VECTOR('',#7942,10.);
#1916=VECTOR('',#7945,10.);
#1917=VECTOR('',#7946,10.);
#1918=VECTOR('',#7947,10.);
#1919=VECTOR('',#7950,10.);
#1920=VECTOR('',#7951,10.);
#1921=VECTOR('',#7952,10.);
#1922=VECTOR('',#7953,10.);
#1923=VECTOR('',#7958,10.);
#1924=VECTOR('',#7959,10.);
#1925=VECTOR('',#7960,10.);
#1926=VECTOR('',#7963,10.);
#1927=VECTOR('',#7968,10.);
#1928=VECTOR('',#7969,10.);
#1929=VECTOR('',#7972,10.);
#1930=VECTOR('',#7975,10.);
#1931=VECTOR('',#7978,10.);
#1932=VECTOR('',#7981,10.);
#1933=VECTOR('',#7982,10.);
#1934=VECTOR('',#7983,10.);
#1935=VECTOR('',#7998,10.);
#1936=VECTOR('',#7999,10.);
#1937=VECTOR('',#8012,10.);
#1938=VECTOR('',#8013,10.);
#1939=VECTOR('',#8016,10.);
#1940=VECTOR('',#8017,10.);
#1941=VECTOR('',#8020,10.);
#1942=VECTOR('',#8021,10.);
#1943=VECTOR('',#8026,10.);
#1944=VECTOR('',#8027,10.);
#1945=VECTOR('',#8030,10.);
#1946=VECTOR('',#8033,10.);
#1947=VECTOR('',#8034,10.);
#1948=VECTOR('',#8035,10.);
#1949=VECTOR('',#8036,10.);
#1950=VECTOR('',#8041,10.);
#1951=VECTOR('',#8042,10.);
#1952=VECTOR('',#8043,10.);
#1953=VECTOR('',#8044,10.);
#1954=VECTOR('',#8045,10.);
#1955=VECTOR('',#8046,10.);
#1956=VECTOR('',#8049,10.);
#1957=VECTOR('',#8050,10.);
#1958=VECTOR('',#8053,10.);
#1959=VECTOR('',#8056,10.);
#1960=VECTOR('',#8057,10.);
#1961=VECTOR('',#8058,10.);
#1962=VECTOR('',#8059,10.);
#1963=VECTOR('',#8062,10.);
#1964=VECTOR('',#8065,10.);
#1965=VECTOR('',#8068,10.);
#1966=VECTOR('',#8075,10.);
#1967=VECTOR('',#8076,10.);
#1968=VECTOR('',#8077,10.);
#1969=VECTOR('',#8078,10.);
#1970=VECTOR('',#8079,10.);
#1971=VECTOR('',#8080,10.);
#1972=VECTOR('',#8081,10.);
#1973=VECTOR('',#8082,10.);
#1974=VECTOR('',#8087,10.);
#1975=VECTOR('',#8098,10.);
#1976=VECTOR('',#8101,10.);
#1977=VECTOR('',#8102,10.);
#1978=VECTOR('',#8103,10.);
#1979=VECTOR('',#8104,10.);
#1980=VECTOR('',#8105,10.);
#1981=VECTOR('',#8108,10.);
#1982=VECTOR('',#8113,10.);
#1983=VECTOR('',#8114,10.);
#1984=VECTOR('',#8115,10.);
#1985=VECTOR('',#8116,1.);
#1986=VECTOR('',#8117,10.);
#1987=VECTOR('',#8122,1.9625);
#1988=VECTOR('',#8131,1.7);
#1989=VECTOR('',#8134,10.);
#1990=VECTOR('',#8137,10.);
#1991=VECTOR('',#8142,10.);
#1992=VECTOR('',#8147,10.);
#1993=VECTOR('',#8152,10.);
#1994=VECTOR('',#8153,10.);
#1995=VECTOR('',#8156,10.);
#1996=VECTOR('',#8161,10.);
#1997=VECTOR('',#8166,10.);
#1998=VECTOR('',#8169,10.);
#1999=VECTOR('',#8172,10.);
#2000=VECTOR('',#8181,10.);
#2001=VECTOR('',#8184,10.);
#2002=VECTOR('',#8187,10.);
#2003=VECTOR('',#8194,10.);
#2004=VECTOR('',#8195,10.);
#2005=VECTOR('',#8198,10.);
#2006=VECTOR('',#8201,10.);
#2007=VECTOR('',#8202,10.);
#2008=VECTOR('',#8205,10.);
#2009=VECTOR('',#8206,10.);
#2010=VECTOR('',#8211,10.);
#2011=VECTOR('',#8220,10.);
#2012=VECTOR('',#8231,10.);
#2013=VECTOR('',#8242,10.);
#2014=VECTOR('',#8253,10.);
#2015=VECTOR('',#8264,10.);
#2016=VECTOR('',#8265,10.);
#2017=VECTOR('',#8266,10.);
#2018=VECTOR('',#8271,10.);
#2019=VECTOR('',#8276,1.8);
#2020=VECTOR('',#8281,1.7);
#2021=VECTOR('',#8284,10.);
#2022=VECTOR('',#8285,10.);
#2023=VECTOR('',#8288,10.);
#2024=VECTOR('',#8291,10.);
#2025=VECTOR('',#8292,10.);
#2026=VECTOR('',#8295,10.);
#2027=VECTOR('',#8296,10.);
#2028=VECTOR('',#8301,10.);
#2029=VECTOR('',#8310,10.);
#2030=VECTOR('',#8321,10.);
#2031=VECTOR('',#8332,10.);
#2032=VECTOR('',#8343,10.);
#2033=VECTOR('',#8354,10.);
#2034=VECTOR('',#8355,10.);
#2035=VECTOR('',#8356,10.);
#2036=VECTOR('',#8361,10.);
#2037=VECTOR('',#8366,1.8);
#2038=VECTOR('',#8371,1.7);
#2039=VECTOR('',#8374,10.);
#2040=VECTOR('',#8375,10.);
#2041=VECTOR('',#8376,10.);
#2042=VECTOR('',#8377,10.);
#2043=VECTOR('',#8380,10.);
#2044=VECTOR('',#8381,10.);
#2045=VECTOR('',#8382,10.);
#2046=VECTOR('',#8383,10.);
#2047=VECTOR('',#8386,10.);
#2048=VECTOR('',#8387,10.);
#2049=VECTOR('',#8390,10.);
#2050=VECTOR('',#8395,10.);
#2051=VECTOR('',#8398,10.);
#2052=VECTOR('',#8399,10.);
#2053=VECTOR('',#8400,10.);
#2054=VECTOR('',#8401,10.);
#2055=VECTOR('',#8404,10.);
#2056=VECTOR('',#8405,10.);
#2057=VECTOR('',#8406,10.);
#2058=VECTOR('',#8407,10.);
#2059=VECTOR('',#8418,10.);
#2060=VECTOR('',#8419,10.);
#2061=VECTOR('',#8420,10.);
#2062=VECTOR('',#8421,10.);
#2063=VECTOR('',#8424,10.);
#2064=VECTOR('',#8425,10.);
#2065=VECTOR('',#8426,10.);
#2066=VECTOR('',#8427,10.);
#2067=VECTOR('',#8430,10.);
#2068=VECTOR('',#8431,10.);
#2069=VECTOR('',#8434,10.);
#2070=VECTOR('',#8439,10.);
#2071=VECTOR('',#8442,10.);
#2072=VECTOR('',#8443,10.);
#2073=VECTOR('',#8444,10.);
#2074=VECTOR('',#8445,10.);
#2075=VECTOR('',#8448,10.);
#2076=VECTOR('',#8449,10.);
#2077=VECTOR('',#8450,10.);
#2078=VECTOR('',#8451,10.);
#2079=VECTOR('',#8464,3.20000000000012);
#2080=VECTOR('',#8467,3.);
#2081=VECTOR('',#8474,3.20000000000012);
#2082=VECTOR('',#8477,3.);
#2083=VECTOR('',#8492,10.);
#2084=VECTOR('',#8503,10.);
#2085=VECTOR('',#8504,10.);
#2086=VECTOR('',#8505,10.);
#2087=VECTOR('',#8510,10.);
#2088=VECTOR('',#8513,10.);
#2089=VECTOR('',#8518,10.);
#2090=VECTOR('',#8521,10.);
#2091=VECTOR('',#8532,10.);
#2092=VECTOR('',#8543,10.);
#2093=VECTOR('',#8554,10.);
#2094=VECTOR('',#8565,10.);
#2095=VECTOR('',#8574,10.);
#2096=VECTOR('',#8577,10.);
#2097=VECTOR('',#8588,10.);
#2098=VECTOR('',#8597,10.);
#2099=VECTOR('',#8600,10.);
#2100=VECTOR('',#8603,10.);
#2101=VECTOR('',#8606,10.);
#2102=VECTOR('',#8609,10.);
#2103=VECTOR('',#8612,10.);
#2104=VECTOR('',#8615,10.);
#2105=VECTOR('',#8618,10.);
#2106=VECTOR('',#8621,10.);
#2107=VECTOR('',#8624,10.);
#2108=VECTOR('',#8627,10.);
#2109=VECTOR('',#8630,10.);
#2110=VECTOR('',#8633,10.);
#2111=VECTOR('',#8636,10.);
#2112=VECTOR('',#8639,10.);
#2113=VECTOR('',#8642,10.);
#2114=VECTOR('',#8645,10.);
#2115=VECTOR('',#8648,10.);
#2116=VECTOR('',#8651,10.);
#2117=VECTOR('',#8654,10.);
#2118=VECTOR('',#8657,10.);
#2119=VECTOR('',#8660,10.);
#2120=VECTOR('',#8663,10.);
#2121=VECTOR('',#8666,10.);
#2122=VECTOR('',#8669,10.);
#2123=VECTOR('',#8672,10.);
#2124=VECTOR('',#8675,10.);
#2125=VECTOR('',#8678,10.);
#2126=VECTOR('',#8681,10.);
#2127=VECTOR('',#8684,10.);
#2128=VECTOR('',#8687,10.);
#2129=VECTOR('',#8690,10.);
#2130=VECTOR('',#8693,10.);
#2131=VECTOR('',#8696,10.);
#2132=VECTOR('',#8699,10.);
#2133=VECTOR('',#8710,10.);
#2134=VECTOR('',#8721,10.);
#2135=VECTOR('',#8722,10.);
#2136=VECTOR('',#8723,10.);
#2137=VECTOR('',#8728,10.);
#2138=VECTOR('',#8731,10.);
#2139=VECTOR('',#8736,10.);
#2140=VECTOR('',#8739,10.);
#2141=VECTOR('',#8750,10.);
#2142=VECTOR('',#8761,10.);
#2143=VECTOR('',#8772,10.);
#2144=VECTOR('',#8783,10.);
#2145=VECTOR('',#8792,10.);
#2146=VECTOR('',#8795,10.);
#2147=VECTOR('',#8806,10.);
#2148=VECTOR('',#8815,10.);
#2149=VECTOR('',#8818,10.);
#2150=VECTOR('',#8821,10.);
#2151=VECTOR('',#8824,10.);
#2152=VECTOR('',#8827,10.);
#2153=VECTOR('',#8830,10.);
#2154=VECTOR('',#8833,10.);
#2155=VECTOR('',#8836,10.);
#2156=VECTOR('',#8839,10.);
#2157=VECTOR('',#8842,10.);
#2158=VECTOR('',#8845,10.);
#2159=VECTOR('',#8848,10.);
#2160=VECTOR('',#8851,10.);
#2161=VECTOR('',#8854,10.);
#2162=VECTOR('',#8857,10.);
#2163=VECTOR('',#8860,10.);
#2164=VECTOR('',#8863,10.);
#2165=VECTOR('',#8866,10.);
#2166=VECTOR('',#8869,10.);
#2167=VECTOR('',#8872,10.);
#2168=VECTOR('',#8875,10.);
#2169=VECTOR('',#8878,10.);
#2170=VECTOR('',#8881,10.);
#2171=VECTOR('',#8884,10.);
#2172=VECTOR('',#8887,10.);
#2173=VECTOR('',#8890,10.);
#2174=VECTOR('',#8893,10.);
#2175=VECTOR('',#8896,10.);
#2176=VECTOR('',#8899,10.);
#2177=VECTOR('',#8902,10.);
#2178=VECTOR('',#8905,10.);
#2179=VECTOR('',#8908,10.);
#2180=VECTOR('',#8911,10.);
#2181=VECTOR('',#8914,10.);
#2182=VECTOR('',#8917,10.);
#2183=VECTOR('',#8924,10.);
#2184=VECTOR('',#8927,10.);
#2185=VECTOR('',#8930,10.);
#2186=VECTOR('',#8933,10.);
#2187=VECTOR('',#8936,10.);
#2188=VECTOR('',#8941,4.);
#2189=VECTOR('',#8948,1.);
#2190=VECTOR('',#8951,10.);
#2191=VECTOR('',#8952,10.);
#2192=VECTOR('',#8953,10.);
#2193=VECTOR('',#8962,10.);
#2194=VECTOR('',#8963,10.);
#2195=VECTOR('',#8966,10.);
#2196=VECTOR('',#8977,10.);
#2197=VECTOR('',#8982,10.);
#2198=VECTOR('',#8983,10.);
#2199=VECTOR('',#8984,10.);
#2200=VECTOR('',#8987,9.99999999999999);
#2201=VECTOR('',#9000,10.);
#2202=VECTOR('',#9003,10.);
#2203=VECTOR('',#9006,10.);
#2204=VECTOR('',#9009,10.);
#2205=VECTOR('',#9010,10.);
#2206=VECTOR('',#9011,10.);
#2207=VECTOR('',#9012,10.);
#2208=VECTOR('',#9017,10.);
#2209=VECTOR('',#9022,10.);
#2210=VECTOR('',#9023,10.);
#2211=VECTOR('',#9024,10.);
#2212=VECTOR('',#9029,10.);
#2213=VECTOR('',#9034,10.);
#2214=VECTOR('',#9035,10.);
#2215=VECTOR('',#9036,10.);
#2216=VECTOR('',#9041,10.);
#2217=VECTOR('',#9046,10.);
#2218=VECTOR('',#9047,10.);
#2219=VECTOR('',#9048,10.);
#2220=VECTOR('',#9051,10.);
#2221=VECTOR('',#9058,10.);
#2222=VECTOR('',#9059,10.);
#2223=VECTOR('',#9060,10.);
#2224=VECTOR('',#9065,10.);
#2225=VECTOR('',#9070,10.);
#2226=VECTOR('',#9071,10.);
#2227=VECTOR('',#9072,10.);
#2228=VECTOR('',#9077,10.);
#2229=VECTOR('',#9082,10.);
#2230=VECTOR('',#9083,10.);
#2231=VECTOR('',#9084,10.);
#2232=VECTOR('',#9087,10.);
#2233=VECTOR('',#9096,10.);
#2234=VECTOR('',#9101,10.);
#2235=VECTOR('',#9102,10.);
#2236=VECTOR('',#9103,10.);
#2237=VECTOR('',#9108,10.);
#2238=VECTOR('',#9113,10.);
#2239=VECTOR('',#9114,10.);
#2240=VECTOR('',#9115,10.);
#2241=VECTOR('',#9120,10.);
#2242=VECTOR('',#9133,10.);
#2243=VECTOR('',#9136,10.);
#2244=VECTOR('',#9139,10.);
#2245=VECTOR('',#9142,10.);
#2246=VECTOR('',#9145,10.);
#2247=VECTOR('',#9146,10.);
#2248=VECTOR('',#9147,10.);
#2249=VECTOR('',#9148,10.);
#2250=VECTOR('',#9151,10.);
#2251=VECTOR('',#9154,10.);
#2252=VECTOR('',#9157,10.);
#2253=VECTOR('',#9160,10.);
#2254=VECTOR('',#9163,10.);
#2255=VECTOR('',#9164,10.);
#2256=VECTOR('',#9167,10.);
#2257=VECTOR('',#9170,10.);
#2258=VECTOR('',#9173,10.);
#2259=VECTOR('',#9176,10.);
#2260=VECTOR('',#9179,10.);
#2261=VECTOR('',#9182,10.);
#2262=VECTOR('',#9185,10.);
#2263=VECTOR('',#9186,10.);
#2264=VECTOR('',#9189,10.);
#2265=VECTOR('',#9192,10.);
#2266=VECTOR('',#9193,10.);
#2267=VECTOR('',#9196,10.);
#2268=VECTOR('',#9199,10.);
#2269=VECTOR('',#9202,10.);
#2270=VECTOR('',#9209,1.64999999999999);
#2271=VECTOR('',#9214,10.);
#2272=VECTOR('',#9215,10.);
#2273=VECTOR('',#9220,1.45);
#2274=VECTOR('',#9229,10.);
#2275=VECTOR('',#9230,10.);
#2276=VECTOR('',#9233,10.);
#2277=VECTOR('',#9238,10.);
#2278=VECTOR('',#9239,10.);
#2279=VECTOR('',#9240,10.);
#2280=VECTOR('',#9243,10.);
#2281=VECTOR('',#9244,10.);
#2282=VECTOR('',#9249,10.);
#2283=VECTOR('',#9254,10.);
#2284=VECTOR('',#9255,10.);
#2285=VECTOR('',#9256,10.);
#2286=VECTOR('',#9263,10.);
#2287=VECTOR('',#9264,10.);
#2288=VECTOR('',#9265,10.);
#2289=VECTOR('',#9272,10.);
#2290=VECTOR('',#9275,10.);
#2291=VECTOR('',#9278,10.);
#2292=VECTOR('',#9281,10.);
#2293=VECTOR('',#9282,9.99999999999999);
#2294=VECTOR('',#9285,10.);
#2295=VECTOR('',#9290,10.);
#2296=VECTOR('',#9291,10.);
#2297=VECTOR('',#9294,10.);
#2298=VECTOR('',#9295,3.);
#2299=VECTOR('',#9312,10.);
#2300=VECTOR('',#9313,10.);
#2301=VECTOR('',#9316,10.);
#2302=VECTOR('',#9317,10.);
#2303=VECTOR('',#9324,2.225);
#2304=VECTOR('',#9327,10.);
#2305=VECTOR('',#9332,10.);
#2306=VECTOR('',#9335,10.);
#2307=VECTOR('',#9338,10.);
#2308=VECTOR('',#9343,10.);
#2309=VECTOR('',#9344,10.);
#2310=VECTOR('',#9345,10.);
#2311=VECTOR('',#9352,10.);
#2312=VECTOR('',#9357,10.);
#2313=VECTOR('',#9368,10.);
#2314=VECTOR('',#9369,10.);
#2315=VECTOR('',#9370,10.);
#2316=VECTOR('',#9375,10.);
#2317=VECTOR('',#9378,10.);
#2318=VECTOR('',#9379,10.);
#2319=VECTOR('',#9390,10.);
#2320=VECTOR('',#9393,10.);
#2321=VECTOR('',#9410,10.);
#2322=VECTOR('',#9413,10.);
#2323=VECTOR('',#9416,10.);
#2324=VECTOR('',#9417,10.);
#2325=VECTOR('',#9424,2.);
#2326=VECTOR('',#9429,10.);
#2327=VECTOR('',#9436,10.);
#2328=VECTOR('',#9439,10.);
#2329=VECTOR('',#9440,10.);
#2330=VECTOR('',#9445,10.);
#2331=VECTOR('',#9462,10.);
#2332=VECTOR('',#9465,10.);
#2333=VECTOR('',#9466,10.);
#2334=VECTOR('',#9469,10.);
#2335=VECTOR('',#9470,10.);
#2336=VECTOR('',#9479,2.225);
#2337=VECTOR('',#9492,1.7);
#2338=VECTOR('',#9495,1.7);
#2339=VECTOR('',#9506,10.);
#2340=VECTOR('',#9507,10.);
#2341=VECTOR('',#9510,10.);
#2342=VECTOR('',#9511,10.);
#2343=VECTOR('',#9512,10.);
#2344=VECTOR('',#9513,10.);
#2345=VECTOR('',#9514,10.);
#2346=VECTOR('',#9515,10.);
#2347=VECTOR('',#9516,10.);
#2348=VECTOR('',#9517,10.);
#2349=VECTOR('',#9520,10.);
#2350=VECTOR('',#9521,10.);
#2351=VECTOR('',#9524,10.);
#2352=VECTOR('',#9525,10.);
#2353=VECTOR('',#9528,10.);
#2354=VECTOR('',#9529,10.);
#2355=VECTOR('',#9532,10.);
#2356=VECTOR('',#9533,10.);
#2357=VECTOR('',#9534,10.);
#2358=VECTOR('',#9535,10.);
#2359=VECTOR('',#9536,10.);
#2360=VECTOR('',#9539,10.);
#2361=VECTOR('',#9542,10.);
#2362=VECTOR('',#9545,10.);
#2363=VECTOR('',#9546,10.);
#2364=VECTOR('',#9549,10.);
#2365=VECTOR('',#9550,10.);
#2366=VECTOR('',#9551,10.);
#2367=VECTOR('',#9552,10.);
#2368=VECTOR('',#9555,10.);
#2369=VECTOR('',#9556,10.);
#2370=VECTOR('',#9559,10.);
#2371=VECTOR('',#9560,10.);
#2372=VECTOR('',#9561,10.);
#2373=VECTOR('',#9562,10.);
#2374=VECTOR('',#9563,10.);
#2375=VECTOR('',#9564,10.);
#2376=VECTOR('',#9567,10.);
#2377=VECTOR('',#9568,10.);
#2378=VECTOR('',#9571,10.);
#2379=VECTOR('',#9572,10.);
#2380=VECTOR('',#9573,10.);
#2381=VECTOR('',#9574,10.);
#2382=VECTOR('',#9575,10.);
#2383=VECTOR('',#9576,10.);
#2384=VECTOR('',#9579,10.);
#2385=VECTOR('',#9610,3.);
#2386=VECTOR('',#9615,3.19999999999999);
#2387=VECTOR('',#9618,3.);
#2388=VECTOR('',#9623,3.19999999999999);
#2389=VECTOR('',#9626,10.);
#2390=VECTOR('',#9627,10.);
#2391=VECTOR('',#9628,10.);
#2392=VECTOR('',#9631,10.);
#2393=VECTOR('',#9634,10.);
#2394=VECTOR('',#9641,10.);
#2395=VECTOR('',#9644,10.);
#2396=VECTOR('',#9649,10.);
#2397=VECTOR('',#9650,10.);
#2398=VECTOR('',#9671,10.);
#2399=VECTOR('',#9672,10.);
#2400=VECTOR('',#9695,10.);
#2401=VECTOR('',#9700,10.);
#2402=VECTOR('',#9705,10.);
#2403=VECTOR('',#9712,10.);
#2404=VECTOR('',#9715,10.);
#2405=VECTOR('',#9722,3.19999999999999);
#2406=VECTOR('',#9725,3.);
#2407=VECTOR('',#9728,10.);
#2408=VECTOR('',#9731,10.);
#2409=VECTOR('',#9734,10.);
#2410=VECTOR('',#9737,10.);
#2411=VECTOR('',#9742,10.);
#2412=VECTOR('',#9743,10.);
#2413=VECTOR('',#9744,10.);
#2414=VECTOR('',#9747,10.);
#2415=VECTOR('',#9748,10.);
#2416=VECTOR('',#9749,10.);
#2417=VECTOR('',#9752,10.);
#2418=VECTOR('',#9755,10.);
#2419=VECTOR('',#9756,10.);
#2420=VECTOR('',#9761,10.);
#2421=VECTOR('',#9762,10.);
#2422=VECTOR('',#9763,10.);
#2423=VECTOR('',#9764,10.);
#2424=VECTOR('',#9767,10.);
#2425=VECTOR('',#9768,10.);
#2426=VECTOR('',#9775,10.);
#2427=VECTOR('',#9776,10.);
#2428=VECTOR('',#9777,10.);
#2429=VECTOR('',#9778,10.);
#2430=VECTOR('',#9785,10.);
#2431=VECTOR('',#9792,1.70000000000001);
#2432=CIRCLE('',#6921,1.50000000000001);
#2433=CIRCLE('',#6922,1.1);
#2434=CIRCLE('',#6924,1.1);
#2435=CIRCLE('',#6926,2.);
#2436=CIRCLE('',#6927,3.49999999999999);
#2437=CIRCLE('',#6929,2.);
#2438=CIRCLE('',#6930,2.);
#2439=CIRCLE('',#6933,0.800000001548792);
#2440=CIRCLE('',#6936,1.);
#2441=CIRCLE('',#6937,0.4);
#2442=CIRCLE('',#6938,1.);
#2443=CIRCLE('',#6939,1.99999999999999);
#2444=CIRCLE('',#6940,2.);
#2445=CIRCLE('',#6941,1.45);
#2446=CIRCLE('',#6942,0.5);
#2447=CIRCLE('',#6943,0.25);
#2448=CIRCLE('',#6944,0.5);
#2449=CIRCLE('',#6945,1.7);
#2450=CIRCLE('',#6946,0.5);
#2451=CIRCLE('',#6947,1.7);
#2452=CIRCLE('',#6948,0.5);
#2453=CIRCLE('',#6949,0.249999999999999);
#2454=CIRCLE('',#6951,2.49999999999999);
#2455=CIRCLE('',#6954,0.99999999999995);
#2456=CIRCLE('',#6956,0.600000000632876);
#2457=CIRCLE('',#6958,1.);
#2458=CIRCLE('',#6959,0.99999999999999);
#2459=CIRCLE('',#6961,0.999999999999999);
#2460=CIRCLE('',#6962,1.);
#2461=CIRCLE('',#6964,0.99999999999993);
#2462=CIRCLE('',#6966,0.999999999999999);
#2463=CIRCLE('',#6968,1.);
#2464=CIRCLE('',#6969,0.999999999998726);
#2465=CIRCLE('',#6970,2.49999999999999);
#2466=CIRCLE('',#6972,1.);
#2467=CIRCLE('',#6975,1.);
#2468=CIRCLE('',#6976,1.);
#2469=CIRCLE('',#6977,1.7);
#2470=CIRCLE('',#6981,0.599999999999841);
#2471=CIRCLE('',#6982,0.600000000000232);
#2472=CIRCLE('',#6983,0.800000000000166);
#2473=CIRCLE('',#6984,3.59999999999981);
#2474=CIRCLE('',#6985,3.59999999999999);
#2475=CIRCLE('',#6986,3.60000000000018);
#2476=CIRCLE('',#6987,9.60000000000024);
#2477=CIRCLE('',#6988,0.600000000000227);
#2478=CIRCLE('',#6989,2.59999999999991);
#2479=CIRCLE('',#6990,3.40000000000024);
#2480=CIRCLE('',#6991,3.39999999999998);
#2481=CIRCLE('',#6992,3.39999999999999);
#2482=CIRCLE('',#6993,5.);
#2483=CIRCLE('',#6994,5.);
#2484=CIRCLE('',#6995,5.00000000000001);
#2485=CIRCLE('',#6996,5.);
#2486=CIRCLE('',#6997,3.39999999999998);
#2487=CIRCLE('',#6998,3.40000000000024);
#2488=CIRCLE('',#7001,0.999999999999996);
#2489=CIRCLE('',#7003,1.00000000000001);
#2490=CIRCLE('',#7005,0.999999999999994);
#2491=CIRCLE('',#7009,2.);
#2492=CIRCLE('',#7015,4.);
#2493=CIRCLE('',#7018,4.);
#2494=CIRCLE('',#7021,1.);
#2495=CIRCLE('',#7022,1.);
#2496=CIRCLE('',#7024,1.);
#2497=CIRCLE('',#7025,4.);
#2498=CIRCLE('',#7026,3.);
#2499=CIRCLE('',#7029,0.999999999998612);
#2500=CIRCLE('',#7030,2.);
#2501=CIRCLE('',#7031,3.);
#2502=CIRCLE('',#7033,1.);
#2503=CIRCLE('',#7036,2.2);
#2504=CIRCLE('',#7038,1.);
#2505=CIRCLE('',#7039,2.);
#2506=CIRCLE('',#7040,1.7);
#2507=CIRCLE('',#7045,2.);
#2508=CIRCLE('',#7046,9.);
#2509=CIRCLE('',#7047,1.);
#2510=CIRCLE('',#7048,1.);
#2511=CIRCLE('',#7049,1.9);
#2512=CIRCLE('',#7050,1.9);
#2513=CIRCLE('',#7052,1.);
#2514=CIRCLE('',#7054,0.999999999999995);
#2515=CIRCLE('',#7055,10.);
#2516=CIRCLE('',#7060,10.);
#2517=CIRCLE('',#7063,1.7);
#2518=CIRCLE('',#7064,2.225);
#2519=CIRCLE('',#7065,2.225);
#2520=CIRCLE('',#7067,1.7);
#2521=CIRCLE('',#7069,0.5);
#2522=CIRCLE('',#7071,0.25);
#2523=CIRCLE('',#7073,0.5);
#2524=CIRCLE('',#7075,0.5);
#2525=CIRCLE('',#7077,0.249999999999999);
#2526=CIRCLE('',#7079,0.5);
#2527=CIRCLE('',#7081,1.);
#2528=CIRCLE('',#7082,3.00000000000001);
#2529=CIRCLE('',#7083,1.);
#2530=CIRCLE('',#7084,1.7);
#2531=CIRCLE('',#7086,3.00000000000001);
#2532=CIRCLE('',#7087,1.);
#2533=CIRCLE('',#7088,1.);
#2534=CIRCLE('',#7089,0.5);
#2535=CIRCLE('',#7090,1.7);
#2536=CIRCLE('',#7098,0.65499999999992);
#2537=CIRCLE('',#7099,1.099999999999);
#2538=CIRCLE('',#7100,0.0500000000000048);
#2539=CIRCLE('',#7101,0.0499999999973701);
#2540=CIRCLE('',#7102,1.09999999999956);
#2541=CIRCLE('',#7103,0.65499999999992);
#2542=CIRCLE('',#7104,1.099999999999);
#2543=CIRCLE('',#7105,0.0500000000000048);
#2544=CIRCLE('',#7106,0.0499999999973701);
#2545=CIRCLE('',#7107,1.09999999999956);
#2546=CIRCLE('',#7108,0.65499999999992);
#2547=CIRCLE('',#7109,1.099999999999);
#2548=CIRCLE('',#7110,0.0500000000000048);
#2549=CIRCLE('',#7111,0.0499999999973701);
#2550=CIRCLE('',#7112,1.09999999999956);
#2551=CIRCLE('',#7113,0.65499999999992);
#2552=CIRCLE('',#7114,1.099999999999);
#2553=CIRCLE('',#7115,0.0500000000000048);
#2554=CIRCLE('',#7116,0.0499999999973701);
#2555=CIRCLE('',#7117,1.09999999999956);
#2556=CIRCLE('',#7118,0.65499999999992);
#2557=CIRCLE('',#7119,1.099999999999);
#2558=CIRCLE('',#7120,0.0500000000000048);
#2559=CIRCLE('',#7122,0.65499999999992);
#2560=CIRCLE('',#7124,1.7);
#2561=CIRCLE('',#7126,1.7);
#2562=CIRCLE('',#7134,0.65499999999992);
#2563=CIRCLE('',#7135,1.099999999999);
#2564=CIRCLE('',#7136,0.0500000000000048);
#2565=CIRCLE('',#7137,0.0499999999973701);
#2566=CIRCLE('',#7138,1.09999999999956);
#2567=CIRCLE('',#7139,0.65499999999992);
#2568=CIRCLE('',#7140,1.099999999999);
#2569=CIRCLE('',#7141,0.0500000000000048);
#2570=CIRCLE('',#7142,0.0499999999973701);
#2571=CIRCLE('',#7143,1.09999999999956);
#2572=CIRCLE('',#7144,0.65499999999992);
#2573=CIRCLE('',#7145,1.099999999999);
#2574=CIRCLE('',#7146,0.0500000000000048);
#2575=CIRCLE('',#7147,0.0499999999973701);
#2576=CIRCLE('',#7148,1.09999999999956);
#2577=CIRCLE('',#7149,0.65499999999992);
#2578=CIRCLE('',#7150,1.099999999999);
#2579=CIRCLE('',#7151,0.0500000000000048);
#2580=CIRCLE('',#7152,0.0499999999973701);
#2581=CIRCLE('',#7153,1.09999999999956);
#2582=CIRCLE('',#7154,0.65499999999992);
#2583=CIRCLE('',#7155,1.099999999999);
#2584=CIRCLE('',#7156,0.0500000000000048);
#2585=CIRCLE('',#7158,0.65499999999992);
#2586=CIRCLE('',#7160,1.7);
#2587=CIRCLE('',#7162,1.7);
#2588=CIRCLE('',#7167,3.);
#2589=CIRCLE('',#7168,3.);
#2590=CIRCLE('',#7172,3.);
#2591=CIRCLE('',#7174,3.);
#2592=CIRCLE('',#7179,3.);
#2593=CIRCLE('',#7180,3.);
#2594=CIRCLE('',#7184,3.);
#2595=CIRCLE('',#7186,3.);
#2596=CIRCLE('',#7188,3.);
#2597=CIRCLE('',#7190,3.);
#2598=CIRCLE('',#7192,3.);
#2599=CIRCLE('',#7194,3.);
#2600=CIRCLE('',#7198,0.654999999999855);
#2601=CIRCLE('',#7199,1.09999999999956);
#2602=CIRCLE('',#7200,0.0499999999973701);
#2603=CIRCLE('',#7201,0.0500000000000048);
#2604=CIRCLE('',#7202,1.099999999999);
#2605=CIRCLE('',#7203,0.65499999999992);
#2606=CIRCLE('',#7204,1.09999999999956);
#2607=CIRCLE('',#7205,0.0499999999973701);
#2608=CIRCLE('',#7207,1.6);
#2609=CIRCLE('',#7208,1.6);
#2610=CIRCLE('',#7210,1.6);
#2611=CIRCLE('',#7212,0.0500000000000048);
#2612=CIRCLE('',#7213,1.099999999999);
#2613=CIRCLE('',#7214,0.65499999999992);
#2614=CIRCLE('',#7215,1.09999999999956);
#2615=CIRCLE('',#7216,0.0499999999973701);
#2616=CIRCLE('',#7217,0.0500000000000048);
#2617=CIRCLE('',#7218,1.099999999999);
#2618=CIRCLE('',#7219,0.65499999999992);
#2619=CIRCLE('',#7220,1.09999999999956);
#2620=CIRCLE('',#7221,0.0499999999973701);
#2621=CIRCLE('',#7222,0.0500000000000048);
#2622=CIRCLE('',#7223,1.099999999999);
#2623=CIRCLE('',#7224,0.65499999999992);
#2624=CIRCLE('',#7225,1.09999999999956);
#2625=CIRCLE('',#7226,0.0499999999973701);
#2626=CIRCLE('',#7227,0.0500000000000048);
#2627=CIRCLE('',#7228,1.099999999999);
#2628=CIRCLE('',#7229,0.65499999999992);
#2629=CIRCLE('',#7230,1.09999999999956);
#2630=CIRCLE('',#7231,0.0499999999973701);
#2631=CIRCLE('',#7232,0.0500000000000048);
#2632=CIRCLE('',#7233,1.099999999999);
#2633=CIRCLE('',#7235,1.6);
#2634=CIRCLE('',#7237,0.0499999999973701);
#2635=CIRCLE('',#7238,1.09999999999956);
#2636=CIRCLE('',#7239,0.65499999999992);
#2637=CIRCLE('',#7240,1.099999999999);
#2638=CIRCLE('',#7241,0.0500000000000048);
#2639=CIRCLE('',#7242,0.0499999999973701);
#2640=CIRCLE('',#7243,1.09999999999956);
#2641=CIRCLE('',#7244,0.654999999999855);
#2642=CIRCLE('',#7282,0.654999999999855);
#2643=CIRCLE('',#7283,1.09999999999956);
#2644=CIRCLE('',#7284,0.0499999999973701);
#2645=CIRCLE('',#7285,0.0500000000000048);
#2646=CIRCLE('',#7286,1.099999999999);
#2647=CIRCLE('',#7287,0.65499999999992);
#2648=CIRCLE('',#7288,1.09999999999956);
#2649=CIRCLE('',#7289,0.0499999999973701);
#2650=CIRCLE('',#7291,1.6);
#2651=CIRCLE('',#7292,1.6);
#2652=CIRCLE('',#7294,1.6);
#2653=CIRCLE('',#7296,0.0500000000000048);
#2654=CIRCLE('',#7297,1.099999999999);
#2655=CIRCLE('',#7298,0.65499999999992);
#2656=CIRCLE('',#7299,1.09999999999956);
#2657=CIRCLE('',#7300,0.0499999999973701);
#2658=CIRCLE('',#7301,0.0500000000000048);
#2659=CIRCLE('',#7302,1.099999999999);
#2660=CIRCLE('',#7303,0.65499999999992);
#2661=CIRCLE('',#7304,1.09999999999956);
#2662=CIRCLE('',#7305,0.0499999999973701);
#2663=CIRCLE('',#7306,0.0500000000000048);
#2664=CIRCLE('',#7307,1.099999999999);
#2665=CIRCLE('',#7308,0.65499999999992);
#2666=CIRCLE('',#7309,1.09999999999956);
#2667=CIRCLE('',#7310,0.0499999999973701);
#2668=CIRCLE('',#7311,0.0500000000000048);
#2669=CIRCLE('',#7312,1.099999999999);
#2670=CIRCLE('',#7313,0.65499999999992);
#2671=CIRCLE('',#7314,1.09999999999956);
#2672=CIRCLE('',#7315,0.0499999999973701);
#2673=CIRCLE('',#7316,0.0500000000000048);
#2674=CIRCLE('',#7317,1.099999999999);
#2675=CIRCLE('',#7319,1.6);
#2676=CIRCLE('',#7321,0.0499999999973701);
#2677=CIRCLE('',#7322,1.09999999999956);
#2678=CIRCLE('',#7323,0.65499999999992);
#2679=CIRCLE('',#7324,1.099999999999);
#2680=CIRCLE('',#7325,0.0500000000000048);
#2681=CIRCLE('',#7326,0.0499999999973701);
#2682=CIRCLE('',#7327,1.09999999999956);
#2683=CIRCLE('',#7328,0.654999999999855);
#2684=CIRCLE('',#7366,4.);
#2685=CIRCLE('',#7371,1.);
#2686=CIRCLE('',#7373,3.99999999999191);
#2687=CIRCLE('',#7375,1.);
#2688=CIRCLE('',#7378,2.2);
#2689=CIRCLE('',#7379,2.19999999999999);
#2690=CIRCLE('',#7382,0.4);
#2691=CIRCLE('',#7386,1.39999999999999);
#2692=CIRCLE('',#7387,1.);
#2693=CIRCLE('',#7390,1.);
#2694=CIRCLE('',#7391,0.599999999999966);
#2695=CIRCLE('',#7393,23.7231064733288);
#2696=CIRCLE('',#7394,23.3231064733287);
#2697=CIRCLE('',#7396,1.);
#2698=CIRCLE('',#7397,3.);
#2699=CIRCLE('',#7400,1.99999999999999);
#2700=CIRCLE('',#7401,2.39999999999999);
#2701=CIRCLE('',#7404,1.);
#2702=CIRCLE('',#7405,0.599999999999982);
#2703=CIRCLE('',#7408,1.);
#2704=CIRCLE('',#7409,0.600000000000004);
#2705=CIRCLE('',#7412,3.4);
#2706=CIRCLE('',#7413,3.00000000000001);
#2707=CIRCLE('',#7416,1.);
#2708=CIRCLE('',#7417,0.600000000000005);
#2709=CIRCLE('',#7420,1.);
#2710=CIRCLE('',#7421,0.600000000000004);
#2711=CIRCLE('',#7424,3.40000000000002);
#2712=CIRCLE('',#7425,3.00000000000001);
#2713=CIRCLE('',#7427,0.5);
#2714=CIRCLE('',#7428,0.0999999999999984);
#2715=CIRCLE('',#7431,1.);
#2716=CIRCLE('',#7432,1.40000000000006);
#2717=CIRCLE('',#7435,1.);
#2718=CIRCLE('',#7436,0.599999999999994);
#2719=CIRCLE('',#7438,113.171318843586);
#2720=CIRCLE('',#7439,23.3231064733288);
#2721=CIRCLE('',#7440,23.7231064733288);
#2722=CIRCLE('',#7456,1.99999999999999);
#2723=CIRCLE('',#7458,3.);
#2724=CIRCLE('',#7459,1.);
#2725=CIRCLE('',#7460,3.00000000000001);
#2726=CIRCLE('',#7461,3.00000000000001);
#2727=CIRCLE('',#7462,2.99999999999999);
#2728=CIRCLE('',#7463,2.99999999999999);
#2729=CIRCLE('',#7465,1.45);
#2730=CIRCLE('',#7466,1.84999999999999);
#2731=CIRCLE('',#7468,2.225);
#2732=CIRCLE('',#7470,1.45);
#2733=CIRCLE('',#7471,1.45);
#2734=CIRCLE('',#7474,1.7);
#2735=CIRCLE('',#7475,1.70000000000189);
#2736=CIRCLE('',#7479,1.);
#2737=CIRCLE('',#7480,0.999999999999998);
#2738=CIRCLE('',#7483,3.00000000000001);
#2739=CIRCLE('',#7486,3.00000000000001);
#2740=CIRCLE('',#7492,3.);
#2741=CIRCLE('',#7497,2.225);
#2742=CIRCLE('',#7499,2.);
#2743=CIRCLE('',#7500,1.);
#2744=CIRCLE('',#7502,3.);
#2745=CIRCLE('',#7505,1.);
#2746=CIRCLE('',#7515,2.99999999999999);
#2747=CIRCLE('',#7517,3.);
#2748=CIRCLE('',#7519,3.);
#2749=CIRCLE('',#7520,3.);
#2750=CIRCLE('',#7522,0.999999999999996);
#2751=CIRCLE('',#7525,1.7);
#2752=CIRCLE('',#7528,1.70000000000189);
#2753=CIRCLE('',#7530,2.99999999999999);
#2754=CIRCLE('',#7538,2.2);
#2755=CIRCLE('',#7540,1.);
#2756=CIRCLE('',#7544,1.);
#2757=CIRCLE('',#7550,1.);
#2758=CIRCLE('',#7553,1.);
#2759=CIRCLE('',#7555,1.);
#2760=CIRCLE('',#7556,0.999999999999996);
#2761=CIRCLE('',#7557,0.999999999999872);
#2762=CIRCLE('',#7559,0.999999999999996);
#2763=CIRCLE('',#7560,2.);
#2764=CIRCLE('',#7565,2.225);
#2765=CIRCLE('',#7570,1.7);
#2766=CIRCLE('',#7571,1.7);
#2767=CIRCLE('',#7572,1.7);
#2768=CIRCLE('',#7573,1.7);
#2769=CIRCLE('',#7575,1.7);
#2770=CIRCLE('',#7576,1.7);
#2771=CIRCLE('',#7577,1.7);
#2772=CIRCLE('',#7578,1.7);
#2773=CIRCLE('',#7596,3.);
#2774=CIRCLE('',#7598,3.);
#2775=CIRCLE('',#7599,3.);
#2776=CIRCLE('',#7601,3.);
#2777=CIRCLE('',#7603,3.);
#2778=CIRCLE('',#7605,3.);
#2779=CIRCLE('',#7607,3.);
#2780=CIRCLE('',#7609,3.);
#2781=CIRCLE('',#7612,3.);
#2782=CIRCLE('',#7616,4.);
#2783=CIRCLE('',#7617,4.);
#2784=CIRCLE('',#7619,1.);
#2785=CIRCLE('',#7621,5.);
#2786=CIRCLE('',#7624,0.999999999999996);
#2787=CIRCLE('',#7625,0.999999999999992);
#2788=CIRCLE('',#7629,0.999999999999979);
#2789=CIRCLE('',#7632,3.6);
#2790=CIRCLE('',#7635,0.400000000000002);
#2791=CIRCLE('',#7636,0.4);
#2792=CIRCLE('',#7638,0.4);
#2793=CIRCLE('',#7642,4.);
#2794=CIRCLE('',#7647,1.);
#2795=CIRCLE('',#7648,1.);
#2796=CIRCLE('',#7649,1.7);
#2797=CIRCLE('',#7654,3.);
#2798=CIRCLE('',#7656,3.);
#2799=CIRCLE('',#7657,3.);
#2800=CIRCLE('',#7658,3.);
#2801=CIRCLE('',#7659,3.);
#2802=CIRCLE('',#7660,3.);
#2803=CIRCLE('',#7665,1.70000000000001);
#2804=CIRCLE('',#7669,1.70000000000001);
#2805=CIRCLE('',#7672,1.70000000000001);
#2806=CIRCLE('',#7675,1.70000000000001);
#2807=VERTEX_POINT('',#9797);
#2808=VERTEX_POINT('',#9799);
#2809=VERTEX_POINT('',#9803);
#2810=VERTEX_POINT('',#9807);
#2811=VERTEX_POINT('',#9808);
#2812=VERTEX_POINT('',#9810);
#2813=VERTEX_POINT('',#9812);
#2814=VERTEX_POINT('',#9814);
#2815=VERTEX_POINT('',#9816);
#2816=VERTEX_POINT('',#9818);
#2817=VERTEX_POINT('',#9820);
#2818=VERTEX_POINT('',#9824);
#2819=VERTEX_POINT('',#9825);
#2820=VERTEX_POINT('',#9827);
#2821=VERTEX_POINT('',#9829);
#2822=VERTEX_POINT('',#9831);
#2823=VERTEX_POINT('',#9844);
#2824=VERTEX_POINT('',#9846);
#2825=VERTEX_POINT('',#9861);
#2826=VERTEX_POINT('',#9863);
#2827=VERTEX_POINT('',#9867);
#2828=VERTEX_POINT('',#9869);
#2829=VERTEX_POINT('',#9871);
#2830=VERTEX_POINT('',#9873);
#2831=VERTEX_POINT('',#9875);
#2832=VERTEX_POINT('',#9877);
#2833=VERTEX_POINT('',#9881);
#2834=VERTEX_POINT('',#9883);
#2835=VERTEX_POINT('',#9885);
#2836=VERTEX_POINT('',#9887);
#2837=VERTEX_POINT('',#9889);
#2838=VERTEX_POINT('',#9891);
#2839=VERTEX_POINT('',#9893);
#2840=VERTEX_POINT('',#9895);
#2841=VERTEX_POINT('',#9897);
#2842=VERTEX_POINT('',#9899);
#2843=VERTEX_POINT('',#9903);
#2844=VERTEX_POINT('',#9904);
#2845=VERTEX_POINT('',#9906);
#2846=VERTEX_POINT('',#9908);
#2847=VERTEX_POINT('',#9911);
#2848=VERTEX_POINT('',#9912);
#2849=VERTEX_POINT('',#9914);
#2850=VERTEX_POINT('',#9916);
#2851=VERTEX_POINT('',#9920);
#2852=VERTEX_POINT('',#9922);
#2853=VERTEX_POINT('',#9924);
#2854=VERTEX_POINT('',#9926);
#2855=VERTEX_POINT('',#9930);
#2856=VERTEX_POINT('',#9934);
#2857=VERTEX_POINT('',#9936);
#2858=VERTEX_POINT('',#9951);
#2859=VERTEX_POINT('',#9952);
#2860=VERTEX_POINT('',#9957);
#2861=VERTEX_POINT('',#9959);
#2862=VERTEX_POINT('',#9963);
#2863=VERTEX_POINT('',#9967);
#2864=VERTEX_POINT('',#9973);
#2865=VERTEX_POINT('',#9975);
#2866=VERTEX_POINT('',#9981);
#2867=VERTEX_POINT('',#9986);
#2868=VERTEX_POINT('',#9988);
#2869=VERTEX_POINT('',#9991);
#2870=VERTEX_POINT('',#9994);
#2871=VERTEX_POINT('',#9996);
#2872=VERTEX_POINT('',#10005);
#2873=VERTEX_POINT('',#10007);
#2874=VERTEX_POINT('',#10011);
#2875=VERTEX_POINT('',#10013);
#2876=VERTEX_POINT('',#10016);
#2877=VERTEX_POINT('',#10018);
#2878=VERTEX_POINT('',#10020);
#2879=VERTEX_POINT('',#10022);
#2880=VERTEX_POINT('',#10024);
#2881=VERTEX_POINT('',#10026);
#2882=VERTEX_POINT('',#10028);
#2883=VERTEX_POINT('',#10030);
#2884=VERTEX_POINT('',#10032);
#2885=VERTEX_POINT('',#10034);
#2886=VERTEX_POINT('',#10036);
#2887=VERTEX_POINT('',#10038);
#2888=VERTEX_POINT('',#10040);
#2889=VERTEX_POINT('',#10042);
#2890=VERTEX_POINT('',#10044);
#2891=VERTEX_POINT('',#10046);
#2892=VERTEX_POINT('',#10048);
#2893=VERTEX_POINT('',#10050);
#2894=VERTEX_POINT('',#10052);
#2895=VERTEX_POINT('',#10054);
#2896=VERTEX_POINT('',#10059);
#2897=VERTEX_POINT('',#10061);
#2898=VERTEX_POINT('',#10062);
#2899=VERTEX_POINT('',#10064);
#2900=VERTEX_POINT('',#10066);
#2901=VERTEX_POINT('',#10069);
#2902=VERTEX_POINT('',#10070);
#2903=VERTEX_POINT('',#10072);
#2904=VERTEX_POINT('',#10074);
#2905=VERTEX_POINT('',#10077);
#2906=VERTEX_POINT('',#10079);
#2907=VERTEX_POINT('',#10081);
#2908=VERTEX_POINT('',#10082);
#2909=VERTEX_POINT('',#10084);
#2910=VERTEX_POINT('',#10086);
#2911=VERTEX_POINT('',#10088);
#2912=VERTEX_POINT('',#10090);
#2913=VERTEX_POINT('',#10092);
#2914=VERTEX_POINT('',#10094);
#2915=VERTEX_POINT('',#10097);
#2916=VERTEX_POINT('',#10099);
#2917=VERTEX_POINT('',#10102);
#2918=VERTEX_POINT('',#10106);
#2919=VERTEX_POINT('',#10108);
#2920=VERTEX_POINT('',#10112);
#2921=VERTEX_POINT('',#10114);
#2922=VERTEX_POINT('',#10118);
#2923=VERTEX_POINT('',#10126);
#2924=VERTEX_POINT('',#10130);
#2925=VERTEX_POINT('',#10131);
#2926=VERTEX_POINT('',#10145);
#2927=VERTEX_POINT('',#10189);
#2928=VERTEX_POINT('',#10191);
#2929=VERTEX_POINT('',#10214);
#2930=VERTEX_POINT('',#10260);
#2931=VERTEX_POINT('',#10261);
#2932=VERTEX_POINT('',#10297);
#2933=VERTEX_POINT('',#10298);
#2934=VERTEX_POINT('',#10355);
#2935=VERTEX_POINT('',#10357);
#2936=VERTEX_POINT('',#10428);
#2937=VERTEX_POINT('',#10430);
#2938=VERTEX_POINT('',#10462);
#2939=VERTEX_POINT('',#10464);
#2940=VERTEX_POINT('',#10468);
#2941=VERTEX_POINT('',#10472);
#2942=VERTEX_POINT('',#10476);
#2943=VERTEX_POINT('',#10478);
#2944=VERTEX_POINT('',#10482);
#2945=VERTEX_POINT('',#10484);
#2946=VERTEX_POINT('',#10486);
#2947=VERTEX_POINT('',#10488);
#2948=VERTEX_POINT('',#10516);
#2949=VERTEX_POINT('',#10517);
#2950=VERTEX_POINT('',#10519);
#2951=VERTEX_POINT('',#10525);
#2952=VERTEX_POINT('',#10533);
#2953=VERTEX_POINT('',#10534);
#2954=VERTEX_POINT('',#10542);
#2955=VERTEX_POINT('',#10543);
#2956=VERTEX_POINT('',#10548);
#2957=VERTEX_POINT('',#10549);
#2958=VERTEX_POINT('',#10554);
#2959=VERTEX_POINT('',#10556);
#2960=VERTEX_POINT('',#10569);
#2961=VERTEX_POINT('',#10571);
#2962=VERTEX_POINT('',#10575);
#2963=VERTEX_POINT('',#10577);
#2964=VERTEX_POINT('',#10579);
#2965=VERTEX_POINT('',#10581);
#2966=VERTEX_POINT('',#10583);
#2967=VERTEX_POINT('',#10585);
#2968=VERTEX_POINT('',#10587);
#2969=VERTEX_POINT('',#10589);
#2970=VERTEX_POINT('',#10592);
#2971=VERTEX_POINT('',#10595);
#2972=VERTEX_POINT('',#10597);
#2973=VERTEX_POINT('',#10599);
#2974=VERTEX_POINT('',#10602);
#2975=VERTEX_POINT('',#10606);
#2976=VERTEX_POINT('',#10612);
#2977=VERTEX_POINT('',#10614);
#2978=VERTEX_POINT('',#10616);
#2979=VERTEX_POINT('',#10618);
#2980=VERTEX_POINT('',#10620);
#2981=VERTEX_POINT('',#10622);
#2982=VERTEX_POINT('',#10624);
#2983=VERTEX_POINT('',#10626);
#2984=VERTEX_POINT('',#10628);
#2985=VERTEX_POINT('',#10630);
#2986=VERTEX_POINT('',#10633);
#2987=VERTEX_POINT('',#10635);
#2988=VERTEX_POINT('',#10637);
#2989=VERTEX_POINT('',#10638);
#2990=VERTEX_POINT('',#10640);
#2991=VERTEX_POINT('',#10642);
#2992=VERTEX_POINT('',#10645);
#2993=VERTEX_POINT('',#10646);
#2994=VERTEX_POINT('',#10648);
#2995=VERTEX_POINT('',#10650);
#2996=VERTEX_POINT('',#10654);
#2997=VERTEX_POINT('',#10656);
#2998=VERTEX_POINT('',#10669);
#2999=VERTEX_POINT('',#10673);
#3000=VERTEX_POINT('',#10677);
#3001=VERTEX_POINT('',#10679);
#3002=VERTEX_POINT('',#10681);
#3003=VERTEX_POINT('',#10683);
#3004=VERTEX_POINT('',#10687);
#3005=VERTEX_POINT('',#10692);
#3006=VERTEX_POINT('',#10694);
#3007=VERTEX_POINT('',#10696);
#3008=VERTEX_POINT('',#10700);
#3009=VERTEX_POINT('',#10702);
#3010=VERTEX_POINT('',#10704);
#3011=VERTEX_POINT('',#10708);
#3012=VERTEX_POINT('',#10712);
#3013=VERTEX_POINT('',#10714);
#3014=VERTEX_POINT('',#10718);
#3015=VERTEX_POINT('',#10722);
#3016=VERTEX_POINT('',#10726);
#3017=VERTEX_POINT('',#10727);
#3018=VERTEX_POINT('',#10732);
#3019=VERTEX_POINT('',#10736);
#3020=VERTEX_POINT('',#10740);
#3021=VERTEX_POINT('',#10741);
#3022=VERTEX_POINT('',#10743);
#3023=VERTEX_POINT('',#10745);
#3024=VERTEX_POINT('',#10747);
#3025=VERTEX_POINT('',#10749);
#3026=VERTEX_POINT('',#10754);
#3027=VERTEX_POINT('',#10755);
#3028=VERTEX_POINT('',#10757);
#3029=VERTEX_POINT('',#10759);
#3030=VERTEX_POINT('',#10761);
#3031=VERTEX_POINT('',#10763);
#3032=VERTEX_POINT('',#10765);
#3033=VERTEX_POINT('',#10770);
#3034=VERTEX_POINT('',#10772);
#3035=VERTEX_POINT('',#10774);
#3036=VERTEX_POINT('',#10778);
#3037=VERTEX_POINT('',#10782);
#3038=VERTEX_POINT('',#10784);
#3039=VERTEX_POINT('',#10790);
#3040=VERTEX_POINT('',#10792);
#3041=VERTEX_POINT('',#10794);
#3042=VERTEX_POINT('',#10796);
#3043=VERTEX_POINT('',#10798);
#3044=VERTEX_POINT('',#10800);
#3045=VERTEX_POINT('',#10802);
#3046=VERTEX_POINT('',#10804);
#3047=VERTEX_POINT('',#10806);
#3048=VERTEX_POINT('',#10808);
#3049=VERTEX_POINT('',#10810);
#3050=VERTEX_POINT('',#10812);
#3051=VERTEX_POINT('',#10814);
#3052=VERTEX_POINT('',#10816);
#3053=VERTEX_POINT('',#10818);
#3054=VERTEX_POINT('',#10820);
#3055=VERTEX_POINT('',#10822);
#3056=VERTEX_POINT('',#10824);
#3057=VERTEX_POINT('',#10826);
#3058=VERTEX_POINT('',#10828);
#3059=VERTEX_POINT('',#10830);
#3060=VERTEX_POINT('',#10832);
#3061=VERTEX_POINT('',#10834);
#3062=VERTEX_POINT('',#10836);
#3063=VERTEX_POINT('',#10838);
#3064=VERTEX_POINT('',#10840);
#3065=VERTEX_POINT('',#10842);
#3066=VERTEX_POINT('',#10844);
#3067=VERTEX_POINT('',#10846);
#3068=VERTEX_POINT('',#10850);
#3069=VERTEX_POINT('',#10854);
#3070=VERTEX_POINT('',#10858);
#3071=VERTEX_POINT('',#10862);
#3072=VERTEX_POINT('',#10864);
#3073=VERTEX_POINT('',#10866);
#3074=VERTEX_POINT('',#10870);
#3075=VERTEX_POINT('',#10874);
#3076=VERTEX_POINT('',#10878);
#3077=VERTEX_POINT('',#10882);
#3078=VERTEX_POINT('',#10884);
#3079=VERTEX_POINT('',#10886);
#3080=VERTEX_POINT('',#10888);
#3081=VERTEX_POINT('',#10890);
#3082=VERTEX_POINT('',#10892);
#3083=VERTEX_POINT('',#10894);
#3084=VERTEX_POINT('',#10896);
#3085=VERTEX_POINT('',#10898);
#3086=VERTEX_POINT('',#10900);
#3087=VERTEX_POINT('',#10902);
#3088=VERTEX_POINT('',#10904);
#3089=VERTEX_POINT('',#10906);
#3090=VERTEX_POINT('',#10908);
#3091=VERTEX_POINT('',#10910);
#3092=VERTEX_POINT('',#10912);
#3093=VERTEX_POINT('',#10914);
#3094=VERTEX_POINT('',#10916);
#3095=VERTEX_POINT('',#10918);
#3096=VERTEX_POINT('',#10920);
#3097=VERTEX_POINT('',#10922);
#3098=VERTEX_POINT('',#10924);
#3099=VERTEX_POINT('',#10926);
#3100=VERTEX_POINT('',#10928);
#3101=VERTEX_POINT('',#10930);
#3102=VERTEX_POINT('',#10932);
#3103=VERTEX_POINT('',#10934);
#3104=VERTEX_POINT('',#10936);
#3105=VERTEX_POINT('',#10938);
#3106=VERTEX_POINT('',#10942);
#3107=VERTEX_POINT('',#10946);
#3108=VERTEX_POINT('',#10950);
#3109=VERTEX_POINT('',#10954);
#3110=VERTEX_POINT('',#10955);
#3111=VERTEX_POINT('',#10957);
#3112=VERTEX_POINT('',#10959);
#3113=VERTEX_POINT('',#10963);
#3114=VERTEX_POINT('',#10964);
#3115=VERTEX_POINT('',#10966);
#3116=VERTEX_POINT('',#10968);
#3117=VERTEX_POINT('',#10975);
#3118=VERTEX_POINT('',#10977);
#3119=VERTEX_POINT('',#10979);
#3120=VERTEX_POINT('',#10983);
#3121=VERTEX_POINT('',#10984);
#3122=VERTEX_POINT('',#10987);
#3123=VERTEX_POINT('',#10991);
#3124=VERTEX_POINT('',#10992);
#3125=VERTEX_POINT('',#10994);
#3126=VERTEX_POINT('',#11003);
#3127=VERTEX_POINT('',#11004);
#3128=VERTEX_POINT('',#11006);
#3129=VERTEX_POINT('',#11008);
#3130=VERTEX_POINT('',#11012);
#3131=VERTEX_POINT('',#11013);
#3132=VERTEX_POINT('',#11015);
#3133=VERTEX_POINT('',#11017);
#3134=VERTEX_POINT('',#11024);
#3135=VERTEX_POINT('',#11026);
#3136=VERTEX_POINT('',#11028);
#3137=VERTEX_POINT('',#11032);
#3138=VERTEX_POINT('',#11033);
#3139=VERTEX_POINT('',#11036);
#3140=VERTEX_POINT('',#11040);
#3141=VERTEX_POINT('',#11041);
#3142=VERTEX_POINT('',#11043);
#3143=VERTEX_POINT('',#11052);
#3144=VERTEX_POINT('',#11059);
#3145=VERTEX_POINT('',#11068);
#3146=VERTEX_POINT('',#11070);
#3147=VERTEX_POINT('',#11072);
#3148=VERTEX_POINT('',#11074);
#3149=VERTEX_POINT('',#11076);
#3150=VERTEX_POINT('',#11078);
#3151=VERTEX_POINT('',#11080);
#3152=VERTEX_POINT('',#11082);
#3153=VERTEX_POINT('',#11084);
#3154=VERTEX_POINT('',#11086);
#3155=VERTEX_POINT('',#11088);
#3156=VERTEX_POINT('',#11092);
#3157=VERTEX_POINT('',#11095);
#3158=VERTEX_POINT('',#11099);
#3159=VERTEX_POINT('',#11103);
#3160=VERTEX_POINT('',#11105);
#3161=VERTEX_POINT('',#11107);
#3162=VERTEX_POINT('',#11109);
#3163=VERTEX_POINT('',#11111);
#3164=VERTEX_POINT('',#11113);
#3165=VERTEX_POINT('',#11115);
#3166=VERTEX_POINT('',#11117);
#3167=VERTEX_POINT('',#11119);
#3168=VERTEX_POINT('',#11121);
#3169=VERTEX_POINT('',#11123);
#3170=VERTEX_POINT('',#11125);
#3171=VERTEX_POINT('',#11127);
#3172=VERTEX_POINT('',#11129);
#3173=VERTEX_POINT('',#11131);
#3174=VERTEX_POINT('',#11133);
#3175=VERTEX_POINT('',#11135);
#3176=VERTEX_POINT('',#11137);
#3177=VERTEX_POINT('',#11139);
#3178=VERTEX_POINT('',#11141);
#3179=VERTEX_POINT('',#11143);
#3180=VERTEX_POINT('',#11145);
#3181=VERTEX_POINT('',#11147);
#3182=VERTEX_POINT('',#11149);
#3183=VERTEX_POINT('',#11151);
#3184=VERTEX_POINT('',#11153);
#3185=VERTEX_POINT('',#11157);
#3186=VERTEX_POINT('',#11161);
#3187=VERTEX_POINT('',#11163);
#3188=VERTEX_POINT('',#11165);
#3189=VERTEX_POINT('',#11167);
#3190=VERTEX_POINT('',#11169);
#3191=VERTEX_POINT('',#11171);
#3192=VERTEX_POINT('',#11173);
#3193=VERTEX_POINT('',#11175);
#3194=VERTEX_POINT('',#11177);
#3195=VERTEX_POINT('',#11252);
#3196=VERTEX_POINT('',#11254);
#3197=VERTEX_POINT('',#11256);
#3198=VERTEX_POINT('',#11258);
#3199=VERTEX_POINT('',#11260);
#3200=VERTEX_POINT('',#11262);
#3201=VERTEX_POINT('',#11264);
#3202=VERTEX_POINT('',#11266);
#3203=VERTEX_POINT('',#11268);
#3204=VERTEX_POINT('',#11270);
#3205=VERTEX_POINT('',#11272);
#3206=VERTEX_POINT('',#11276);
#3207=VERTEX_POINT('',#11279);
#3208=VERTEX_POINT('',#11283);
#3209=VERTEX_POINT('',#11287);
#3210=VERTEX_POINT('',#11289);
#3211=VERTEX_POINT('',#11291);
#3212=VERTEX_POINT('',#11293);
#3213=VERTEX_POINT('',#11295);
#3214=VERTEX_POINT('',#11297);
#3215=VERTEX_POINT('',#11299);
#3216=VERTEX_POINT('',#11301);
#3217=VERTEX_POINT('',#11303);
#3218=VERTEX_POINT('',#11305);
#3219=VERTEX_POINT('',#11307);
#3220=VERTEX_POINT('',#11309);
#3221=VERTEX_POINT('',#11311);
#3222=VERTEX_POINT('',#11313);
#3223=VERTEX_POINT('',#11315);
#3224=VERTEX_POINT('',#11317);
#3225=VERTEX_POINT('',#11319);
#3226=VERTEX_POINT('',#11321);
#3227=VERTEX_POINT('',#11323);
#3228=VERTEX_POINT('',#11325);
#3229=VERTEX_POINT('',#11327);
#3230=VERTEX_POINT('',#11329);
#3231=VERTEX_POINT('',#11331);
#3232=VERTEX_POINT('',#11333);
#3233=VERTEX_POINT('',#11335);
#3234=VERTEX_POINT('',#11337);
#3235=VERTEX_POINT('',#11341);
#3236=VERTEX_POINT('',#11345);
#3237=VERTEX_POINT('',#11347);
#3238=VERTEX_POINT('',#11349);
#3239=VERTEX_POINT('',#11351);
#3240=VERTEX_POINT('',#11353);
#3241=VERTEX_POINT('',#11355);
#3242=VERTEX_POINT('',#11357);
#3243=VERTEX_POINT('',#11359);
#3244=VERTEX_POINT('',#11361);
#3245=VERTEX_POINT('',#11445);
#3246=VERTEX_POINT('',#11449);
#3247=VERTEX_POINT('',#11453);
#3248=VERTEX_POINT('',#11457);
#3249=VERTEX_POINT('',#11458);
#3250=VERTEX_POINT('',#11466);
#3251=VERTEX_POINT('',#11481);
#3252=VERTEX_POINT('',#11482);
#3253=VERTEX_POINT('',#11486);
#3254=VERTEX_POINT('',#11488);
#3255=VERTEX_POINT('',#11492);
#3256=VERTEX_POINT('',#11494);
#3257=VERTEX_POINT('',#11498);
#3258=VERTEX_POINT('',#11499);
#3259=VERTEX_POINT('',#11505);
#3260=VERTEX_POINT('',#11507);
#3261=VERTEX_POINT('',#11515);
#3262=VERTEX_POINT('',#11517);
#3263=VERTEX_POINT('',#11519);
#3264=VERTEX_POINT('',#11521);
#3265=VERTEX_POINT('',#11525);
#3266=VERTEX_POINT('',#11526);
#3267=VERTEX_POINT('',#11528);
#3268=VERTEX_POINT('',#11530);
#3269=VERTEX_POINT('',#11534);
#3270=VERTEX_POINT('',#11536);
#3271=VERTEX_POINT('',#11540);
#3272=VERTEX_POINT('',#11541);
#3273=VERTEX_POINT('',#11546);
#3274=VERTEX_POINT('',#11548);
#3275=VERTEX_POINT('',#11552);
#3276=VERTEX_POINT('',#11553);
#3277=VERTEX_POINT('',#11558);
#3278=VERTEX_POINT('',#11560);
#3279=VERTEX_POINT('',#11564);
#3280=VERTEX_POINT('',#11565);
#3281=VERTEX_POINT('',#11570);
#3282=VERTEX_POINT('',#11571);
#3283=VERTEX_POINT('',#11576);
#3284=VERTEX_POINT('',#11577);
#3285=VERTEX_POINT('',#11582);
#3286=VERTEX_POINT('',#11584);
#3287=VERTEX_POINT('',#11588);
#3288=VERTEX_POINT('',#11589);
#3289=VERTEX_POINT('',#11594);
#3290=VERTEX_POINT('',#11596);
#3291=VERTEX_POINT('',#11600);
#3292=VERTEX_POINT('',#11601);
#3293=VERTEX_POINT('',#11606);
#3294=VERTEX_POINT('',#11607);
#3295=VERTEX_POINT('',#11612);
#3296=VERTEX_POINT('',#11614);
#3297=VERTEX_POINT('',#11618);
#3298=VERTEX_POINT('',#11619);
#3299=VERTEX_POINT('',#11624);
#3300=VERTEX_POINT('',#11626);
#3301=VERTEX_POINT('',#11630);
#3302=VERTEX_POINT('',#11631);
#3303=VERTEX_POINT('',#11636);
#3304=VERTEX_POINT('',#11638);
#3305=VERTEX_POINT('',#11642);
#3306=VERTEX_POINT('',#11656);
#3307=VERTEX_POINT('',#11658);
#3308=VERTEX_POINT('',#11681);
#3309=VERTEX_POINT('',#11686);
#3310=VERTEX_POINT('',#11688);
#3311=VERTEX_POINT('',#11690);
#3312=VERTEX_POINT('',#11693);
#3313=VERTEX_POINT('',#11696);
#3314=VERTEX_POINT('',#11697);
#3315=VERTEX_POINT('',#11699);
#3316=VERTEX_POINT('',#11701);
#3317=VERTEX_POINT('',#11703);
#3318=VERTEX_POINT('',#11705);
#3319=VERTEX_POINT('',#11707);
#3320=VERTEX_POINT('',#11709);
#3321=VERTEX_POINT('',#11713);
#3322=VERTEX_POINT('',#11715);
#3323=VERTEX_POINT('',#11719);
#3324=VERTEX_POINT('',#11722);
#3325=VERTEX_POINT('',#11725);
#3326=VERTEX_POINT('',#11732);
#3327=VERTEX_POINT('',#11733);
#3328=VERTEX_POINT('',#11735);
#3329=VERTEX_POINT('',#11737);
#3330=VERTEX_POINT('',#11741);
#3331=VERTEX_POINT('',#11742);
#3332=VERTEX_POINT('',#11750);
#3333=VERTEX_POINT('',#11752);
#3334=VERTEX_POINT('',#11756);
#3335=VERTEX_POINT('',#11758);
#3336=VERTEX_POINT('',#11764);
#3337=VERTEX_POINT('',#11765);
#3338=VERTEX_POINT('',#11778);
#3339=VERTEX_POINT('',#11782);
#3340=VERTEX_POINT('',#11786);
#3341=VERTEX_POINT('',#11794);
#3342=VERTEX_POINT('',#11797);
#3343=VERTEX_POINT('',#11801);
#3344=VERTEX_POINT('',#11802);
#3345=VERTEX_POINT('',#11807);
#3346=VERTEX_POINT('',#11815);
#3347=VERTEX_POINT('',#11826);
#3348=VERTEX_POINT('',#11827);
#3349=VERTEX_POINT('',#11834);
#3350=VERTEX_POINT('',#11835);
#3351=VERTEX_POINT('',#11839);
#3352=VERTEX_POINT('',#11840);
#3353=VERTEX_POINT('',#11842);
#3354=VERTEX_POINT('',#11848);
#3355=VERTEX_POINT('',#11849);
#3356=VERTEX_POINT('',#11854);
#3357=VERTEX_POINT('',#11858);
#3358=VERTEX_POINT('',#11876);
#3359=VERTEX_POINT('',#11882);
#3360=VERTEX_POINT('',#11894);
#3361=VERTEX_POINT('',#11895);
#3362=VERTEX_POINT('',#11905);
#3363=VERTEX_POINT('',#11909);
#3364=VERTEX_POINT('',#11913);
#3365=VERTEX_POINT('',#11948);
#3366=VERTEX_POINT('',#11960);
#3367=VERTEX_POINT('',#11967);
#3368=VERTEX_POINT('',#11968);
#3369=VERTEX_POINT('',#11970);
#3370=VERTEX_POINT('',#11972);
#3371=VERTEX_POINT('',#11977);
#3372=VERTEX_POINT('',#11979);
#3373=VERTEX_POINT('',#11981);
#3374=VERTEX_POINT('',#11983);
#3375=VERTEX_POINT('',#11987);
#3376=VERTEX_POINT('',#11991);
#3377=VERTEX_POINT('',#11992);
#3378=VERTEX_POINT('',#11994);
#3379=VERTEX_POINT('',#11996);
#3380=VERTEX_POINT('',#11999);
#3381=VERTEX_POINT('',#12001);
#3382=VERTEX_POINT('',#12003);
#3383=VERTEX_POINT('',#12007);
#3384=VERTEX_POINT('',#12011);
#3385=VERTEX_POINT('',#12015);
#3386=VERTEX_POINT('',#12019);
#3387=VERTEX_POINT('',#12021);
#3388=VERTEX_POINT('',#12024);
#3389=VERTEX_POINT('',#12032);
#3390=VERTEX_POINT('',#12036);
#3391=VERTEX_POINT('',#12037);
#3392=VERTEX_POINT('',#12040);
#3393=VERTEX_POINT('',#12044);
#3394=VERTEX_POINT('',#12048);
#3395=VERTEX_POINT('',#12049);
#3396=VERTEX_POINT('',#12051);
#3397=VERTEX_POINT('',#12053);
#3398=VERTEX_POINT('',#12056);
#3399=VERTEX_POINT('',#12060);
#3400=VERTEX_POINT('',#12064);
#3401=VERTEX_POINT('',#12068);
#3402=VERTEX_POINT('',#12070);
#3403=VERTEX_POINT('',#12079);
#3404=VERTEX_POINT('',#12091);
#3405=VERTEX_POINT('',#12097);
#3406=VERTEX_POINT('',#12103);
#3407=VERTEX_POINT('',#12105);
#3408=VERTEX_POINT('',#12109);
#3409=VERTEX_POINT('',#12110);
#3410=VERTEX_POINT('',#12116);
#3411=VERTEX_POINT('',#12118);
#3412=VERTEX_POINT('',#12120);
#3413=VERTEX_POINT('',#12124);
#3414=VERTEX_POINT('',#12128);
#3415=VERTEX_POINT('',#12143);
#3416=VERTEX_POINT('',#12144);
#3417=VERTEX_POINT('',#12149);
#3418=VERTEX_POINT('',#12215);
#3419=VERTEX_POINT('',#12217);
#3420=VERTEX_POINT('',#12220);
#3421=VERTEX_POINT('',#12228);
#3422=VERTEX_POINT('',#12232);
#3423=VERTEX_POINT('',#12234);
#3424=VERTEX_POINT('',#12236);
#3425=VERTEX_POINT('',#12238);
#3426=VERTEX_POINT('',#12240);
#3427=VERTEX_POINT('',#12242);
#3428=VERTEX_POINT('',#12244);
#3429=VERTEX_POINT('',#12246);
#3430=VERTEX_POINT('',#12248);
#3431=VERTEX_POINT('',#12252);
#3432=VERTEX_POINT('',#12254);
#3433=VERTEX_POINT('',#12258);
#3434=VERTEX_POINT('',#12260);
#3435=VERTEX_POINT('',#12266);
#3436=VERTEX_POINT('',#12267);
#3437=VERTEX_POINT('',#12269);
#3438=VERTEX_POINT('',#12273);
#3439=VERTEX_POINT('',#12275);
#3440=VERTEX_POINT('',#12277);
#3441=VERTEX_POINT('',#12287);
#3442=VERTEX_POINT('',#12289);
#3443=EDGE_CURVE('',#2807,#2807,#2432,.T.);
#3444=EDGE_CURVE('',#2807,#2808,#1234,.T.);
#3445=EDGE_CURVE('',#2808,#2808,#2433,.T.);
#3446=EDGE_CURVE('',#2808,#2809,#1235,.T.);
#3447=EDGE_CURVE('',#2809,#2809,#2434,.T.);
#3448=EDGE_CURVE('',#2810,#2811,#1236,.T.);
#3449=EDGE_CURVE('',#2812,#2810,#1237,.T.);
#3450=EDGE_CURVE('',#2813,#2812,#2435,.T.);
#3451=EDGE_CURVE('',#2814,#2813,#1238,.T.);
#3452=EDGE_CURVE('',#2815,#2814,#2436,.T.);
#3453=EDGE_CURVE('',#2816,#2815,#1239,.T.);
#3454=EDGE_CURVE('',#2817,#2816,#1240,.T.);
#3455=EDGE_CURVE('',#2811,#2817,#1241,.T.);
#3456=EDGE_CURVE('',#2818,#2819,#1242,.T.);
#3457=EDGE_CURVE('',#2820,#2819,#2437,.T.);
#3458=EDGE_CURVE('',#2820,#2821,#1243,.T.);
#3459=EDGE_CURVE('',#2821,#2822,#2438,.T.);
#3460=EDGE_CURVE('',#2822,#2818,#53,.T.);
#3461=EDGE_CURVE('',#2823,#2822,#1244,.T.);
#3462=EDGE_CURVE('',#2823,#2824,#54,.T.);
#3463=EDGE_CURVE('',#2824,#2818,#1245,.T.);
#3464=EDGE_CURVE('',#2823,#2825,#1246,.T.);
#3465=EDGE_CURVE('',#2825,#2826,#2439,.T.);
#3466=EDGE_CURVE('',#2826,#2824,#1247,.T.);
#3467=EDGE_CURVE('',#2827,#2820,#1248,.T.);
#3468=EDGE_CURVE('',#2827,#2828,#1249,.T.);
#3469=EDGE_CURVE('',#2828,#2829,#1250,.T.);
#3470=EDGE_CURVE('',#2829,#2830,#1251,.T.);
#3471=EDGE_CURVE('',#2831,#2830,#1252,.T.);
#3472=EDGE_CURVE('',#2832,#2831,#1253,.T.);
#3473=EDGE_CURVE('',#2821,#2832,#1254,.T.);
#3474=EDGE_CURVE('',#2819,#2833,#1255,.T.);
#3475=EDGE_CURVE('',#2833,#2834,#1256,.T.);
#3476=EDGE_CURVE('',#2835,#2834,#2440,.T.);
#3477=EDGE_CURVE('',#2835,#2836,#1257,.T.);
#3478=EDGE_CURVE('',#2837,#2836,#2441,.T.);
#3479=EDGE_CURVE('',#2837,#2838,#1258,.T.);
#3480=EDGE_CURVE('',#2839,#2838,#2442,.T.);
#3481=EDGE_CURVE('',#2840,#2839,#1259,.F.);
#3482=EDGE_CURVE('',#2840,#2841,#2443,.T.);
#3483=EDGE_CURVE('',#2841,#2842,#1260,.T.);
#3484=EDGE_CURVE('',#2842,#2831,#2444,.T.);
#3485=EDGE_CURVE('',#2830,#2827,#2445,.T.);
#3486=EDGE_CURVE('',#2843,#2844,#2446,.T.);
#3487=EDGE_CURVE('',#2843,#2845,#2447,.T.);
#3488=EDGE_CURVE('',#2846,#2845,#2448,.T.);
#3489=EDGE_CURVE('',#2846,#2844,#2449,.T.);
#3490=EDGE_CURVE('',#2847,#2848,#2450,.T.);
#3491=EDGE_CURVE('',#2847,#2849,#2451,.T.);
#3492=EDGE_CURVE('',#2850,#2849,#2452,.T.);
#3493=EDGE_CURVE('',#2850,#2848,#2453,.T.);
#3494=EDGE_CURVE('',#2851,#2824,#1261,.T.);
#3495=EDGE_CURVE('',#2852,#2851,#1262,.T.);
#3496=EDGE_CURVE('',#2853,#2852,#1263,.T.);
#3497=EDGE_CURVE('',#2853,#2854,#2454,.T.);
#3498=EDGE_CURVE('',#2854,#2833,#1264,.T.);
#3499=EDGE_CURVE('',#2826,#2855,#1265,.T.);
#3500=EDGE_CURVE('',#2855,#2851,#1266,.T.);
#3501=EDGE_CURVE('',#2856,#2810,#2455,.T.);
#3502=EDGE_CURVE('',#2811,#2857,#55,.T.);
#3503=EDGE_CURVE('',#2857,#2856,#1267,.T.);
#3504=EDGE_CURVE('',#2858,#2859,#2456,.T.);
#3505=EDGE_CURVE('',#2859,#2857,#1268,.T.);
#3506=EDGE_CURVE('',#2811,#2858,#1269,.T.);
#3507=EDGE_CURVE('',#2810,#2860,#2457,.T.);
#3508=EDGE_CURVE('',#2860,#2861,#1270,.T.);
#3509=EDGE_CURVE('',#2861,#2812,#2458,.T.);
#3510=EDGE_CURVE('',#2862,#2813,#2459,.T.);
#3511=EDGE_CURVE('',#2861,#2862,#2460,.T.);
#3512=EDGE_CURVE('',#2863,#2814,#2461,.T.);
#3513=EDGE_CURVE('',#2862,#2863,#1271,.T.);
#3514=EDGE_CURVE('',#2856,#2860,#2462,.T.);
#3515=EDGE_CURVE('',#2864,#2815,#2463,.T.);
#3516=EDGE_CURVE('',#2814,#2865,#2464,.T.);
#3517=EDGE_CURVE('',#2865,#2864,#2465,.T.);
#3518=EDGE_CURVE('',#2863,#2865,#2466,.T.);
#3519=EDGE_CURVE('',#2866,#2817,#1272,.T.);
#3520=EDGE_CURVE('',#2866,#2858,#1273,.T.);
#3521=EDGE_CURVE('',#2864,#2853,#1274,.T.);
#3522=EDGE_CURVE('',#2867,#2852,#2467,.T.);
#3523=EDGE_CURVE('',#2867,#2868,#1275,.T.);
#3524=EDGE_CURVE('',#2868,#2816,#2468,.T.);
#3525=EDGE_CURVE('',#2869,#2869,#2469,.T.);
#3526=EDGE_CURVE('',#2870,#2865,#1276,.T.);
#3527=EDGE_CURVE('',#2871,#2870,#56,.T.);
#3528=EDGE_CURVE('',#2871,#2854,#1277,.T.);
#3529=EDGE_CURVE('',#2859,#2872,#1278,.T.);
#3530=EDGE_CURVE('',#2873,#2872,#1279,.T.);
#3531=EDGE_CURVE('',#2873,#2857,#1280,.T.);
#3532=EDGE_CURVE('',#2874,#2866,#2470,.T.);
#3533=EDGE_CURVE('',#2875,#2874,#1281,.T.);
#3534=EDGE_CURVE('',#2855,#2875,#2471,.T.);
#3535=EDGE_CURVE('',#2876,#2825,#1282,.T.);
#3536=EDGE_CURVE('',#2877,#2876,#2472,.T.);
#3537=EDGE_CURVE('',#2878,#2877,#1283,.T.);
#3538=EDGE_CURVE('',#2879,#2878,#2473,.T.);
#3539=EDGE_CURVE('',#2880,#2879,#1284,.T.);
#3540=EDGE_CURVE('',#2881,#2880,#1285,.T.);
#3541=EDGE_CURVE('',#2882,#2881,#2474,.T.);
#3542=EDGE_CURVE('',#2883,#2882,#1286,.T.);
#3543=EDGE_CURVE('',#2884,#2883,#2475,.T.);
#3544=EDGE_CURVE('',#2885,#2884,#1287,.T.);
#3545=EDGE_CURVE('',#2886,#2885,#2476,.T.);
#3546=EDGE_CURVE('',#2887,#2886,#1288,.T.);
#3547=EDGE_CURVE('',#2888,#2887,#2477,.T.);
#3548=EDGE_CURVE('',#2889,#2888,#1289,.T.);
#3549=EDGE_CURVE('',#2890,#2889,#2478,.T.);
#3550=EDGE_CURVE('',#2891,#2890,#1290,.T.);
#3551=EDGE_CURVE('',#2891,#2892,#1291,.T.);
#3552=EDGE_CURVE('',#2893,#2892,#1292,.T.);
#3553=EDGE_CURVE('',#2893,#2894,#1293,.T.);
#3554=EDGE_CURVE('',#2895,#2894,#35,.F.);
#3555=EDGE_CURVE('',#2872,#2895,#1294,.T.);
#3556=EDGE_CURVE('',#2896,#2896,#2479,.T.);
#3557=EDGE_CURVE('',#2897,#2898,#1295,.T.);
#3558=EDGE_CURVE('',#2898,#2899,#1296,.T.);
#3559=EDGE_CURVE('',#2899,#2900,#1297,.T.);
#3560=EDGE_CURVE('',#2900,#2897,#1298,.T.);
#3561=EDGE_CURVE('',#2901,#2902,#1299,.T.);
#3562=EDGE_CURVE('',#2902,#2903,#1300,.T.);
#3563=EDGE_CURVE('',#2903,#2904,#1301,.T.);
#3564=EDGE_CURVE('',#2904,#2901,#1302,.T.);
#3565=EDGE_CURVE('',#2905,#2905,#2480,.T.);
#3566=EDGE_CURVE('',#2906,#2906,#2481,.T.);
#3567=EDGE_CURVE('',#2907,#2908,#1303,.T.);
#3568=EDGE_CURVE('',#2909,#2907,#2482,.T.);
#3569=EDGE_CURVE('',#2910,#2909,#1304,.T.);
#3570=EDGE_CURVE('',#2911,#2910,#2483,.T.);
#3571=EDGE_CURVE('',#2912,#2911,#1305,.T.);
#3572=EDGE_CURVE('',#2913,#2912,#2484,.T.);
#3573=EDGE_CURVE('',#2914,#2913,#1306,.T.);
#3574=EDGE_CURVE('',#2908,#2914,#2485,.T.);
#3575=EDGE_CURVE('',#2915,#2915,#2486,.T.);
#3576=EDGE_CURVE('',#2916,#2916,#2487,.T.);
#3577=EDGE_CURVE('',#2823,#2917,#1307,.T.);
#3578=EDGE_CURVE('',#2876,#2917,#1308,.T.);
#3579=EDGE_CURVE('',#2861,#2918,#1309,.T.);
#3580=EDGE_CURVE('',#2918,#2919,#2488,.T.);
#3581=EDGE_CURVE('',#2862,#2919,#1310,.T.);
#3582=EDGE_CURVE('',#2856,#2920,#1311,.T.);
#3583=EDGE_CURVE('',#2921,#2920,#2489,.T.);
#3584=EDGE_CURVE('',#2921,#2860,#1312,.T.);
#3585=EDGE_CURVE('',#2863,#2922,#1313,.T.);
#3586=EDGE_CURVE('',#2870,#2922,#2490,.T.);
#3587=EDGE_CURVE('',#2922,#2919,#1314,.T.);
#3588=EDGE_CURVE('',#2918,#2921,#1315,.T.);
#3589=EDGE_CURVE('',#2923,#2832,#2491,.T.);
#3590=EDGE_CURVE('',#2917,#2923,#1316,.T.);
#3591=EDGE_CURVE('',#2924,#2925,#57,.T.);
#3592=EDGE_CURVE('',#2925,#2926,#58,.T.);
#3593=EDGE_CURVE('',#2926,#2924,#59,.T.);
#3594=EDGE_CURVE('',#2924,#2927,#1317,.T.);
#3595=EDGE_CURVE('',#2928,#2927,#60,.T.);
#3596=EDGE_CURVE('',#2925,#2928,#1318,.T.);
#3597=EDGE_CURVE('',#2929,#2928,#61,.T.);
#3598=EDGE_CURVE('',#2926,#2929,#1319,.T.);
#3599=EDGE_CURVE('',#2927,#2929,#62,.T.);
#3600=EDGE_CURVE('',#2930,#2931,#63,.T.);
#3601=EDGE_CURVE('',#2931,#2930,#64,.T.);
#3602=EDGE_CURVE('',#2932,#2933,#65,.T.);
#3603=EDGE_CURVE('',#2933,#2932,#66,.T.);
#3604=EDGE_CURVE('',#2930,#2934,#1320,.T.);
#3605=EDGE_CURVE('',#2935,#2934,#67,.T.);
#3606=EDGE_CURVE('',#2931,#2935,#1321,.T.);
#3607=EDGE_CURVE('',#2934,#2935,#68,.T.);
#3608=EDGE_CURVE('',#2932,#2936,#1322,.T.);
#3609=EDGE_CURVE('',#2937,#2936,#69,.T.);
#3610=EDGE_CURVE('',#2933,#2937,#1323,.T.);
#3611=EDGE_CURVE('',#2936,#2937,#70,.T.);
#3612=EDGE_CURVE('',#2880,#2938,#1324,.F.);
#3613=EDGE_CURVE('',#2938,#2939,#1325,.T.);
#3614=EDGE_CURVE('',#2939,#2881,#1326,.T.);
#3615=EDGE_CURVE('',#2940,#2882,#1327,.T.);
#3616=EDGE_CURVE('',#2939,#2940,#2492,.T.);
#3617=EDGE_CURVE('',#2940,#2941,#1328,.T.);
#3618=EDGE_CURVE('',#2941,#2883,#1329,.T.);
#3619=EDGE_CURVE('',#2939,#2942,#1330,.T.);
#3620=EDGE_CURVE('',#2942,#2943,#2493,.T.);
#3621=EDGE_CURVE('',#2943,#2940,#1331,.T.);
#3622=EDGE_CURVE('',#2944,#2938,#1332,.T.);
#3623=EDGE_CURVE('',#2945,#2944,#15,.F.);
#3624=EDGE_CURVE('',#2946,#2945,#1333,.T.);
#3625=EDGE_CURVE('',#2947,#2946,#1334,.T.);
#3626=EDGE_CURVE('',#2947,#2942,#1335,.T.);
#3627=EDGE_CURVE('',#2948,#2949,#2494,.T.);
#3628=EDGE_CURVE('',#2949,#2950,#71,.T.);
#3629=EDGE_CURVE('',#2950,#2951,#2495,.T.);
#3630=EDGE_CURVE('',#2951,#2948,#72,.T.);
#3631=EDGE_CURVE('',#2952,#2953,#2496,.T.);
#3632=EDGE_CURVE('',#2953,#2951,#2497,.T.);
#3633=EDGE_CURVE('',#2950,#2952,#2498,.T.);
#3634=EDGE_CURVE('',#2944,#2953,#1336,.T.);
#3635=EDGE_CURVE('',#2952,#2945,#1337,.T.);
#3636=EDGE_CURVE('',#2954,#2955,#2499,.T.);
#3637=EDGE_CURVE('',#2955,#2949,#2500,.T.);
#3638=EDGE_CURVE('',#2948,#2954,#2501,.T.);
#3639=EDGE_CURVE('',#2956,#2957,#2502,.T.);
#3640=EDGE_CURVE('',#2957,#2955,#1338,.T.);
#3641=EDGE_CURVE('',#2954,#2956,#1339,.T.);
#3642=EDGE_CURVE('',#2955,#2958,#1340,.T.);
#3643=EDGE_CURVE('',#2958,#2959,#73,.T.);
#3644=EDGE_CURVE('',#2959,#2950,#1341,.T.);
#3645=EDGE_CURVE('',#2957,#2960,#1342,.T.);
#3646=EDGE_CURVE('',#2960,#2961,#1343,.T.);
#3647=EDGE_CURVE('',#2961,#2958,#2503,.T.);
#3648=EDGE_CURVE('',#2956,#2962,#1344,.T.);
#3649=EDGE_CURVE('',#2962,#2963,#1345,.T.);
#3650=EDGE_CURVE('',#2963,#2964,#2504,.T.);
#3651=EDGE_CURVE('',#2964,#2965,#1346,.T.);
#3652=EDGE_CURVE('',#2965,#2966,#2505,.T.);
#3653=EDGE_CURVE('',#2966,#2967,#1347,.T.);
#3654=EDGE_CURVE('',#2967,#2968,#1348,.T.);
#3655=EDGE_CURVE('',#2968,#2969,#1349,.T.);
#3656=EDGE_CURVE('',#2969,#2960,#1350,.T.);
#3657=EDGE_CURVE('',#2970,#2970,#2506,.T.);
#3658=EDGE_CURVE('',#2971,#2948,#1351,.T.);
#3659=EDGE_CURVE('',#2972,#2971,#1352,.T.);
#3660=EDGE_CURVE('',#2973,#2972,#1353,.T.);
#3661=EDGE_CURVE('',#2842,#2973,#1354,.T.);
#3662=EDGE_CURVE('',#2841,#2974,#1355,.F.);
#3663=EDGE_CURVE('',#2974,#2962,#1356,.T.);
#3664=EDGE_CURVE('',#2879,#2975,#1357,.T.);
#3665=EDGE_CURVE('',#2975,#2938,#1358,.T.);
#3666=EDGE_CURVE('',#2953,#2975,#1359,.T.);
#3667=EDGE_CURVE('',#2959,#2976,#1360,.T.);
#3668=EDGE_CURVE('',#2976,#2977,#1361,.F.);
#3669=EDGE_CURVE('',#2978,#2977,#1362,.T.);
#3670=EDGE_CURVE('',#2979,#2978,#1363,.T.);
#3671=EDGE_CURVE('',#2979,#2980,#2507,.T.);
#3672=EDGE_CURVE('',#2981,#2980,#1364,.T.);
#3673=EDGE_CURVE('',#2982,#2981,#2508,.T.);
#3674=EDGE_CURVE('',#2983,#2982,#1365,.T.);
#3675=EDGE_CURVE('',#2984,#2983,#2509,.F.);
#3676=EDGE_CURVE('',#2984,#2985,#1366,.F.);
#3677=EDGE_CURVE('',#2946,#2985,#2510,.T.);
#3678=EDGE_CURVE('',#2986,#2986,#2511,.T.);
#3679=EDGE_CURVE('',#2987,#2987,#2512,.T.);
#3680=EDGE_CURVE('',#2988,#2989,#1367,.T.);
#3681=EDGE_CURVE('',#2990,#2988,#1368,.T.);
#3682=EDGE_CURVE('',#2991,#2990,#1369,.T.);
#3683=EDGE_CURVE('',#2989,#2991,#1370,.T.);
#3684=EDGE_CURVE('',#2992,#2993,#1371,.T.);
#3685=EDGE_CURVE('',#2994,#2992,#1372,.T.);
#3686=EDGE_CURVE('',#2995,#2994,#1373,.T.);
#3687=EDGE_CURVE('',#2993,#2995,#1374,.T.);
#3688=EDGE_CURVE('',#2996,#2981,#2513,.T.);
#3689=EDGE_CURVE('',#2980,#2997,#74,.F.);
#3690=EDGE_CURVE('',#2997,#2996,#1375,.T.);
#3691=EDGE_CURVE('',#2998,#2982,#2514,.T.);
#3692=EDGE_CURVE('',#2996,#2998,#2515,.T.);
#3693=EDGE_CURVE('',#2999,#2983,#16,.F.);
#3694=EDGE_CURVE('',#2998,#2999,#1376,.T.);
#3695=EDGE_CURVE('',#2999,#3000,#1377,.T.);
#3696=EDGE_CURVE('',#3001,#2998,#1378,.T.);
#3697=EDGE_CURVE('',#3002,#3001,#1379,.T.);
#3698=EDGE_CURVE('',#3003,#3002,#1380,.T.);
#3699=EDGE_CURVE('',#3000,#3003,#1381,.T.);
#3700=EDGE_CURVE('',#2996,#3004,#1382,.T.);
#3701=EDGE_CURVE('',#3001,#3004,#2516,.T.);
#3702=EDGE_CURVE('',#2997,#2965,#1383,.T.);
#3703=EDGE_CURVE('',#3005,#2964,#1384,.T.);
#3704=EDGE_CURVE('',#3005,#3006,#1385,.F.);
#3705=EDGE_CURVE('',#3007,#3006,#1386,.T.);
#3706=EDGE_CURVE('',#3004,#3007,#1387,.T.);
#3707=EDGE_CURVE('',#3008,#3008,#2517,.T.);
#3708=EDGE_CURVE('',#3008,#3009,#1388,.T.);
#3709=EDGE_CURVE('',#3010,#3009,#2518,.T.);
#3710=EDGE_CURVE('',#3009,#3010,#2519,.T.);
#3711=EDGE_CURVE('',#3011,#3011,#2520,.T.);
#3712=EDGE_CURVE('',#3011,#3008,#1389,.T.);
#3713=EDGE_CURVE('',#2844,#3012,#1390,.T.);
#3714=EDGE_CURVE('',#3012,#3013,#2521,.T.);
#3715=EDGE_CURVE('',#3013,#2843,#1391,.T.);
#3716=EDGE_CURVE('',#3014,#3013,#2522,.T.);
#3717=EDGE_CURVE('',#2845,#3014,#1392,.T.);
#3718=EDGE_CURVE('',#3014,#3015,#2523,.T.);
#3719=EDGE_CURVE('',#3015,#2846,#1393,.T.);
#3720=EDGE_CURVE('',#3016,#3017,#2524,.T.);
#3721=EDGE_CURVE('',#3017,#2847,#1394,.T.);
#3722=EDGE_CURVE('',#2848,#3016,#1395,.T.);
#3723=EDGE_CURVE('',#3018,#2850,#1396,.T.);
#3724=EDGE_CURVE('',#3016,#3018,#2525,.T.);
#3725=EDGE_CURVE('',#2849,#3019,#1397,.T.);
#3726=EDGE_CURVE('',#3019,#3018,#2526,.T.);
#3727=EDGE_CURVE('',#3020,#3021,#1398,.T.);
#3728=EDGE_CURVE('',#3022,#3020,#2527,.F.);
#3729=EDGE_CURVE('',#3023,#3022,#1399,.T.);
#3730=EDGE_CURVE('',#3024,#3023,#2528,.T.);
#3731=EDGE_CURVE('',#3025,#3024,#1400,.T.);
#3732=EDGE_CURVE('',#3021,#3025,#2529,.F.);
#3733=EDGE_CURVE('',#3015,#3012,#2530,.T.);
#3734=EDGE_CURVE('',#3026,#3027,#2531,.T.);
#3735=EDGE_CURVE('',#3028,#3026,#1401,.T.);
#3736=EDGE_CURVE('',#3029,#3028,#2532,.F.);
#3737=EDGE_CURVE('',#3030,#3029,#1402,.T.);
#3738=EDGE_CURVE('',#3031,#3030,#2533,.T.);
#3739=EDGE_CURVE('',#3032,#3031,#1403,.T.);
#3740=EDGE_CURVE('',#3027,#3032,#2534,.F.);
#3741=EDGE_CURVE('',#3017,#3019,#2535,.T.);
#3742=EDGE_CURVE('',#2993,#3033,#1404,.T.);
#3743=EDGE_CURVE('',#3033,#3034,#1405,.T.);
#3744=EDGE_CURVE('',#3034,#3035,#17,.T.);
#3745=EDGE_CURVE('',#3035,#2992,#1406,.T.);
#3746=EDGE_CURVE('',#2995,#3036,#1407,.T.);
#3747=EDGE_CURVE('',#3036,#3033,#1408,.T.);
#3748=EDGE_CURVE('',#3037,#3036,#1409,.T.);
#3749=EDGE_CURVE('',#3038,#2994,#1410,.T.);
#3750=EDGE_CURVE('',#3038,#3037,#18,.T.);
#3751=EDGE_CURVE('',#3035,#3038,#1411,.T.);
#3752=EDGE_CURVE('',#3039,#3037,#2536,.F.);
#3753=EDGE_CURVE('',#3040,#3039,#2537,.F.);
#3754=EDGE_CURVE('',#3041,#3040,#2538,.F.);
#3755=EDGE_CURVE('',#3042,#3041,#1412,.F.);
#3756=EDGE_CURVE('',#3043,#3042,#2539,.F.);
#3757=EDGE_CURVE('',#3044,#3043,#2540,.F.);
#3758=EDGE_CURVE('',#3045,#3044,#2541,.F.);
#3759=EDGE_CURVE('',#3046,#3045,#2542,.F.);
#3760=EDGE_CURVE('',#3047,#3046,#2543,.F.);
#3761=EDGE_CURVE('',#3048,#3047,#1413,.F.);
#3762=EDGE_CURVE('',#3049,#3048,#2544,.F.);
#3763=EDGE_CURVE('',#3050,#3049,#2545,.F.);
#3764=EDGE_CURVE('',#3051,#3050,#2546,.F.);
#3765=EDGE_CURVE('',#3052,#3051,#2547,.F.);
#3766=EDGE_CURVE('',#3053,#3052,#2548,.F.);
#3767=EDGE_CURVE('',#3054,#3053,#1414,.F.);
#3768=EDGE_CURVE('',#3055,#3054,#2549,.F.);
#3769=EDGE_CURVE('',#3056,#3055,#2550,.F.);
#3770=EDGE_CURVE('',#3057,#3056,#2551,.F.);
#3771=EDGE_CURVE('',#3058,#3057,#2552,.F.);
#3772=EDGE_CURVE('',#3059,#3058,#2553,.F.);
#3773=EDGE_CURVE('',#3060,#3059,#1415,.F.);
#3774=EDGE_CURVE('',#3061,#3060,#2554,.F.);
#3775=EDGE_CURVE('',#3062,#3061,#2555,.F.);
#3776=EDGE_CURVE('',#3063,#3062,#2556,.F.);
#3777=EDGE_CURVE('',#3064,#3063,#2557,.F.);
#3778=EDGE_CURVE('',#3065,#3064,#2558,.F.);
#3779=EDGE_CURVE('',#3066,#3065,#1416,.T.);
#3780=EDGE_CURVE('',#3067,#3066,#1417,.F.);
#3781=EDGE_CURVE('',#3036,#3067,#1418,.T.);
#3782=EDGE_CURVE('',#3068,#3034,#2559,.F.);
#3783=EDGE_CURVE('',#3068,#3039,#1419,.T.);
#3784=EDGE_CURVE('',#3069,#3069,#2560,.T.);
#3785=EDGE_CURVE('',#3069,#2986,#1420,.T.);
#3786=EDGE_CURVE('',#3070,#3070,#2561,.T.);
#3787=EDGE_CURVE('',#3070,#3069,#1421,.T.);
#3788=EDGE_CURVE('',#2989,#3071,#1422,.T.);
#3789=EDGE_CURVE('',#3071,#3072,#1423,.T.);
#3790=EDGE_CURVE('',#3072,#3073,#19,.T.);
#3791=EDGE_CURVE('',#3073,#2988,#1424,.T.);
#3792=EDGE_CURVE('',#2991,#3074,#1425,.T.);
#3793=EDGE_CURVE('',#3074,#3071,#1426,.T.);
#3794=EDGE_CURVE('',#3073,#3075,#1427,.T.);
#3795=EDGE_CURVE('',#3075,#2990,#1428,.T.);
#3796=EDGE_CURVE('',#3075,#3076,#20,.T.);
#3797=EDGE_CURVE('',#3076,#3074,#1429,.T.);
#3798=EDGE_CURVE('',#3077,#3076,#2562,.F.);
#3799=EDGE_CURVE('',#3078,#3077,#2563,.F.);
#3800=EDGE_CURVE('',#3079,#3078,#2564,.F.);
#3801=EDGE_CURVE('',#3080,#3079,#1430,.F.);
#3802=EDGE_CURVE('',#3081,#3080,#2565,.F.);
#3803=EDGE_CURVE('',#3082,#3081,#2566,.F.);
#3804=EDGE_CURVE('',#3083,#3082,#2567,.F.);
#3805=EDGE_CURVE('',#3084,#3083,#2568,.F.);
#3806=EDGE_CURVE('',#3085,#3084,#2569,.F.);
#3807=EDGE_CURVE('',#3086,#3085,#1431,.F.);
#3808=EDGE_CURVE('',#3087,#3086,#2570,.F.);
#3809=EDGE_CURVE('',#3088,#3087,#2571,.F.);
#3810=EDGE_CURVE('',#3089,#3088,#2572,.F.);
#3811=EDGE_CURVE('',#3090,#3089,#2573,.F.);
#3812=EDGE_CURVE('',#3091,#3090,#2574,.F.);
#3813=EDGE_CURVE('',#3092,#3091,#1432,.F.);
#3814=EDGE_CURVE('',#3093,#3092,#2575,.F.);
#3815=EDGE_CURVE('',#3094,#3093,#2576,.F.);
#3816=EDGE_CURVE('',#3095,#3094,#2577,.F.);
#3817=EDGE_CURVE('',#3096,#3095,#2578,.F.);
#3818=EDGE_CURVE('',#3097,#3096,#2579,.F.);
#3819=EDGE_CURVE('',#3098,#3097,#1433,.F.);
#3820=EDGE_CURVE('',#3099,#3098,#2580,.F.);
#3821=EDGE_CURVE('',#3100,#3099,#2581,.F.);
#3822=EDGE_CURVE('',#3101,#3100,#2582,.F.);
#3823=EDGE_CURVE('',#3102,#3101,#2583,.F.);
#3824=EDGE_CURVE('',#3103,#3102,#2584,.F.);
#3825=EDGE_CURVE('',#3104,#3103,#1434,.T.);
#3826=EDGE_CURVE('',#3105,#3104,#1435,.F.);
#3827=EDGE_CURVE('',#3074,#3105,#1436,.T.);
#3828=EDGE_CURVE('',#3106,#3072,#2585,.F.);
#3829=EDGE_CURVE('',#3106,#3077,#1437,.T.);
#3830=EDGE_CURVE('',#3107,#3107,#2586,.T.);
#3831=EDGE_CURVE('',#3107,#2987,#1438,.T.);
#3832=EDGE_CURVE('',#3108,#3108,#2587,.T.);
#3833=EDGE_CURVE('',#3108,#3107,#1439,.T.);
#3834=EDGE_CURVE('',#3109,#3110,#1440,.T.);
#3835=EDGE_CURVE('',#3109,#3111,#1441,.T.);
#3836=EDGE_CURVE('',#3111,#3112,#1442,.T.);
#3837=EDGE_CURVE('',#3110,#3112,#1443,.T.);
#3838=EDGE_CURVE('',#3113,#3114,#1444,.T.);
#3839=EDGE_CURVE('',#3113,#3115,#1445,.T.);
#3840=EDGE_CURVE('',#3115,#3116,#1446,.T.);
#3841=EDGE_CURVE('',#3114,#3116,#1447,.T.);
#3842=EDGE_CURVE('',#3112,#3115,#1448,.T.);
#3843=EDGE_CURVE('',#3116,#3111,#1449,.T.);
#3844=EDGE_CURVE('',#3117,#3110,#1450,.T.);
#3845=EDGE_CURVE('',#3118,#3117,#2588,.T.);
#3846=EDGE_CURVE('',#3119,#3118,#2589,.T.);
#3847=EDGE_CURVE('',#3109,#3119,#1451,.T.);
#3848=EDGE_CURVE('',#3120,#3121,#1452,.T.);
#3849=EDGE_CURVE('',#3120,#3117,#1453,.T.);
#3850=EDGE_CURVE('',#3113,#3122,#1454,.T.);
#3851=EDGE_CURVE('',#3121,#3122,#1455,.T.);
#3852=EDGE_CURVE('',#3123,#3124,#1456,.T.);
#3853=EDGE_CURVE('',#3123,#3125,#1457,.T.);
#3854=EDGE_CURVE('',#3125,#3114,#1458,.T.);
#3855=EDGE_CURVE('',#3124,#3119,#1459,.T.);
#3856=EDGE_CURVE('',#3122,#3125,#2590,.T.);
#3857=EDGE_CURVE('',#3123,#3124,#2591,.T.);
#3858=EDGE_CURVE('',#3126,#3127,#1460,.T.);
#3859=EDGE_CURVE('',#3126,#3128,#1461,.T.);
#3860=EDGE_CURVE('',#3128,#3129,#1462,.T.);
#3861=EDGE_CURVE('',#3127,#3129,#1463,.T.);
#3862=EDGE_CURVE('',#3130,#3131,#1464,.T.);
#3863=EDGE_CURVE('',#3130,#3132,#1465,.T.);
#3864=EDGE_CURVE('',#3132,#3133,#1466,.T.);
#3865=EDGE_CURVE('',#3131,#3133,#1467,.T.);
#3866=EDGE_CURVE('',#3129,#3132,#1468,.T.);
#3867=EDGE_CURVE('',#3133,#3128,#1469,.T.);
#3868=EDGE_CURVE('',#3134,#3127,#1470,.T.);
#3869=EDGE_CURVE('',#3135,#3134,#2592,.T.);
#3870=EDGE_CURVE('',#3136,#3135,#2593,.T.);
#3871=EDGE_CURVE('',#3126,#3136,#1471,.T.);
#3872=EDGE_CURVE('',#3137,#3138,#1472,.T.);
#3873=EDGE_CURVE('',#3137,#3134,#1473,.T.);
#3874=EDGE_CURVE('',#3130,#3139,#1474,.T.);
#3875=EDGE_CURVE('',#3138,#3139,#1475,.T.);
#3876=EDGE_CURVE('',#3140,#3141,#1476,.T.);
#3877=EDGE_CURVE('',#3140,#3142,#1477,.T.);
#3878=EDGE_CURVE('',#3142,#3131,#1478,.T.);
#3879=EDGE_CURVE('',#3141,#3136,#1479,.T.);
#3880=EDGE_CURVE('',#3139,#3142,#2594,.T.);
#3881=EDGE_CURVE('',#3140,#3141,#2595,.T.);
#3882=EDGE_CURVE('',#3143,#3143,#2596,.T.);
#3883=EDGE_CURVE('',#3143,#2916,#1480,.T.);
#3884=EDGE_CURVE('',#3143,#3118,#1481,.T.);
#3885=EDGE_CURVE('',#3120,#3121,#2597,.T.);
#3886=EDGE_CURVE('',#3144,#3144,#2598,.T.);
#3887=EDGE_CURVE('',#3144,#2896,#1482,.T.);
#3888=EDGE_CURVE('',#3144,#3135,#1483,.T.);
#3889=EDGE_CURVE('',#3137,#3138,#2599,.T.);
#3890=EDGE_CURVE('',#2899,#3145,#2600,.F.);
#3891=EDGE_CURVE('',#3145,#3146,#2601,.F.);
#3892=EDGE_CURVE('',#3147,#3146,#2602,.T.);
#3893=EDGE_CURVE('',#3147,#3148,#1484,.F.);
#3894=EDGE_CURVE('',#3149,#3148,#2603,.T.);
#3895=EDGE_CURVE('',#3149,#3150,#2604,.F.);
#3896=EDGE_CURVE('',#3150,#3151,#2605,.F.);
#3897=EDGE_CURVE('',#3151,#3152,#2606,.F.);
#3898=EDGE_CURVE('',#3153,#3152,#2607,.T.);
#3899=EDGE_CURVE('',#3154,#3153,#1485,.F.);
#3900=EDGE_CURVE('',#3155,#3154,#1486,.T.);
#3901=EDGE_CURVE('',#3155,#2900,#1487,.F.);
#3902=EDGE_CURVE('',#3156,#3105,#2608,.T.);
#3903=EDGE_CURVE('',#3156,#2897,#1488,.F.);
#3904=EDGE_CURVE('',#3157,#3155,#2609,.T.);
#3905=EDGE_CURVE('',#3071,#3157,#1489,.T.);
#3906=EDGE_CURVE('',#3154,#3158,#2610,.T.);
#3907=EDGE_CURVE('',#3158,#3157,#1490,.T.);
#3908=EDGE_CURVE('',#3159,#3158,#1491,.F.);
#3909=EDGE_CURVE('',#3160,#3159,#2611,.T.);
#3910=EDGE_CURVE('',#3160,#3161,#2612,.F.);
#3911=EDGE_CURVE('',#3161,#3162,#2613,.F.);
#3912=EDGE_CURVE('',#3162,#3163,#2614,.F.);
#3913=EDGE_CURVE('',#3164,#3163,#2615,.T.);
#3914=EDGE_CURVE('',#3164,#3165,#1492,.F.);
#3915=EDGE_CURVE('',#3166,#3165,#2616,.T.);
#3916=EDGE_CURVE('',#3166,#3167,#2617,.F.);
#3917=EDGE_CURVE('',#3167,#3168,#2618,.F.);
#3918=EDGE_CURVE('',#3168,#3169,#2619,.F.);
#3919=EDGE_CURVE('',#3170,#3169,#2620,.T.);
#3920=EDGE_CURVE('',#3170,#3171,#1493,.F.);
#3921=EDGE_CURVE('',#3172,#3171,#2621,.T.);
#3922=EDGE_CURVE('',#3172,#3173,#2622,.F.);
#3923=EDGE_CURVE('',#3173,#3174,#2623,.F.);
#3924=EDGE_CURVE('',#3174,#3175,#2624,.F.);
#3925=EDGE_CURVE('',#3176,#3175,#2625,.T.);
#3926=EDGE_CURVE('',#3176,#3177,#1494,.F.);
#3927=EDGE_CURVE('',#3178,#3177,#2626,.T.);
#3928=EDGE_CURVE('',#3178,#3179,#2627,.F.);
#3929=EDGE_CURVE('',#3179,#3180,#2628,.F.);
#3930=EDGE_CURVE('',#3180,#3181,#2629,.F.);
#3931=EDGE_CURVE('',#3182,#3181,#2630,.T.);
#3932=EDGE_CURVE('',#3182,#3183,#1495,.F.);
#3933=EDGE_CURVE('',#3184,#3183,#2631,.T.);
#3934=EDGE_CURVE('',#3184,#3106,#2632,.F.);
#3935=EDGE_CURVE('',#3104,#3185,#2633,.T.);
#3936=EDGE_CURVE('',#3185,#3156,#1496,.F.);
#3937=EDGE_CURVE('',#3186,#3185,#1497,.T.);
#3938=EDGE_CURVE('',#3187,#3186,#2634,.F.);
#3939=EDGE_CURVE('',#3188,#3187,#2635,.F.);
#3940=EDGE_CURVE('',#3189,#3188,#2636,.F.);
#3941=EDGE_CURVE('',#3190,#3189,#2637,.F.);
#3942=EDGE_CURVE('',#3191,#3190,#2638,.F.);
#3943=EDGE_CURVE('',#3192,#3191,#1498,.F.);
#3944=EDGE_CURVE('',#3193,#3192,#2639,.F.);
#3945=EDGE_CURVE('',#3194,#3193,#2640,.F.);
#3946=EDGE_CURVE('',#2898,#3194,#2641,.F.);
#3947=EDGE_CURVE('',#3184,#3078,#1499,.T.);
#3948=EDGE_CURVE('',#3183,#3079,#1500,.T.);
#3949=EDGE_CURVE('',#3182,#3080,#1501,.T.);
#3950=EDGE_CURVE('',#3181,#3081,#1502,.T.);
#3951=EDGE_CURVE('',#3180,#3082,#1503,.T.);
#3952=EDGE_CURVE('',#3179,#3083,#1504,.T.);
#3953=EDGE_CURVE('',#3178,#3084,#1505,.T.);
#3954=EDGE_CURVE('',#3177,#3085,#1506,.T.);
#3955=EDGE_CURVE('',#3176,#3086,#1507,.T.);
#3956=EDGE_CURVE('',#3175,#3087,#1508,.T.);
#3957=EDGE_CURVE('',#3174,#3088,#1509,.T.);
#3958=EDGE_CURVE('',#3173,#3089,#1510,.T.);
#3959=EDGE_CURVE('',#3172,#3090,#1511,.T.);
#3960=EDGE_CURVE('',#3171,#3091,#1512,.T.);
#3961=EDGE_CURVE('',#3170,#3092,#1513,.T.);
#3962=EDGE_CURVE('',#3169,#3093,#1514,.T.);
#3963=EDGE_CURVE('',#3168,#3094,#1515,.T.);
#3964=EDGE_CURVE('',#3167,#3095,#1516,.T.);
#3965=EDGE_CURVE('',#3166,#3096,#1517,.T.);
#3966=EDGE_CURVE('',#3165,#3097,#1518,.T.);
#3967=EDGE_CURVE('',#3164,#3098,#1519,.T.);
#3968=EDGE_CURVE('',#3163,#3099,#1520,.T.);
#3969=EDGE_CURVE('',#3162,#3100,#1521,.T.);
#3970=EDGE_CURVE('',#3161,#3101,#1522,.T.);
#3971=EDGE_CURVE('',#3160,#3102,#1523,.T.);
#3972=EDGE_CURVE('',#3159,#3103,#1524,.T.);
#3973=EDGE_CURVE('',#3153,#3186,#1525,.T.);
#3974=EDGE_CURVE('',#3152,#3187,#1526,.T.);
#3975=EDGE_CURVE('',#3151,#3188,#1527,.T.);
#3976=EDGE_CURVE('',#3150,#3189,#1528,.T.);
#3977=EDGE_CURVE('',#3149,#3190,#1529,.T.);
#3978=EDGE_CURVE('',#3148,#3191,#1530,.T.);
#3979=EDGE_CURVE('',#3147,#3192,#1531,.T.);
#3980=EDGE_CURVE('',#3146,#3193,#1532,.T.);
#3981=EDGE_CURVE('',#3145,#3194,#1533,.T.);
#3982=EDGE_CURVE('',#2903,#3195,#2642,.F.);
#3983=EDGE_CURVE('',#3195,#3196,#2643,.F.);
#3984=EDGE_CURVE('',#3197,#3196,#2644,.T.);
#3985=EDGE_CURVE('',#3197,#3198,#1534,.F.);
#3986=EDGE_CURVE('',#3199,#3198,#2645,.T.);
#3987=EDGE_CURVE('',#3199,#3200,#2646,.F.);
#3988=EDGE_CURVE('',#3200,#3201,#2647,.F.);
#3989=EDGE_CURVE('',#3201,#3202,#2648,.F.);
#3990=EDGE_CURVE('',#3203,#3202,#2649,.T.);
#3991=EDGE_CURVE('',#3204,#3203,#1535,.F.);
#3992=EDGE_CURVE('',#3205,#3204,#1536,.T.);
#3993=EDGE_CURVE('',#3205,#2904,#1537,.F.);
#3994=EDGE_CURVE('',#3206,#3067,#2650,.T.);
#3995=EDGE_CURVE('',#3206,#2901,#1538,.F.);
#3996=EDGE_CURVE('',#3207,#3205,#2651,.T.);
#3997=EDGE_CURVE('',#3033,#3207,#1539,.T.);
#3998=EDGE_CURVE('',#3204,#3208,#2652,.T.);
#3999=EDGE_CURVE('',#3208,#3207,#1540,.T.);
#4000=EDGE_CURVE('',#3209,#3208,#1541,.F.);
#4001=EDGE_CURVE('',#3210,#3209,#2653,.T.);
#4002=EDGE_CURVE('',#3210,#3211,#2654,.F.);
#4003=EDGE_CURVE('',#3211,#3212,#2655,.F.);
#4004=EDGE_CURVE('',#3212,#3213,#2656,.F.);
#4005=EDGE_CURVE('',#3214,#3213,#2657,.T.);
#4006=EDGE_CURVE('',#3214,#3215,#1542,.F.);
#4007=EDGE_CURVE('',#3216,#3215,#2658,.T.);
#4008=EDGE_CURVE('',#3216,#3217,#2659,.F.);
#4009=EDGE_CURVE('',#3217,#3218,#2660,.F.);
#4010=EDGE_CURVE('',#3218,#3219,#2661,.F.);
#4011=EDGE_CURVE('',#3220,#3219,#2662,.T.);
#4012=EDGE_CURVE('',#3220,#3221,#1543,.F.);
#4013=EDGE_CURVE('',#3222,#3221,#2663,.T.);
#4014=EDGE_CURVE('',#3222,#3223,#2664,.F.);
#4015=EDGE_CURVE('',#3223,#3224,#2665,.F.);
#4016=EDGE_CURVE('',#3224,#3225,#2666,.F.);
#4017=EDGE_CURVE('',#3226,#3225,#2667,.T.);
#4018=EDGE_CURVE('',#3226,#3227,#1544,.F.);
#4019=EDGE_CURVE('',#3228,#3227,#2668,.T.);
#4020=EDGE_CURVE('',#3228,#3229,#2669,.F.);
#4021=EDGE_CURVE('',#3229,#3230,#2670,.F.);
#4022=EDGE_CURVE('',#3230,#3231,#2671,.F.);
#4023=EDGE_CURVE('',#3232,#3231,#2672,.T.);
#4024=EDGE_CURVE('',#3232,#3233,#1545,.F.);
#4025=EDGE_CURVE('',#3234,#3233,#2673,.T.);
#4026=EDGE_CURVE('',#3234,#3068,#2674,.F.);
#4027=EDGE_CURVE('',#3066,#3235,#2675,.T.);
#4028=EDGE_CURVE('',#3235,#3206,#1546,.F.);
#4029=EDGE_CURVE('',#3236,#3235,#1547,.T.);
#4030=EDGE_CURVE('',#3237,#3236,#2676,.F.);
#4031=EDGE_CURVE('',#3238,#3237,#2677,.F.);
#4032=EDGE_CURVE('',#3239,#3238,#2678,.F.);
#4033=EDGE_CURVE('',#3240,#3239,#2679,.F.);
#4034=EDGE_CURVE('',#3241,#3240,#2680,.F.);
#4035=EDGE_CURVE('',#3242,#3241,#1548,.F.);
#4036=EDGE_CURVE('',#3243,#3242,#2681,.F.);
#4037=EDGE_CURVE('',#3244,#3243,#2682,.F.);
#4038=EDGE_CURVE('',#2902,#3244,#2683,.F.);
#4039=EDGE_CURVE('',#3234,#3040,#1549,.T.);
#4040=EDGE_CURVE('',#3233,#3041,#1550,.T.);
#4041=EDGE_CURVE('',#3232,#3042,#1551,.T.);
#4042=EDGE_CURVE('',#3231,#3043,#1552,.T.);
#4043=EDGE_CURVE('',#3230,#3044,#1553,.T.);
#4044=EDGE_CURVE('',#3229,#3045,#1554,.T.);
#4045=EDGE_CURVE('',#3228,#3046,#1555,.T.);
#4046=EDGE_CURVE('',#3227,#3047,#1556,.T.);
#4047=EDGE_CURVE('',#3226,#3048,#1557,.T.);
#4048=EDGE_CURVE('',#3225,#3049,#1558,.T.);
#4049=EDGE_CURVE('',#3224,#3050,#1559,.T.);
#4050=EDGE_CURVE('',#3223,#3051,#1560,.T.);
#4051=EDGE_CURVE('',#3222,#3052,#1561,.T.);
#4052=EDGE_CURVE('',#3221,#3053,#1562,.T.);
#4053=EDGE_CURVE('',#3220,#3054,#1563,.T.);
#4054=EDGE_CURVE('',#3219,#3055,#1564,.T.);
#4055=EDGE_CURVE('',#3218,#3056,#1565,.T.);
#4056=EDGE_CURVE('',#3217,#3057,#1566,.T.);
#4057=EDGE_CURVE('',#3216,#3058,#1567,.T.);
#4058=EDGE_CURVE('',#3215,#3059,#1568,.T.);
#4059=EDGE_CURVE('',#3214,#3060,#1569,.T.);
#4060=EDGE_CURVE('',#3213,#3061,#1570,.T.);
#4061=EDGE_CURVE('',#3212,#3062,#1571,.T.);
#4062=EDGE_CURVE('',#3211,#3063,#1572,.T.);
#4063=EDGE_CURVE('',#3210,#3064,#1573,.T.);
#4064=EDGE_CURVE('',#3209,#3065,#1574,.T.);
#4065=EDGE_CURVE('',#3203,#3236,#1575,.T.);
#4066=EDGE_CURVE('',#3202,#3237,#1576,.T.);
#4067=EDGE_CURVE('',#3201,#3238,#1577,.T.);
#4068=EDGE_CURVE('',#3200,#3239,#1578,.T.);
#4069=EDGE_CURVE('',#3199,#3240,#1579,.T.);
#4070=EDGE_CURVE('',#3198,#3241,#1580,.T.);
#4071=EDGE_CURVE('',#3197,#3242,#1581,.T.);
#4072=EDGE_CURVE('',#3196,#3243,#1582,.T.);
#4073=EDGE_CURVE('',#3195,#3244,#1583,.T.);
#4074=EDGE_CURVE('',#2941,#3002,#2684,.T.);
#4075=EDGE_CURVE('',#3002,#2884,#1584,.T.);
#4076=EDGE_CURVE('',#3001,#2885,#1585,.T.);
#4077=EDGE_CURVE('',#3004,#2886,#1586,.T.);
#4078=EDGE_CURVE('',#3007,#2887,#1587,.T.);
#4079=EDGE_CURVE('',#3245,#2888,#1588,.T.);
#4080=EDGE_CURVE('',#3007,#3245,#2685,.T.);
#4081=EDGE_CURVE('',#2941,#3246,#1589,.T.);
#4082=EDGE_CURVE('',#3003,#3246,#2686,.T.);
#4083=EDGE_CURVE('',#3247,#3006,#2687,.F.);
#4084=EDGE_CURVE('',#3245,#3247,#1590,.T.);
#4085=EDGE_CURVE('',#3248,#3249,#1591,.T.);
#4086=EDGE_CURVE('',#3249,#2968,#1592,.F.);
#4087=EDGE_CURVE('',#2967,#3248,#1593,.T.);
#4088=EDGE_CURVE('',#2977,#3249,#2688,.F.);
#4089=EDGE_CURVE('',#3248,#2978,#2689,.T.);
#4090=EDGE_CURVE('',#2969,#3250,#1594,.F.);
#4091=EDGE_CURVE('',#2961,#3250,#1595,.T.);
#4092=EDGE_CURVE('',#2877,#2972,#1596,.T.);
#4093=EDGE_CURVE('',#2917,#2972,#2690,.T.);
#4094=EDGE_CURVE('',#2923,#2973,#75,.T.);
#4095=EDGE_CURVE('',#3251,#3252,#36,.F.);
#4096=EDGE_CURVE('',#3252,#3253,#2691,.T.);
#4097=EDGE_CURVE('',#3253,#3254,#1597,.T.);
#4098=EDGE_CURVE('',#3254,#3251,#2692,.T.);
#4099=EDGE_CURVE('',#3253,#3255,#1598,.T.);
#4100=EDGE_CURVE('',#3255,#3256,#1599,.T.);
#4101=EDGE_CURVE('',#3256,#3254,#1600,.T.);
#4102=EDGE_CURVE('',#3257,#3258,#1601,.T.);
#4103=EDGE_CURVE('',#3258,#3256,#2693,.T.);
#4104=EDGE_CURVE('',#3255,#3257,#2694,.T.);
#4105=EDGE_CURVE('',#2894,#3258,#2695,.T.);
#4106=EDGE_CURVE('',#3257,#3259,#2696,.T.);
#4107=EDGE_CURVE('',#3259,#3260,#37,.F.);
#4108=EDGE_CURVE('',#2895,#3260,#38,.F.);
#4109=EDGE_CURVE('',#3261,#3252,#1602,.F.);
#4110=EDGE_CURVE('',#3261,#3262,#2697,.T.);
#4111=EDGE_CURVE('',#3263,#3262,#1603,.T.);
#4112=EDGE_CURVE('',#3264,#3263,#2698,.F.);
#4113=EDGE_CURVE('',#3259,#3264,#1604,.T.);
#4114=EDGE_CURVE('',#3265,#3266,#1605,.F.);
#4115=EDGE_CURVE('',#3266,#3267,#1606,.T.);
#4116=EDGE_CURVE('',#3267,#3268,#1607,.T.);
#4117=EDGE_CURVE('',#3268,#3265,#1608,.T.);
#4118=EDGE_CURVE('',#3267,#3269,#2699,.T.);
#4119=EDGE_CURVE('',#3269,#3270,#1609,.T.);
#4120=EDGE_CURVE('',#3270,#3268,#2700,.T.);
#4121=EDGE_CURVE('',#3271,#3272,#1610,.T.);
#4122=EDGE_CURVE('',#3272,#3270,#1611,.T.);
#4123=EDGE_CURVE('',#3269,#3271,#1612,.T.);
#4124=EDGE_CURVE('',#3271,#3273,#2701,.T.);
#4125=EDGE_CURVE('',#3273,#3274,#1613,.T.);
#4126=EDGE_CURVE('',#3274,#3272,#2702,.T.);
#4127=EDGE_CURVE('',#3275,#3276,#1614,.T.);
#4128=EDGE_CURVE('',#3276,#3274,#1615,.T.);
#4129=EDGE_CURVE('',#3273,#3275,#1616,.T.);
#4130=EDGE_CURVE('',#3275,#3277,#2703,.T.);
#4131=EDGE_CURVE('',#3277,#3278,#1617,.T.);
#4132=EDGE_CURVE('',#3278,#3276,#2704,.T.);
#4133=EDGE_CURVE('',#3279,#3280,#1618,.T.);
#4134=EDGE_CURVE('',#3280,#3278,#1619,.T.);
#4135=EDGE_CURVE('',#3277,#3279,#1620,.T.);
#4136=EDGE_CURVE('',#3281,#3282,#1621,.T.);
#4137=EDGE_CURVE('',#3282,#3280,#2705,.T.);
#4138=EDGE_CURVE('',#3279,#3281,#2706,.T.);
#4139=EDGE_CURVE('',#3283,#3284,#1622,.T.);
#4140=EDGE_CURVE('',#3284,#3282,#1623,.T.);
#4141=EDGE_CURVE('',#3281,#3283,#1624,.T.);
#4142=EDGE_CURVE('',#3283,#3285,#2707,.T.);
#4143=EDGE_CURVE('',#3285,#3286,#1625,.T.);
#4144=EDGE_CURVE('',#3286,#3284,#2708,.T.);
#4145=EDGE_CURVE('',#3287,#3288,#1626,.T.);
#4146=EDGE_CURVE('',#3288,#3286,#1627,.T.);
#4147=EDGE_CURVE('',#3285,#3287,#1628,.T.);
#4148=EDGE_CURVE('',#3287,#3289,#2709,.T.);
#4149=EDGE_CURVE('',#3289,#3290,#1629,.T.);
#4150=EDGE_CURVE('',#3290,#3288,#2710,.T.);
#4151=EDGE_CURVE('',#3291,#3292,#1630,.T.);
#4152=EDGE_CURVE('',#3292,#3290,#1631,.T.);
#4153=EDGE_CURVE('',#3289,#3291,#1632,.T.);
#4154=EDGE_CURVE('',#3293,#3294,#1633,.T.);
#4155=EDGE_CURVE('',#3294,#3292,#2711,.T.);
#4156=EDGE_CURVE('',#3291,#3293,#2712,.T.);
#4157=EDGE_CURVE('',#3293,#3295,#2713,.T.);
#4158=EDGE_CURVE('',#3295,#3296,#1634,.T.);
#4159=EDGE_CURVE('',#3296,#3294,#2714,.T.);
#4160=EDGE_CURVE('',#3297,#3298,#1635,.T.);
#4161=EDGE_CURVE('',#3298,#3296,#1636,.T.);
#4162=EDGE_CURVE('',#3295,#3297,#1637,.T.);
#4163=EDGE_CURVE('',#3297,#3299,#2715,.T.);
#4164=EDGE_CURVE('',#3299,#3300,#1638,.T.);
#4165=EDGE_CURVE('',#3300,#3298,#2716,.T.);
#4166=EDGE_CURVE('',#3301,#3302,#1639,.T.);
#4167=EDGE_CURVE('',#3302,#3300,#1640,.T.);
#4168=EDGE_CURVE('',#3299,#3301,#1641,.T.);
#4169=EDGE_CURVE('',#3301,#3303,#2717,.T.);
#4170=EDGE_CURVE('',#3303,#3304,#1642,.T.);
#4171=EDGE_CURVE('',#3304,#3302,#2718,.T.);
#4172=EDGE_CURVE('',#2893,#3305,#2719,.T.);
#4173=EDGE_CURVE('',#3305,#3304,#2720,.T.);
#4174=EDGE_CURVE('',#3303,#2893,#2721,.T.);
#4175=EDGE_CURVE('',#3258,#3303,#1643,.T.);
#4176=EDGE_CURVE('',#3301,#3256,#1644,.T.);
#4177=EDGE_CURVE('',#3254,#3299,#1645,.T.);
#4178=EDGE_CURVE('',#3297,#3251,#1646,.T.);
#4179=EDGE_CURVE('',#3032,#3295,#1647,.T.);
#4180=EDGE_CURVE('',#3306,#3031,#1648,.T.);
#4181=EDGE_CURVE('',#3307,#3306,#1649,.T.);
#4182=EDGE_CURVE('',#3261,#3307,#1650,.T.);
#4183=EDGE_CURVE('',#3293,#3027,#1651,.T.);
#4184=EDGE_CURVE('',#3291,#3026,#1652,.T.);
#4185=EDGE_CURVE('',#3028,#3289,#1653,.T.);
#4186=EDGE_CURVE('',#3287,#3029,#1654,.T.);
#4187=EDGE_CURVE('',#3283,#3022,#1655,.T.);
#4188=EDGE_CURVE('',#3020,#3285,#1656,.T.);
#4189=EDGE_CURVE('',#3281,#3023,#1657,.T.);
#4190=EDGE_CURVE('',#3279,#3024,#1658,.T.);
#4191=EDGE_CURVE('',#3025,#3277,#1659,.T.);
#4192=EDGE_CURVE('',#3275,#3021,#1660,.T.);
#4193=EDGE_CURVE('',#3267,#3308,#1661,.T.);
#4194=EDGE_CURVE('',#2974,#3308,#2722,.T.);
#4195=EDGE_CURVE('',#2840,#3269,#1662,.T.);
#4196=EDGE_CURVE('',#3266,#3309,#1663,.T.);
#4197=EDGE_CURVE('',#3309,#3310,#1664,.F.);
#4198=EDGE_CURVE('',#3310,#3311,#2723,.F.);
#4199=EDGE_CURVE('',#3311,#3247,#1665,.F.);
#4200=EDGE_CURVE('',#3312,#3005,#2724,.F.);
#4201=EDGE_CURVE('',#3312,#3308,#1666,.F.);
#4202=EDGE_CURVE('',#3313,#3314,#1667,.T.);
#4203=EDGE_CURVE('',#3314,#3315,#2725,.T.);
#4204=EDGE_CURVE('',#3315,#3316,#1668,.T.);
#4205=EDGE_CURVE('',#3316,#3317,#2726,.T.);
#4206=EDGE_CURVE('',#3317,#3318,#1669,.T.);
#4207=EDGE_CURVE('',#3318,#3319,#2727,.T.);
#4208=EDGE_CURVE('',#3319,#3320,#1670,.T.);
#4209=EDGE_CURVE('',#3320,#3313,#2728,.T.);
#4210=EDGE_CURVE('',#3321,#3321,#2729,.T.);
#4211=EDGE_CURVE('',#3321,#3322,#1671,.T.);
#4212=EDGE_CURVE('',#3322,#3322,#2730,.T.);
#4213=EDGE_CURVE('',#3323,#3305,#1672,.T.);
#4214=EDGE_CURVE('',#3323,#3265,#1673,.T.);
#4215=EDGE_CURVE('',#3324,#3324,#2731,.T.);
#4216=EDGE_CURVE('',#3321,#3325,#1674,.T.);
#4217=EDGE_CURVE('',#3325,#2828,#2732,.T.);
#4218=EDGE_CURVE('',#2829,#3325,#2733,.T.);
#4219=EDGE_CURVE('',#2963,#3312,#1675,.T.);
#4220=EDGE_CURVE('',#3326,#3327,#1676,.T.);
#4221=EDGE_CURVE('',#3327,#3328,#2734,.T.);
#4222=EDGE_CURVE('',#3328,#3329,#1677,.T.);
#4223=EDGE_CURVE('',#3329,#3326,#2735,.T.);
#4224=EDGE_CURVE('',#3330,#3331,#1678,.T.);
#4225=EDGE_CURVE('',#3314,#3330,#1679,.T.);
#4226=EDGE_CURVE('',#3331,#3313,#1680,.T.);
#4227=EDGE_CURVE('',#3330,#2913,#1681,.T.);
#4228=EDGE_CURVE('',#3331,#2914,#1682,.T.);
#4229=EDGE_CURVE('',#3332,#2921,#2736,.T.);
#4230=EDGE_CURVE('',#3332,#3333,#1683,.T.);
#4231=EDGE_CURVE('',#2918,#3333,#2737,.T.);
#4232=EDGE_CURVE('',#3334,#2912,#1684,.T.);
#4233=EDGE_CURVE('',#2911,#3335,#1685,.T.);
#4234=EDGE_CURVE('',#3335,#3334,#1686,.T.);
#4235=EDGE_CURVE('',#3334,#3330,#2738,.T.);
#4236=EDGE_CURVE('',#3336,#3337,#1687,.T.);
#4237=EDGE_CURVE('',#3337,#2910,#1688,.T.);
#4238=EDGE_CURVE('',#3336,#2909,#1689,.T.);
#4239=EDGE_CURVE('',#3337,#3335,#2739,.T.);
#4240=EDGE_CURVE('',#3334,#3315,#1690,.T.);
#4241=EDGE_CURVE('',#3316,#3335,#1691,.T.);
#4242=EDGE_CURVE('',#2892,#3323,#1692,.F.);
#4243=EDGE_CURVE('',#3245,#3338,#1693,.T.);
#4244=EDGE_CURVE('',#3338,#2889,#1694,.T.);
#4245=EDGE_CURVE('',#3339,#2890,#1695,.T.);
#4246=EDGE_CURVE('',#3338,#3339,#2740,.T.);
#4247=EDGE_CURVE('',#3340,#2891,#1696,.T.);
#4248=EDGE_CURVE('',#3339,#3340,#1697,.T.);
#4249=EDGE_CURVE('',#3338,#3311,#1698,.T.);
#4250=EDGE_CURVE('',#3310,#3339,#1699,.T.);
#4251=EDGE_CURVE('',#3341,#3341,#2741,.F.);
#4252=EDGE_CURVE('',#2920,#3342,#2742,.T.);
#4253=EDGE_CURVE('',#3332,#3342,#2743,.T.);
#4254=EDGE_CURVE('',#3343,#3344,#2744,.F.);
#4255=EDGE_CURVE('',#3344,#3264,#1700,.T.);
#4256=EDGE_CURVE('',#3263,#3343,#1701,.T.);
#4257=EDGE_CURVE('',#3345,#3262,#1702,.T.);
#4258=EDGE_CURVE('',#3343,#3345,#1703,.F.);
#4259=EDGE_CURVE('',#3345,#3307,#2745,.T.);
#4260=EDGE_CURVE('',#3324,#3341,#1704,.T.);
#4261=EDGE_CURVE('',#3030,#3346,#1705,.T.);
#4262=EDGE_CURVE('',#3306,#3346,#21,.F.);
#4263=EDGE_CURVE('',#3337,#3317,#1706,.T.);
#4264=EDGE_CURVE('',#3318,#3336,#1707,.T.);
#4265=EDGE_CURVE('',#3309,#3340,#1708,.T.);
#4266=EDGE_CURVE('',#3347,#3348,#1709,.T.);
#4267=EDGE_CURVE('',#3320,#3347,#1710,.T.);
#4268=EDGE_CURVE('',#3348,#3319,#1711,.T.);
#4269=EDGE_CURVE('',#3348,#3336,#2746,.T.);
#4270=EDGE_CURVE('',#3349,#3350,#1712,.T.);
#4271=EDGE_CURVE('',#3349,#3350,#2747,.T.);
#4272=EDGE_CURVE('',#3351,#3352,#1713,.T.);
#4273=EDGE_CURVE('',#3353,#3352,#2748,.T.);
#4274=EDGE_CURVE('',#3351,#3353,#2749,.T.);
#4275=EDGE_CURVE('',#2919,#3333,#2750,.T.);
#4276=EDGE_CURVE('',#3354,#3355,#1714,.T.);
#4277=EDGE_CURVE('',#3327,#3355,#1715,.T.);
#4278=EDGE_CURVE('',#3326,#3354,#1716,.T.);
#4279=EDGE_CURVE('',#3355,#3356,#2751,.F.);
#4280=EDGE_CURVE('',#3328,#3356,#1717,.T.);
#4281=EDGE_CURVE('',#3356,#3357,#1718,.T.);
#4282=EDGE_CURVE('',#3329,#3357,#1719,.T.);
#4283=EDGE_CURVE('',#3357,#3354,#2752,.F.);
#4284=EDGE_CURVE('',#3331,#3347,#2753,.T.);
#4285=EDGE_CURVE('',#3348,#2907,#1720,.T.);
#4286=EDGE_CURVE('',#3347,#2908,#1721,.T.);
#4287=EDGE_CURVE('',#3250,#2976,#2754,.F.);
#4288=EDGE_CURVE('',#2817,#3358,#2755,.T.);
#4289=EDGE_CURVE('',#2874,#3358,#1722,.T.);
#4290=EDGE_CURVE('',#2868,#3358,#1723,.T.);
#4291=EDGE_CURVE('',#2875,#3359,#1724,.T.);
#4292=EDGE_CURVE('',#3358,#3359,#1725,.T.);
#4293=EDGE_CURVE('',#2851,#3359,#2756,.T.);
#4294=EDGE_CURVE('',#2979,#2966,#1726,.T.);
#4295=EDGE_CURVE('',#3359,#2867,#1727,.T.);
#4296=EDGE_CURVE('',#3360,#3361,#2757,.T.);
#4297=EDGE_CURVE('',#2922,#3360,#76,.T.);
#4298=EDGE_CURVE('',#3333,#3361,#1728,.T.);
#4299=EDGE_CURVE('',#3361,#3362,#1729,.T.);
#4300=EDGE_CURVE('',#3362,#3332,#1730,.T.);
#4301=EDGE_CURVE('',#3362,#3363,#2758,.T.);
#4302=EDGE_CURVE('',#3342,#3363,#1731,.T.);
#4303=EDGE_CURVE('',#3362,#3364,#2759,.T.);
#4304=EDGE_CURVE('',#3364,#3363,#2760,.T.);
#4305=EDGE_CURVE('',#2871,#3360,#2761,.T.);
#4306=EDGE_CURVE('',#3365,#3361,#2762,.T.);
#4307=EDGE_CURVE('',#3365,#2871,#2763,.T.);
#4308=EDGE_CURVE('',#3364,#3365,#1732,.T.);
#4309=EDGE_CURVE('',#3363,#3306,#1733,.T.);
#4310=EDGE_CURVE('',#3346,#3364,#1734,.T.);
#4311=EDGE_CURVE('',#3260,#2873,#1735,.T.);
#4312=EDGE_CURVE('',#2873,#3344,#1736,.F.);
#4313=EDGE_CURVE('',#3366,#3366,#2764,.T.);
#4314=EDGE_CURVE('',#3366,#3010,#1737,.T.);
#4315=EDGE_CURVE('',#3367,#3368,#2765,.T.);
#4316=EDGE_CURVE('',#3368,#3369,#2766,.T.);
#4317=EDGE_CURVE('',#3369,#3370,#2767,.T.);
#4318=EDGE_CURVE('',#3370,#3367,#2768,.T.);
#4319=EDGE_CURVE('',#3367,#2970,#1738,.T.);
#4320=EDGE_CURVE('',#2869,#3371,#1739,.T.);
#4321=EDGE_CURVE('',#3371,#3372,#2769,.T.);
#4322=EDGE_CURVE('',#3372,#3373,#2770,.T.);
#4323=EDGE_CURVE('',#3373,#3374,#2771,.T.);
#4324=EDGE_CURVE('',#3374,#3371,#2772,.T.);
#4325=EDGE_CURVE('',#3375,#3367,#1740,.T.);
#4326=EDGE_CURVE('',#3368,#3375,#1741,.T.);
#4327=EDGE_CURVE('',#3376,#3377,#1742,.T.);
#4328=EDGE_CURVE('',#3376,#3378,#1743,.T.);
#4329=EDGE_CURVE('',#3378,#3379,#1744,.T.);
#4330=EDGE_CURVE('',#3379,#3375,#1745,.T.);
#4331=EDGE_CURVE('',#3367,#3380,#1746,.T.);
#4332=EDGE_CURVE('',#3381,#3380,#1747,.T.);
#4333=EDGE_CURVE('',#3381,#3382,#1748,.T.);
#4334=EDGE_CURVE('',#3377,#3382,#1749,.F.);
#4335=EDGE_CURVE('',#3383,#3368,#1750,.T.);
#4336=EDGE_CURVE('',#3369,#3383,#1751,.T.);
#4337=EDGE_CURVE('',#3379,#3384,#1752,.T.);
#4338=EDGE_CURVE('',#3384,#3383,#1753,.T.);
#4339=EDGE_CURVE('',#3385,#3369,#1754,.T.);
#4340=EDGE_CURVE('',#3370,#3385,#1755,.T.);
#4341=EDGE_CURVE('',#3349,#3386,#1756,.T.);
#4342=EDGE_CURVE('',#3386,#3387,#1757,.T.);
#4343=EDGE_CURVE('',#3387,#3385,#1758,.T.);
#4344=EDGE_CURVE('',#3384,#3388,#1759,.T.);
#4345=EDGE_CURVE('',#3350,#3388,#1760,.F.);
#4346=EDGE_CURVE('',#3380,#3370,#1761,.T.);
#4347=EDGE_CURVE('',#3387,#3381,#1762,.T.);
#4348=EDGE_CURVE('',#3389,#3374,#1763,.T.);
#4349=EDGE_CURVE('',#3371,#3389,#1764,.T.);
#4350=EDGE_CURVE('',#3390,#3391,#1765,.T.);
#4351=EDGE_CURVE('',#3391,#3389,#1766,.T.);
#4352=EDGE_CURVE('',#3374,#3392,#1767,.T.);
#4353=EDGE_CURVE('',#3390,#3392,#1768,.T.);
#4354=EDGE_CURVE('',#3393,#3371,#1769,.T.);
#4355=EDGE_CURVE('',#3372,#3393,#1770,.T.);
#4356=EDGE_CURVE('',#3394,#3395,#1771,.T.);
#4357=EDGE_CURVE('',#3394,#3396,#1772,.T.);
#4358=EDGE_CURVE('',#3396,#3397,#1773,.T.);
#4359=EDGE_CURVE('',#3397,#3393,#1774,.T.);
#4360=EDGE_CURVE('',#3391,#3398,#1775,.T.);
#4361=EDGE_CURVE('',#3395,#3398,#1776,.F.);
#4362=EDGE_CURVE('',#3373,#3399,#1777,.T.);
#4363=EDGE_CURVE('',#3399,#3372,#1778,.T.);
#4364=EDGE_CURVE('',#3351,#3400,#1779,.T.);
#4365=EDGE_CURVE('',#3400,#3390,#1780,.T.);
#4366=EDGE_CURVE('',#3392,#3373,#1781,.T.);
#4367=EDGE_CURVE('',#3401,#3399,#1782,.T.);
#4368=EDGE_CURVE('',#3401,#3402,#1783,.T.);
#4369=EDGE_CURVE('',#3352,#3402,#1784,.F.);
#4370=EDGE_CURVE('',#3397,#3401,#1785,.T.);
#4371=EDGE_CURVE('',#3394,#3395,#2773,.T.);
#4372=EDGE_CURVE('',#3403,#3377,#2774,.T.);
#4373=EDGE_CURVE('',#3376,#3403,#2775,.T.);
#4374=EDGE_CURVE('',#3398,#3400,#2776,.T.);
#4375=EDGE_CURVE('',#3382,#3386,#2777,.T.);
#4376=EDGE_CURVE('',#3402,#3396,#2778,.T.);
#4377=EDGE_CURVE('',#3388,#3378,#2779,.T.);
#4378=EDGE_CURVE('',#3353,#3404,#1786,.T.);
#4379=EDGE_CURVE('',#3404,#3404,#2780,.F.);
#4380=EDGE_CURVE('',#3404,#2915,#1787,.T.);
#4381=EDGE_CURVE('',#3403,#3405,#1788,.T.);
#4382=EDGE_CURVE('',#3405,#3405,#2781,.F.);
#4383=EDGE_CURVE('',#3405,#2905,#1789,.T.);
#4384=EDGE_CURVE('',#2834,#3406,#1790,.T.);
#4385=EDGE_CURVE('',#3407,#3273,#1791,.T.);
#4386=EDGE_CURVE('',#3406,#3407,#1792,.T.);
#4387=EDGE_CURVE('',#3408,#3409,#77,.T.);
#4388=EDGE_CURVE('',#3410,#3408,#1793,.T.);
#4389=EDGE_CURVE('',#3411,#3410,#2782,.T.);
#4390=EDGE_CURVE('',#3411,#3412,#1794,.T.);
#4391=EDGE_CURVE('',#3409,#3412,#2783,.T.);
#4392=EDGE_CURVE('',#3407,#3413,#2784,.T.);
#4393=EDGE_CURVE('',#3271,#3413,#1795,.T.);
#4394=EDGE_CURVE('',#3414,#2839,#1796,.T.);
#4395=EDGE_CURVE('',#3413,#3414,#2785,.T.);
#4396=EDGE_CURVE('',#3412,#2837,#1797,.T.);
#4397=EDGE_CURVE('',#2838,#3411,#1798,.T.);
#4398=EDGE_CURVE('',#3407,#3410,#2786,.T.);
#4399=EDGE_CURVE('',#3410,#3413,#2787,.T.);
#4400=EDGE_CURVE('',#3406,#3408,#22,.T.);
#4401=EDGE_CURVE('',#3411,#3414,#2788,.T.);
#4402=EDGE_CURVE('',#3415,#3416,#2789,.T.);
#4403=EDGE_CURVE('',#2836,#3415,#1799,.T.);
#4404=EDGE_CURVE('',#3416,#2835,#1800,.T.);
#4405=EDGE_CURVE('',#3417,#3406,#23,.T.);
#4406=EDGE_CURVE('',#3416,#3417,#78,.T.);
#4407=EDGE_CURVE('',#3417,#3408,#2790,.T.);
#4408=EDGE_CURVE('',#3416,#3409,#2791,.T.);
#4409=EDGE_CURVE('',#3415,#3412,#2792,.T.);
#4410=EDGE_CURVE('',#2971,#2975,#2793,.T.);
#4411=EDGE_CURVE('',#2878,#2971,#1801,.T.);
#4412=EDGE_CURVE('',#3246,#2943,#1802,.T.);
#4413=EDGE_CURVE('',#3418,#2947,#2794,.T.);
#4414=EDGE_CURVE('',#3418,#3419,#1803,.F.);
#4415=EDGE_CURVE('',#3000,#3419,#2795,.T.);
#4416=EDGE_CURVE('',#3420,#3420,#2796,.T.);
#4417=EDGE_CURVE('',#2985,#3418,#1804,.T.);
#4418=EDGE_CURVE('',#3419,#2984,#1805,.T.);
#4419=EDGE_CURVE('',#3421,#3421,#2797,.F.);
#4420=EDGE_CURVE('',#3421,#2906,#1806,.T.);
#4421=EDGE_CURVE('',#3421,#3422,#1807,.T.);
#4422=EDGE_CURVE('',#3422,#3423,#2798,.T.);
#4423=EDGE_CURVE('',#3423,#3424,#1808,.F.);
#4424=EDGE_CURVE('',#3424,#3425,#2799,.T.);
#4425=EDGE_CURVE('',#3426,#3425,#1809,.T.);
#4426=EDGE_CURVE('',#3426,#3427,#2800,.T.);
#4427=EDGE_CURVE('',#3427,#3428,#1810,.F.);
#4428=EDGE_CURVE('',#3428,#3429,#2801,.T.);
#4429=EDGE_CURVE('',#3430,#3429,#1811,.T.);
#4430=EDGE_CURVE('',#3430,#3422,#2802,.T.);
#4431=EDGE_CURVE('',#3431,#3428,#1812,.T.);
#4432=EDGE_CURVE('',#3432,#3431,#1813,.T.);
#4433=EDGE_CURVE('',#3429,#3432,#1814,.T.);
#4434=EDGE_CURVE('',#3433,#3424,#1815,.T.);
#4435=EDGE_CURVE('',#3434,#3433,#1816,.T.);
#4436=EDGE_CURVE('',#3425,#3434,#1817,.T.);
#4437=EDGE_CURVE('',#3430,#3423,#1818,.T.);
#4438=EDGE_CURVE('',#3435,#3436,#1819,.T.);
#4439=EDGE_CURVE('',#3437,#3435,#1820,.T.);
#4440=EDGE_CURVE('',#3436,#3437,#2803,.T.);
#4441=EDGE_CURVE('',#3433,#3438,#1821,.T.);
#4442=EDGE_CURVE('',#3438,#3439,#1822,.T.);
#4443=EDGE_CURVE('',#3439,#3440,#1823,.T.);
#4444=EDGE_CURVE('',#3434,#3440,#1824,.T.);
#4445=EDGE_CURVE('',#3432,#3435,#1825,.T.);
#4446=EDGE_CURVE('',#3436,#3438,#1826,.T.);
#4447=EDGE_CURVE('',#3439,#3436,#2804,.T.);
#4448=EDGE_CURVE('',#3426,#3427,#1827,.T.);
#4449=EDGE_CURVE('',#3440,#3441,#1828,.T.);
#4450=EDGE_CURVE('',#3441,#3442,#1829,.T.);
#4451=EDGE_CURVE('',#3431,#3442,#1830,.T.);
#4452=EDGE_CURVE('',#3441,#3439,#2805,.T.);
#4453=EDGE_CURVE('',#3442,#3437,#1831,.T.);
#4454=EDGE_CURVE('',#3437,#3441,#2806,.T.);
#4455=EDGE_CURVE('',#3420,#3436,#1832,.T.);
#4456=ORIENTED_EDGE('',*,*,#3443,.T.);
#4457=ORIENTED_EDGE('',*,*,#3444,.T.);
#4458=ORIENTED_EDGE('',*,*,#3445,.T.);
#4459=ORIENTED_EDGE('',*,*,#3444,.F.);
#4460=ORIENTED_EDGE('',*,*,#3445,.F.);
#4461=ORIENTED_EDGE('',*,*,#3446,.T.);
#4462=ORIENTED_EDGE('',*,*,#3447,.F.);
#4463=ORIENTED_EDGE('',*,*,#3446,.F.);
#4464=ORIENTED_EDGE('',*,*,#3448,.F.);
#4465=ORIENTED_EDGE('',*,*,#3449,.F.);
#4466=ORIENTED_EDGE('',*,*,#3450,.F.);
#4467=ORIENTED_EDGE('',*,*,#3451,.F.);
#4468=ORIENTED_EDGE('',*,*,#3452,.F.);
#4469=ORIENTED_EDGE('',*,*,#3453,.F.);
#4470=ORIENTED_EDGE('',*,*,#3454,.F.);
#4471=ORIENTED_EDGE('',*,*,#3455,.F.);
#4472=ORIENTED_EDGE('',*,*,#3443,.F.);
#4473=ORIENTED_EDGE('',*,*,#3456,.T.);
#4474=ORIENTED_EDGE('',*,*,#3457,.F.);
#4475=ORIENTED_EDGE('',*,*,#3458,.T.);
#4476=ORIENTED_EDGE('',*,*,#3459,.T.);
#4477=ORIENTED_EDGE('',*,*,#3460,.T.);
#4478=ORIENTED_EDGE('',*,*,#3461,.F.);
#4479=ORIENTED_EDGE('',*,*,#3462,.T.);
#4480=ORIENTED_EDGE('',*,*,#3463,.T.);
#4481=ORIENTED_EDGE('',*,*,#3460,.F.);
#4482=ORIENTED_EDGE('',*,*,#3464,.T.);
#4483=ORIENTED_EDGE('',*,*,#3465,.T.);
#4484=ORIENTED_EDGE('',*,*,#3466,.T.);
#4485=ORIENTED_EDGE('',*,*,#3462,.F.);
#4486=ORIENTED_EDGE('',*,*,#3458,.F.);
#4487=ORIENTED_EDGE('',*,*,#3467,.F.);
#4488=ORIENTED_EDGE('',*,*,#3468,.T.);
#4489=ORIENTED_EDGE('',*,*,#3469,.T.);
#4490=ORIENTED_EDGE('',*,*,#3470,.T.);
#4491=ORIENTED_EDGE('',*,*,#3471,.F.);
#4492=ORIENTED_EDGE('',*,*,#3472,.F.);
#4493=ORIENTED_EDGE('',*,*,#3473,.F.);
#4494=ORIENTED_EDGE('',*,*,#3457,.T.);
#4495=ORIENTED_EDGE('',*,*,#3474,.T.);
#4496=ORIENTED_EDGE('',*,*,#3475,.T.);
#4497=ORIENTED_EDGE('',*,*,#3476,.F.);
#4498=ORIENTED_EDGE('',*,*,#3477,.T.);
#4499=ORIENTED_EDGE('',*,*,#3478,.F.);
#4500=ORIENTED_EDGE('',*,*,#3479,.T.);
#4501=ORIENTED_EDGE('',*,*,#3480,.F.);
#4502=ORIENTED_EDGE('',*,*,#3481,.F.);
#4503=ORIENTED_EDGE('',*,*,#3482,.T.);
#4504=ORIENTED_EDGE('',*,*,#3483,.T.);
#4505=ORIENTED_EDGE('',*,*,#3484,.T.);
#4506=ORIENTED_EDGE('',*,*,#3471,.T.);
#4507=ORIENTED_EDGE('',*,*,#3485,.T.);
#4508=ORIENTED_EDGE('',*,*,#3467,.T.);
#4509=ORIENTED_EDGE('',*,*,#3486,.F.);
#4510=ORIENTED_EDGE('',*,*,#3487,.T.);
#4511=ORIENTED_EDGE('',*,*,#3488,.F.);
#4512=ORIENTED_EDGE('',*,*,#3489,.T.);
#4513=ORIENTED_EDGE('',*,*,#3490,.F.);
#4514=ORIENTED_EDGE('',*,*,#3491,.T.);
#4515=ORIENTED_EDGE('',*,*,#3492,.F.);
#4516=ORIENTED_EDGE('',*,*,#3493,.T.);
#4517=ORIENTED_EDGE('',*,*,#3456,.F.);
#4518=ORIENTED_EDGE('',*,*,#3463,.F.);
#4519=ORIENTED_EDGE('',*,*,#3494,.F.);
#4520=ORIENTED_EDGE('',*,*,#3495,.F.);
#4521=ORIENTED_EDGE('',*,*,#3496,.F.);
#4522=ORIENTED_EDGE('',*,*,#3497,.T.);
#4523=ORIENTED_EDGE('',*,*,#3498,.T.);
#4524=ORIENTED_EDGE('',*,*,#3474,.F.);
#4525=ORIENTED_EDGE('',*,*,#3447,.T.);
#4526=ORIENTED_EDGE('',*,*,#3466,.F.);
#4527=ORIENTED_EDGE('',*,*,#3499,.T.);
#4528=ORIENTED_EDGE('',*,*,#3500,.T.);
#4529=ORIENTED_EDGE('',*,*,#3494,.T.);
#4530=ORIENTED_EDGE('',*,*,#3501,.T.);
#4531=ORIENTED_EDGE('',*,*,#3448,.T.);
#4532=ORIENTED_EDGE('',*,*,#3502,.T.);
#4533=ORIENTED_EDGE('',*,*,#3503,.T.);
#4534=ORIENTED_EDGE('',*,*,#3504,.T.);
#4535=ORIENTED_EDGE('',*,*,#3505,.T.);
#4536=ORIENTED_EDGE('',*,*,#3502,.F.);
#4537=ORIENTED_EDGE('',*,*,#3506,.T.);
#4538=ORIENTED_EDGE('',*,*,#3507,.T.);
#4539=ORIENTED_EDGE('',*,*,#3508,.T.);
#4540=ORIENTED_EDGE('',*,*,#3509,.T.);
#4541=ORIENTED_EDGE('',*,*,#3449,.T.);
#4542=ORIENTED_EDGE('',*,*,#3510,.T.);
#4543=ORIENTED_EDGE('',*,*,#3450,.T.);
#4544=ORIENTED_EDGE('',*,*,#3509,.F.);
#4545=ORIENTED_EDGE('',*,*,#3511,.T.);
#4546=ORIENTED_EDGE('',*,*,#3512,.T.);
#4547=ORIENTED_EDGE('',*,*,#3451,.T.);
#4548=ORIENTED_EDGE('',*,*,#3510,.F.);
#4549=ORIENTED_EDGE('',*,*,#3513,.T.);
#4550=ORIENTED_EDGE('',*,*,#3507,.F.);
#4551=ORIENTED_EDGE('',*,*,#3501,.F.);
#4552=ORIENTED_EDGE('',*,*,#3514,.T.);
#4553=ORIENTED_EDGE('',*,*,#3515,.T.);
#4554=ORIENTED_EDGE('',*,*,#3452,.T.);
#4555=ORIENTED_EDGE('',*,*,#3516,.T.);
#4556=ORIENTED_EDGE('',*,*,#3517,.T.);
#4557=ORIENTED_EDGE('',*,*,#3516,.F.);
#4558=ORIENTED_EDGE('',*,*,#3512,.F.);
#4559=ORIENTED_EDGE('',*,*,#3518,.T.);
#4560=ORIENTED_EDGE('',*,*,#3506,.F.);
#4561=ORIENTED_EDGE('',*,*,#3455,.T.);
#4562=ORIENTED_EDGE('',*,*,#3519,.F.);
#4563=ORIENTED_EDGE('',*,*,#3520,.T.);
#4564=ORIENTED_EDGE('',*,*,#3515,.F.);
#4565=ORIENTED_EDGE('',*,*,#3521,.T.);
#4566=ORIENTED_EDGE('',*,*,#3496,.T.);
#4567=ORIENTED_EDGE('',*,*,#3522,.F.);
#4568=ORIENTED_EDGE('',*,*,#3523,.T.);
#4569=ORIENTED_EDGE('',*,*,#3524,.T.);
#4570=ORIENTED_EDGE('',*,*,#3453,.T.);
#4571=ORIENTED_EDGE('',*,*,#3525,.T.);
#4572=ORIENTED_EDGE('',*,*,#3517,.F.);
#4573=ORIENTED_EDGE('',*,*,#3526,.F.);
#4574=ORIENTED_EDGE('',*,*,#3527,.F.);
#4575=ORIENTED_EDGE('',*,*,#3528,.T.);
#4576=ORIENTED_EDGE('',*,*,#3497,.F.);
#4577=ORIENTED_EDGE('',*,*,#3521,.F.);
#4578=ORIENTED_EDGE('',*,*,#3505,.F.);
#4579=ORIENTED_EDGE('',*,*,#3529,.T.);
#4580=ORIENTED_EDGE('',*,*,#3530,.F.);
#4581=ORIENTED_EDGE('',*,*,#3531,.T.);
#4582=ORIENTED_EDGE('',*,*,#3504,.F.);
#4583=ORIENTED_EDGE('',*,*,#3520,.F.);
#4584=ORIENTED_EDGE('',*,*,#3532,.F.);
#4585=ORIENTED_EDGE('',*,*,#3533,.F.);
#4586=ORIENTED_EDGE('',*,*,#3534,.F.);
#4587=ORIENTED_EDGE('',*,*,#3499,.F.);
#4588=ORIENTED_EDGE('',*,*,#3465,.F.);
#4589=ORIENTED_EDGE('',*,*,#3535,.F.);
#4590=ORIENTED_EDGE('',*,*,#3536,.F.);
#4591=ORIENTED_EDGE('',*,*,#3537,.F.);
#4592=ORIENTED_EDGE('',*,*,#3538,.F.);
#4593=ORIENTED_EDGE('',*,*,#3539,.F.);
#4594=ORIENTED_EDGE('',*,*,#3540,.F.);
#4595=ORIENTED_EDGE('',*,*,#3541,.F.);
#4596=ORIENTED_EDGE('',*,*,#3542,.F.);
#4597=ORIENTED_EDGE('',*,*,#3543,.F.);
#4598=ORIENTED_EDGE('',*,*,#3544,.F.);
#4599=ORIENTED_EDGE('',*,*,#3545,.F.);
#4600=ORIENTED_EDGE('',*,*,#3546,.F.);
#4601=ORIENTED_EDGE('',*,*,#3547,.F.);
#4602=ORIENTED_EDGE('',*,*,#3548,.F.);
#4603=ORIENTED_EDGE('',*,*,#3549,.F.);
#4604=ORIENTED_EDGE('',*,*,#3550,.F.);
#4605=ORIENTED_EDGE('',*,*,#3551,.T.);
#4606=ORIENTED_EDGE('',*,*,#3552,.F.);
#4607=ORIENTED_EDGE('',*,*,#3553,.T.);
#4608=ORIENTED_EDGE('',*,*,#3554,.F.);
#4609=ORIENTED_EDGE('',*,*,#3555,.F.);
#4610=ORIENTED_EDGE('',*,*,#3529,.F.);
#4611=ORIENTED_EDGE('',*,*,#3556,.F.);
#4612=ORIENTED_EDGE('',*,*,#3557,.T.);
#4613=ORIENTED_EDGE('',*,*,#3558,.T.);
#4614=ORIENTED_EDGE('',*,*,#3559,.T.);
#4615=ORIENTED_EDGE('',*,*,#3560,.T.);
#4616=ORIENTED_EDGE('',*,*,#3561,.T.);
#4617=ORIENTED_EDGE('',*,*,#3562,.T.);
#4618=ORIENTED_EDGE('',*,*,#3563,.T.);
#4619=ORIENTED_EDGE('',*,*,#3564,.T.);
#4620=ORIENTED_EDGE('',*,*,#3565,.F.);
#4621=ORIENTED_EDGE('',*,*,#3566,.F.);
#4622=ORIENTED_EDGE('',*,*,#3567,.F.);
#4623=ORIENTED_EDGE('',*,*,#3568,.F.);
#4624=ORIENTED_EDGE('',*,*,#3569,.F.);
#4625=ORIENTED_EDGE('',*,*,#3570,.F.);
#4626=ORIENTED_EDGE('',*,*,#3571,.F.);
#4627=ORIENTED_EDGE('',*,*,#3572,.F.);
#4628=ORIENTED_EDGE('',*,*,#3573,.F.);
#4629=ORIENTED_EDGE('',*,*,#3574,.F.);
#4630=ORIENTED_EDGE('',*,*,#3575,.F.);
#4631=ORIENTED_EDGE('',*,*,#3576,.F.);
#4632=ORIENTED_EDGE('',*,*,#3464,.F.);
#4633=ORIENTED_EDGE('',*,*,#3577,.T.);
#4634=ORIENTED_EDGE('',*,*,#3578,.F.);
#4635=ORIENTED_EDGE('',*,*,#3535,.T.);
#4636=ORIENTED_EDGE('',*,*,#3511,.F.);
#4637=ORIENTED_EDGE('',*,*,#3579,.T.);
#4638=ORIENTED_EDGE('',*,*,#3580,.T.);
#4639=ORIENTED_EDGE('',*,*,#3581,.F.);
#4640=ORIENTED_EDGE('',*,*,#3514,.F.);
#4641=ORIENTED_EDGE('',*,*,#3582,.T.);
#4642=ORIENTED_EDGE('',*,*,#3583,.F.);
#4643=ORIENTED_EDGE('',*,*,#3584,.T.);
#4644=ORIENTED_EDGE('',*,*,#3518,.F.);
#4645=ORIENTED_EDGE('',*,*,#3585,.T.);
#4646=ORIENTED_EDGE('',*,*,#3586,.F.);
#4647=ORIENTED_EDGE('',*,*,#3526,.T.);
#4648=ORIENTED_EDGE('',*,*,#3513,.F.);
#4649=ORIENTED_EDGE('',*,*,#3581,.T.);
#4650=ORIENTED_EDGE('',*,*,#3587,.F.);
#4651=ORIENTED_EDGE('',*,*,#3585,.F.);
#4652=ORIENTED_EDGE('',*,*,#3508,.F.);
#4653=ORIENTED_EDGE('',*,*,#3584,.F.);
#4654=ORIENTED_EDGE('',*,*,#3588,.F.);
#4655=ORIENTED_EDGE('',*,*,#3579,.F.);
#4656=ORIENTED_EDGE('',*,*,#3461,.T.);
#4657=ORIENTED_EDGE('',*,*,#3459,.F.);
#4658=ORIENTED_EDGE('',*,*,#3473,.T.);
#4659=ORIENTED_EDGE('',*,*,#3589,.F.);
#4660=ORIENTED_EDGE('',*,*,#3590,.F.);
#4661=ORIENTED_EDGE('',*,*,#3577,.F.);
#4662=ORIENTED_EDGE('',*,*,#3591,.T.);
#4663=ORIENTED_EDGE('',*,*,#3592,.T.);
#4664=ORIENTED_EDGE('',*,*,#3593,.T.);
#4665=ORIENTED_EDGE('',*,*,#3591,.F.);
#4666=ORIENTED_EDGE('',*,*,#3594,.T.);
#4667=ORIENTED_EDGE('',*,*,#3595,.F.);
#4668=ORIENTED_EDGE('',*,*,#3596,.F.);
#4669=ORIENTED_EDGE('',*,*,#3592,.F.);
#4670=ORIENTED_EDGE('',*,*,#3596,.T.);
#4671=ORIENTED_EDGE('',*,*,#3597,.F.);
#4672=ORIENTED_EDGE('',*,*,#3598,.F.);
#4673=ORIENTED_EDGE('',*,*,#3593,.F.);
#4674=ORIENTED_EDGE('',*,*,#3598,.T.);
#4675=ORIENTED_EDGE('',*,*,#3599,.F.);
#4676=ORIENTED_EDGE('',*,*,#3594,.F.);
#4677=ORIENTED_EDGE('',*,*,#3600,.T.);
#4678=ORIENTED_EDGE('',*,*,#3601,.T.);
#4679=ORIENTED_EDGE('',*,*,#3602,.T.);
#4680=ORIENTED_EDGE('',*,*,#3603,.T.);
#4681=ORIENTED_EDGE('',*,*,#3600,.F.);
#4682=ORIENTED_EDGE('',*,*,#3604,.T.);
#4683=ORIENTED_EDGE('',*,*,#3605,.F.);
#4684=ORIENTED_EDGE('',*,*,#3606,.F.);
#4685=ORIENTED_EDGE('',*,*,#3601,.F.);
#4686=ORIENTED_EDGE('',*,*,#3606,.T.);
#4687=ORIENTED_EDGE('',*,*,#3607,.F.);
#4688=ORIENTED_EDGE('',*,*,#3604,.F.);
#4689=ORIENTED_EDGE('',*,*,#3602,.F.);
#4690=ORIENTED_EDGE('',*,*,#3608,.T.);
#4691=ORIENTED_EDGE('',*,*,#3609,.F.);
#4692=ORIENTED_EDGE('',*,*,#3610,.F.);
#4693=ORIENTED_EDGE('',*,*,#3603,.F.);
#4694=ORIENTED_EDGE('',*,*,#3610,.T.);
#4695=ORIENTED_EDGE('',*,*,#3611,.F.);
#4696=ORIENTED_EDGE('',*,*,#3608,.F.);
#4697=ORIENTED_EDGE('',*,*,#3609,.T.);
#4698=ORIENTED_EDGE('',*,*,#3611,.T.);
#4699=ORIENTED_EDGE('',*,*,#3612,.T.);
#4700=ORIENTED_EDGE('',*,*,#3613,.T.);
#4701=ORIENTED_EDGE('',*,*,#3614,.T.);
#4702=ORIENTED_EDGE('',*,*,#3540,.T.);
#4703=ORIENTED_EDGE('',*,*,#3615,.T.);
#4704=ORIENTED_EDGE('',*,*,#3541,.T.);
#4705=ORIENTED_EDGE('',*,*,#3614,.F.);
#4706=ORIENTED_EDGE('',*,*,#3616,.T.);
#4707=ORIENTED_EDGE('',*,*,#3615,.F.);
#4708=ORIENTED_EDGE('',*,*,#3617,.T.);
#4709=ORIENTED_EDGE('',*,*,#3618,.T.);
#4710=ORIENTED_EDGE('',*,*,#3542,.T.);
#4711=ORIENTED_EDGE('',*,*,#3616,.F.);
#4712=ORIENTED_EDGE('',*,*,#3619,.T.);
#4713=ORIENTED_EDGE('',*,*,#3620,.T.);
#4714=ORIENTED_EDGE('',*,*,#3621,.T.);
#4715=ORIENTED_EDGE('',*,*,#3613,.F.);
#4716=ORIENTED_EDGE('',*,*,#3622,.F.);
#4717=ORIENTED_EDGE('',*,*,#3623,.F.);
#4718=ORIENTED_EDGE('',*,*,#3624,.F.);
#4719=ORIENTED_EDGE('',*,*,#3625,.F.);
#4720=ORIENTED_EDGE('',*,*,#3626,.T.);
#4721=ORIENTED_EDGE('',*,*,#3619,.F.);
#4722=ORIENTED_EDGE('',*,*,#3627,.T.);
#4723=ORIENTED_EDGE('',*,*,#3628,.T.);
#4724=ORIENTED_EDGE('',*,*,#3629,.T.);
#4725=ORIENTED_EDGE('',*,*,#3630,.T.);
#4726=ORIENTED_EDGE('',*,*,#3631,.T.);
#4727=ORIENTED_EDGE('',*,*,#3632,.T.);
#4728=ORIENTED_EDGE('',*,*,#3629,.F.);
#4729=ORIENTED_EDGE('',*,*,#3633,.T.);
#4730=ORIENTED_EDGE('',*,*,#3623,.T.);
#4731=ORIENTED_EDGE('',*,*,#3634,.T.);
#4732=ORIENTED_EDGE('',*,*,#3631,.F.);
#4733=ORIENTED_EDGE('',*,*,#3635,.T.);
#4734=ORIENTED_EDGE('',*,*,#3636,.T.);
#4735=ORIENTED_EDGE('',*,*,#3637,.T.);
#4736=ORIENTED_EDGE('',*,*,#3627,.F.);
#4737=ORIENTED_EDGE('',*,*,#3638,.T.);
#4738=ORIENTED_EDGE('',*,*,#3639,.T.);
#4739=ORIENTED_EDGE('',*,*,#3640,.T.);
#4740=ORIENTED_EDGE('',*,*,#3636,.F.);
#4741=ORIENTED_EDGE('',*,*,#3641,.T.);
#4742=ORIENTED_EDGE('',*,*,#3628,.F.);
#4743=ORIENTED_EDGE('',*,*,#3637,.F.);
#4744=ORIENTED_EDGE('',*,*,#3642,.T.);
#4745=ORIENTED_EDGE('',*,*,#3643,.T.);
#4746=ORIENTED_EDGE('',*,*,#3644,.T.);
#4747=ORIENTED_EDGE('',*,*,#3640,.F.);
#4748=ORIENTED_EDGE('',*,*,#3645,.T.);
#4749=ORIENTED_EDGE('',*,*,#3646,.T.);
#4750=ORIENTED_EDGE('',*,*,#3647,.T.);
#4751=ORIENTED_EDGE('',*,*,#3642,.F.);
#4752=ORIENTED_EDGE('',*,*,#3639,.F.);
#4753=ORIENTED_EDGE('',*,*,#3648,.T.);
#4754=ORIENTED_EDGE('',*,*,#3649,.T.);
#4755=ORIENTED_EDGE('',*,*,#3650,.T.);
#4756=ORIENTED_EDGE('',*,*,#3651,.T.);
#4757=ORIENTED_EDGE('',*,*,#3652,.T.);
#4758=ORIENTED_EDGE('',*,*,#3653,.T.);
#4759=ORIENTED_EDGE('',*,*,#3654,.T.);
#4760=ORIENTED_EDGE('',*,*,#3655,.T.);
#4761=ORIENTED_EDGE('',*,*,#3656,.T.);
#4762=ORIENTED_EDGE('',*,*,#3645,.F.);
#4763=ORIENTED_EDGE('',*,*,#3657,.T.);
#4764=ORIENTED_EDGE('',*,*,#3641,.F.);
#4765=ORIENTED_EDGE('',*,*,#3638,.F.);
#4766=ORIENTED_EDGE('',*,*,#3658,.F.);
#4767=ORIENTED_EDGE('',*,*,#3659,.F.);
#4768=ORIENTED_EDGE('',*,*,#3660,.F.);
#4769=ORIENTED_EDGE('',*,*,#3661,.F.);
#4770=ORIENTED_EDGE('',*,*,#3483,.F.);
#4771=ORIENTED_EDGE('',*,*,#3662,.T.);
#4772=ORIENTED_EDGE('',*,*,#3663,.T.);
#4773=ORIENTED_EDGE('',*,*,#3648,.F.);
#4774=ORIENTED_EDGE('',*,*,#3539,.T.);
#4775=ORIENTED_EDGE('',*,*,#3664,.T.);
#4776=ORIENTED_EDGE('',*,*,#3665,.T.);
#4777=ORIENTED_EDGE('',*,*,#3612,.F.);
#4778=ORIENTED_EDGE('',*,*,#3634,.F.);
#4779=ORIENTED_EDGE('',*,*,#3622,.T.);
#4780=ORIENTED_EDGE('',*,*,#3665,.F.);
#4781=ORIENTED_EDGE('',*,*,#3666,.F.);
#4782=ORIENTED_EDGE('',*,*,#3633,.F.);
#4783=ORIENTED_EDGE('',*,*,#3644,.F.);
#4784=ORIENTED_EDGE('',*,*,#3667,.T.);
#4785=ORIENTED_EDGE('',*,*,#3668,.T.);
#4786=ORIENTED_EDGE('',*,*,#3669,.F.);
#4787=ORIENTED_EDGE('',*,*,#3670,.F.);
#4788=ORIENTED_EDGE('',*,*,#3671,.T.);
#4789=ORIENTED_EDGE('',*,*,#3672,.F.);
#4790=ORIENTED_EDGE('',*,*,#3673,.F.);
#4791=ORIENTED_EDGE('',*,*,#3674,.F.);
#4792=ORIENTED_EDGE('',*,*,#3675,.F.);
#4793=ORIENTED_EDGE('',*,*,#3676,.T.);
#4794=ORIENTED_EDGE('',*,*,#3677,.F.);
#4795=ORIENTED_EDGE('',*,*,#3624,.T.);
#4796=ORIENTED_EDGE('',*,*,#3635,.F.);
#4797=ORIENTED_EDGE('',*,*,#3595,.T.);
#4798=ORIENTED_EDGE('',*,*,#3599,.T.);
#4799=ORIENTED_EDGE('',*,*,#3597,.T.);
#4800=ORIENTED_EDGE('',*,*,#3605,.T.);
#4801=ORIENTED_EDGE('',*,*,#3607,.T.);
#4802=ORIENTED_EDGE('',*,*,#3678,.F.);
#4803=ORIENTED_EDGE('',*,*,#3679,.F.);
#4804=ORIENTED_EDGE('',*,*,#3680,.F.);
#4805=ORIENTED_EDGE('',*,*,#3681,.F.);
#4806=ORIENTED_EDGE('',*,*,#3682,.F.);
#4807=ORIENTED_EDGE('',*,*,#3683,.F.);
#4808=ORIENTED_EDGE('',*,*,#3684,.F.);
#4809=ORIENTED_EDGE('',*,*,#3685,.F.);
#4810=ORIENTED_EDGE('',*,*,#3686,.F.);
#4811=ORIENTED_EDGE('',*,*,#3687,.F.);
#4812=ORIENTED_EDGE('',*,*,#3688,.T.);
#4813=ORIENTED_EDGE('',*,*,#3672,.T.);
#4814=ORIENTED_EDGE('',*,*,#3689,.T.);
#4815=ORIENTED_EDGE('',*,*,#3690,.T.);
#4816=ORIENTED_EDGE('',*,*,#3691,.T.);
#4817=ORIENTED_EDGE('',*,*,#3673,.T.);
#4818=ORIENTED_EDGE('',*,*,#3688,.F.);
#4819=ORIENTED_EDGE('',*,*,#3692,.T.);
#4820=ORIENTED_EDGE('',*,*,#3693,.T.);
#4821=ORIENTED_EDGE('',*,*,#3674,.T.);
#4822=ORIENTED_EDGE('',*,*,#3691,.F.);
#4823=ORIENTED_EDGE('',*,*,#3694,.T.);
#4824=ORIENTED_EDGE('',*,*,#3695,.F.);
#4825=ORIENTED_EDGE('',*,*,#3694,.F.);
#4826=ORIENTED_EDGE('',*,*,#3696,.F.);
#4827=ORIENTED_EDGE('',*,*,#3697,.F.);
#4828=ORIENTED_EDGE('',*,*,#3698,.F.);
#4829=ORIENTED_EDGE('',*,*,#3699,.F.);
#4830=ORIENTED_EDGE('',*,*,#3692,.F.);
#4831=ORIENTED_EDGE('',*,*,#3700,.T.);
#4832=ORIENTED_EDGE('',*,*,#3701,.F.);
#4833=ORIENTED_EDGE('',*,*,#3696,.T.);
#4834=ORIENTED_EDGE('',*,*,#3690,.F.);
#4835=ORIENTED_EDGE('',*,*,#3702,.T.);
#4836=ORIENTED_EDGE('',*,*,#3651,.F.);
#4837=ORIENTED_EDGE('',*,*,#3703,.F.);
#4838=ORIENTED_EDGE('',*,*,#3704,.T.);
#4839=ORIENTED_EDGE('',*,*,#3705,.F.);
#4840=ORIENTED_EDGE('',*,*,#3706,.F.);
#4841=ORIENTED_EDGE('',*,*,#3700,.F.);
#4842=ORIENTED_EDGE('',*,*,#3707,.T.);
#4843=ORIENTED_EDGE('',*,*,#3708,.T.);
#4844=ORIENTED_EDGE('',*,*,#3709,.F.);
#4845=ORIENTED_EDGE('',*,*,#3710,.F.);
#4846=ORIENTED_EDGE('',*,*,#3708,.F.);
#4847=ORIENTED_EDGE('',*,*,#3711,.T.);
#4848=ORIENTED_EDGE('',*,*,#3712,.T.);
#4849=ORIENTED_EDGE('',*,*,#3707,.F.);
#4850=ORIENTED_EDGE('',*,*,#3712,.F.);
#4851=ORIENTED_EDGE('',*,*,#3486,.T.);
#4852=ORIENTED_EDGE('',*,*,#3713,.T.);
#4853=ORIENTED_EDGE('',*,*,#3714,.T.);
#4854=ORIENTED_EDGE('',*,*,#3715,.T.);
#4855=ORIENTED_EDGE('',*,*,#3715,.F.);
#4856=ORIENTED_EDGE('',*,*,#3716,.F.);
#4857=ORIENTED_EDGE('',*,*,#3717,.F.);
#4858=ORIENTED_EDGE('',*,*,#3487,.F.);
#4859=ORIENTED_EDGE('',*,*,#3718,.T.);
#4860=ORIENTED_EDGE('',*,*,#3719,.T.);
#4861=ORIENTED_EDGE('',*,*,#3488,.T.);
#4862=ORIENTED_EDGE('',*,*,#3717,.T.);
#4863=ORIENTED_EDGE('',*,*,#3720,.T.);
#4864=ORIENTED_EDGE('',*,*,#3721,.T.);
#4865=ORIENTED_EDGE('',*,*,#3490,.T.);
#4866=ORIENTED_EDGE('',*,*,#3722,.T.);
#4867=ORIENTED_EDGE('',*,*,#3722,.F.);
#4868=ORIENTED_EDGE('',*,*,#3493,.F.);
#4869=ORIENTED_EDGE('',*,*,#3723,.F.);
#4870=ORIENTED_EDGE('',*,*,#3724,.F.);
#4871=ORIENTED_EDGE('',*,*,#3492,.T.);
#4872=ORIENTED_EDGE('',*,*,#3725,.T.);
#4873=ORIENTED_EDGE('',*,*,#3726,.T.);
#4874=ORIENTED_EDGE('',*,*,#3723,.T.);
#4875=ORIENTED_EDGE('',*,*,#3727,.F.);
#4876=ORIENTED_EDGE('',*,*,#3728,.F.);
#4877=ORIENTED_EDGE('',*,*,#3729,.F.);
#4878=ORIENTED_EDGE('',*,*,#3730,.F.);
#4879=ORIENTED_EDGE('',*,*,#3731,.F.);
#4880=ORIENTED_EDGE('',*,*,#3732,.F.);
#4881=ORIENTED_EDGE('',*,*,#3714,.F.);
#4882=ORIENTED_EDGE('',*,*,#3733,.F.);
#4883=ORIENTED_EDGE('',*,*,#3718,.F.);
#4884=ORIENTED_EDGE('',*,*,#3716,.T.);
#4885=ORIENTED_EDGE('',*,*,#3734,.F.);
#4886=ORIENTED_EDGE('',*,*,#3735,.F.);
#4887=ORIENTED_EDGE('',*,*,#3736,.F.);
#4888=ORIENTED_EDGE('',*,*,#3737,.F.);
#4889=ORIENTED_EDGE('',*,*,#3738,.F.);
#4890=ORIENTED_EDGE('',*,*,#3739,.F.);
#4891=ORIENTED_EDGE('',*,*,#3740,.F.);
#4892=ORIENTED_EDGE('',*,*,#3720,.F.);
#4893=ORIENTED_EDGE('',*,*,#3724,.T.);
#4894=ORIENTED_EDGE('',*,*,#3726,.F.);
#4895=ORIENTED_EDGE('',*,*,#3741,.F.);
#4896=ORIENTED_EDGE('',*,*,#3684,.T.);
#4897=ORIENTED_EDGE('',*,*,#3742,.T.);
#4898=ORIENTED_EDGE('',*,*,#3743,.T.);
#4899=ORIENTED_EDGE('',*,*,#3744,.T.);
#4900=ORIENTED_EDGE('',*,*,#3745,.T.);
#4901=ORIENTED_EDGE('',*,*,#3687,.T.);
#4902=ORIENTED_EDGE('',*,*,#3746,.T.);
#4903=ORIENTED_EDGE('',*,*,#3747,.T.);
#4904=ORIENTED_EDGE('',*,*,#3742,.F.);
#4905=ORIENTED_EDGE('',*,*,#3748,.T.);
#4906=ORIENTED_EDGE('',*,*,#3746,.F.);
#4907=ORIENTED_EDGE('',*,*,#3686,.T.);
#4908=ORIENTED_EDGE('',*,*,#3749,.F.);
#4909=ORIENTED_EDGE('',*,*,#3750,.T.);
#4910=ORIENTED_EDGE('',*,*,#3685,.T.);
#4911=ORIENTED_EDGE('',*,*,#3745,.F.);
#4912=ORIENTED_EDGE('',*,*,#3751,.T.);
#4913=ORIENTED_EDGE('',*,*,#3749,.T.);
#4914=ORIENTED_EDGE('',*,*,#3748,.F.);
#4915=ORIENTED_EDGE('',*,*,#3752,.F.);
#4916=ORIENTED_EDGE('',*,*,#3753,.F.);
#4917=ORIENTED_EDGE('',*,*,#3754,.F.);
#4918=ORIENTED_EDGE('',*,*,#3755,.F.);
#4919=ORIENTED_EDGE('',*,*,#3756,.F.);
#4920=ORIENTED_EDGE('',*,*,#3757,.F.);
#4921=ORIENTED_EDGE('',*,*,#3758,.F.);
#4922=ORIENTED_EDGE('',*,*,#3759,.F.);
#4923=ORIENTED_EDGE('',*,*,#3760,.F.);
#4924=ORIENTED_EDGE('',*,*,#3761,.F.);
#4925=ORIENTED_EDGE('',*,*,#3762,.F.);
#4926=ORIENTED_EDGE('',*,*,#3763,.F.);
#4927=ORIENTED_EDGE('',*,*,#3764,.F.);
#4928=ORIENTED_EDGE('',*,*,#3765,.F.);
#4929=ORIENTED_EDGE('',*,*,#3766,.F.);
#4930=ORIENTED_EDGE('',*,*,#3767,.F.);
#4931=ORIENTED_EDGE('',*,*,#3768,.F.);
#4932=ORIENTED_EDGE('',*,*,#3769,.F.);
#4933=ORIENTED_EDGE('',*,*,#3770,.F.);
#4934=ORIENTED_EDGE('',*,*,#3771,.F.);
#4935=ORIENTED_EDGE('',*,*,#3772,.F.);
#4936=ORIENTED_EDGE('',*,*,#3773,.F.);
#4937=ORIENTED_EDGE('',*,*,#3774,.F.);
#4938=ORIENTED_EDGE('',*,*,#3775,.F.);
#4939=ORIENTED_EDGE('',*,*,#3776,.F.);
#4940=ORIENTED_EDGE('',*,*,#3777,.F.);
#4941=ORIENTED_EDGE('',*,*,#3778,.F.);
#4942=ORIENTED_EDGE('',*,*,#3779,.F.);
#4943=ORIENTED_EDGE('',*,*,#3780,.F.);
#4944=ORIENTED_EDGE('',*,*,#3781,.F.);
#4945=ORIENTED_EDGE('',*,*,#3751,.F.);
#4946=ORIENTED_EDGE('',*,*,#3744,.F.);
#4947=ORIENTED_EDGE('',*,*,#3782,.F.);
#4948=ORIENTED_EDGE('',*,*,#3783,.T.);
#4949=ORIENTED_EDGE('',*,*,#3752,.T.);
#4950=ORIENTED_EDGE('',*,*,#3750,.F.);
#4951=ORIENTED_EDGE('',*,*,#3784,.T.);
#4952=ORIENTED_EDGE('',*,*,#3785,.T.);
#4953=ORIENTED_EDGE('',*,*,#3678,.T.);
#4954=ORIENTED_EDGE('',*,*,#3785,.F.);
#4955=ORIENTED_EDGE('',*,*,#3786,.T.);
#4956=ORIENTED_EDGE('',*,*,#3787,.T.);
#4957=ORIENTED_EDGE('',*,*,#3784,.F.);
#4958=ORIENTED_EDGE('',*,*,#3787,.F.);
#4959=ORIENTED_EDGE('',*,*,#3680,.T.);
#4960=ORIENTED_EDGE('',*,*,#3788,.T.);
#4961=ORIENTED_EDGE('',*,*,#3789,.T.);
#4962=ORIENTED_EDGE('',*,*,#3790,.T.);
#4963=ORIENTED_EDGE('',*,*,#3791,.T.);
#4964=ORIENTED_EDGE('',*,*,#3683,.T.);
#4965=ORIENTED_EDGE('',*,*,#3792,.T.);
#4966=ORIENTED_EDGE('',*,*,#3793,.T.);
#4967=ORIENTED_EDGE('',*,*,#3788,.F.);
#4968=ORIENTED_EDGE('',*,*,#3794,.T.);
#4969=ORIENTED_EDGE('',*,*,#3795,.T.);
#4970=ORIENTED_EDGE('',*,*,#3681,.T.);
#4971=ORIENTED_EDGE('',*,*,#3791,.F.);
#4972=ORIENTED_EDGE('',*,*,#3682,.T.);
#4973=ORIENTED_EDGE('',*,*,#3795,.F.);
#4974=ORIENTED_EDGE('',*,*,#3796,.T.);
#4975=ORIENTED_EDGE('',*,*,#3797,.T.);
#4976=ORIENTED_EDGE('',*,*,#3792,.F.);
#4977=ORIENTED_EDGE('',*,*,#3797,.F.);
#4978=ORIENTED_EDGE('',*,*,#3798,.F.);
#4979=ORIENTED_EDGE('',*,*,#3799,.F.);
#4980=ORIENTED_EDGE('',*,*,#3800,.F.);
#4981=ORIENTED_EDGE('',*,*,#3801,.F.);
#4982=ORIENTED_EDGE('',*,*,#3802,.F.);
#4983=ORIENTED_EDGE('',*,*,#3803,.F.);
#4984=ORIENTED_EDGE('',*,*,#3804,.F.);
#4985=ORIENTED_EDGE('',*,*,#3805,.F.);
#4986=ORIENTED_EDGE('',*,*,#3806,.F.);
#4987=ORIENTED_EDGE('',*,*,#3807,.F.);
#4988=ORIENTED_EDGE('',*,*,#3808,.F.);
#4989=ORIENTED_EDGE('',*,*,#3809,.F.);
#4990=ORIENTED_EDGE('',*,*,#3810,.F.);
#4991=ORIENTED_EDGE('',*,*,#3811,.F.);
#4992=ORIENTED_EDGE('',*,*,#3812,.F.);
#4993=ORIENTED_EDGE('',*,*,#3813,.F.);
#4994=ORIENTED_EDGE('',*,*,#3814,.F.);
#4995=ORIENTED_EDGE('',*,*,#3815,.F.);
#4996=ORIENTED_EDGE('',*,*,#3816,.F.);
#4997=ORIENTED_EDGE('',*,*,#3817,.F.);
#4998=ORIENTED_EDGE('',*,*,#3818,.F.);
#4999=ORIENTED_EDGE('',*,*,#3819,.F.);
#5000=ORIENTED_EDGE('',*,*,#3820,.F.);
#5001=ORIENTED_EDGE('',*,*,#3821,.F.);
#5002=ORIENTED_EDGE('',*,*,#3822,.F.);
#5003=ORIENTED_EDGE('',*,*,#3823,.F.);
#5004=ORIENTED_EDGE('',*,*,#3824,.F.);
#5005=ORIENTED_EDGE('',*,*,#3825,.F.);
#5006=ORIENTED_EDGE('',*,*,#3826,.F.);
#5007=ORIENTED_EDGE('',*,*,#3827,.F.);
#5008=ORIENTED_EDGE('',*,*,#3794,.F.);
#5009=ORIENTED_EDGE('',*,*,#3790,.F.);
#5010=ORIENTED_EDGE('',*,*,#3828,.F.);
#5011=ORIENTED_EDGE('',*,*,#3829,.T.);
#5012=ORIENTED_EDGE('',*,*,#3798,.T.);
#5013=ORIENTED_EDGE('',*,*,#3796,.F.);
#5014=ORIENTED_EDGE('',*,*,#3830,.T.);
#5015=ORIENTED_EDGE('',*,*,#3831,.T.);
#5016=ORIENTED_EDGE('',*,*,#3679,.T.);
#5017=ORIENTED_EDGE('',*,*,#3831,.F.);
#5018=ORIENTED_EDGE('',*,*,#3832,.T.);
#5019=ORIENTED_EDGE('',*,*,#3833,.T.);
#5020=ORIENTED_EDGE('',*,*,#3830,.F.);
#5021=ORIENTED_EDGE('',*,*,#3833,.F.);
#5022=ORIENTED_EDGE('',*,*,#3834,.F.);
#5023=ORIENTED_EDGE('',*,*,#3835,.T.);
#5024=ORIENTED_EDGE('',*,*,#3836,.T.);
#5025=ORIENTED_EDGE('',*,*,#3837,.F.);
#5026=ORIENTED_EDGE('',*,*,#3838,.F.);
#5027=ORIENTED_EDGE('',*,*,#3839,.T.);
#5028=ORIENTED_EDGE('',*,*,#3840,.T.);
#5029=ORIENTED_EDGE('',*,*,#3841,.F.);
#5030=ORIENTED_EDGE('',*,*,#3840,.F.);
#5031=ORIENTED_EDGE('',*,*,#3842,.F.);
#5032=ORIENTED_EDGE('',*,*,#3836,.F.);
#5033=ORIENTED_EDGE('',*,*,#3843,.F.);
#5034=ORIENTED_EDGE('',*,*,#3832,.F.);
#5035=ORIENTED_EDGE('',*,*,#3834,.T.);
#5036=ORIENTED_EDGE('',*,*,#3844,.F.);
#5037=ORIENTED_EDGE('',*,*,#3845,.F.);
#5038=ORIENTED_EDGE('',*,*,#3846,.F.);
#5039=ORIENTED_EDGE('',*,*,#3847,.F.);
#5040=ORIENTED_EDGE('',*,*,#3848,.F.);
#5041=ORIENTED_EDGE('',*,*,#3849,.T.);
#5042=ORIENTED_EDGE('',*,*,#3844,.T.);
#5043=ORIENTED_EDGE('',*,*,#3837,.T.);
#5044=ORIENTED_EDGE('',*,*,#3842,.T.);
#5045=ORIENTED_EDGE('',*,*,#3839,.F.);
#5046=ORIENTED_EDGE('',*,*,#3850,.T.);
#5047=ORIENTED_EDGE('',*,*,#3851,.F.);
#5048=ORIENTED_EDGE('',*,*,#3852,.F.);
#5049=ORIENTED_EDGE('',*,*,#3853,.T.);
#5050=ORIENTED_EDGE('',*,*,#3854,.T.);
#5051=ORIENTED_EDGE('',*,*,#3841,.T.);
#5052=ORIENTED_EDGE('',*,*,#3843,.T.);
#5053=ORIENTED_EDGE('',*,*,#3835,.F.);
#5054=ORIENTED_EDGE('',*,*,#3847,.T.);
#5055=ORIENTED_EDGE('',*,*,#3855,.F.);
#5056=ORIENTED_EDGE('',*,*,#3838,.T.);
#5057=ORIENTED_EDGE('',*,*,#3854,.F.);
#5058=ORIENTED_EDGE('',*,*,#3856,.F.);
#5059=ORIENTED_EDGE('',*,*,#3850,.F.);
#5060=ORIENTED_EDGE('',*,*,#3852,.T.);
#5061=ORIENTED_EDGE('',*,*,#3857,.F.);
#5062=ORIENTED_EDGE('',*,*,#3858,.F.);
#5063=ORIENTED_EDGE('',*,*,#3859,.T.);
#5064=ORIENTED_EDGE('',*,*,#3860,.T.);
#5065=ORIENTED_EDGE('',*,*,#3861,.F.);
#5066=ORIENTED_EDGE('',*,*,#3862,.F.);
#5067=ORIENTED_EDGE('',*,*,#3863,.T.);
#5068=ORIENTED_EDGE('',*,*,#3864,.T.);
#5069=ORIENTED_EDGE('',*,*,#3865,.F.);
#5070=ORIENTED_EDGE('',*,*,#3864,.F.);
#5071=ORIENTED_EDGE('',*,*,#3866,.F.);
#5072=ORIENTED_EDGE('',*,*,#3860,.F.);
#5073=ORIENTED_EDGE('',*,*,#3867,.F.);
#5074=ORIENTED_EDGE('',*,*,#3786,.F.);
#5075=ORIENTED_EDGE('',*,*,#3858,.T.);
#5076=ORIENTED_EDGE('',*,*,#3868,.F.);
#5077=ORIENTED_EDGE('',*,*,#3869,.F.);
#5078=ORIENTED_EDGE('',*,*,#3870,.F.);
#5079=ORIENTED_EDGE('',*,*,#3871,.F.);
#5080=ORIENTED_EDGE('',*,*,#3872,.F.);
#5081=ORIENTED_EDGE('',*,*,#3873,.T.);
#5082=ORIENTED_EDGE('',*,*,#3868,.T.);
#5083=ORIENTED_EDGE('',*,*,#3861,.T.);
#5084=ORIENTED_EDGE('',*,*,#3866,.T.);
#5085=ORIENTED_EDGE('',*,*,#3863,.F.);
#5086=ORIENTED_EDGE('',*,*,#3874,.T.);
#5087=ORIENTED_EDGE('',*,*,#3875,.F.);
#5088=ORIENTED_EDGE('',*,*,#3876,.F.);
#5089=ORIENTED_EDGE('',*,*,#3877,.T.);
#5090=ORIENTED_EDGE('',*,*,#3878,.T.);
#5091=ORIENTED_EDGE('',*,*,#3865,.T.);
#5092=ORIENTED_EDGE('',*,*,#3867,.T.);
#5093=ORIENTED_EDGE('',*,*,#3859,.F.);
#5094=ORIENTED_EDGE('',*,*,#3871,.T.);
#5095=ORIENTED_EDGE('',*,*,#3879,.F.);
#5096=ORIENTED_EDGE('',*,*,#3862,.T.);
#5097=ORIENTED_EDGE('',*,*,#3878,.F.);
#5098=ORIENTED_EDGE('',*,*,#3880,.F.);
#5099=ORIENTED_EDGE('',*,*,#3874,.F.);
#5100=ORIENTED_EDGE('',*,*,#3876,.T.);
#5101=ORIENTED_EDGE('',*,*,#3881,.F.);
#5102=ORIENTED_EDGE('',*,*,#3882,.T.);
#5103=ORIENTED_EDGE('',*,*,#3883,.T.);
#5104=ORIENTED_EDGE('',*,*,#3576,.T.);
#5105=ORIENTED_EDGE('',*,*,#3883,.F.);
#5106=ORIENTED_EDGE('',*,*,#3882,.F.);
#5107=ORIENTED_EDGE('',*,*,#3884,.T.);
#5108=ORIENTED_EDGE('',*,*,#3845,.T.);
#5109=ORIENTED_EDGE('',*,*,#3849,.F.);
#5110=ORIENTED_EDGE('',*,*,#3885,.T.);
#5111=ORIENTED_EDGE('',*,*,#3851,.T.);
#5112=ORIENTED_EDGE('',*,*,#3856,.T.);
#5113=ORIENTED_EDGE('',*,*,#3853,.F.);
#5114=ORIENTED_EDGE('',*,*,#3857,.T.);
#5115=ORIENTED_EDGE('',*,*,#3855,.T.);
#5116=ORIENTED_EDGE('',*,*,#3846,.T.);
#5117=ORIENTED_EDGE('',*,*,#3884,.F.);
#5118=ORIENTED_EDGE('',*,*,#3886,.T.);
#5119=ORIENTED_EDGE('',*,*,#3887,.T.);
#5120=ORIENTED_EDGE('',*,*,#3556,.T.);
#5121=ORIENTED_EDGE('',*,*,#3887,.F.);
#5122=ORIENTED_EDGE('',*,*,#3886,.F.);
#5123=ORIENTED_EDGE('',*,*,#3888,.T.);
#5124=ORIENTED_EDGE('',*,*,#3869,.T.);
#5125=ORIENTED_EDGE('',*,*,#3873,.F.);
#5126=ORIENTED_EDGE('',*,*,#3889,.T.);
#5127=ORIENTED_EDGE('',*,*,#3875,.T.);
#5128=ORIENTED_EDGE('',*,*,#3880,.T.);
#5129=ORIENTED_EDGE('',*,*,#3877,.F.);
#5130=ORIENTED_EDGE('',*,*,#3881,.T.);
#5131=ORIENTED_EDGE('',*,*,#3879,.T.);
#5132=ORIENTED_EDGE('',*,*,#3870,.T.);
#5133=ORIENTED_EDGE('',*,*,#3888,.F.);
#5134=ORIENTED_EDGE('',*,*,#3848,.T.);
#5135=ORIENTED_EDGE('',*,*,#3885,.F.);
#5136=ORIENTED_EDGE('',*,*,#3872,.T.);
#5137=ORIENTED_EDGE('',*,*,#3889,.F.);
#5138=ORIENTED_EDGE('',*,*,#3559,.F.);
#5139=ORIENTED_EDGE('',*,*,#3890,.T.);
#5140=ORIENTED_EDGE('',*,*,#3891,.T.);
#5141=ORIENTED_EDGE('',*,*,#3892,.F.);
#5142=ORIENTED_EDGE('',*,*,#3893,.T.);
#5143=ORIENTED_EDGE('',*,*,#3894,.F.);
#5144=ORIENTED_EDGE('',*,*,#3895,.T.);
#5145=ORIENTED_EDGE('',*,*,#3896,.T.);
#5146=ORIENTED_EDGE('',*,*,#3897,.T.);
#5147=ORIENTED_EDGE('',*,*,#3898,.F.);
#5148=ORIENTED_EDGE('',*,*,#3899,.F.);
#5149=ORIENTED_EDGE('',*,*,#3900,.F.);
#5150=ORIENTED_EDGE('',*,*,#3901,.T.);
#5151=ORIENTED_EDGE('',*,*,#3793,.F.);
#5152=ORIENTED_EDGE('',*,*,#3827,.T.);
#5153=ORIENTED_EDGE('',*,*,#3902,.F.);
#5154=ORIENTED_EDGE('',*,*,#3903,.T.);
#5155=ORIENTED_EDGE('',*,*,#3560,.F.);
#5156=ORIENTED_EDGE('',*,*,#3901,.F.);
#5157=ORIENTED_EDGE('',*,*,#3904,.F.);
#5158=ORIENTED_EDGE('',*,*,#3905,.F.);
#5159=ORIENTED_EDGE('',*,*,#3904,.T.);
#5160=ORIENTED_EDGE('',*,*,#3900,.T.);
#5161=ORIENTED_EDGE('',*,*,#3906,.T.);
#5162=ORIENTED_EDGE('',*,*,#3907,.T.);
#5163=ORIENTED_EDGE('',*,*,#3789,.F.);
#5164=ORIENTED_EDGE('',*,*,#3905,.T.);
#5165=ORIENTED_EDGE('',*,*,#3907,.F.);
#5166=ORIENTED_EDGE('',*,*,#3908,.F.);
#5167=ORIENTED_EDGE('',*,*,#3909,.F.);
#5168=ORIENTED_EDGE('',*,*,#3910,.T.);
#5169=ORIENTED_EDGE('',*,*,#3911,.T.);
#5170=ORIENTED_EDGE('',*,*,#3912,.T.);
#5171=ORIENTED_EDGE('',*,*,#3913,.F.);
#5172=ORIENTED_EDGE('',*,*,#3914,.T.);
#5173=ORIENTED_EDGE('',*,*,#3915,.F.);
#5174=ORIENTED_EDGE('',*,*,#3916,.T.);
#5175=ORIENTED_EDGE('',*,*,#3917,.T.);
#5176=ORIENTED_EDGE('',*,*,#3918,.T.);
#5177=ORIENTED_EDGE('',*,*,#3919,.F.);
#5178=ORIENTED_EDGE('',*,*,#3920,.T.);
#5179=ORIENTED_EDGE('',*,*,#3921,.F.);
#5180=ORIENTED_EDGE('',*,*,#3922,.T.);
#5181=ORIENTED_EDGE('',*,*,#3923,.T.);
#5182=ORIENTED_EDGE('',*,*,#3924,.T.);
#5183=ORIENTED_EDGE('',*,*,#3925,.F.);
#5184=ORIENTED_EDGE('',*,*,#3926,.T.);
#5185=ORIENTED_EDGE('',*,*,#3927,.F.);
#5186=ORIENTED_EDGE('',*,*,#3928,.T.);
#5187=ORIENTED_EDGE('',*,*,#3929,.T.);
#5188=ORIENTED_EDGE('',*,*,#3930,.T.);
#5189=ORIENTED_EDGE('',*,*,#3931,.F.);
#5190=ORIENTED_EDGE('',*,*,#3932,.T.);
#5191=ORIENTED_EDGE('',*,*,#3933,.F.);
#5192=ORIENTED_EDGE('',*,*,#3934,.T.);
#5193=ORIENTED_EDGE('',*,*,#3828,.T.);
#5194=ORIENTED_EDGE('',*,*,#3902,.T.);
#5195=ORIENTED_EDGE('',*,*,#3826,.T.);
#5196=ORIENTED_EDGE('',*,*,#3935,.T.);
#5197=ORIENTED_EDGE('',*,*,#3936,.T.);
#5198=ORIENTED_EDGE('',*,*,#3557,.F.);
#5199=ORIENTED_EDGE('',*,*,#3903,.F.);
#5200=ORIENTED_EDGE('',*,*,#3936,.F.);
#5201=ORIENTED_EDGE('',*,*,#3937,.F.);
#5202=ORIENTED_EDGE('',*,*,#3938,.F.);
#5203=ORIENTED_EDGE('',*,*,#3939,.F.);
#5204=ORIENTED_EDGE('',*,*,#3940,.F.);
#5205=ORIENTED_EDGE('',*,*,#3941,.F.);
#5206=ORIENTED_EDGE('',*,*,#3942,.F.);
#5207=ORIENTED_EDGE('',*,*,#3943,.F.);
#5208=ORIENTED_EDGE('',*,*,#3944,.F.);
#5209=ORIENTED_EDGE('',*,*,#3945,.F.);
#5210=ORIENTED_EDGE('',*,*,#3946,.F.);
#5211=ORIENTED_EDGE('',*,*,#3934,.F.);
#5212=ORIENTED_EDGE('',*,*,#3947,.T.);
#5213=ORIENTED_EDGE('',*,*,#3799,.T.);
#5214=ORIENTED_EDGE('',*,*,#3829,.F.);
#5215=ORIENTED_EDGE('',*,*,#3933,.T.);
#5216=ORIENTED_EDGE('',*,*,#3948,.T.);
#5217=ORIENTED_EDGE('',*,*,#3800,.T.);
#5218=ORIENTED_EDGE('',*,*,#3947,.F.);
#5219=ORIENTED_EDGE('',*,*,#3932,.F.);
#5220=ORIENTED_EDGE('',*,*,#3949,.T.);
#5221=ORIENTED_EDGE('',*,*,#3801,.T.);
#5222=ORIENTED_EDGE('',*,*,#3948,.F.);
#5223=ORIENTED_EDGE('',*,*,#3931,.T.);
#5224=ORIENTED_EDGE('',*,*,#3950,.T.);
#5225=ORIENTED_EDGE('',*,*,#3802,.T.);
#5226=ORIENTED_EDGE('',*,*,#3949,.F.);
#5227=ORIENTED_EDGE('',*,*,#3930,.F.);
#5228=ORIENTED_EDGE('',*,*,#3951,.T.);
#5229=ORIENTED_EDGE('',*,*,#3803,.T.);
#5230=ORIENTED_EDGE('',*,*,#3950,.F.);
#5231=ORIENTED_EDGE('',*,*,#3929,.F.);
#5232=ORIENTED_EDGE('',*,*,#3952,.T.);
#5233=ORIENTED_EDGE('',*,*,#3804,.T.);
#5234=ORIENTED_EDGE('',*,*,#3951,.F.);
#5235=ORIENTED_EDGE('',*,*,#3928,.F.);
#5236=ORIENTED_EDGE('',*,*,#3953,.T.);
#5237=ORIENTED_EDGE('',*,*,#3805,.T.);
#5238=ORIENTED_EDGE('',*,*,#3952,.F.);
#5239=ORIENTED_EDGE('',*,*,#3927,.T.);
#5240=ORIENTED_EDGE('',*,*,#3954,.T.);
#5241=ORIENTED_EDGE('',*,*,#3806,.T.);
#5242=ORIENTED_EDGE('',*,*,#3953,.F.);
#5243=ORIENTED_EDGE('',*,*,#3926,.F.);
#5244=ORIENTED_EDGE('',*,*,#3955,.T.);
#5245=ORIENTED_EDGE('',*,*,#3807,.T.);
#5246=ORIENTED_EDGE('',*,*,#3954,.F.);
#5247=ORIENTED_EDGE('',*,*,#3925,.T.);
#5248=ORIENTED_EDGE('',*,*,#3956,.T.);
#5249=ORIENTED_EDGE('',*,*,#3808,.T.);
#5250=ORIENTED_EDGE('',*,*,#3955,.F.);
#5251=ORIENTED_EDGE('',*,*,#3924,.F.);
#5252=ORIENTED_EDGE('',*,*,#3957,.T.);
#5253=ORIENTED_EDGE('',*,*,#3809,.T.);
#5254=ORIENTED_EDGE('',*,*,#3956,.F.);
#5255=ORIENTED_EDGE('',*,*,#3923,.F.);
#5256=ORIENTED_EDGE('',*,*,#3958,.T.);
#5257=ORIENTED_EDGE('',*,*,#3810,.T.);
#5258=ORIENTED_EDGE('',*,*,#3957,.F.);
#5259=ORIENTED_EDGE('',*,*,#3922,.F.);
#5260=ORIENTED_EDGE('',*,*,#3959,.T.);
#5261=ORIENTED_EDGE('',*,*,#3811,.T.);
#5262=ORIENTED_EDGE('',*,*,#3958,.F.);
#5263=ORIENTED_EDGE('',*,*,#3921,.T.);
#5264=ORIENTED_EDGE('',*,*,#3960,.T.);
#5265=ORIENTED_EDGE('',*,*,#3812,.T.);
#5266=ORIENTED_EDGE('',*,*,#3959,.F.);
#5267=ORIENTED_EDGE('',*,*,#3920,.F.);
#5268=ORIENTED_EDGE('',*,*,#3961,.T.);
#5269=ORIENTED_EDGE('',*,*,#3813,.T.);
#5270=ORIENTED_EDGE('',*,*,#3960,.F.);
#5271=ORIENTED_EDGE('',*,*,#3919,.T.);
#5272=ORIENTED_EDGE('',*,*,#3962,.T.);
#5273=ORIENTED_EDGE('',*,*,#3814,.T.);
#5274=ORIENTED_EDGE('',*,*,#3961,.F.);
#5275=ORIENTED_EDGE('',*,*,#3918,.F.);
#5276=ORIENTED_EDGE('',*,*,#3963,.T.);
#5277=ORIENTED_EDGE('',*,*,#3815,.T.);
#5278=ORIENTED_EDGE('',*,*,#3962,.F.);
#5279=ORIENTED_EDGE('',*,*,#3917,.F.);
#5280=ORIENTED_EDGE('',*,*,#3964,.T.);
#5281=ORIENTED_EDGE('',*,*,#3816,.T.);
#5282=ORIENTED_EDGE('',*,*,#3963,.F.);
#5283=ORIENTED_EDGE('',*,*,#3916,.F.);
#5284=ORIENTED_EDGE('',*,*,#3965,.T.);
#5285=ORIENTED_EDGE('',*,*,#3817,.T.);
#5286=ORIENTED_EDGE('',*,*,#3964,.F.);
#5287=ORIENTED_EDGE('',*,*,#3915,.T.);
#5288=ORIENTED_EDGE('',*,*,#3966,.T.);
#5289=ORIENTED_EDGE('',*,*,#3818,.T.);
#5290=ORIENTED_EDGE('',*,*,#3965,.F.);
#5291=ORIENTED_EDGE('',*,*,#3914,.F.);
#5292=ORIENTED_EDGE('',*,*,#3967,.T.);
#5293=ORIENTED_EDGE('',*,*,#3819,.T.);
#5294=ORIENTED_EDGE('',*,*,#3966,.F.);
#5295=ORIENTED_EDGE('',*,*,#3913,.T.);
#5296=ORIENTED_EDGE('',*,*,#3968,.T.);
#5297=ORIENTED_EDGE('',*,*,#3820,.T.);
#5298=ORIENTED_EDGE('',*,*,#3967,.F.);
#5299=ORIENTED_EDGE('',*,*,#3912,.F.);
#5300=ORIENTED_EDGE('',*,*,#3969,.T.);
#5301=ORIENTED_EDGE('',*,*,#3821,.T.);
#5302=ORIENTED_EDGE('',*,*,#3968,.F.);
#5303=ORIENTED_EDGE('',*,*,#3911,.F.);
#5304=ORIENTED_EDGE('',*,*,#3970,.T.);
#5305=ORIENTED_EDGE('',*,*,#3822,.T.);
#5306=ORIENTED_EDGE('',*,*,#3969,.F.);
#5307=ORIENTED_EDGE('',*,*,#3910,.F.);
#5308=ORIENTED_EDGE('',*,*,#3971,.T.);
#5309=ORIENTED_EDGE('',*,*,#3823,.T.);
#5310=ORIENTED_EDGE('',*,*,#3970,.F.);
#5311=ORIENTED_EDGE('',*,*,#3909,.T.);
#5312=ORIENTED_EDGE('',*,*,#3972,.T.);
#5313=ORIENTED_EDGE('',*,*,#3824,.T.);
#5314=ORIENTED_EDGE('',*,*,#3971,.F.);
#5315=ORIENTED_EDGE('',*,*,#3972,.F.);
#5316=ORIENTED_EDGE('',*,*,#3908,.T.);
#5317=ORIENTED_EDGE('',*,*,#3906,.F.);
#5318=ORIENTED_EDGE('',*,*,#3899,.T.);
#5319=ORIENTED_EDGE('',*,*,#3973,.T.);
#5320=ORIENTED_EDGE('',*,*,#3937,.T.);
#5321=ORIENTED_EDGE('',*,*,#3935,.F.);
#5322=ORIENTED_EDGE('',*,*,#3825,.T.);
#5323=ORIENTED_EDGE('',*,*,#3898,.T.);
#5324=ORIENTED_EDGE('',*,*,#3974,.T.);
#5325=ORIENTED_EDGE('',*,*,#3938,.T.);
#5326=ORIENTED_EDGE('',*,*,#3973,.F.);
#5327=ORIENTED_EDGE('',*,*,#3897,.F.);
#5328=ORIENTED_EDGE('',*,*,#3975,.T.);
#5329=ORIENTED_EDGE('',*,*,#3939,.T.);
#5330=ORIENTED_EDGE('',*,*,#3974,.F.);
#5331=ORIENTED_EDGE('',*,*,#3896,.F.);
#5332=ORIENTED_EDGE('',*,*,#3976,.T.);
#5333=ORIENTED_EDGE('',*,*,#3940,.T.);
#5334=ORIENTED_EDGE('',*,*,#3975,.F.);
#5335=ORIENTED_EDGE('',*,*,#3895,.F.);
#5336=ORIENTED_EDGE('',*,*,#3977,.T.);
#5337=ORIENTED_EDGE('',*,*,#3941,.T.);
#5338=ORIENTED_EDGE('',*,*,#3976,.F.);
#5339=ORIENTED_EDGE('',*,*,#3894,.T.);
#5340=ORIENTED_EDGE('',*,*,#3978,.T.);
#5341=ORIENTED_EDGE('',*,*,#3942,.T.);
#5342=ORIENTED_EDGE('',*,*,#3977,.F.);
#5343=ORIENTED_EDGE('',*,*,#3893,.F.);
#5344=ORIENTED_EDGE('',*,*,#3979,.T.);
#5345=ORIENTED_EDGE('',*,*,#3943,.T.);
#5346=ORIENTED_EDGE('',*,*,#3978,.F.);
#5347=ORIENTED_EDGE('',*,*,#3892,.T.);
#5348=ORIENTED_EDGE('',*,*,#3980,.T.);
#5349=ORIENTED_EDGE('',*,*,#3944,.T.);
#5350=ORIENTED_EDGE('',*,*,#3979,.F.);
#5351=ORIENTED_EDGE('',*,*,#3891,.F.);
#5352=ORIENTED_EDGE('',*,*,#3981,.T.);
#5353=ORIENTED_EDGE('',*,*,#3945,.T.);
#5354=ORIENTED_EDGE('',*,*,#3980,.F.);
#5355=ORIENTED_EDGE('',*,*,#3558,.F.);
#5356=ORIENTED_EDGE('',*,*,#3946,.T.);
#5357=ORIENTED_EDGE('',*,*,#3981,.F.);
#5358=ORIENTED_EDGE('',*,*,#3890,.F.);
#5359=ORIENTED_EDGE('',*,*,#3563,.F.);
#5360=ORIENTED_EDGE('',*,*,#3982,.T.);
#5361=ORIENTED_EDGE('',*,*,#3983,.T.);
#5362=ORIENTED_EDGE('',*,*,#3984,.F.);
#5363=ORIENTED_EDGE('',*,*,#3985,.T.);
#5364=ORIENTED_EDGE('',*,*,#3986,.F.);
#5365=ORIENTED_EDGE('',*,*,#3987,.T.);
#5366=ORIENTED_EDGE('',*,*,#3988,.T.);
#5367=ORIENTED_EDGE('',*,*,#3989,.T.);
#5368=ORIENTED_EDGE('',*,*,#3990,.F.);
#5369=ORIENTED_EDGE('',*,*,#3991,.F.);
#5370=ORIENTED_EDGE('',*,*,#3992,.F.);
#5371=ORIENTED_EDGE('',*,*,#3993,.T.);
#5372=ORIENTED_EDGE('',*,*,#3747,.F.);
#5373=ORIENTED_EDGE('',*,*,#3781,.T.);
#5374=ORIENTED_EDGE('',*,*,#3994,.F.);
#5375=ORIENTED_EDGE('',*,*,#3995,.T.);
#5376=ORIENTED_EDGE('',*,*,#3564,.F.);
#5377=ORIENTED_EDGE('',*,*,#3993,.F.);
#5378=ORIENTED_EDGE('',*,*,#3996,.F.);
#5379=ORIENTED_EDGE('',*,*,#3997,.F.);
#5380=ORIENTED_EDGE('',*,*,#3996,.T.);
#5381=ORIENTED_EDGE('',*,*,#3992,.T.);
#5382=ORIENTED_EDGE('',*,*,#3998,.T.);
#5383=ORIENTED_EDGE('',*,*,#3999,.T.);
#5384=ORIENTED_EDGE('',*,*,#3743,.F.);
#5385=ORIENTED_EDGE('',*,*,#3997,.T.);
#5386=ORIENTED_EDGE('',*,*,#3999,.F.);
#5387=ORIENTED_EDGE('',*,*,#4000,.F.);
#5388=ORIENTED_EDGE('',*,*,#4001,.F.);
#5389=ORIENTED_EDGE('',*,*,#4002,.T.);
#5390=ORIENTED_EDGE('',*,*,#4003,.T.);
#5391=ORIENTED_EDGE('',*,*,#4004,.T.);
#5392=ORIENTED_EDGE('',*,*,#4005,.F.);
#5393=ORIENTED_EDGE('',*,*,#4006,.T.);
#5394=ORIENTED_EDGE('',*,*,#4007,.F.);
#5395=ORIENTED_EDGE('',*,*,#4008,.T.);
#5396=ORIENTED_EDGE('',*,*,#4009,.T.);
#5397=ORIENTED_EDGE('',*,*,#4010,.T.);
#5398=ORIENTED_EDGE('',*,*,#4011,.F.);
#5399=ORIENTED_EDGE('',*,*,#4012,.T.);
#5400=ORIENTED_EDGE('',*,*,#4013,.F.);
#5401=ORIENTED_EDGE('',*,*,#4014,.T.);
#5402=ORIENTED_EDGE('',*,*,#4015,.T.);
#5403=ORIENTED_EDGE('',*,*,#4016,.T.);
#5404=ORIENTED_EDGE('',*,*,#4017,.F.);
#5405=ORIENTED_EDGE('',*,*,#4018,.T.);
#5406=ORIENTED_EDGE('',*,*,#4019,.F.);
#5407=ORIENTED_EDGE('',*,*,#4020,.T.);
#5408=ORIENTED_EDGE('',*,*,#4021,.T.);
#5409=ORIENTED_EDGE('',*,*,#4022,.T.);
#5410=ORIENTED_EDGE('',*,*,#4023,.F.);
#5411=ORIENTED_EDGE('',*,*,#4024,.T.);
#5412=ORIENTED_EDGE('',*,*,#4025,.F.);
#5413=ORIENTED_EDGE('',*,*,#4026,.T.);
#5414=ORIENTED_EDGE('',*,*,#3782,.T.);
#5415=ORIENTED_EDGE('',*,*,#3994,.T.);
#5416=ORIENTED_EDGE('',*,*,#3780,.T.);
#5417=ORIENTED_EDGE('',*,*,#4027,.T.);
#5418=ORIENTED_EDGE('',*,*,#4028,.T.);
#5419=ORIENTED_EDGE('',*,*,#3561,.F.);
#5420=ORIENTED_EDGE('',*,*,#3995,.F.);
#5421=ORIENTED_EDGE('',*,*,#4028,.F.);
#5422=ORIENTED_EDGE('',*,*,#4029,.F.);
#5423=ORIENTED_EDGE('',*,*,#4030,.F.);
#5424=ORIENTED_EDGE('',*,*,#4031,.F.);
#5425=ORIENTED_EDGE('',*,*,#4032,.F.);
#5426=ORIENTED_EDGE('',*,*,#4033,.F.);
#5427=ORIENTED_EDGE('',*,*,#4034,.F.);
#5428=ORIENTED_EDGE('',*,*,#4035,.F.);
#5429=ORIENTED_EDGE('',*,*,#4036,.F.);
#5430=ORIENTED_EDGE('',*,*,#4037,.F.);
#5431=ORIENTED_EDGE('',*,*,#4038,.F.);
#5432=ORIENTED_EDGE('',*,*,#4026,.F.);
#5433=ORIENTED_EDGE('',*,*,#4039,.T.);
#5434=ORIENTED_EDGE('',*,*,#3753,.T.);
#5435=ORIENTED_EDGE('',*,*,#3783,.F.);
#5436=ORIENTED_EDGE('',*,*,#4025,.T.);
#5437=ORIENTED_EDGE('',*,*,#4040,.T.);
#5438=ORIENTED_EDGE('',*,*,#3754,.T.);
#5439=ORIENTED_EDGE('',*,*,#4039,.F.);
#5440=ORIENTED_EDGE('',*,*,#4024,.F.);
#5441=ORIENTED_EDGE('',*,*,#4041,.T.);
#5442=ORIENTED_EDGE('',*,*,#3755,.T.);
#5443=ORIENTED_EDGE('',*,*,#4040,.F.);
#5444=ORIENTED_EDGE('',*,*,#4023,.T.);
#5445=ORIENTED_EDGE('',*,*,#4042,.T.);
#5446=ORIENTED_EDGE('',*,*,#3756,.T.);
#5447=ORIENTED_EDGE('',*,*,#4041,.F.);
#5448=ORIENTED_EDGE('',*,*,#4022,.F.);
#5449=ORIENTED_EDGE('',*,*,#4043,.T.);
#5450=ORIENTED_EDGE('',*,*,#3757,.T.);
#5451=ORIENTED_EDGE('',*,*,#4042,.F.);
#5452=ORIENTED_EDGE('',*,*,#4021,.F.);
#5453=ORIENTED_EDGE('',*,*,#4044,.T.);
#5454=ORIENTED_EDGE('',*,*,#3758,.T.);
#5455=ORIENTED_EDGE('',*,*,#4043,.F.);
#5456=ORIENTED_EDGE('',*,*,#4020,.F.);
#5457=ORIENTED_EDGE('',*,*,#4045,.T.);
#5458=ORIENTED_EDGE('',*,*,#3759,.T.);
#5459=ORIENTED_EDGE('',*,*,#4044,.F.);
#5460=ORIENTED_EDGE('',*,*,#4019,.T.);
#5461=ORIENTED_EDGE('',*,*,#4046,.T.);
#5462=ORIENTED_EDGE('',*,*,#3760,.T.);
#5463=ORIENTED_EDGE('',*,*,#4045,.F.);
#5464=ORIENTED_EDGE('',*,*,#4018,.F.);
#5465=ORIENTED_EDGE('',*,*,#4047,.T.);
#5466=ORIENTED_EDGE('',*,*,#3761,.T.);
#5467=ORIENTED_EDGE('',*,*,#4046,.F.);
#5468=ORIENTED_EDGE('',*,*,#4017,.T.);
#5469=ORIENTED_EDGE('',*,*,#4048,.T.);
#5470=ORIENTED_EDGE('',*,*,#3762,.T.);
#5471=ORIENTED_EDGE('',*,*,#4047,.F.);
#5472=ORIENTED_EDGE('',*,*,#4016,.F.);
#5473=ORIENTED_EDGE('',*,*,#4049,.T.);
#5474=ORIENTED_EDGE('',*,*,#3763,.T.);
#5475=ORIENTED_EDGE('',*,*,#4048,.F.);
#5476=ORIENTED_EDGE('',*,*,#4015,.F.);
#5477=ORIENTED_EDGE('',*,*,#4050,.T.);
#5478=ORIENTED_EDGE('',*,*,#3764,.T.);
#5479=ORIENTED_EDGE('',*,*,#4049,.F.);
#5480=ORIENTED_EDGE('',*,*,#4014,.F.);
#5481=ORIENTED_EDGE('',*,*,#4051,.T.);
#5482=ORIENTED_EDGE('',*,*,#3765,.T.);
#5483=ORIENTED_EDGE('',*,*,#4050,.F.);
#5484=ORIENTED_EDGE('',*,*,#4013,.T.);
#5485=ORIENTED_EDGE('',*,*,#4052,.T.);
#5486=ORIENTED_EDGE('',*,*,#3766,.T.);
#5487=ORIENTED_EDGE('',*,*,#4051,.F.);
#5488=ORIENTED_EDGE('',*,*,#4012,.F.);
#5489=ORIENTED_EDGE('',*,*,#4053,.T.);
#5490=ORIENTED_EDGE('',*,*,#3767,.T.);
#5491=ORIENTED_EDGE('',*,*,#4052,.F.);
#5492=ORIENTED_EDGE('',*,*,#4011,.T.);
#5493=ORIENTED_EDGE('',*,*,#4054,.T.);
#5494=ORIENTED_EDGE('',*,*,#3768,.T.);
#5495=ORIENTED_EDGE('',*,*,#4053,.F.);
#5496=ORIENTED_EDGE('',*,*,#4010,.F.);
#5497=ORIENTED_EDGE('',*,*,#4055,.T.);
#5498=ORIENTED_EDGE('',*,*,#3769,.T.);
#5499=ORIENTED_EDGE('',*,*,#4054,.F.);
#5500=ORIENTED_EDGE('',*,*,#4009,.F.);
#5501=ORIENTED_EDGE('',*,*,#4056,.T.);
#5502=ORIENTED_EDGE('',*,*,#3770,.T.);
#5503=ORIENTED_EDGE('',*,*,#4055,.F.);
#5504=ORIENTED_EDGE('',*,*,#4008,.F.);
#5505=ORIENTED_EDGE('',*,*,#4057,.T.);
#5506=ORIENTED_EDGE('',*,*,#3771,.T.);
#5507=ORIENTED_EDGE('',*,*,#4056,.F.);
#5508=ORIENTED_EDGE('',*,*,#4007,.T.);
#5509=ORIENTED_EDGE('',*,*,#4058,.T.);
#5510=ORIENTED_EDGE('',*,*,#3772,.T.);
#5511=ORIENTED_EDGE('',*,*,#4057,.F.);
#5512=ORIENTED_EDGE('',*,*,#4006,.F.);
#5513=ORIENTED_EDGE('',*,*,#4059,.T.);
#5514=ORIENTED_EDGE('',*,*,#3773,.T.);
#5515=ORIENTED_EDGE('',*,*,#4058,.F.);
#5516=ORIENTED_EDGE('',*,*,#4005,.T.);
#5517=ORIENTED_EDGE('',*,*,#4060,.T.);
#5518=ORIENTED_EDGE('',*,*,#3774,.T.);
#5519=ORIENTED_EDGE('',*,*,#4059,.F.);
#5520=ORIENTED_EDGE('',*,*,#4004,.F.);
#5521=ORIENTED_EDGE('',*,*,#4061,.T.);
#5522=ORIENTED_EDGE('',*,*,#3775,.T.);
#5523=ORIENTED_EDGE('',*,*,#4060,.F.);
#5524=ORIENTED_EDGE('',*,*,#4003,.F.);
#5525=ORIENTED_EDGE('',*,*,#4062,.T.);
#5526=ORIENTED_EDGE('',*,*,#3776,.T.);
#5527=ORIENTED_EDGE('',*,*,#4061,.F.);
#5528=ORIENTED_EDGE('',*,*,#4002,.F.);
#5529=ORIENTED_EDGE('',*,*,#4063,.T.);
#5530=ORIENTED_EDGE('',*,*,#3777,.T.);
#5531=ORIENTED_EDGE('',*,*,#4062,.F.);
#5532=ORIENTED_EDGE('',*,*,#4001,.T.);
#5533=ORIENTED_EDGE('',*,*,#4064,.T.);
#5534=ORIENTED_EDGE('',*,*,#3778,.T.);
#5535=ORIENTED_EDGE('',*,*,#4063,.F.);
#5536=ORIENTED_EDGE('',*,*,#4064,.F.);
#5537=ORIENTED_EDGE('',*,*,#4000,.T.);
#5538=ORIENTED_EDGE('',*,*,#3998,.F.);
#5539=ORIENTED_EDGE('',*,*,#3991,.T.);
#5540=ORIENTED_EDGE('',*,*,#4065,.T.);
#5541=ORIENTED_EDGE('',*,*,#4029,.T.);
#5542=ORIENTED_EDGE('',*,*,#4027,.F.);
#5543=ORIENTED_EDGE('',*,*,#3779,.T.);
#5544=ORIENTED_EDGE('',*,*,#3990,.T.);
#5545=ORIENTED_EDGE('',*,*,#4066,.T.);
#5546=ORIENTED_EDGE('',*,*,#4030,.T.);
#5547=ORIENTED_EDGE('',*,*,#4065,.F.);
#5548=ORIENTED_EDGE('',*,*,#3989,.F.);
#5549=ORIENTED_EDGE('',*,*,#4067,.T.);
#5550=ORIENTED_EDGE('',*,*,#4031,.T.);
#5551=ORIENTED_EDGE('',*,*,#4066,.F.);
#5552=ORIENTED_EDGE('',*,*,#3988,.F.);
#5553=ORIENTED_EDGE('',*,*,#4068,.T.);
#5554=ORIENTED_EDGE('',*,*,#4032,.T.);
#5555=ORIENTED_EDGE('',*,*,#4067,.F.);
#5556=ORIENTED_EDGE('',*,*,#3987,.F.);
#5557=ORIENTED_EDGE('',*,*,#4069,.T.);
#5558=ORIENTED_EDGE('',*,*,#4033,.T.);
#5559=ORIENTED_EDGE('',*,*,#4068,.F.);
#5560=ORIENTED_EDGE('',*,*,#3986,.T.);
#5561=ORIENTED_EDGE('',*,*,#4070,.T.);
#5562=ORIENTED_EDGE('',*,*,#4034,.T.);
#5563=ORIENTED_EDGE('',*,*,#4069,.F.);
#5564=ORIENTED_EDGE('',*,*,#3985,.F.);
#5565=ORIENTED_EDGE('',*,*,#4071,.T.);
#5566=ORIENTED_EDGE('',*,*,#4035,.T.);
#5567=ORIENTED_EDGE('',*,*,#4070,.F.);
#5568=ORIENTED_EDGE('',*,*,#3984,.T.);
#5569=ORIENTED_EDGE('',*,*,#4072,.T.);
#5570=ORIENTED_EDGE('',*,*,#4036,.T.);
#5571=ORIENTED_EDGE('',*,*,#4071,.F.);
#5572=ORIENTED_EDGE('',*,*,#3983,.F.);
#5573=ORIENTED_EDGE('',*,*,#4073,.T.);
#5574=ORIENTED_EDGE('',*,*,#4037,.T.);
#5575=ORIENTED_EDGE('',*,*,#4072,.F.);
#5576=ORIENTED_EDGE('',*,*,#3562,.F.);
#5577=ORIENTED_EDGE('',*,*,#4038,.T.);
#5578=ORIENTED_EDGE('',*,*,#4073,.F.);
#5579=ORIENTED_EDGE('',*,*,#3982,.F.);
#5580=ORIENTED_EDGE('',*,*,#3618,.F.);
#5581=ORIENTED_EDGE('',*,*,#4074,.T.);
#5582=ORIENTED_EDGE('',*,*,#4075,.T.);
#5583=ORIENTED_EDGE('',*,*,#3543,.T.);
#5584=ORIENTED_EDGE('',*,*,#4076,.T.);
#5585=ORIENTED_EDGE('',*,*,#3544,.T.);
#5586=ORIENTED_EDGE('',*,*,#4075,.F.);
#5587=ORIENTED_EDGE('',*,*,#3697,.T.);
#5588=ORIENTED_EDGE('',*,*,#4076,.F.);
#5589=ORIENTED_EDGE('',*,*,#3701,.T.);
#5590=ORIENTED_EDGE('',*,*,#4077,.T.);
#5591=ORIENTED_EDGE('',*,*,#3545,.T.);
#5592=ORIENTED_EDGE('',*,*,#4078,.T.);
#5593=ORIENTED_EDGE('',*,*,#3546,.T.);
#5594=ORIENTED_EDGE('',*,*,#4077,.F.);
#5595=ORIENTED_EDGE('',*,*,#3706,.T.);
#5596=ORIENTED_EDGE('',*,*,#4079,.T.);
#5597=ORIENTED_EDGE('',*,*,#3547,.T.);
#5598=ORIENTED_EDGE('',*,*,#4078,.F.);
#5599=ORIENTED_EDGE('',*,*,#4080,.T.);
#5600=ORIENTED_EDGE('',*,*,#4074,.F.);
#5601=ORIENTED_EDGE('',*,*,#4081,.T.);
#5602=ORIENTED_EDGE('',*,*,#4082,.F.);
#5603=ORIENTED_EDGE('',*,*,#3698,.T.);
#5604=ORIENTED_EDGE('',*,*,#4080,.F.);
#5605=ORIENTED_EDGE('',*,*,#3705,.T.);
#5606=ORIENTED_EDGE('',*,*,#4083,.F.);
#5607=ORIENTED_EDGE('',*,*,#4084,.F.);
#5608=ORIENTED_EDGE('',*,*,#4085,.T.);
#5609=ORIENTED_EDGE('',*,*,#4086,.T.);
#5610=ORIENTED_EDGE('',*,*,#3654,.F.);
#5611=ORIENTED_EDGE('',*,*,#4087,.T.);
#5612=ORIENTED_EDGE('',*,*,#3669,.T.);
#5613=ORIENTED_EDGE('',*,*,#4088,.T.);
#5614=ORIENTED_EDGE('',*,*,#4085,.F.);
#5615=ORIENTED_EDGE('',*,*,#4089,.T.);
#5616=ORIENTED_EDGE('',*,*,#3646,.F.);
#5617=ORIENTED_EDGE('',*,*,#3656,.F.);
#5618=ORIENTED_EDGE('',*,*,#4090,.T.);
#5619=ORIENTED_EDGE('',*,*,#4091,.F.);
#5620=ORIENTED_EDGE('',*,*,#4092,.F.);
#5621=ORIENTED_EDGE('',*,*,#3536,.T.);
#5622=ORIENTED_EDGE('',*,*,#3578,.T.);
#5623=ORIENTED_EDGE('',*,*,#4093,.T.);
#5624=ORIENTED_EDGE('',*,*,#4093,.F.);
#5625=ORIENTED_EDGE('',*,*,#3590,.T.);
#5626=ORIENTED_EDGE('',*,*,#4094,.T.);
#5627=ORIENTED_EDGE('',*,*,#3660,.T.);
#5628=ORIENTED_EDGE('',*,*,#3589,.T.);
#5629=ORIENTED_EDGE('',*,*,#3472,.T.);
#5630=ORIENTED_EDGE('',*,*,#3484,.F.);
#5631=ORIENTED_EDGE('',*,*,#3661,.T.);
#5632=ORIENTED_EDGE('',*,*,#4094,.F.);
#5633=ORIENTED_EDGE('',*,*,#4095,.T.);
#5634=ORIENTED_EDGE('',*,*,#4096,.T.);
#5635=ORIENTED_EDGE('',*,*,#4097,.T.);
#5636=ORIENTED_EDGE('',*,*,#4098,.T.);
#5637=ORIENTED_EDGE('',*,*,#4097,.F.);
#5638=ORIENTED_EDGE('',*,*,#4099,.T.);
#5639=ORIENTED_EDGE('',*,*,#4100,.T.);
#5640=ORIENTED_EDGE('',*,*,#4101,.T.);
#5641=ORIENTED_EDGE('',*,*,#4102,.T.);
#5642=ORIENTED_EDGE('',*,*,#4103,.T.);
#5643=ORIENTED_EDGE('',*,*,#4100,.F.);
#5644=ORIENTED_EDGE('',*,*,#4104,.T.);
#5645=ORIENTED_EDGE('',*,*,#3554,.T.);
#5646=ORIENTED_EDGE('',*,*,#4105,.T.);
#5647=ORIENTED_EDGE('',*,*,#4102,.F.);
#5648=ORIENTED_EDGE('',*,*,#4106,.T.);
#5649=ORIENTED_EDGE('',*,*,#4107,.T.);
#5650=ORIENTED_EDGE('',*,*,#4108,.F.);
#5651=ORIENTED_EDGE('',*,*,#4106,.F.);
#5652=ORIENTED_EDGE('',*,*,#4104,.F.);
#5653=ORIENTED_EDGE('',*,*,#4099,.F.);
#5654=ORIENTED_EDGE('',*,*,#4096,.F.);
#5655=ORIENTED_EDGE('',*,*,#4109,.F.);
#5656=ORIENTED_EDGE('',*,*,#4110,.T.);
#5657=ORIENTED_EDGE('',*,*,#4111,.F.);
#5658=ORIENTED_EDGE('',*,*,#4112,.F.);
#5659=ORIENTED_EDGE('',*,*,#4113,.F.);
#5660=ORIENTED_EDGE('',*,*,#4114,.T.);
#5661=ORIENTED_EDGE('',*,*,#4115,.T.);
#5662=ORIENTED_EDGE('',*,*,#4116,.T.);
#5663=ORIENTED_EDGE('',*,*,#4117,.T.);
#5664=ORIENTED_EDGE('',*,*,#4116,.F.);
#5665=ORIENTED_EDGE('',*,*,#4118,.T.);
#5666=ORIENTED_EDGE('',*,*,#4119,.T.);
#5667=ORIENTED_EDGE('',*,*,#4120,.T.);
#5668=ORIENTED_EDGE('',*,*,#4121,.T.);
#5669=ORIENTED_EDGE('',*,*,#4122,.T.);
#5670=ORIENTED_EDGE('',*,*,#4119,.F.);
#5671=ORIENTED_EDGE('',*,*,#4123,.T.);
#5672=ORIENTED_EDGE('',*,*,#4121,.F.);
#5673=ORIENTED_EDGE('',*,*,#4124,.T.);
#5674=ORIENTED_EDGE('',*,*,#4125,.T.);
#5675=ORIENTED_EDGE('',*,*,#4126,.T.);
#5676=ORIENTED_EDGE('',*,*,#4127,.T.);
#5677=ORIENTED_EDGE('',*,*,#4128,.T.);
#5678=ORIENTED_EDGE('',*,*,#4125,.F.);
#5679=ORIENTED_EDGE('',*,*,#4129,.T.);
#5680=ORIENTED_EDGE('',*,*,#4127,.F.);
#5681=ORIENTED_EDGE('',*,*,#4130,.T.);
#5682=ORIENTED_EDGE('',*,*,#4131,.T.);
#5683=ORIENTED_EDGE('',*,*,#4132,.T.);
#5684=ORIENTED_EDGE('',*,*,#4133,.T.);
#5685=ORIENTED_EDGE('',*,*,#4134,.T.);
#5686=ORIENTED_EDGE('',*,*,#4131,.F.);
#5687=ORIENTED_EDGE('',*,*,#4135,.T.);
#5688=ORIENTED_EDGE('',*,*,#4136,.T.);
#5689=ORIENTED_EDGE('',*,*,#4137,.T.);
#5690=ORIENTED_EDGE('',*,*,#4133,.F.);
#5691=ORIENTED_EDGE('',*,*,#4138,.T.);
#5692=ORIENTED_EDGE('',*,*,#4139,.T.);
#5693=ORIENTED_EDGE('',*,*,#4140,.T.);
#5694=ORIENTED_EDGE('',*,*,#4136,.F.);
#5695=ORIENTED_EDGE('',*,*,#4141,.T.);
#5696=ORIENTED_EDGE('',*,*,#4139,.F.);
#5697=ORIENTED_EDGE('',*,*,#4142,.T.);
#5698=ORIENTED_EDGE('',*,*,#4143,.T.);
#5699=ORIENTED_EDGE('',*,*,#4144,.T.);
#5700=ORIENTED_EDGE('',*,*,#4145,.T.);
#5701=ORIENTED_EDGE('',*,*,#4146,.T.);
#5702=ORIENTED_EDGE('',*,*,#4143,.F.);
#5703=ORIENTED_EDGE('',*,*,#4147,.T.);
#5704=ORIENTED_EDGE('',*,*,#4145,.F.);
#5705=ORIENTED_EDGE('',*,*,#4148,.T.);
#5706=ORIENTED_EDGE('',*,*,#4149,.T.);
#5707=ORIENTED_EDGE('',*,*,#4150,.T.);
#5708=ORIENTED_EDGE('',*,*,#4151,.T.);
#5709=ORIENTED_EDGE('',*,*,#4152,.T.);
#5710=ORIENTED_EDGE('',*,*,#4149,.F.);
#5711=ORIENTED_EDGE('',*,*,#4153,.T.);
#5712=ORIENTED_EDGE('',*,*,#4154,.T.);
#5713=ORIENTED_EDGE('',*,*,#4155,.T.);
#5714=ORIENTED_EDGE('',*,*,#4151,.F.);
#5715=ORIENTED_EDGE('',*,*,#4156,.T.);
#5716=ORIENTED_EDGE('',*,*,#4154,.F.);
#5717=ORIENTED_EDGE('',*,*,#4157,.T.);
#5718=ORIENTED_EDGE('',*,*,#4158,.T.);
#5719=ORIENTED_EDGE('',*,*,#4159,.T.);
#5720=ORIENTED_EDGE('',*,*,#4160,.T.);
#5721=ORIENTED_EDGE('',*,*,#4161,.T.);
#5722=ORIENTED_EDGE('',*,*,#4158,.F.);
#5723=ORIENTED_EDGE('',*,*,#4162,.T.);
#5724=ORIENTED_EDGE('',*,*,#4160,.F.);
#5725=ORIENTED_EDGE('',*,*,#4163,.T.);
#5726=ORIENTED_EDGE('',*,*,#4164,.T.);
#5727=ORIENTED_EDGE('',*,*,#4165,.T.);
#5728=ORIENTED_EDGE('',*,*,#4166,.T.);
#5729=ORIENTED_EDGE('',*,*,#4167,.T.);
#5730=ORIENTED_EDGE('',*,*,#4164,.F.);
#5731=ORIENTED_EDGE('',*,*,#4168,.T.);
#5732=ORIENTED_EDGE('',*,*,#4166,.F.);
#5733=ORIENTED_EDGE('',*,*,#4169,.T.);
#5734=ORIENTED_EDGE('',*,*,#4170,.T.);
#5735=ORIENTED_EDGE('',*,*,#4171,.T.);
#5736=ORIENTED_EDGE('',*,*,#4172,.T.);
#5737=ORIENTED_EDGE('',*,*,#4173,.T.);
#5738=ORIENTED_EDGE('',*,*,#4170,.F.);
#5739=ORIENTED_EDGE('',*,*,#4174,.T.);
#5740=ORIENTED_EDGE('',*,*,#4105,.F.);
#5741=ORIENTED_EDGE('',*,*,#3553,.F.);
#5742=ORIENTED_EDGE('',*,*,#4174,.F.);
#5743=ORIENTED_EDGE('',*,*,#4175,.F.);
#5744=ORIENTED_EDGE('',*,*,#4103,.F.);
#5745=ORIENTED_EDGE('',*,*,#4175,.T.);
#5746=ORIENTED_EDGE('',*,*,#4169,.F.);
#5747=ORIENTED_EDGE('',*,*,#4176,.T.);
#5748=ORIENTED_EDGE('',*,*,#4101,.F.);
#5749=ORIENTED_EDGE('',*,*,#4176,.F.);
#5750=ORIENTED_EDGE('',*,*,#4168,.F.);
#5751=ORIENTED_EDGE('',*,*,#4177,.F.);
#5752=ORIENTED_EDGE('',*,*,#4098,.F.);
#5753=ORIENTED_EDGE('',*,*,#4177,.T.);
#5754=ORIENTED_EDGE('',*,*,#4163,.F.);
#5755=ORIENTED_EDGE('',*,*,#4178,.T.);
#5756=ORIENTED_EDGE('',*,*,#4162,.F.);
#5757=ORIENTED_EDGE('',*,*,#4179,.F.);
#5758=ORIENTED_EDGE('',*,*,#3739,.T.);
#5759=ORIENTED_EDGE('',*,*,#4180,.F.);
#5760=ORIENTED_EDGE('',*,*,#4181,.F.);
#5761=ORIENTED_EDGE('',*,*,#4182,.F.);
#5762=ORIENTED_EDGE('',*,*,#4109,.T.);
#5763=ORIENTED_EDGE('',*,*,#4095,.F.);
#5764=ORIENTED_EDGE('',*,*,#4178,.F.);
#5765=ORIENTED_EDGE('',*,*,#4157,.F.);
#5766=ORIENTED_EDGE('',*,*,#4183,.T.);
#5767=ORIENTED_EDGE('',*,*,#3740,.T.);
#5768=ORIENTED_EDGE('',*,*,#4179,.T.);
#5769=ORIENTED_EDGE('',*,*,#4156,.F.);
#5770=ORIENTED_EDGE('',*,*,#4184,.T.);
#5771=ORIENTED_EDGE('',*,*,#3734,.T.);
#5772=ORIENTED_EDGE('',*,*,#4183,.F.);
#5773=ORIENTED_EDGE('',*,*,#4153,.F.);
#5774=ORIENTED_EDGE('',*,*,#4185,.F.);
#5775=ORIENTED_EDGE('',*,*,#3735,.T.);
#5776=ORIENTED_EDGE('',*,*,#4184,.F.);
#5777=ORIENTED_EDGE('',*,*,#4148,.F.);
#5778=ORIENTED_EDGE('',*,*,#4186,.T.);
#5779=ORIENTED_EDGE('',*,*,#3736,.T.);
#5780=ORIENTED_EDGE('',*,*,#4185,.T.);
#5781=ORIENTED_EDGE('',*,*,#4142,.F.);
#5782=ORIENTED_EDGE('',*,*,#4187,.T.);
#5783=ORIENTED_EDGE('',*,*,#3728,.T.);
#5784=ORIENTED_EDGE('',*,*,#4188,.T.);
#5785=ORIENTED_EDGE('',*,*,#4141,.F.);
#5786=ORIENTED_EDGE('',*,*,#4189,.T.);
#5787=ORIENTED_EDGE('',*,*,#3729,.T.);
#5788=ORIENTED_EDGE('',*,*,#4187,.F.);
#5789=ORIENTED_EDGE('',*,*,#4138,.F.);
#5790=ORIENTED_EDGE('',*,*,#4190,.T.);
#5791=ORIENTED_EDGE('',*,*,#3730,.T.);
#5792=ORIENTED_EDGE('',*,*,#4189,.F.);
#5793=ORIENTED_EDGE('',*,*,#4135,.F.);
#5794=ORIENTED_EDGE('',*,*,#4191,.F.);
#5795=ORIENTED_EDGE('',*,*,#3731,.T.);
#5796=ORIENTED_EDGE('',*,*,#4190,.F.);
#5797=ORIENTED_EDGE('',*,*,#4130,.F.);
#5798=ORIENTED_EDGE('',*,*,#4192,.T.);
#5799=ORIENTED_EDGE('',*,*,#3732,.T.);
#5800=ORIENTED_EDGE('',*,*,#4191,.T.);
#5801=ORIENTED_EDGE('',*,*,#4118,.F.);
#5802=ORIENTED_EDGE('',*,*,#4193,.T.);
#5803=ORIENTED_EDGE('',*,*,#4194,.F.);
#5804=ORIENTED_EDGE('',*,*,#3662,.F.);
#5805=ORIENTED_EDGE('',*,*,#3482,.F.);
#5806=ORIENTED_EDGE('',*,*,#4195,.T.);
#5807=ORIENTED_EDGE('',*,*,#4115,.F.);
#5808=ORIENTED_EDGE('',*,*,#4196,.T.);
#5809=ORIENTED_EDGE('',*,*,#4197,.T.);
#5810=ORIENTED_EDGE('',*,*,#4198,.T.);
#5811=ORIENTED_EDGE('',*,*,#4199,.T.);
#5812=ORIENTED_EDGE('',*,*,#4083,.T.);
#5813=ORIENTED_EDGE('',*,*,#3704,.F.);
#5814=ORIENTED_EDGE('',*,*,#4200,.F.);
#5815=ORIENTED_EDGE('',*,*,#4201,.T.);
#5816=ORIENTED_EDGE('',*,*,#4193,.F.);
#5817=ORIENTED_EDGE('',*,*,#4202,.T.);
#5818=ORIENTED_EDGE('',*,*,#4203,.T.);
#5819=ORIENTED_EDGE('',*,*,#4204,.T.);
#5820=ORIENTED_EDGE('',*,*,#4205,.T.);
#5821=ORIENTED_EDGE('',*,*,#4206,.T.);
#5822=ORIENTED_EDGE('',*,*,#4207,.T.);
#5823=ORIENTED_EDGE('',*,*,#4208,.T.);
#5824=ORIENTED_EDGE('',*,*,#4209,.T.);
#5825=ORIENTED_EDGE('',*,*,#4210,.T.);
#5826=ORIENTED_EDGE('',*,*,#4211,.T.);
#5827=ORIENTED_EDGE('',*,*,#4212,.T.);
#5828=ORIENTED_EDGE('',*,*,#4211,.F.);
#5829=ORIENTED_EDGE('',*,*,#4173,.F.);
#5830=ORIENTED_EDGE('',*,*,#4213,.F.);
#5831=ORIENTED_EDGE('',*,*,#4214,.T.);
#5832=ORIENTED_EDGE('',*,*,#4117,.F.);
#5833=ORIENTED_EDGE('',*,*,#4120,.F.);
#5834=ORIENTED_EDGE('',*,*,#4122,.F.);
#5835=ORIENTED_EDGE('',*,*,#4126,.F.);
#5836=ORIENTED_EDGE('',*,*,#4128,.F.);
#5837=ORIENTED_EDGE('',*,*,#4132,.F.);
#5838=ORIENTED_EDGE('',*,*,#4134,.F.);
#5839=ORIENTED_EDGE('',*,*,#4137,.F.);
#5840=ORIENTED_EDGE('',*,*,#4140,.F.);
#5841=ORIENTED_EDGE('',*,*,#4144,.F.);
#5842=ORIENTED_EDGE('',*,*,#4146,.F.);
#5843=ORIENTED_EDGE('',*,*,#4150,.F.);
#5844=ORIENTED_EDGE('',*,*,#4152,.F.);
#5845=ORIENTED_EDGE('',*,*,#4155,.F.);
#5846=ORIENTED_EDGE('',*,*,#4159,.F.);
#5847=ORIENTED_EDGE('',*,*,#4161,.F.);
#5848=ORIENTED_EDGE('',*,*,#4165,.F.);
#5849=ORIENTED_EDGE('',*,*,#4167,.F.);
#5850=ORIENTED_EDGE('',*,*,#4171,.F.);
#5851=ORIENTED_EDGE('',*,*,#4215,.T.);
#5852=ORIENTED_EDGE('',*,*,#4212,.F.);
#5853=ORIENTED_EDGE('',*,*,#4210,.F.);
#5854=ORIENTED_EDGE('',*,*,#4216,.T.);
#5855=ORIENTED_EDGE('',*,*,#4217,.T.);
#5856=ORIENTED_EDGE('',*,*,#3468,.F.);
#5857=ORIENTED_EDGE('',*,*,#3485,.F.);
#5858=ORIENTED_EDGE('',*,*,#3470,.F.);
#5859=ORIENTED_EDGE('',*,*,#4218,.T.);
#5860=ORIENTED_EDGE('',*,*,#4216,.F.);
#5861=ORIENTED_EDGE('',*,*,#3469,.F.);
#5862=ORIENTED_EDGE('',*,*,#4217,.F.);
#5863=ORIENTED_EDGE('',*,*,#4218,.F.);
#5864=ORIENTED_EDGE('',*,*,#3649,.F.);
#5865=ORIENTED_EDGE('',*,*,#3663,.F.);
#5866=ORIENTED_EDGE('',*,*,#4194,.T.);
#5867=ORIENTED_EDGE('',*,*,#4201,.F.);
#5868=ORIENTED_EDGE('',*,*,#4219,.F.);
#5869=ORIENTED_EDGE('',*,*,#4220,.T.);
#5870=ORIENTED_EDGE('',*,*,#4221,.T.);
#5871=ORIENTED_EDGE('',*,*,#4222,.T.);
#5872=ORIENTED_EDGE('',*,*,#4223,.T.);
#5873=ORIENTED_EDGE('',*,*,#4224,.F.);
#5874=ORIENTED_EDGE('',*,*,#4225,.F.);
#5875=ORIENTED_EDGE('',*,*,#4202,.F.);
#5876=ORIENTED_EDGE('',*,*,#4226,.F.);
#5877=ORIENTED_EDGE('',*,*,#3573,.T.);
#5878=ORIENTED_EDGE('',*,*,#4227,.F.);
#5879=ORIENTED_EDGE('',*,*,#4224,.T.);
#5880=ORIENTED_EDGE('',*,*,#4228,.T.);
#5881=ORIENTED_EDGE('',*,*,#3588,.T.);
#5882=ORIENTED_EDGE('',*,*,#4229,.F.);
#5883=ORIENTED_EDGE('',*,*,#4230,.T.);
#5884=ORIENTED_EDGE('',*,*,#4231,.F.);
#5885=ORIENTED_EDGE('',*,*,#4232,.T.);
#5886=ORIENTED_EDGE('',*,*,#3571,.T.);
#5887=ORIENTED_EDGE('',*,*,#4233,.T.);
#5888=ORIENTED_EDGE('',*,*,#4234,.T.);
#5889=ORIENTED_EDGE('',*,*,#4227,.T.);
#5890=ORIENTED_EDGE('',*,*,#3572,.T.);
#5891=ORIENTED_EDGE('',*,*,#4232,.F.);
#5892=ORIENTED_EDGE('',*,*,#4235,.T.);
#5893=ORIENTED_EDGE('',*,*,#4236,.T.);
#5894=ORIENTED_EDGE('',*,*,#4237,.T.);
#5895=ORIENTED_EDGE('',*,*,#3569,.T.);
#5896=ORIENTED_EDGE('',*,*,#4238,.F.);
#5897=ORIENTED_EDGE('',*,*,#4233,.F.);
#5898=ORIENTED_EDGE('',*,*,#3570,.T.);
#5899=ORIENTED_EDGE('',*,*,#4237,.F.);
#5900=ORIENTED_EDGE('',*,*,#4239,.T.);
#5901=ORIENTED_EDGE('',*,*,#4235,.F.);
#5902=ORIENTED_EDGE('',*,*,#4240,.T.);
#5903=ORIENTED_EDGE('',*,*,#4203,.F.);
#5904=ORIENTED_EDGE('',*,*,#4225,.T.);
#5905=ORIENTED_EDGE('',*,*,#4234,.F.);
#5906=ORIENTED_EDGE('',*,*,#4241,.F.);
#5907=ORIENTED_EDGE('',*,*,#4204,.F.);
#5908=ORIENTED_EDGE('',*,*,#4240,.F.);
#5909=ORIENTED_EDGE('',*,*,#4172,.F.);
#5910=ORIENTED_EDGE('',*,*,#3552,.T.);
#5911=ORIENTED_EDGE('',*,*,#4242,.T.);
#5912=ORIENTED_EDGE('',*,*,#4213,.T.);
#5913=ORIENTED_EDGE('',*,*,#4079,.F.);
#5914=ORIENTED_EDGE('',*,*,#4243,.T.);
#5915=ORIENTED_EDGE('',*,*,#4244,.T.);
#5916=ORIENTED_EDGE('',*,*,#3548,.T.);
#5917=ORIENTED_EDGE('',*,*,#4245,.T.);
#5918=ORIENTED_EDGE('',*,*,#3549,.T.);
#5919=ORIENTED_EDGE('',*,*,#4244,.F.);
#5920=ORIENTED_EDGE('',*,*,#4246,.T.);
#5921=ORIENTED_EDGE('',*,*,#4247,.T.);
#5922=ORIENTED_EDGE('',*,*,#3550,.T.);
#5923=ORIENTED_EDGE('',*,*,#4245,.F.);
#5924=ORIENTED_EDGE('',*,*,#4248,.T.);
#5925=ORIENTED_EDGE('',*,*,#4246,.F.);
#5926=ORIENTED_EDGE('',*,*,#4249,.T.);
#5927=ORIENTED_EDGE('',*,*,#4198,.F.);
#5928=ORIENTED_EDGE('',*,*,#4250,.T.);
#5929=ORIENTED_EDGE('',*,*,#4243,.F.);
#5930=ORIENTED_EDGE('',*,*,#4084,.T.);
#5931=ORIENTED_EDGE('',*,*,#4199,.F.);
#5932=ORIENTED_EDGE('',*,*,#4249,.F.);
#5933=ORIENTED_EDGE('',*,*,#4251,.T.);
#5934=ORIENTED_EDGE('',*,*,#3583,.T.);
#5935=ORIENTED_EDGE('',*,*,#4252,.T.);
#5936=ORIENTED_EDGE('',*,*,#4253,.F.);
#5937=ORIENTED_EDGE('',*,*,#4229,.T.);
#5938=ORIENTED_EDGE('',*,*,#4254,.T.);
#5939=ORIENTED_EDGE('',*,*,#4255,.T.);
#5940=ORIENTED_EDGE('',*,*,#4112,.T.);
#5941=ORIENTED_EDGE('',*,*,#4256,.T.);
#5942=ORIENTED_EDGE('',*,*,#4256,.F.);
#5943=ORIENTED_EDGE('',*,*,#4111,.T.);
#5944=ORIENTED_EDGE('',*,*,#4257,.F.);
#5945=ORIENTED_EDGE('',*,*,#4258,.F.);
#5946=ORIENTED_EDGE('',*,*,#4259,.F.);
#5947=ORIENTED_EDGE('',*,*,#4257,.T.);
#5948=ORIENTED_EDGE('',*,*,#4110,.F.);
#5949=ORIENTED_EDGE('',*,*,#4182,.T.);
#5950=ORIENTED_EDGE('',*,*,#4215,.F.);
#5951=ORIENTED_EDGE('',*,*,#4260,.T.);
#5952=ORIENTED_EDGE('',*,*,#4251,.F.);
#5953=ORIENTED_EDGE('',*,*,#4260,.F.);
#5954=ORIENTED_EDGE('',*,*,#3738,.T.);
#5955=ORIENTED_EDGE('',*,*,#4261,.T.);
#5956=ORIENTED_EDGE('',*,*,#4262,.F.);
#5957=ORIENTED_EDGE('',*,*,#4180,.T.);
#5958=ORIENTED_EDGE('',*,*,#4239,.F.);
#5959=ORIENTED_EDGE('',*,*,#4263,.T.);
#5960=ORIENTED_EDGE('',*,*,#4205,.F.);
#5961=ORIENTED_EDGE('',*,*,#4241,.T.);
#5962=ORIENTED_EDGE('',*,*,#4206,.F.);
#5963=ORIENTED_EDGE('',*,*,#4263,.F.);
#5964=ORIENTED_EDGE('',*,*,#4236,.F.);
#5965=ORIENTED_EDGE('',*,*,#4264,.F.);
#5966=ORIENTED_EDGE('',*,*,#4247,.F.);
#5967=ORIENTED_EDGE('',*,*,#4265,.F.);
#5968=ORIENTED_EDGE('',*,*,#4196,.F.);
#5969=ORIENTED_EDGE('',*,*,#4114,.F.);
#5970=ORIENTED_EDGE('',*,*,#4214,.F.);
#5971=ORIENTED_EDGE('',*,*,#4242,.F.);
#5972=ORIENTED_EDGE('',*,*,#3551,.F.);
#5973=ORIENTED_EDGE('',*,*,#4248,.F.);
#5974=ORIENTED_EDGE('',*,*,#4250,.F.);
#5975=ORIENTED_EDGE('',*,*,#4197,.F.);
#5976=ORIENTED_EDGE('',*,*,#4265,.T.);
#5977=ORIENTED_EDGE('',*,*,#4266,.F.);
#5978=ORIENTED_EDGE('',*,*,#4267,.F.);
#5979=ORIENTED_EDGE('',*,*,#4208,.F.);
#5980=ORIENTED_EDGE('',*,*,#4268,.F.);
#5981=ORIENTED_EDGE('',*,*,#4269,.F.);
#5982=ORIENTED_EDGE('',*,*,#4268,.T.);
#5983=ORIENTED_EDGE('',*,*,#4207,.F.);
#5984=ORIENTED_EDGE('',*,*,#4264,.T.);
#5985=ORIENTED_EDGE('',*,*,#4270,.T.);
#5986=ORIENTED_EDGE('',*,*,#4271,.F.);
#5987=ORIENTED_EDGE('',*,*,#4272,.T.);
#5988=ORIENTED_EDGE('',*,*,#4273,.F.);
#5989=ORIENTED_EDGE('',*,*,#4274,.F.);
#5990=ORIENTED_EDGE('',*,*,#4275,.F.);
#5991=ORIENTED_EDGE('',*,*,#3580,.F.);
#5992=ORIENTED_EDGE('',*,*,#4231,.T.);
#5993=ORIENTED_EDGE('',*,*,#4276,.T.);
#5994=ORIENTED_EDGE('',*,*,#4277,.F.);
#5995=ORIENTED_EDGE('',*,*,#4220,.F.);
#5996=ORIENTED_EDGE('',*,*,#4278,.T.);
#5997=ORIENTED_EDGE('',*,*,#4279,.T.);
#5998=ORIENTED_EDGE('',*,*,#4280,.F.);
#5999=ORIENTED_EDGE('',*,*,#4221,.F.);
#6000=ORIENTED_EDGE('',*,*,#4277,.T.);
#6001=ORIENTED_EDGE('',*,*,#4281,.T.);
#6002=ORIENTED_EDGE('',*,*,#4282,.F.);
#6003=ORIENTED_EDGE('',*,*,#4222,.F.);
#6004=ORIENTED_EDGE('',*,*,#4280,.T.);
#6005=ORIENTED_EDGE('',*,*,#4283,.T.);
#6006=ORIENTED_EDGE('',*,*,#4278,.F.);
#6007=ORIENTED_EDGE('',*,*,#4223,.F.);
#6008=ORIENTED_EDGE('',*,*,#4282,.T.);
#6009=ORIENTED_EDGE('',*,*,#4284,.F.);
#6010=ORIENTED_EDGE('',*,*,#4226,.T.);
#6011=ORIENTED_EDGE('',*,*,#4209,.F.);
#6012=ORIENTED_EDGE('',*,*,#4267,.T.);
#6013=ORIENTED_EDGE('',*,*,#4238,.T.);
#6014=ORIENTED_EDGE('',*,*,#3568,.T.);
#6015=ORIENTED_EDGE('',*,*,#4285,.F.);
#6016=ORIENTED_EDGE('',*,*,#4269,.T.);
#6017=ORIENTED_EDGE('',*,*,#4285,.T.);
#6018=ORIENTED_EDGE('',*,*,#3567,.T.);
#6019=ORIENTED_EDGE('',*,*,#4286,.F.);
#6020=ORIENTED_EDGE('',*,*,#4266,.T.);
#6021=ORIENTED_EDGE('',*,*,#4286,.T.);
#6022=ORIENTED_EDGE('',*,*,#3574,.T.);
#6023=ORIENTED_EDGE('',*,*,#4228,.F.);
#6024=ORIENTED_EDGE('',*,*,#4284,.T.);
#6025=ORIENTED_EDGE('',*,*,#3713,.F.);
#6026=ORIENTED_EDGE('',*,*,#3489,.F.);
#6027=ORIENTED_EDGE('',*,*,#3719,.F.);
#6028=ORIENTED_EDGE('',*,*,#3733,.T.);
#6029=ORIENTED_EDGE('',*,*,#3721,.F.);
#6030=ORIENTED_EDGE('',*,*,#3741,.T.);
#6031=ORIENTED_EDGE('',*,*,#3725,.F.);
#6032=ORIENTED_EDGE('',*,*,#3491,.F.);
#6033=ORIENTED_EDGE('',*,*,#3650,.F.);
#6034=ORIENTED_EDGE('',*,*,#4219,.T.);
#6035=ORIENTED_EDGE('',*,*,#4200,.T.);
#6036=ORIENTED_EDGE('',*,*,#3703,.T.);
#6037=ORIENTED_EDGE('',*,*,#3655,.F.);
#6038=ORIENTED_EDGE('',*,*,#4086,.F.);
#6039=ORIENTED_EDGE('',*,*,#4088,.F.);
#6040=ORIENTED_EDGE('',*,*,#3668,.F.);
#6041=ORIENTED_EDGE('',*,*,#4287,.F.);
#6042=ORIENTED_EDGE('',*,*,#4090,.F.);
#6043=ORIENTED_EDGE('',*,*,#4279,.F.);
#6044=ORIENTED_EDGE('',*,*,#4276,.F.);
#6045=ORIENTED_EDGE('',*,*,#4283,.F.);
#6046=ORIENTED_EDGE('',*,*,#4281,.F.);
#6047=ORIENTED_EDGE('',*,*,#3519,.T.);
#6048=ORIENTED_EDGE('',*,*,#4288,.T.);
#6049=ORIENTED_EDGE('',*,*,#4289,.F.);
#6050=ORIENTED_EDGE('',*,*,#3532,.T.);
#6051=ORIENTED_EDGE('',*,*,#3524,.F.);
#6052=ORIENTED_EDGE('',*,*,#4290,.T.);
#6053=ORIENTED_EDGE('',*,*,#4288,.F.);
#6054=ORIENTED_EDGE('',*,*,#3454,.T.);
#6055=ORIENTED_EDGE('',*,*,#4291,.F.);
#6056=ORIENTED_EDGE('',*,*,#3533,.T.);
#6057=ORIENTED_EDGE('',*,*,#4289,.T.);
#6058=ORIENTED_EDGE('',*,*,#4292,.T.);
#6059=ORIENTED_EDGE('',*,*,#4293,.F.);
#6060=ORIENTED_EDGE('',*,*,#3500,.F.);
#6061=ORIENTED_EDGE('',*,*,#3534,.T.);
#6062=ORIENTED_EDGE('',*,*,#4291,.T.);
#6063=ORIENTED_EDGE('',*,*,#3671,.F.);
#6064=ORIENTED_EDGE('',*,*,#4294,.T.);
#6065=ORIENTED_EDGE('',*,*,#3652,.F.);
#6066=ORIENTED_EDGE('',*,*,#3702,.F.);
#6067=ORIENTED_EDGE('',*,*,#3689,.F.);
#6068=ORIENTED_EDGE('',*,*,#3670,.T.);
#6069=ORIENTED_EDGE('',*,*,#4089,.F.);
#6070=ORIENTED_EDGE('',*,*,#4087,.F.);
#6071=ORIENTED_EDGE('',*,*,#3653,.F.);
#6072=ORIENTED_EDGE('',*,*,#4294,.F.);
#6073=ORIENTED_EDGE('',*,*,#4295,.F.);
#6074=ORIENTED_EDGE('',*,*,#4292,.F.);
#6075=ORIENTED_EDGE('',*,*,#4290,.F.);
#6076=ORIENTED_EDGE('',*,*,#3523,.F.);
#6077=ORIENTED_EDGE('',*,*,#3522,.T.);
#6078=ORIENTED_EDGE('',*,*,#3495,.T.);
#6079=ORIENTED_EDGE('',*,*,#4293,.T.);
#6080=ORIENTED_EDGE('',*,*,#4295,.T.);
#6081=ORIENTED_EDGE('',*,*,#4296,.F.);
#6082=ORIENTED_EDGE('',*,*,#4297,.F.);
#6083=ORIENTED_EDGE('',*,*,#3587,.T.);
#6084=ORIENTED_EDGE('',*,*,#4275,.T.);
#6085=ORIENTED_EDGE('',*,*,#4298,.T.);
#6086=ORIENTED_EDGE('',*,*,#4299,.F.);
#6087=ORIENTED_EDGE('',*,*,#4298,.F.);
#6088=ORIENTED_EDGE('',*,*,#4230,.F.);
#6089=ORIENTED_EDGE('',*,*,#4300,.F.);
#6090=ORIENTED_EDGE('',*,*,#4301,.F.);
#6091=ORIENTED_EDGE('',*,*,#4300,.T.);
#6092=ORIENTED_EDGE('',*,*,#4253,.T.);
#6093=ORIENTED_EDGE('',*,*,#4302,.T.);
#6094=ORIENTED_EDGE('',*,*,#4303,.F.);
#6095=ORIENTED_EDGE('',*,*,#4301,.T.);
#6096=ORIENTED_EDGE('',*,*,#4304,.F.);
#6097=ORIENTED_EDGE('',*,*,#4305,.F.);
#6098=ORIENTED_EDGE('',*,*,#3527,.T.);
#6099=ORIENTED_EDGE('',*,*,#3586,.T.);
#6100=ORIENTED_EDGE('',*,*,#4297,.T.);
#6101=ORIENTED_EDGE('',*,*,#4305,.T.);
#6102=ORIENTED_EDGE('',*,*,#4296,.T.);
#6103=ORIENTED_EDGE('',*,*,#4306,.F.);
#6104=ORIENTED_EDGE('',*,*,#4307,.T.);
#6105=ORIENTED_EDGE('',*,*,#4303,.T.);
#6106=ORIENTED_EDGE('',*,*,#4308,.T.);
#6107=ORIENTED_EDGE('',*,*,#4306,.T.);
#6108=ORIENTED_EDGE('',*,*,#4299,.T.);
#6109=ORIENTED_EDGE('',*,*,#4304,.T.);
#6110=ORIENTED_EDGE('',*,*,#4309,.T.);
#6111=ORIENTED_EDGE('',*,*,#4262,.T.);
#6112=ORIENTED_EDGE('',*,*,#4310,.T.);
#6113=ORIENTED_EDGE('',*,*,#4311,.F.);
#6114=ORIENTED_EDGE('',*,*,#4107,.F.);
#6115=ORIENTED_EDGE('',*,*,#4113,.T.);
#6116=ORIENTED_EDGE('',*,*,#4255,.F.);
#6117=ORIENTED_EDGE('',*,*,#4312,.F.);
#6118=ORIENTED_EDGE('',*,*,#3503,.F.);
#6119=ORIENTED_EDGE('',*,*,#3531,.F.);
#6120=ORIENTED_EDGE('',*,*,#4312,.T.);
#6121=ORIENTED_EDGE('',*,*,#4254,.F.);
#6122=ORIENTED_EDGE('',*,*,#4258,.T.);
#6123=ORIENTED_EDGE('',*,*,#4259,.T.);
#6124=ORIENTED_EDGE('',*,*,#4181,.T.);
#6125=ORIENTED_EDGE('',*,*,#4309,.F.);
#6126=ORIENTED_EDGE('',*,*,#4302,.F.);
#6127=ORIENTED_EDGE('',*,*,#4252,.F.);
#6128=ORIENTED_EDGE('',*,*,#3582,.F.);
#6129=ORIENTED_EDGE('',*,*,#4313,.T.);
#6130=ORIENTED_EDGE('',*,*,#3555,.T.);
#6131=ORIENTED_EDGE('',*,*,#4108,.T.);
#6132=ORIENTED_EDGE('',*,*,#4311,.T.);
#6133=ORIENTED_EDGE('',*,*,#3530,.T.);
#6134=ORIENTED_EDGE('',*,*,#4313,.F.);
#6135=ORIENTED_EDGE('',*,*,#4314,.T.);
#6136=ORIENTED_EDGE('',*,*,#3709,.T.);
#6137=ORIENTED_EDGE('',*,*,#3710,.T.);
#6138=ORIENTED_EDGE('',*,*,#4314,.F.);
#6139=ORIENTED_EDGE('',*,*,#3711,.F.);
#6140=ORIENTED_EDGE('',*,*,#4315,.T.);
#6141=ORIENTED_EDGE('',*,*,#4316,.T.);
#6142=ORIENTED_EDGE('',*,*,#4317,.T.);
#6143=ORIENTED_EDGE('',*,*,#4318,.T.);
#6144=ORIENTED_EDGE('',*,*,#4319,.T.);
#6145=ORIENTED_EDGE('',*,*,#3657,.F.);
#6146=ORIENTED_EDGE('',*,*,#4319,.F.);
#6147=ORIENTED_EDGE('',*,*,#3525,.F.);
#6148=ORIENTED_EDGE('',*,*,#4320,.T.);
#6149=ORIENTED_EDGE('',*,*,#4321,.T.);
#6150=ORIENTED_EDGE('',*,*,#4322,.T.);
#6151=ORIENTED_EDGE('',*,*,#4323,.T.);
#6152=ORIENTED_EDGE('',*,*,#4324,.T.);
#6153=ORIENTED_EDGE('',*,*,#4320,.F.);
#6154=ORIENTED_EDGE('',*,*,#4325,.F.);
#6155=ORIENTED_EDGE('',*,*,#4326,.F.);
#6156=ORIENTED_EDGE('',*,*,#4315,.F.);
#6157=ORIENTED_EDGE('',*,*,#4327,.F.);
#6158=ORIENTED_EDGE('',*,*,#4328,.T.);
#6159=ORIENTED_EDGE('',*,*,#4329,.T.);
#6160=ORIENTED_EDGE('',*,*,#4330,.T.);
#6161=ORIENTED_EDGE('',*,*,#4325,.T.);
#6162=ORIENTED_EDGE('',*,*,#4331,.T.);
#6163=ORIENTED_EDGE('',*,*,#4332,.F.);
#6164=ORIENTED_EDGE('',*,*,#4333,.T.);
#6165=ORIENTED_EDGE('',*,*,#4334,.F.);
#6166=ORIENTED_EDGE('',*,*,#4335,.F.);
#6167=ORIENTED_EDGE('',*,*,#4336,.F.);
#6168=ORIENTED_EDGE('',*,*,#4316,.F.);
#6169=ORIENTED_EDGE('',*,*,#4337,.T.);
#6170=ORIENTED_EDGE('',*,*,#4338,.T.);
#6171=ORIENTED_EDGE('',*,*,#4335,.T.);
#6172=ORIENTED_EDGE('',*,*,#4326,.T.);
#6173=ORIENTED_EDGE('',*,*,#4330,.F.);
#6174=ORIENTED_EDGE('',*,*,#4339,.F.);
#6175=ORIENTED_EDGE('',*,*,#4340,.F.);
#6176=ORIENTED_EDGE('',*,*,#4317,.F.);
#6177=ORIENTED_EDGE('',*,*,#4270,.F.);
#6178=ORIENTED_EDGE('',*,*,#4341,.T.);
#6179=ORIENTED_EDGE('',*,*,#4342,.T.);
#6180=ORIENTED_EDGE('',*,*,#4343,.T.);
#6181=ORIENTED_EDGE('',*,*,#4339,.T.);
#6182=ORIENTED_EDGE('',*,*,#4336,.T.);
#6183=ORIENTED_EDGE('',*,*,#4338,.F.);
#6184=ORIENTED_EDGE('',*,*,#4344,.T.);
#6185=ORIENTED_EDGE('',*,*,#4345,.F.);
#6186=ORIENTED_EDGE('',*,*,#4331,.F.);
#6187=ORIENTED_EDGE('',*,*,#4318,.F.);
#6188=ORIENTED_EDGE('',*,*,#4346,.F.);
#6189=ORIENTED_EDGE('',*,*,#4347,.T.);
#6190=ORIENTED_EDGE('',*,*,#4332,.T.);
#6191=ORIENTED_EDGE('',*,*,#4346,.T.);
#6192=ORIENTED_EDGE('',*,*,#4340,.T.);
#6193=ORIENTED_EDGE('',*,*,#4343,.F.);
#6194=ORIENTED_EDGE('',*,*,#4348,.F.);
#6195=ORIENTED_EDGE('',*,*,#4349,.F.);
#6196=ORIENTED_EDGE('',*,*,#4324,.F.);
#6197=ORIENTED_EDGE('',*,*,#4350,.T.);
#6198=ORIENTED_EDGE('',*,*,#4351,.T.);
#6199=ORIENTED_EDGE('',*,*,#4348,.T.);
#6200=ORIENTED_EDGE('',*,*,#4352,.T.);
#6201=ORIENTED_EDGE('',*,*,#4353,.F.);
#6202=ORIENTED_EDGE('',*,*,#4354,.F.);
#6203=ORIENTED_EDGE('',*,*,#4355,.F.);
#6204=ORIENTED_EDGE('',*,*,#4321,.F.);
#6205=ORIENTED_EDGE('',*,*,#4356,.F.);
#6206=ORIENTED_EDGE('',*,*,#4357,.T.);
#6207=ORIENTED_EDGE('',*,*,#4358,.T.);
#6208=ORIENTED_EDGE('',*,*,#4359,.T.);
#6209=ORIENTED_EDGE('',*,*,#4354,.T.);
#6210=ORIENTED_EDGE('',*,*,#4349,.T.);
#6211=ORIENTED_EDGE('',*,*,#4351,.F.);
#6212=ORIENTED_EDGE('',*,*,#4360,.T.);
#6213=ORIENTED_EDGE('',*,*,#4361,.F.);
#6214=ORIENTED_EDGE('',*,*,#4362,.F.);
#6215=ORIENTED_EDGE('',*,*,#4322,.F.);
#6216=ORIENTED_EDGE('',*,*,#4363,.F.);
#6217=ORIENTED_EDGE('',*,*,#4272,.F.);
#6218=ORIENTED_EDGE('',*,*,#4364,.T.);
#6219=ORIENTED_EDGE('',*,*,#4365,.T.);
#6220=ORIENTED_EDGE('',*,*,#4353,.T.);
#6221=ORIENTED_EDGE('',*,*,#4366,.T.);
#6222=ORIENTED_EDGE('',*,*,#4362,.T.);
#6223=ORIENTED_EDGE('',*,*,#4367,.F.);
#6224=ORIENTED_EDGE('',*,*,#4368,.T.);
#6225=ORIENTED_EDGE('',*,*,#4369,.F.);
#6226=ORIENTED_EDGE('',*,*,#4370,.T.);
#6227=ORIENTED_EDGE('',*,*,#4367,.T.);
#6228=ORIENTED_EDGE('',*,*,#4363,.T.);
#6229=ORIENTED_EDGE('',*,*,#4355,.T.);
#6230=ORIENTED_EDGE('',*,*,#4359,.F.);
#6231=ORIENTED_EDGE('',*,*,#4366,.F.);
#6232=ORIENTED_EDGE('',*,*,#4352,.F.);
#6233=ORIENTED_EDGE('',*,*,#4323,.F.);
#6234=ORIENTED_EDGE('',*,*,#4356,.T.);
#6235=ORIENTED_EDGE('',*,*,#4371,.F.);
#6236=ORIENTED_EDGE('',*,*,#4327,.T.);
#6237=ORIENTED_EDGE('',*,*,#4372,.F.);
#6238=ORIENTED_EDGE('',*,*,#4373,.F.);
#6239=ORIENTED_EDGE('',*,*,#4374,.F.);
#6240=ORIENTED_EDGE('',*,*,#4360,.F.);
#6241=ORIENTED_EDGE('',*,*,#4350,.F.);
#6242=ORIENTED_EDGE('',*,*,#4365,.F.);
#6243=ORIENTED_EDGE('',*,*,#4375,.F.);
#6244=ORIENTED_EDGE('',*,*,#4333,.F.);
#6245=ORIENTED_EDGE('',*,*,#4347,.F.);
#6246=ORIENTED_EDGE('',*,*,#4342,.F.);
#6247=ORIENTED_EDGE('',*,*,#4376,.F.);
#6248=ORIENTED_EDGE('',*,*,#4368,.F.);
#6249=ORIENTED_EDGE('',*,*,#4370,.F.);
#6250=ORIENTED_EDGE('',*,*,#4358,.F.);
#6251=ORIENTED_EDGE('',*,*,#4377,.F.);
#6252=ORIENTED_EDGE('',*,*,#4344,.F.);
#6253=ORIENTED_EDGE('',*,*,#4337,.F.);
#6254=ORIENTED_EDGE('',*,*,#4329,.F.);
#6255=ORIENTED_EDGE('',*,*,#4274,.T.);
#6256=ORIENTED_EDGE('',*,*,#4378,.T.);
#6257=ORIENTED_EDGE('',*,*,#4379,.F.);
#6258=ORIENTED_EDGE('',*,*,#4378,.F.);
#6259=ORIENTED_EDGE('',*,*,#4273,.T.);
#6260=ORIENTED_EDGE('',*,*,#4369,.T.);
#6261=ORIENTED_EDGE('',*,*,#4376,.T.);
#6262=ORIENTED_EDGE('',*,*,#4357,.F.);
#6263=ORIENTED_EDGE('',*,*,#4371,.T.);
#6264=ORIENTED_EDGE('',*,*,#4361,.T.);
#6265=ORIENTED_EDGE('',*,*,#4374,.T.);
#6266=ORIENTED_EDGE('',*,*,#4364,.F.);
#6267=ORIENTED_EDGE('',*,*,#4379,.T.);
#6268=ORIENTED_EDGE('',*,*,#4380,.T.);
#6269=ORIENTED_EDGE('',*,*,#3575,.T.);
#6270=ORIENTED_EDGE('',*,*,#4380,.F.);
#6271=ORIENTED_EDGE('',*,*,#4373,.T.);
#6272=ORIENTED_EDGE('',*,*,#4381,.T.);
#6273=ORIENTED_EDGE('',*,*,#4382,.F.);
#6274=ORIENTED_EDGE('',*,*,#4381,.F.);
#6275=ORIENTED_EDGE('',*,*,#4372,.T.);
#6276=ORIENTED_EDGE('',*,*,#4334,.T.);
#6277=ORIENTED_EDGE('',*,*,#4375,.T.);
#6278=ORIENTED_EDGE('',*,*,#4341,.F.);
#6279=ORIENTED_EDGE('',*,*,#4271,.T.);
#6280=ORIENTED_EDGE('',*,*,#4345,.T.);
#6281=ORIENTED_EDGE('',*,*,#4377,.T.);
#6282=ORIENTED_EDGE('',*,*,#4328,.F.);
#6283=ORIENTED_EDGE('',*,*,#4382,.T.);
#6284=ORIENTED_EDGE('',*,*,#4383,.T.);
#6285=ORIENTED_EDGE('',*,*,#3565,.T.);
#6286=ORIENTED_EDGE('',*,*,#4383,.F.);
#6287=ORIENTED_EDGE('',*,*,#4384,.F.);
#6288=ORIENTED_EDGE('',*,*,#3475,.F.);
#6289=ORIENTED_EDGE('',*,*,#3498,.F.);
#6290=ORIENTED_EDGE('',*,*,#3528,.F.);
#6291=ORIENTED_EDGE('',*,*,#4307,.F.);
#6292=ORIENTED_EDGE('',*,*,#4308,.F.);
#6293=ORIENTED_EDGE('',*,*,#4310,.F.);
#6294=ORIENTED_EDGE('',*,*,#4261,.F.);
#6295=ORIENTED_EDGE('',*,*,#3737,.T.);
#6296=ORIENTED_EDGE('',*,*,#4186,.F.);
#6297=ORIENTED_EDGE('',*,*,#4147,.F.);
#6298=ORIENTED_EDGE('',*,*,#4188,.F.);
#6299=ORIENTED_EDGE('',*,*,#3727,.T.);
#6300=ORIENTED_EDGE('',*,*,#4192,.F.);
#6301=ORIENTED_EDGE('',*,*,#4129,.F.);
#6302=ORIENTED_EDGE('',*,*,#4385,.F.);
#6303=ORIENTED_EDGE('',*,*,#4386,.F.);
#6304=ORIENTED_EDGE('',*,*,#4387,.F.);
#6305=ORIENTED_EDGE('',*,*,#4388,.F.);
#6306=ORIENTED_EDGE('',*,*,#4389,.F.);
#6307=ORIENTED_EDGE('',*,*,#4390,.T.);
#6308=ORIENTED_EDGE('',*,*,#4391,.F.);
#6309=ORIENTED_EDGE('',*,*,#4392,.F.);
#6310=ORIENTED_EDGE('',*,*,#4385,.T.);
#6311=ORIENTED_EDGE('',*,*,#4124,.F.);
#6312=ORIENTED_EDGE('',*,*,#4393,.T.);
#6313=ORIENTED_EDGE('',*,*,#4394,.F.);
#6314=ORIENTED_EDGE('',*,*,#4395,.F.);
#6315=ORIENTED_EDGE('',*,*,#4393,.F.);
#6316=ORIENTED_EDGE('',*,*,#4123,.F.);
#6317=ORIENTED_EDGE('',*,*,#4195,.F.);
#6318=ORIENTED_EDGE('',*,*,#3481,.T.);
#6319=ORIENTED_EDGE('',*,*,#4396,.F.);
#6320=ORIENTED_EDGE('',*,*,#4390,.F.);
#6321=ORIENTED_EDGE('',*,*,#4397,.F.);
#6322=ORIENTED_EDGE('',*,*,#3479,.F.);
#6323=ORIENTED_EDGE('',*,*,#4398,.F.);
#6324=ORIENTED_EDGE('',*,*,#4392,.T.);
#6325=ORIENTED_EDGE('',*,*,#4399,.F.);
#6326=ORIENTED_EDGE('',*,*,#4400,.F.);
#6327=ORIENTED_EDGE('',*,*,#4386,.T.);
#6328=ORIENTED_EDGE('',*,*,#4398,.T.);
#6329=ORIENTED_EDGE('',*,*,#4388,.T.);
#6330=ORIENTED_EDGE('',*,*,#4399,.T.);
#6331=ORIENTED_EDGE('',*,*,#4395,.T.);
#6332=ORIENTED_EDGE('',*,*,#4401,.F.);
#6333=ORIENTED_EDGE('',*,*,#4389,.T.);
#6334=ORIENTED_EDGE('',*,*,#3480,.T.);
#6335=ORIENTED_EDGE('',*,*,#4397,.T.);
#6336=ORIENTED_EDGE('',*,*,#4401,.T.);
#6337=ORIENTED_EDGE('',*,*,#4394,.T.);
#6338=ORIENTED_EDGE('',*,*,#4402,.F.);
#6339=ORIENTED_EDGE('',*,*,#4403,.F.);
#6340=ORIENTED_EDGE('',*,*,#3477,.F.);
#6341=ORIENTED_EDGE('',*,*,#4404,.F.);
#6342=ORIENTED_EDGE('',*,*,#4405,.F.);
#6343=ORIENTED_EDGE('',*,*,#4406,.F.);
#6344=ORIENTED_EDGE('',*,*,#4404,.T.);
#6345=ORIENTED_EDGE('',*,*,#3476,.T.);
#6346=ORIENTED_EDGE('',*,*,#4384,.T.);
#6347=ORIENTED_EDGE('',*,*,#4405,.T.);
#6348=ORIENTED_EDGE('',*,*,#4400,.T.);
#6349=ORIENTED_EDGE('',*,*,#4407,.F.);
#6350=ORIENTED_EDGE('',*,*,#4408,.F.);
#6351=ORIENTED_EDGE('',*,*,#4406,.T.);
#6352=ORIENTED_EDGE('',*,*,#4407,.T.);
#6353=ORIENTED_EDGE('',*,*,#4387,.T.);
#6354=ORIENTED_EDGE('',*,*,#4408,.T.);
#6355=ORIENTED_EDGE('',*,*,#4391,.T.);
#6356=ORIENTED_EDGE('',*,*,#4409,.F.);
#6357=ORIENTED_EDGE('',*,*,#4402,.T.);
#6358=ORIENTED_EDGE('',*,*,#4409,.T.);
#6359=ORIENTED_EDGE('',*,*,#4396,.T.);
#6360=ORIENTED_EDGE('',*,*,#3478,.T.);
#6361=ORIENTED_EDGE('',*,*,#4403,.T.);
#6362=ORIENTED_EDGE('',*,*,#3647,.F.);
#6363=ORIENTED_EDGE('',*,*,#4091,.T.);
#6364=ORIENTED_EDGE('',*,*,#4287,.T.);
#6365=ORIENTED_EDGE('',*,*,#3667,.F.);
#6366=ORIENTED_EDGE('',*,*,#3643,.F.);
#6367=ORIENTED_EDGE('',*,*,#3632,.F.);
#6368=ORIENTED_EDGE('',*,*,#3666,.T.);
#6369=ORIENTED_EDGE('',*,*,#4410,.F.);
#6370=ORIENTED_EDGE('',*,*,#3658,.T.);
#6371=ORIENTED_EDGE('',*,*,#3630,.F.);
#6372=ORIENTED_EDGE('',*,*,#4411,.F.);
#6373=ORIENTED_EDGE('',*,*,#3537,.T.);
#6374=ORIENTED_EDGE('',*,*,#4092,.T.);
#6375=ORIENTED_EDGE('',*,*,#3659,.T.);
#6376=ORIENTED_EDGE('',*,*,#4411,.T.);
#6377=ORIENTED_EDGE('',*,*,#4410,.T.);
#6378=ORIENTED_EDGE('',*,*,#3664,.F.);
#6379=ORIENTED_EDGE('',*,*,#3538,.T.);
#6380=ORIENTED_EDGE('',*,*,#3617,.F.);
#6381=ORIENTED_EDGE('',*,*,#3621,.F.);
#6382=ORIENTED_EDGE('',*,*,#4412,.F.);
#6383=ORIENTED_EDGE('',*,*,#4081,.F.);
#6384=ORIENTED_EDGE('',*,*,#3620,.F.);
#6385=ORIENTED_EDGE('',*,*,#3626,.F.);
#6386=ORIENTED_EDGE('',*,*,#4413,.F.);
#6387=ORIENTED_EDGE('',*,*,#4414,.T.);
#6388=ORIENTED_EDGE('',*,*,#4415,.F.);
#6389=ORIENTED_EDGE('',*,*,#3699,.T.);
#6390=ORIENTED_EDGE('',*,*,#4082,.T.);
#6391=ORIENTED_EDGE('',*,*,#4412,.T.);
#6392=ORIENTED_EDGE('',*,*,#4416,.T.);
#6393=ORIENTED_EDGE('',*,*,#3677,.T.);
#6394=ORIENTED_EDGE('',*,*,#4417,.T.);
#6395=ORIENTED_EDGE('',*,*,#4413,.T.);
#6396=ORIENTED_EDGE('',*,*,#3625,.T.);
#6397=ORIENTED_EDGE('',*,*,#4417,.F.);
#6398=ORIENTED_EDGE('',*,*,#3676,.F.);
#6399=ORIENTED_EDGE('',*,*,#4418,.F.);
#6400=ORIENTED_EDGE('',*,*,#4414,.F.);
#6401=ORIENTED_EDGE('',*,*,#4415,.T.);
#6402=ORIENTED_EDGE('',*,*,#4418,.T.);
#6403=ORIENTED_EDGE('',*,*,#3675,.T.);
#6404=ORIENTED_EDGE('',*,*,#3693,.F.);
#6405=ORIENTED_EDGE('',*,*,#3695,.T.);
#6406=ORIENTED_EDGE('',*,*,#4419,.T.);
#6407=ORIENTED_EDGE('',*,*,#4420,.T.);
#6408=ORIENTED_EDGE('',*,*,#3566,.T.);
#6409=ORIENTED_EDGE('',*,*,#4420,.F.);
#6410=ORIENTED_EDGE('',*,*,#4419,.F.);
#6411=ORIENTED_EDGE('',*,*,#4421,.T.);
#6412=ORIENTED_EDGE('',*,*,#4422,.T.);
#6413=ORIENTED_EDGE('',*,*,#4423,.T.);
#6414=ORIENTED_EDGE('',*,*,#4424,.T.);
#6415=ORIENTED_EDGE('',*,*,#4425,.F.);
#6416=ORIENTED_EDGE('',*,*,#4426,.T.);
#6417=ORIENTED_EDGE('',*,*,#4427,.T.);
#6418=ORIENTED_EDGE('',*,*,#4428,.T.);
#6419=ORIENTED_EDGE('',*,*,#4429,.F.);
#6420=ORIENTED_EDGE('',*,*,#4430,.T.);
#6421=ORIENTED_EDGE('',*,*,#4421,.F.);
#6422=ORIENTED_EDGE('',*,*,#4428,.F.);
#6423=ORIENTED_EDGE('',*,*,#4431,.F.);
#6424=ORIENTED_EDGE('',*,*,#4432,.F.);
#6425=ORIENTED_EDGE('',*,*,#4433,.F.);
#6426=ORIENTED_EDGE('',*,*,#4424,.F.);
#6427=ORIENTED_EDGE('',*,*,#4434,.F.);
#6428=ORIENTED_EDGE('',*,*,#4435,.F.);
#6429=ORIENTED_EDGE('',*,*,#4436,.F.);
#6430=ORIENTED_EDGE('',*,*,#4437,.T.);
#6431=ORIENTED_EDGE('',*,*,#4422,.F.);
#6432=ORIENTED_EDGE('',*,*,#4430,.F.);
#6433=ORIENTED_EDGE('',*,*,#4438,.F.);
#6434=ORIENTED_EDGE('',*,*,#4439,.F.);
#6435=ORIENTED_EDGE('',*,*,#4440,.F.);
#6436=ORIENTED_EDGE('',*,*,#4435,.T.);
#6437=ORIENTED_EDGE('',*,*,#4441,.T.);
#6438=ORIENTED_EDGE('',*,*,#4442,.T.);
#6439=ORIENTED_EDGE('',*,*,#4443,.T.);
#6440=ORIENTED_EDGE('',*,*,#4444,.F.);
#6441=ORIENTED_EDGE('',*,*,#4437,.F.);
#6442=ORIENTED_EDGE('',*,*,#4429,.T.);
#6443=ORIENTED_EDGE('',*,*,#4433,.T.);
#6444=ORIENTED_EDGE('',*,*,#4445,.T.);
#6445=ORIENTED_EDGE('',*,*,#4438,.T.);
#6446=ORIENTED_EDGE('',*,*,#4446,.T.);
#6447=ORIENTED_EDGE('',*,*,#4441,.F.);
#6448=ORIENTED_EDGE('',*,*,#4434,.T.);
#6449=ORIENTED_EDGE('',*,*,#4423,.F.);
#6450=ORIENTED_EDGE('',*,*,#4446,.F.);
#6451=ORIENTED_EDGE('',*,*,#4447,.F.);
#6452=ORIENTED_EDGE('',*,*,#4442,.F.);
#6453=ORIENTED_EDGE('',*,*,#4448,.F.);
#6454=ORIENTED_EDGE('',*,*,#4425,.T.);
#6455=ORIENTED_EDGE('',*,*,#4436,.T.);
#6456=ORIENTED_EDGE('',*,*,#4444,.T.);
#6457=ORIENTED_EDGE('',*,*,#4449,.T.);
#6458=ORIENTED_EDGE('',*,*,#4450,.T.);
#6459=ORIENTED_EDGE('',*,*,#4451,.F.);
#6460=ORIENTED_EDGE('',*,*,#4431,.T.);
#6461=ORIENTED_EDGE('',*,*,#4427,.F.);
#6462=ORIENTED_EDGE('',*,*,#4449,.F.);
#6463=ORIENTED_EDGE('',*,*,#4443,.F.);
#6464=ORIENTED_EDGE('',*,*,#4452,.F.);
#6465=ORIENTED_EDGE('',*,*,#4432,.T.);
#6466=ORIENTED_EDGE('',*,*,#4451,.T.);
#6467=ORIENTED_EDGE('',*,*,#4453,.T.);
#6468=ORIENTED_EDGE('',*,*,#4439,.T.);
#6469=ORIENTED_EDGE('',*,*,#4445,.F.);
#6470=ORIENTED_EDGE('',*,*,#4453,.F.);
#6471=ORIENTED_EDGE('',*,*,#4450,.F.);
#6472=ORIENTED_EDGE('',*,*,#4454,.F.);
#6473=ORIENTED_EDGE('',*,*,#4416,.F.);
#6474=ORIENTED_EDGE('',*,*,#4455,.T.);
#6475=ORIENTED_EDGE('',*,*,#4440,.T.);
#6476=ORIENTED_EDGE('',*,*,#4454,.T.);
#6477=ORIENTED_EDGE('',*,*,#4452,.T.);
#6478=ORIENTED_EDGE('',*,*,#4447,.T.);
#6479=ORIENTED_EDGE('',*,*,#4455,.F.);
#6480=ORIENTED_EDGE('',*,*,#4448,.T.);
#6481=ORIENTED_EDGE('',*,*,#4426,.F.);
#6482=CONICAL_SURFACE('',#6920,1.30000000000001,0.785398163398796);
#6483=CONICAL_SURFACE('',#6932,6.88164068575281,0.785398163371055);
#6484=CONICAL_SURFACE('',#6955,2.87166784247476,0.785398163381334);
#6485=CONICAL_SURFACE('',#7014,3.8,0.785398163397425);
#6486=CONICAL_SURFACE('',#7062,1.9625,0.785398163397447);
#6487=CONICAL_SURFACE('',#7123,1.8,0.785398163399302);
#6488=CONICAL_SURFACE('',#7159,1.8,0.785398163398791);
#6489=CONICAL_SURFACE('',#7187,3.20000000000012,0.785398163264136);
#6490=CONICAL_SURFACE('',#7191,3.20000000000012,0.785398163263683);
#6491=CONICAL_SURFACE('',#7365,3.80000000000009,0.785398163263225);
#6492=CONICAL_SURFACE('',#7368,9.80000000000012,0.785398163262875);
#6493=CONICAL_SURFACE('',#7370,0.800000000000114,0.785398163249466);
#6494=CONICAL_SURFACE('',#7381,0.600000000000083,0.785398163292888);
#6495=CONICAL_SURFACE('',#7385,1.2,0.785398163397775);
#6496=CONICAL_SURFACE('',#7389,0.799999999999983,0.785398163395978);
#6497=CONICAL_SURFACE('',#7392,23.5231064733287,0.785398163387235);
#6498=CONICAL_SURFACE('',#7399,2.19999999999999,0.785398163398114);
#6499=CONICAL_SURFACE('',#7403,0.799999999999991,0.785398163398027);
#6500=CONICAL_SURFACE('',#7407,0.800000000000002,0.785398163397685);
#6501=CONICAL_SURFACE('',#7411,3.2,0.785398163397383);
#6502=CONICAL_SURFACE('',#7415,0.800000000000002,0.785398163397646);
#6503=CONICAL_SURFACE('',#7419,0.800000000000002,0.785398163397773);
#6504=CONICAL_SURFACE('',#7423,3.20000000000001,0.785398163397565);
#6505=CONICAL_SURFACE('',#7426,0.299999999999999,0.785398163397574);
#6506=CONICAL_SURFACE('',#7430,1.20000000000003,0.785398163404073);
#6507=CONICAL_SURFACE('',#7434,0.799999999999997,0.785398163397468);
#6508=CONICAL_SURFACE('',#7437,23.5231064733288,0.785398163397457);
#6509=CONICAL_SURFACE('',#7464,1.64999999999999,0.785398163397422);
#6510=CONICAL_SURFACE('',#7482,4.00000000000001,0.785398163397447);
#6511=CONICAL_SURFACE('',#7485,4.,0.785398163397444);
#6512=CONICAL_SURFACE('',#7491,2.79999999999996,0.785398163251433);
#6513=CONICAL_SURFACE('',#7531,3.99999999999999,0.785398163397454);
#6514=CONICAL_SURFACE('',#7533,3.99999999999999,0.785398163397456);
#6515=CONICAL_SURFACE('',#7539,0.799999999999921,0.785398163348111);
#6516=CONICAL_SURFACE('',#7543,0.800000000000116,0.785398163334866);
#6517=CONICAL_SURFACE('',#7610,3.19999999999999,0.785398163342842);
#6518=CONICAL_SURFACE('',#7613,3.19999999999999,0.785398163254513);
#6519=CONICAL_SURFACE('',#7644,3.7999999999999,0.785398163286473);
#6520=CONICAL_SURFACE('',#7653,3.19999999999999,0.785398163397984);
#6521=ADVANCED_FACE('',(#432),#6482,.F.);
#6522=ADVANCED_FACE('',(#433),#283,.F.);
#6523=ADVANCED_FACE('',(#434,#79),#111,.F.);
#6524=ADVANCED_FACE('',(#435),#284,.F.);
#6525=ADVANCED_FACE('',(#436),#285,.F.);
#6526=ADVANCED_FACE('',(#437),#6483,.F.);
#6527=ADVANCED_FACE('',(#438),#112,.F.);
#6528=ADVANCED_FACE('',(#439,#80,#81),#113,.T.);
#6529=ADVANCED_FACE('',(#440,#82),#114,.F.);
#6530=ADVANCED_FACE('',(#441),#115,.T.);
#6531=ADVANCED_FACE('',(#442),#286,.T.);
#6532=ADVANCED_FACE('',(#443),#6484,.T.);
#6533=ADVANCED_FACE('',(#444),#287,.T.);
#6534=ADVANCED_FACE('',(#445),#44,.T.);
#6535=ADVANCED_FACE('',(#446),#288,.T.);
#6536=ADVANCED_FACE('',(#447),#39,.T.);
#6537=ADVANCED_FACE('',(#448),#45,.T.);
#6538=ADVANCED_FACE('',(#449),#40,.T.);
#6539=ADVANCED_FACE('',(#450),#116,.T.);
#6540=ADVANCED_FACE('',(#451,#83),#117,.T.);
#6541=ADVANCED_FACE('',(#452),#289,.F.);
#6542=ADVANCED_FACE('',(#453),#118,.T.);
#6543=ADVANCED_FACE('',(#454,#84,#85,#86,#87,#88,#89,#90,#91),#119,.F.);
#6544=ADVANCED_FACE('',(#455),#120,.T.);
#6545=ADVANCED_FACE('',(#456),#290,.F.);
#6546=ADVANCED_FACE('',(#457),#291,.T.);
#6547=ADVANCED_FACE('',(#458),#292,.T.);
#6548=ADVANCED_FACE('',(#459),#121,.F.);
#6549=ADVANCED_FACE('',(#460),#122,.F.);
#6550=ADVANCED_FACE('',(#461),#123,.F.);
#6551=ADVANCED_FACE('',(#462),#124,.F.);
#6552=ADVANCED_FACE('',(#463),#24,.F.);
#6553=ADVANCED_FACE('',(#464),#25,.F.);
#6554=ADVANCED_FACE('',(#465),#26,.F.);
#6555=ADVANCED_FACE('',(#466,#92),#125,.F.);
#6556=ADVANCED_FACE('',(#467),#27,.F.);
#6557=ADVANCED_FACE('',(#468),#28,.F.);
#6558=ADVANCED_FACE('',(#469),#29,.F.);
#6559=ADVANCED_FACE('',(#470),#30,.F.);
#6560=ADVANCED_FACE('',(#471),#126,.F.);
#6561=ADVANCED_FACE('',(#472),#127,.T.);
#6562=ADVANCED_FACE('',(#473),#6485,.T.);
#6563=ADVANCED_FACE('',(#474),#128,.T.);
#6564=ADVANCED_FACE('',(#475),#293,.T.);
#6565=ADVANCED_FACE('',(#476),#129,.T.);
#6566=ADVANCED_FACE('',(#477),#31,.F.);
#6567=ADVANCED_FACE('',(#478),#46,.T.);
#6568=ADVANCED_FACE('',(#479),#294,.T.);
#6569=ADVANCED_FACE('',(#480),#47,.T.);
#6570=ADVANCED_FACE('',(#481),#295,.T.);
#6571=ADVANCED_FACE('',(#482),#296,.F.);
#6572=ADVANCED_FACE('',(#483),#130,.T.);
#6573=ADVANCED_FACE('',(#484,#93),#131,.T.);
#6574=ADVANCED_FACE('',(#485),#132,.T.);
#6575=ADVANCED_FACE('',(#486),#133,.T.);
#6576=ADVANCED_FACE('',(#487),#134,.T.);
#6577=ADVANCED_FACE('',(#488,#94,#95,#96,#97,#98,#99),#135,.F.);
#6578=ADVANCED_FACE('',(#489),#297,.T.);
#6579=ADVANCED_FACE('',(#490),#48,.T.);
#6580=ADVANCED_FACE('',(#491),#298,.T.);
#6581=ADVANCED_FACE('',(#492),#136,.T.);
#6582=ADVANCED_FACE('',(#493),#299,.T.);
#6583=ADVANCED_FACE('',(#494),#137,.F.);
#6584=ADVANCED_FACE('',(#495),#6486,.F.);
#6585=ADVANCED_FACE('',(#496),#300,.F.);
#6586=ADVANCED_FACE('',(#497),#301,.T.);
#6587=ADVANCED_FACE('',(#498),#302,.F.);
#6588=ADVANCED_FACE('',(#499),#303,.T.);
#6589=ADVANCED_FACE('',(#500),#304,.T.);
#6590=ADVANCED_FACE('',(#501),#305,.F.);
#6591=ADVANCED_FACE('',(#502),#306,.T.);
#6592=ADVANCED_FACE('',(#503,#100),#138,.T.);
#6593=ADVANCED_FACE('',(#504,#101),#139,.T.);
#6594=ADVANCED_FACE('',(#505),#140,.T.);
#6595=ADVANCED_FACE('',(#506),#141,.T.);
#6596=ADVANCED_FACE('',(#507),#142,.T.);
#6597=ADVANCED_FACE('',(#508),#143,.T.);
#6598=ADVANCED_FACE('',(#509),#144,.F.);
#6599=ADVANCED_FACE('',(#510),#307,.F.);
#6600=ADVANCED_FACE('',(#511),#6487,.F.);
#6601=ADVANCED_FACE('',(#512),#308,.F.);
#6602=ADVANCED_FACE('',(#513),#145,.T.);
#6603=ADVANCED_FACE('',(#514),#146,.T.);
#6604=ADVANCED_FACE('',(#515),#147,.T.);
#6605=ADVANCED_FACE('',(#516),#148,.T.);
#6606=ADVANCED_FACE('',(#517),#149,.F.);
#6607=ADVANCED_FACE('',(#518),#309,.F.);
#6608=ADVANCED_FACE('',(#519),#6488,.F.);
#6609=ADVANCED_FACE('',(#520),#310,.F.);
#6610=ADVANCED_FACE('',(#521),#150,.F.);
#6611=ADVANCED_FACE('',(#522),#151,.F.);
#6612=ADVANCED_FACE('',(#523,#102),#152,.F.);
#6613=ADVANCED_FACE('',(#524),#153,.T.);
#6614=ADVANCED_FACE('',(#525),#154,.F.);
#6615=ADVANCED_FACE('',(#526),#155,.F.);
#6616=ADVANCED_FACE('',(#527),#156,.T.);
#6617=ADVANCED_FACE('',(#528),#157,.T.);
#6618=ADVANCED_FACE('',(#529),#158,.F.);
#6619=ADVANCED_FACE('',(#530),#159,.F.);
#6620=ADVANCED_FACE('',(#531,#103),#160,.F.);
#6621=ADVANCED_FACE('',(#532),#161,.T.);
#6622=ADVANCED_FACE('',(#533),#162,.F.);
#6623=ADVANCED_FACE('',(#534),#163,.F.);
#6624=ADVANCED_FACE('',(#535),#164,.T.);
#6625=ADVANCED_FACE('',(#536),#165,.T.);
#6626=ADVANCED_FACE('',(#537),#6489,.F.);
#6627=ADVANCED_FACE('',(#538),#311,.F.);
#6628=ADVANCED_FACE('',(#539),#6490,.F.);
#6629=ADVANCED_FACE('',(#540),#312,.F.);
#6630=ADVANCED_FACE('',(#541),#166,.T.);
#6631=ADVANCED_FACE('',(#542),#167,.T.);
#6632=ADVANCED_FACE('',(#543),#168,.T.);
#6633=ADVANCED_FACE('',(#544),#169,.F.);
#6634=ADVANCED_FACE('',(#545),#313,.F.);
#6635=ADVANCED_FACE('',(#546),#170,.T.);
#6636=ADVANCED_FACE('',(#547),#314,.F.);
#6637=ADVANCED_FACE('',(#548),#171,.F.);
#6638=ADVANCED_FACE('',(#549),#315,.F.);
#6639=ADVANCED_FACE('',(#550),#316,.T.);
#6640=ADVANCED_FACE('',(#551),#172,.F.);
#6641=ADVANCED_FACE('',(#552),#317,.T.);
#6642=ADVANCED_FACE('',(#553),#318,.F.);
#6643=ADVANCED_FACE('',(#554),#319,.F.);
#6644=ADVANCED_FACE('',(#555),#320,.F.);
#6645=ADVANCED_FACE('',(#556),#321,.T.);
#6646=ADVANCED_FACE('',(#557),#173,.F.);
#6647=ADVANCED_FACE('',(#558),#322,.T.);
#6648=ADVANCED_FACE('',(#559),#323,.F.);
#6649=ADVANCED_FACE('',(#560),#324,.F.);
#6650=ADVANCED_FACE('',(#561),#325,.F.);
#6651=ADVANCED_FACE('',(#562),#326,.T.);
#6652=ADVANCED_FACE('',(#563),#174,.F.);
#6653=ADVANCED_FACE('',(#564),#327,.T.);
#6654=ADVANCED_FACE('',(#565),#328,.F.);
#6655=ADVANCED_FACE('',(#566),#329,.F.);
#6656=ADVANCED_FACE('',(#567),#330,.F.);
#6657=ADVANCED_FACE('',(#568),#331,.T.);
#6658=ADVANCED_FACE('',(#569),#175,.F.);
#6659=ADVANCED_FACE('',(#570),#332,.T.);
#6660=ADVANCED_FACE('',(#571),#333,.F.);
#6661=ADVANCED_FACE('',(#572),#334,.F.);
#6662=ADVANCED_FACE('',(#573),#335,.F.);
#6663=ADVANCED_FACE('',(#574),#336,.T.);
#6664=ADVANCED_FACE('',(#575),#176,.F.);
#6665=ADVANCED_FACE('',(#576),#337,.T.);
#6666=ADVANCED_FACE('',(#577),#338,.F.);
#6667=ADVANCED_FACE('',(#578),#339,.F.);
#6668=ADVANCED_FACE('',(#579),#340,.F.);
#6669=ADVANCED_FACE('',(#580),#341,.T.);
#6670=ADVANCED_FACE('',(#581),#177,.F.);
#6671=ADVANCED_FACE('',(#582),#342,.T.);
#6672=ADVANCED_FACE('',(#583),#343,.F.);
#6673=ADVANCED_FACE('',(#584),#344,.F.);
#6674=ADVANCED_FACE('',(#585),#178,.T.);
#6675=ADVANCED_FACE('',(#586),#179,.F.);
#6676=ADVANCED_FACE('',(#587),#345,.F.);
#6677=ADVANCED_FACE('',(#588),#180,.T.);
#6678=ADVANCED_FACE('',(#589),#346,.F.);
#6679=ADVANCED_FACE('',(#590),#181,.F.);
#6680=ADVANCED_FACE('',(#591),#347,.F.);
#6681=ADVANCED_FACE('',(#592),#348,.T.);
#6682=ADVANCED_FACE('',(#593),#182,.F.);
#6683=ADVANCED_FACE('',(#594),#349,.T.);
#6684=ADVANCED_FACE('',(#595),#350,.F.);
#6685=ADVANCED_FACE('',(#596),#351,.F.);
#6686=ADVANCED_FACE('',(#597),#352,.F.);
#6687=ADVANCED_FACE('',(#598),#353,.T.);
#6688=ADVANCED_FACE('',(#599),#183,.F.);
#6689=ADVANCED_FACE('',(#600),#354,.T.);
#6690=ADVANCED_FACE('',(#601),#355,.F.);
#6691=ADVANCED_FACE('',(#602),#356,.F.);
#6692=ADVANCED_FACE('',(#603),#357,.F.);
#6693=ADVANCED_FACE('',(#604),#358,.T.);
#6694=ADVANCED_FACE('',(#605),#184,.F.);
#6695=ADVANCED_FACE('',(#606),#359,.T.);
#6696=ADVANCED_FACE('',(#607),#360,.F.);
#6697=ADVANCED_FACE('',(#608),#361,.F.);
#6698=ADVANCED_FACE('',(#609),#362,.F.);
#6699=ADVANCED_FACE('',(#610),#363,.T.);
#6700=ADVANCED_FACE('',(#611),#185,.F.);
#6701=ADVANCED_FACE('',(#612),#364,.T.);
#6702=ADVANCED_FACE('',(#613),#365,.F.);
#6703=ADVANCED_FACE('',(#614),#366,.F.);
#6704=ADVANCED_FACE('',(#615),#367,.F.);
#6705=ADVANCED_FACE('',(#616),#368,.T.);
#6706=ADVANCED_FACE('',(#617),#186,.F.);
#6707=ADVANCED_FACE('',(#618),#369,.T.);
#6708=ADVANCED_FACE('',(#619),#370,.F.);
#6709=ADVANCED_FACE('',(#620),#371,.F.);
#6710=ADVANCED_FACE('',(#621),#372,.F.);
#6711=ADVANCED_FACE('',(#622),#373,.T.);
#6712=ADVANCED_FACE('',(#623),#187,.F.);
#6713=ADVANCED_FACE('',(#624),#374,.T.);
#6714=ADVANCED_FACE('',(#625),#375,.F.);
#6715=ADVANCED_FACE('',(#626),#376,.F.);
#6716=ADVANCED_FACE('',(#627),#6491,.T.);
#6717=ADVANCED_FACE('',(#628),#188,.T.);
#6718=ADVANCED_FACE('',(#629),#6492,.T.);
#6719=ADVANCED_FACE('',(#630),#189,.T.);
#6720=ADVANCED_FACE('',(#631),#6493,.T.);
#6721=ADVANCED_FACE('',(#632),#377,.T.);
#6722=ADVANCED_FACE('',(#633),#378,.T.);
#6723=ADVANCED_FACE('',(#634),#190,.F.);
#6724=ADVANCED_FACE('',(#635),#379,.F.);
#6725=ADVANCED_FACE('',(#636),#191,.F.);
#6726=ADVANCED_FACE('',(#637),#6494,.F.);
#6727=ADVANCED_FACE('',(#638),#380,.F.);
#6728=ADVANCED_FACE('',(#639),#381,.F.);
#6729=ADVANCED_FACE('',(#640),#6495,.F.);
#6730=ADVANCED_FACE('',(#641),#192,.T.);
#6731=ADVANCED_FACE('',(#642),#6496,.T.);
#6732=ADVANCED_FACE('',(#643),#6497,.T.);
#6733=ADVANCED_FACE('',(#644),#193,.F.);
#6734=ADVANCED_FACE('',(#645),#194,.T.);
#6735=ADVANCED_FACE('',(#646),#6498,.F.);
#6736=ADVANCED_FACE('',(#647),#195,.T.);
#6737=ADVANCED_FACE('',(#648),#6499,.T.);
#6738=ADVANCED_FACE('',(#649),#196,.T.);
#6739=ADVANCED_FACE('',(#650),#6500,.T.);
#6740=ADVANCED_FACE('',(#651),#197,.T.);
#6741=ADVANCED_FACE('',(#652),#6501,.F.);
#6742=ADVANCED_FACE('',(#653),#198,.T.);
#6743=ADVANCED_FACE('',(#654),#6502,.T.);
#6744=ADVANCED_FACE('',(#655),#199,.T.);
#6745=ADVANCED_FACE('',(#656),#6503,.T.);
#6746=ADVANCED_FACE('',(#657),#200,.T.);
#6747=ADVANCED_FACE('',(#658),#6504,.F.);
#6748=ADVANCED_FACE('',(#659),#6505,.T.);
#6749=ADVANCED_FACE('',(#660),#201,.T.);
#6750=ADVANCED_FACE('',(#661),#6506,.F.);
#6751=ADVANCED_FACE('',(#662),#202,.T.);
#6752=ADVANCED_FACE('',(#663),#6507,.T.);
#6753=ADVANCED_FACE('',(#664),#6508,.T.);
#6754=ADVANCED_FACE('',(#665),#382,.T.);
#6755=ADVANCED_FACE('',(#666),#383,.T.);
#6756=ADVANCED_FACE('',(#667),#203,.F.);
#6757=ADVANCED_FACE('',(#668),#384,.F.);
#6758=ADVANCED_FACE('',(#669),#204,.F.);
#6759=ADVANCED_FACE('',(#670),#385,.T.);
#6760=ADVANCED_FACE('',(#671),#386,.F.);
#6761=ADVANCED_FACE('',(#672),#205,.F.);
#6762=ADVANCED_FACE('',(#673),#387,.T.);
#6763=ADVANCED_FACE('',(#674),#388,.T.);
#6764=ADVANCED_FACE('',(#675),#206,.F.);
#6765=ADVANCED_FACE('',(#676),#389,.F.);
#6766=ADVANCED_FACE('',(#677),#207,.F.);
#6767=ADVANCED_FACE('',(#678),#390,.T.);
#6768=ADVANCED_FACE('',(#679),#391,.F.);
#6769=ADVANCED_FACE('',(#680,#104),#208,.F.);
#6770=ADVANCED_FACE('',(#681),#6509,.F.);
#6771=ADVANCED_FACE('',(#682,#105,#106),#209,.T.);
#6772=ADVANCED_FACE('',(#683),#392,.F.);
#6773=ADVANCED_FACE('',(#684),#210,.F.);
#6774=ADVANCED_FACE('',(#685,#107),#211,.F.);
#6775=ADVANCED_FACE('',(#686),#212,.F.);
#6776=ADVANCED_FACE('',(#687),#213,.T.);
#6777=ADVANCED_FACE('',(#688),#393,.F.);
#6778=ADVANCED_FACE('',(#689),#214,.T.);
#6779=ADVANCED_FACE('',(#690),#6510,.F.);
#6780=ADVANCED_FACE('',(#691),#215,.T.);
#6781=ADVANCED_FACE('',(#692),#6511,.F.);
#6782=ADVANCED_FACE('',(#693),#394,.F.);
#6783=ADVANCED_FACE('',(#694),#216,.F.);
#6784=ADVANCED_FACE('',(#695),#217,.T.);
#6785=ADVANCED_FACE('',(#696),#218,.T.);
#6786=ADVANCED_FACE('',(#697),#6512,.T.);
#6787=ADVANCED_FACE('',(#698),#219,.T.);
#6788=ADVANCED_FACE('',(#699),#395,.T.);
#6789=ADVANCED_FACE('',(#700),#220,.T.);
#6790=ADVANCED_FACE('',(#701),#221,.T.);
#6791=ADVANCED_FACE('',(#702),#49,.T.);
#6792=ADVANCED_FACE('',(#703),#396,.T.);
#6793=ADVANCED_FACE('',(#704),#222,.F.);
#6794=ADVANCED_FACE('',(#705),#397,.F.);
#6795=ADVANCED_FACE('',(#706),#398,.F.);
#6796=ADVANCED_FACE('',(#707),#399,.T.);
#6797=ADVANCED_FACE('',(#708),#400,.F.);
#6798=ADVANCED_FACE('',(#709),#223,.F.);
#6799=ADVANCED_FACE('',(#710),#224,.T.);
#6800=ADVANCED_FACE('',(#711),#225,.T.);
#6801=ADVANCED_FACE('',(#712),#226,.F.);
#6802=ADVANCED_FACE('',(#713),#401,.F.);
#6803=ADVANCED_FACE('',(#714),#227,.T.);
#6804=ADVANCED_FACE('',(#715),#228,.T.);
#6805=ADVANCED_FACE('',(#716),#41,.F.);
#6806=ADVANCED_FACE('',(#717),#229,.F.);
#6807=ADVANCED_FACE('',(#718),#402,.F.);
#6808=ADVANCED_FACE('',(#719),#230,.F.);
#6809=ADVANCED_FACE('',(#720),#403,.F.);
#6810=ADVANCED_FACE('',(#721),#404,.F.);
#6811=ADVANCED_FACE('',(#722),#6513,.F.);
#6812=ADVANCED_FACE('',(#723),#231,.T.);
#6813=ADVANCED_FACE('',(#724),#6514,.F.);
#6814=ADVANCED_FACE('',(#725),#405,.F.);
#6815=ADVANCED_FACE('',(#726),#406,.F.);
#6816=ADVANCED_FACE('',(#727),#407,.T.);
#6817=ADVANCED_FACE('',(#728,#108),#232,.T.);
#6818=ADVANCED_FACE('',(#729),#6515,.T.);
#6819=ADVANCED_FACE('',(#730),#408,.T.);
#6820=ADVANCED_FACE('',(#731),#233,.T.);
#6821=ADVANCED_FACE('',(#732),#6516,.T.);
#6822=ADVANCED_FACE('',(#733),#409,.T.);
#6823=ADVANCED_FACE('',(#734),#234,.F.);
#6824=ADVANCED_FACE('',(#735),#235,.T.);
#6825=ADVANCED_FACE('',(#736),#410,.T.);
#6826=ADVANCED_FACE('',(#737),#411,.F.);
#6827=ADVANCED_FACE('',(#738),#236,.F.);
#6828=ADVANCED_FACE('',(#739),#412,.T.);
#6829=ADVANCED_FACE('',(#740),#42,.T.);
#6830=ADVANCED_FACE('',(#741),#32,.F.);
#6831=ADVANCED_FACE('',(#742),#50,.T.);
#6832=ADVANCED_FACE('',(#743),#413,.T.);
#6833=ADVANCED_FACE('',(#744),#414,.T.);
#6834=ADVANCED_FACE('',(#745),#237,.T.);
#6835=ADVANCED_FACE('',(#746,#109),#238,.T.);
#6836=ADVANCED_FACE('',(#747),#239,.T.);
#6837=ADVANCED_FACE('',(#748),#415,.F.);
#6838=ADVANCED_FACE('',(#749),#240,.T.);
#6839=ADVANCED_FACE('',(#750),#416,.F.);
#6840=ADVANCED_FACE('',(#751),#417,.F.);
#6841=ADVANCED_FACE('',(#752),#241,.T.);
#6842=ADVANCED_FACE('',(#753),#242,.F.);
#6843=ADVANCED_FACE('',(#754),#243,.T.);
#6844=ADVANCED_FACE('',(#755),#244,.F.);
#6845=ADVANCED_FACE('',(#756),#245,.T.);
#6846=ADVANCED_FACE('',(#757),#246,.F.);
#6847=ADVANCED_FACE('',(#758),#247,.T.);
#6848=ADVANCED_FACE('',(#759),#248,.F.);
#6849=ADVANCED_FACE('',(#760),#249,.T.);
#6850=ADVANCED_FACE('',(#761),#250,.F.);
#6851=ADVANCED_FACE('',(#762),#251,.T.);
#6852=ADVANCED_FACE('',(#763),#252,.F.);
#6853=ADVANCED_FACE('',(#764),#253,.T.);
#6854=ADVANCED_FACE('',(#765),#254,.F.);
#6855=ADVANCED_FACE('',(#766),#255,.F.);
#6856=ADVANCED_FACE('',(#767),#256,.T.);
#6857=ADVANCED_FACE('',(#768),#257,.T.);
#6858=ADVANCED_FACE('',(#769),#258,.T.);
#6859=ADVANCED_FACE('',(#770),#259,.T.);
#6860=ADVANCED_FACE('',(#771),#260,.T.);
#6861=ADVANCED_FACE('',(#772),#261,.T.);
#6862=ADVANCED_FACE('',(#773),#262,.T.);
#6863=ADVANCED_FACE('',(#774),#418,.F.);
#6864=ADVANCED_FACE('',(#775),#6517,.F.);
#6865=ADVANCED_FACE('',(#776),#419,.F.);
#6866=ADVANCED_FACE('',(#777),#6518,.F.);
#6867=ADVANCED_FACE('',(#778),#263,.F.);
#6868=ADVANCED_FACE('',(#779),#420,.F.);
#6869=ADVANCED_FACE('',(#780),#421,.T.);
#6870=ADVANCED_FACE('',(#781),#264,.T.);
#6871=ADVANCED_FACE('',(#782),#265,.F.);
#6872=ADVANCED_FACE('',(#783),#43,.T.);
#6873=ADVANCED_FACE('',(#784),#422,.T.);
#6874=ADVANCED_FACE('',(#785),#51,.T.);
#6875=ADVANCED_FACE('',(#786),#423,.T.);
#6876=ADVANCED_FACE('',(#787),#266,.T.);
#6877=ADVANCED_FACE('',(#788),#424,.T.);
#6878=ADVANCED_FACE('',(#789),#33,.T.);
#6879=ADVANCED_FACE('',(#790),#34,.T.);
#6880=ADVANCED_FACE('',(#791),#52,.F.);
#6881=ADVANCED_FACE('',(#792),#425,.F.);
#6882=ADVANCED_FACE('',(#793),#426,.F.);
#6883=ADVANCED_FACE('',(#794),#427,.T.);
#6884=ADVANCED_FACE('',(#795),#267,.T.);
#6885=ADVANCED_FACE('',(#796),#6519,.T.);
#6886=ADVANCED_FACE('',(#797),#268,.T.);
#6887=ADVANCED_FACE('',(#798,#110),#269,.T.);
#6888=ADVANCED_FACE('',(#799),#428,.T.);
#6889=ADVANCED_FACE('',(#800),#270,.T.);
#6890=ADVANCED_FACE('',(#801),#429,.T.);
#6891=ADVANCED_FACE('',(#802),#6520,.F.);
#6892=ADVANCED_FACE('',(#803),#430,.F.);
#6893=ADVANCED_FACE('',(#804),#271,.T.);
#6894=ADVANCED_FACE('',(#805),#272,.T.);
#6895=ADVANCED_FACE('',(#806),#273,.T.);
#6896=ADVANCED_FACE('',(#807),#274,.T.);
#6897=ADVANCED_FACE('',(#808),#275,.F.);
#6898=ADVANCED_FACE('',(#809),#276,.F.);
#6899=ADVANCED_FACE('',(#810),#277,.T.);
#6900=ADVANCED_FACE('',(#811),#278,.F.);
#6901=ADVANCED_FACE('',(#812),#279,.T.);
#6902=ADVANCED_FACE('',(#813),#280,.F.);
#6903=ADVANCED_FACE('',(#814),#281,.T.);
#6904=ADVANCED_FACE('',(#815),#431,.F.);
#6905=ADVANCED_FACE('',(#816),#282,.T.);
#6906=CLOSED_SHELL('',(#6521,#6522,#6523,#6524,#6525,#6526,#6527,#6528,
#6529,#6530,#6531,#6532,#6533,#6534,#6535,#6536,#6537,#6538,#6539,#6540,
#6541,#6542,#6543,#6544,#6545,#6546,#6547,#6548,#6549,#6550,#6551,#6552,
#6553,#6554,#6555,#6556,#6557,#6558,#6559,#6560,#6561,#6562,#6563,#6564,
#6565,#6566,#6567,#6568,#6569,#6570,#6571,#6572,#6573,#6574,#6575,#6576,
#6577,#6578,#6579,#6580,#6581,#6582,#6583,#6584,#6585,#6586,#6587,#6588,
#6589,#6590,#6591,#6592,#6593,#6594,#6595,#6596,#6597,#6598,#6599,#6600,
#6601,#6602,#6603,#6604,#6605,#6606,#6607,#6608,#6609,#6610,#6611,#6612,
#6613,#6614,#6615,#6616,#6617,#6618,#6619,#6620,#6621,#6622,#6623,#6624,
#6625,#6626,#6627,#6628,#6629,#6630,#6631,#6632,#6633,#6634,#6635,#6636,
#6637,#6638,#6639,#6640,#6641,#6642,#6643,#6644,#6645,#6646,#6647,#6648,
#6649,#6650,#6651,#6652,#6653,#6654,#6655,#6656,#6657,#6658,#6659,#6660,
#6661,#6662,#6663,#6664,#6665,#6666,#6667,#6668,#6669,#6670,#6671,#6672,
#6673,#6674,#6675,#6676,#6677,#6678,#6679,#6680,#6681,#6682,#6683,#6684,
#6685,#6686,#6687,#6688,#6689,#6690,#6691,#6692,#6693,#6694,#6695,#6696,
#6697,#6698,#6699,#6700,#6701,#6702,#6703,#6704,#6705,#6706,#6707,#6708,
#6709,#6710,#6711,#6712,#6713,#6714,#6715,#6716,#6717,#6718,#6719,#6720,
#6721,#6722,#6723,#6724,#6725,#6726,#6727,#6728,#6729,#6730,#6731,#6732,
#6733,#6734,#6735,#6736,#6737,#6738,#6739,#6740,#6741,#6742,#6743,#6744,
#6745,#6746,#6747,#6748,#6749,#6750,#6751,#6752,#6753,#6754,#6755,#6756,
#6757,#6758,#6759,#6760,#6761,#6762,#6763,#6764,#6765,#6766,#6767,#6768,
#6769,#6770,#6771,#6772,#6773,#6774,#6775,#6776,#6777,#6778,#6779,#6780,
#6781,#6782,#6783,#6784,#6785,#6786,#6787,#6788,#6789,#6790,#6791,#6792,
#6793,#6794,#6795,#6796,#6797,#6798,#6799,#6800,#6801,#6802,#6803,#6804,
#6805,#6806,#6807,#6808,#6809,#6810,#6811,#6812,#6813,#6814,#6815,#6816,
#6817,#6818,#6819,#6820,#6821,#6822,#6823,#6824,#6825,#6826,#6827,#6828,
#6829,#6830,#6831,#6832,#6833,#6834,#6835,#6836,#6837,#6838,#6839,#6840,
#6841,#6842,#6843,#6844,#6845,#6846,#6847,#6848,#6849,#6850,#6851,#6852,
#6853,#6854,#6855,#6856,#6857,#6858,#6859,#6860,#6861,#6862,#6863,#6864,
#6865,#6866,#6867,#6868,#6869,#6870,#6871,#6872,#6873,#6874,#6875,#6876,
#6877,#6878,#6879,#6880,#6881,#6882,#6883,#6884,#6885,#6886,#6887,#6888,
#6889,#6890,#6891,#6892,#6893,#6894,#6895,#6896,#6897,#6898,#6899,#6900,
#6901,#6902,#6903,#6904,#6905));
#6907=DERIVED_UNIT_ELEMENT(#6909,1.);
#6908=DERIVED_UNIT_ELEMENT(#12306,-3.);
#6909=(
MASS_UNIT()
NAMED_UNIT(*)
SI_UNIT(.KILO.,.GRAM.)
);
#6910=DERIVED_UNIT((#6907,#6908));
#6911=MEASURE_REPRESENTATION_ITEM('density measure',
POSITIVE_RATIO_MEASURE(7850.),#6910);
#6912=PROPERTY_DEFINITION_REPRESENTATION(#6917,#6914);
#6913=PROPERTY_DEFINITION_REPRESENTATION(#6918,#6915);
#6914=REPRESENTATION('material name',(#6916),#12303);
#6915=REPRESENTATION('density',(#6911),#12303);
#6916=DESCRIPTIVE_REPRESENTATION_ITEM('Steel','Steel');
#6917=PROPERTY_DEFINITION('material property','material name',#12313);
#6918=PROPERTY_DEFINITION('material property','density of part',#12313);
#6919=AXIS2_PLACEMENT_3D('',#9795,#7678,#7679);
#6920=AXIS2_PLACEMENT_3D('',#9796,#7680,#7681);
#6921=AXIS2_PLACEMENT_3D('',#9798,#7682,#7683);
#6922=AXIS2_PLACEMENT_3D('',#9801,#7685,#7686);
#6923=AXIS2_PLACEMENT_3D('',#9802,#7687,#7688);
#6924=AXIS2_PLACEMENT_3D('',#9805,#7690,#7691);
#6925=AXIS2_PLACEMENT_3D('',#9806,#7692,#7693);
#6926=AXIS2_PLACEMENT_3D('',#9813,#7696,#7697);
#6927=AXIS2_PLACEMENT_3D('',#9817,#7699,#7700);
#6928=AXIS2_PLACEMENT_3D('',#9823,#7704,#7705);
#6929=AXIS2_PLACEMENT_3D('',#9828,#7707,#7708);
#6930=AXIS2_PLACEMENT_3D('',#9832,#7710,#7711);
#6931=AXIS2_PLACEMENT_3D('',#9843,#7712,#7713);
#6932=AXIS2_PLACEMENT_3D('',#9860,#7716,#7717);
#6933=AXIS2_PLACEMENT_3D('',#9864,#7719,#7720);
#6934=AXIS2_PLACEMENT_3D('',#9866,#7722,#7723);
#6935=AXIS2_PLACEMENT_3D('',#9880,#7731,#7732);
#6936=AXIS2_PLACEMENT_3D('',#9886,#7735,#7736);
#6937=AXIS2_PLACEMENT_3D('',#9890,#7738,#7739);
#6938=AXIS2_PLACEMENT_3D('',#9894,#7741,#7742);
#6939=AXIS2_PLACEMENT_3D('',#9898,#7744,#7745);
#6940=AXIS2_PLACEMENT_3D('',#9901,#7747,#7748);
#6941=AXIS2_PLACEMENT_3D('',#9902,#7749,#7750);
#6942=AXIS2_PLACEMENT_3D('',#9905,#7751,#7752);
#6943=AXIS2_PLACEMENT_3D('',#9907,#7753,#7754);
#6944=AXIS2_PLACEMENT_3D('',#9909,#7755,#7756);
#6945=AXIS2_PLACEMENT_3D('',#9910,#7757,#7758);
#6946=AXIS2_PLACEMENT_3D('',#9913,#7759,#7760);
#6947=AXIS2_PLACEMENT_3D('',#9915,#7761,#7762);
#6948=AXIS2_PLACEMENT_3D('',#9917,#7763,#7764);
#6949=AXIS2_PLACEMENT_3D('',#9918,#7765,#7766);
#6950=AXIS2_PLACEMENT_3D('',#9919,#7767,#7768);
#6951=AXIS2_PLACEMENT_3D('',#9927,#7772,#7773);
#6952=AXIS2_PLACEMENT_3D('',#9929,#7775,#7776);
#6953=AXIS2_PLACEMENT_3D('',#9933,#7779,#7780);
#6954=AXIS2_PLACEMENT_3D('',#9935,#7781,#7782);
#6955=AXIS2_PLACEMENT_3D('',#9950,#7784,#7785);
#6956=AXIS2_PLACEMENT_3D('',#9953,#7786,#7787);
#6957=AXIS2_PLACEMENT_3D('',#9956,#7790,#7791);
#6958=AXIS2_PLACEMENT_3D('',#9958,#7792,#7793);
#6959=AXIS2_PLACEMENT_3D('',#9961,#7795,#7796);
#6960=AXIS2_PLACEMENT_3D('',#9962,#7797,#7798);
#6961=AXIS2_PLACEMENT_3D('',#9964,#7799,#7800);
#6962=AXIS2_PLACEMENT_3D('',#9965,#7801,#7802);
#6963=AXIS2_PLACEMENT_3D('',#9966,#7803,#7804);
#6964=AXIS2_PLACEMENT_3D('',#9968,#7805,#7806);
#6965=AXIS2_PLACEMENT_3D('',#9970,#7808,#7809);
#6966=AXIS2_PLACEMENT_3D('',#9971,#7810,#7811);
#6967=AXIS2_PLACEMENT_3D('',#9972,#7812,#7813);
#6968=AXIS2_PLACEMENT_3D('',#9974,#7814,#7815);
#6969=AXIS2_PLACEMENT_3D('',#9976,#7816,#7817);
#6970=AXIS2_PLACEMENT_3D('',#9977,#7818,#7819);
#6971=AXIS2_PLACEMENT_3D('',#9978,#7820,#7821);
#6972=AXIS2_PLACEMENT_3D('',#9979,#7822,#7823);
#6973=AXIS2_PLACEMENT_3D('',#9980,#7824,#7825);
#6974=AXIS2_PLACEMENT_3D('',#9984,#7828,#7829);
#6975=AXIS2_PLACEMENT_3D('',#9987,#7831,#7832);
#6976=AXIS2_PLACEMENT_3D('',#9990,#7834,#7835);
#6977=AXIS2_PLACEMENT_3D('',#9992,#7836,#7837);
#6978=AXIS2_PLACEMENT_3D('',#9993,#7838,#7839);
#6979=AXIS2_PLACEMENT_3D('',#10004,#7842,#7843);
#6980=AXIS2_PLACEMENT_3D('',#10010,#7847,#7848);
#6981=AXIS2_PLACEMENT_3D('',#10012,#7849,#7850);
#6982=AXIS2_PLACEMENT_3D('',#10015,#7852,#7853);
#6983=AXIS2_PLACEMENT_3D('',#10019,#7855,#7856);
#6984=AXIS2_PLACEMENT_3D('',#10023,#7858,#7859);
#6985=AXIS2_PLACEMENT_3D('',#10029,#7862,#7863);
#6986=AXIS2_PLACEMENT_3D('',#10033,#7865,#7866);
#6987=AXIS2_PLACEMENT_3D('',#10037,#7868,#7869);
#6988=AXIS2_PLACEMENT_3D('',#10041,#7871,#7872);
#6989=AXIS2_PLACEMENT_3D('',#10045,#7874,#7875);
#6990=AXIS2_PLACEMENT_3D('',#10060,#7881,#7882);
#6991=AXIS2_PLACEMENT_3D('',#10078,#7891,#7892);
#6992=AXIS2_PLACEMENT_3D('',#10080,#7893,#7894);
#6993=AXIS2_PLACEMENT_3D('',#10085,#7896,#7897);
#6994=AXIS2_PLACEMENT_3D('',#10089,#7899,#7900);
#6995=AXIS2_PLACEMENT_3D('',#10093,#7902,#7903);
#6996=AXIS2_PLACEMENT_3D('',#10096,#7905,#7906);
#6997=AXIS2_PLACEMENT_3D('',#10098,#7907,#7908);
#6998=AXIS2_PLACEMENT_3D('',#10100,#7909,#7910);
#6999=AXIS2_PLACEMENT_3D('',#10101,#7911,#7912);
#7000=AXIS2_PLACEMENT_3D('',#10105,#7915,#7916);
#7001=AXIS2_PLACEMENT_3D('',#10109,#7918,#7919);
#7002=AXIS2_PLACEMENT_3D('',#10111,#7921,#7922);
#7003=AXIS2_PLACEMENT_3D('',#10115,#7924,#7925);
#7004=AXIS2_PLACEMENT_3D('',#10117,#7927,#7928);
#7005=AXIS2_PLACEMENT_3D('',#10120,#7930,#7931);
#7006=AXIS2_PLACEMENT_3D('',#10121,#7932,#7933);
#7007=AXIS2_PLACEMENT_3D('',#10123,#7935,#7936);
#7008=AXIS2_PLACEMENT_3D('',#10125,#7938,#7939);
#7009=AXIS2_PLACEMENT_3D('',#10127,#7940,#7941);
#7010=AXIS2_PLACEMENT_3D('',#10129,#7943,#7944);
#7011=AXIS2_PLACEMENT_3D('',#10259,#7948,#7949);
#7012=AXIS2_PLACEMENT_3D('',#10460,#7954,#7955);
#7013=AXIS2_PLACEMENT_3D('',#10461,#7956,#7957);
#7014=AXIS2_PLACEMENT_3D('',#10467,#7961,#7962);
#7015=AXIS2_PLACEMENT_3D('',#10470,#7964,#7965);
#7016=AXIS2_PLACEMENT_3D('',#10471,#7966,#7967);
#7017=AXIS2_PLACEMENT_3D('',#10475,#7970,#7971);
#7018=AXIS2_PLACEMENT_3D('',#10479,#7973,#7974);
#7019=AXIS2_PLACEMENT_3D('',#10481,#7976,#7977);
#7020=AXIS2_PLACEMENT_3D('',#10485,#7979,#7980);
#7021=AXIS2_PLACEMENT_3D('',#10518,#7984,#7985);
#7022=AXIS2_PLACEMENT_3D('',#10526,#7986,#7987);
#7023=AXIS2_PLACEMENT_3D('',#10532,#7988,#7989);
#7024=AXIS2_PLACEMENT_3D('',#10535,#7990,#7991);
#7025=AXIS2_PLACEMENT_3D('',#10536,#7992,#7993);
#7026=AXIS2_PLACEMENT_3D('',#10537,#7994,#7995);
#7027=AXIS2_PLACEMENT_3D('',#10538,#7996,#7997);
#7028=AXIS2_PLACEMENT_3D('',#10541,#8000,#8001);
#7029=AXIS2_PLACEMENT_3D('',#10544,#8002,#8003);
#7030=AXIS2_PLACEMENT_3D('',#10545,#8004,#8005);
#7031=AXIS2_PLACEMENT_3D('',#10546,#8006,#8007);
#7032=AXIS2_PLACEMENT_3D('',#10547,#8008,#8009);
#7033=AXIS2_PLACEMENT_3D('',#10550,#8010,#8011);
#7034=AXIS2_PLACEMENT_3D('',#10553,#8014,#8015);
#7035=AXIS2_PLACEMENT_3D('',#10568,#8018,#8019);
#7036=AXIS2_PLACEMENT_3D('',#10573,#8022,#8023);
#7037=AXIS2_PLACEMENT_3D('',#10574,#8024,#8025);
#7038=AXIS2_PLACEMENT_3D('',#10580,#8028,#8029);
#7039=AXIS2_PLACEMENT_3D('',#10584,#8031,#8032);
#7040=AXIS2_PLACEMENT_3D('',#10593,#8037,#8038);
#7041=AXIS2_PLACEMENT_3D('',#10594,#8039,#8040);
#7042=AXIS2_PLACEMENT_3D('',#10605,#8047,#8048);
#7043=AXIS2_PLACEMENT_3D('',#10609,#8051,#8052);
#7044=AXIS2_PLACEMENT_3D('',#10611,#8054,#8055);
#7045=AXIS2_PLACEMENT_3D('',#10621,#8060,#8061);
#7046=AXIS2_PLACEMENT_3D('',#10625,#8063,#8064);
#7047=AXIS2_PLACEMENT_3D('',#10629,#8066,#8067);
#7048=AXIS2_PLACEMENT_3D('',#10632,#8069,#8070);
#7049=AXIS2_PLACEMENT_3D('',#10634,#8071,#8072);
#7050=AXIS2_PLACEMENT_3D('',#10636,#8073,#8074);
#7051=AXIS2_PLACEMENT_3D('',#10653,#8083,#8084);
#7052=AXIS2_PLACEMENT_3D('',#10655,#8085,#8086);
#7053=AXIS2_PLACEMENT_3D('',#10668,#8088,#8089);
#7054=AXIS2_PLACEMENT_3D('',#10670,#8090,#8091);
#7055=AXIS2_PLACEMENT_3D('',#10671,#8092,#8093);
#7056=AXIS2_PLACEMENT_3D('',#10672,#8094,#8095);
#7057=AXIS2_PLACEMENT_3D('',#10674,#8096,#8097);
#7058=AXIS2_PLACEMENT_3D('',#10676,#8099,#8100);
#7059=AXIS2_PLACEMENT_3D('',#10686,#8106,#8107);
#7060=AXIS2_PLACEMENT_3D('',#10689,#8109,#8110);
#7061=AXIS2_PLACEMENT_3D('',#10690,#8111,#8112);
#7062=AXIS2_PLACEMENT_3D('',#10699,#8118,#8119);
#7063=AXIS2_PLACEMENT_3D('',#10701,#8120,#8121);
#7064=AXIS2_PLACEMENT_3D('',#10705,#8123,#8124);
#7065=AXIS2_PLACEMENT_3D('',#10706,#8125,#8126);
#7066=AXIS2_PLACEMENT_3D('',#10707,#8127,#8128);
#7067=AXIS2_PLACEMENT_3D('',#10709,#8129,#8130);
#7068=AXIS2_PLACEMENT_3D('',#10711,#8132,#8133);
#7069=AXIS2_PLACEMENT_3D('',#10715,#8135,#8136);
#7070=AXIS2_PLACEMENT_3D('',#10717,#8138,#8139);
#7071=AXIS2_PLACEMENT_3D('',#10719,#8140,#8141);
#7072=AXIS2_PLACEMENT_3D('',#10721,#8143,#8144);
#7073=AXIS2_PLACEMENT_3D('',#10723,#8145,#8146);
#7074=AXIS2_PLACEMENT_3D('',#10725,#8148,#8149);
#7075=AXIS2_PLACEMENT_3D('',#10728,#8150,#8151);
#7076=AXIS2_PLACEMENT_3D('',#10731,#8154,#8155);
#7077=AXIS2_PLACEMENT_3D('',#10734,#8157,#8158);
#7078=AXIS2_PLACEMENT_3D('',#10735,#8159,#8160);
#7079=AXIS2_PLACEMENT_3D('',#10738,#8162,#8163);
#7080=AXIS2_PLACEMENT_3D('',#10739,#8164,#8165);
#7081=AXIS2_PLACEMENT_3D('',#10744,#8167,#8168);
#7082=AXIS2_PLACEMENT_3D('',#10748,#8170,#8171);
#7083=AXIS2_PLACEMENT_3D('',#10751,#8173,#8174);
#7084=AXIS2_PLACEMENT_3D('',#10752,#8175,#8176);
#7085=AXIS2_PLACEMENT_3D('',#10753,#8177,#8178);
#7086=AXIS2_PLACEMENT_3D('',#10756,#8179,#8180);
#7087=AXIS2_PLACEMENT_3D('',#10760,#8182,#8183);
#7088=AXIS2_PLACEMENT_3D('',#10764,#8185,#8186);
#7089=AXIS2_PLACEMENT_3D('',#10767,#8188,#8189);
#7090=AXIS2_PLACEMENT_3D('',#10768,#8190,#8191);
#7091=AXIS2_PLACEMENT_3D('',#10769,#8192,#8193);
#7092=AXIS2_PLACEMENT_3D('',#10775,#8196,#8197);
#7093=AXIS2_PLACEMENT_3D('',#10777,#8199,#8200);
#7094=AXIS2_PLACEMENT_3D('',#10781,#8203,#8204);
#7095=AXIS2_PLACEMENT_3D('',#10786,#8207,#8208);
#7096=AXIS2_PLACEMENT_3D('',#10787,#8209,#8210);
#7097=AXIS2_PLACEMENT_3D('',#10789,#8212,#8213);
#7098=AXIS2_PLACEMENT_3D('',#10791,#8214,#8215);
#7099=AXIS2_PLACEMENT_3D('',#10793,#8216,#8217);
#7100=AXIS2_PLACEMENT_3D('',#10795,#8218,#8219);
#7101=AXIS2_PLACEMENT_3D('',#10799,#8221,#8222);
#7102=AXIS2_PLACEMENT_3D('',#10801,#8223,#8224);
#7103=AXIS2_PLACEMENT_3D('',#10803,#8225,#8226);
#7104=AXIS2_PLACEMENT_3D('',#10805,#8227,#8228);
#7105=AXIS2_PLACEMENT_3D('',#10807,#8229,#8230);
#7106=AXIS2_PLACEMENT_3D('',#10811,#8232,#8233);
#7107=AXIS2_PLACEMENT_3D('',#10813,#8234,#8235);
#7108=AXIS2_PLACEMENT_3D('',#10815,#8236,#8237);
#7109=AXIS2_PLACEMENT_3D('',#10817,#8238,#8239);
#7110=AXIS2_PLACEMENT_3D('',#10819,#8240,#8241);
#7111=AXIS2_PLACEMENT_3D('',#10823,#8243,#8244);
#7112=AXIS2_PLACEMENT_3D('',#10825,#8245,#8246);
#7113=AXIS2_PLACEMENT_3D('',#10827,#8247,#8248);
#7114=AXIS2_PLACEMENT_3D('',#10829,#8249,#8250);
#7115=AXIS2_PLACEMENT_3D('',#10831,#8251,#8252);
#7116=AXIS2_PLACEMENT_3D('',#10835,#8254,#8255);
#7117=AXIS2_PLACEMENT_3D('',#10837,#8256,#8257);
#7118=AXIS2_PLACEMENT_3D('',#10839,#8258,#8259);
#7119=AXIS2_PLACEMENT_3D('',#10841,#8260,#8261);
#7120=AXIS2_PLACEMENT_3D('',#10843,#8262,#8263);
#7121=AXIS2_PLACEMENT_3D('',#10849,#8267,#8268);
#7122=AXIS2_PLACEMENT_3D('',#10851,#8269,#8270);
#7123=AXIS2_PLACEMENT_3D('',#10853,#8272,#8273);
#7124=AXIS2_PLACEMENT_3D('',#10855,#8274,#8275);
#7125=AXIS2_PLACEMENT_3D('',#10857,#8277,#8278);
#7126=AXIS2_PLACEMENT_3D('',#10859,#8279,#8280);
#7127=AXIS2_PLACEMENT_3D('',#10861,#8282,#8283);
#7128=AXIS2_PLACEMENT_3D('',#10867,#8286,#8287);
#7129=AXIS2_PLACEMENT_3D('',#10869,#8289,#8290);
#7130=AXIS2_PLACEMENT_3D('',#10873,#8293,#8294);
#7131=AXIS2_PLACEMENT_3D('',#10877,#8297,#8298);
#7132=AXIS2_PLACEMENT_3D('',#10879,#8299,#8300);
#7133=AXIS2_PLACEMENT_3D('',#10881,#8302,#8303);
#7134=AXIS2_PLACEMENT_3D('',#10883,#8304,#8305);
#7135=AXIS2_PLACEMENT_3D('',#10885,#8306,#8307);
#7136=AXIS2_PLACEMENT_3D('',#10887,#8308,#8309);
#7137=AXIS2_PLACEMENT_3D('',#10891,#8311,#8312);
#7138=AXIS2_PLACEMENT_3D('',#10893,#8313,#8314);
#7139=AXIS2_PLACEMENT_3D('',#10895,#8315,#8316);
#7140=AXIS2_PLACEMENT_3D('',#10897,#8317,#8318);
#7141=AXIS2_PLACEMENT_3D('',#10899,#8319,#8320);
#7142=AXIS2_PLACEMENT_3D('',#10903,#8322,#8323);
#7143=AXIS2_PLACEMENT_3D('',#10905,#8324,#8325);
#7144=AXIS2_PLACEMENT_3D('',#10907,#8326,#8327);
#7145=AXIS2_PLACEMENT_3D('',#10909,#8328,#8329);
#7146=AXIS2_PLACEMENT_3D('',#10911,#8330,#8331);
#7147=AXIS2_PLACEMENT_3D('',#10915,#8333,#8334);
#7148=AXIS2_PLACEMENT_3D('',#10917,#8335,#8336);
#7149=AXIS2_PLACEMENT_3D('',#10919,#8337,#8338);
#7150=AXIS2_PLACEMENT_3D('',#10921,#8339,#8340);
#7151=AXIS2_PLACEMENT_3D('',#10923,#8341,#8342);
#7152=AXIS2_PLACEMENT_3D('',#10927,#8344,#8345);
#7153=AXIS2_PLACEMENT_3D('',#10929,#8346,#8347);
#7154=AXIS2_PLACEMENT_3D('',#10931,#8348,#8349);
#7155=AXIS2_PLACEMENT_3D('',#10933,#8350,#8351);
#7156=AXIS2_PLACEMENT_3D('',#10935,#8352,#8353);
#7157=AXIS2_PLACEMENT_3D('',#10941,#8357,#8358);
#7158=AXIS2_PLACEMENT_3D('',#10943,#8359,#8360);
#7159=AXIS2_PLACEMENT_3D('',#10945,#8362,#8363);
#7160=AXIS2_PLACEMENT_3D('',#10947,#8364,#8365);
#7161=AXIS2_PLACEMENT_3D('',#10949,#8367,#8368);
#7162=AXIS2_PLACEMENT_3D('',#10951,#8369,#8370);
#7163=AXIS2_PLACEMENT_3D('',#10953,#8372,#8373);
#7164=AXIS2_PLACEMENT_3D('',#10962,#8378,#8379);
#7165=AXIS2_PLACEMENT_3D('',#10971,#8384,#8385);
#7166=AXIS2_PLACEMENT_3D('',#10974,#8388,#8389);
#7167=AXIS2_PLACEMENT_3D('',#10978,#8391,#8392);
#7168=AXIS2_PLACEMENT_3D('',#10980,#8393,#8394);
#7169=AXIS2_PLACEMENT_3D('',#10982,#8396,#8397);
#7170=AXIS2_PLACEMENT_3D('',#10990,#8402,#8403);
#7171=AXIS2_PLACEMENT_3D('',#10998,#8408,#8409);
#7172=AXIS2_PLACEMENT_3D('',#10999,#8410,#8411);
#7173=AXIS2_PLACEMENT_3D('',#11000,#8412,#8413);
#7174=AXIS2_PLACEMENT_3D('',#11001,#8414,#8415);
#7175=AXIS2_PLACEMENT_3D('',#11002,#8416,#8417);
#7176=AXIS2_PLACEMENT_3D('',#11011,#8422,#8423);
#7177=AXIS2_PLACEMENT_3D('',#11020,#8428,#8429);
#7178=AXIS2_PLACEMENT_3D('',#11023,#8432,#8433);
#7179=AXIS2_PLACEMENT_3D('',#11027,#8435,#8436);
#7180=AXIS2_PLACEMENT_3D('',#11029,#8437,#8438);
#7181=AXIS2_PLACEMENT_3D('',#11031,#8440,#8441);
#7182=AXIS2_PLACEMENT_3D('',#11039,#8446,#8447);
#7183=AXIS2_PLACEMENT_3D('',#11047,#8452,#8453);
#7184=AXIS2_PLACEMENT_3D('',#11048,#8454,#8455);
#7185=AXIS2_PLACEMENT_3D('',#11049,#8456,#8457);
#7186=AXIS2_PLACEMENT_3D('',#11050,#8458,#8459);
#7187=AXIS2_PLACEMENT_3D('',#11051,#8460,#8461);
#7188=AXIS2_PLACEMENT_3D('',#11053,#8462,#8463);
#7189=AXIS2_PLACEMENT_3D('',#11055,#8465,#8466);
#7190=AXIS2_PLACEMENT_3D('',#11057,#8468,#8469);
#7191=AXIS2_PLACEMENT_3D('',#11058,#8470,#8471);
#7192=AXIS2_PLACEMENT_3D('',#11060,#8472,#8473);
#7193=AXIS2_PLACEMENT_3D('',#11062,#8475,#8476);
#7194=AXIS2_PLACEMENT_3D('',#11064,#8478,#8479);
#7195=AXIS2_PLACEMENT_3D('',#11065,#8480,#8481);
#7196=AXIS2_PLACEMENT_3D('',#11066,#8482,#8483);
#7197=AXIS2_PLACEMENT_3D('',#11067,#8484,#8485);
#7198=AXIS2_PLACEMENT_3D('',#11069,#8486,#8487);
#7199=AXIS2_PLACEMENT_3D('',#11071,#8488,#8489);
#7200=AXIS2_PLACEMENT_3D('',#11073,#8490,#8491);
#7201=AXIS2_PLACEMENT_3D('',#11077,#8493,#8494);
#7202=AXIS2_PLACEMENT_3D('',#11079,#8495,#8496);
#7203=AXIS2_PLACEMENT_3D('',#11081,#8497,#8498);
#7204=AXIS2_PLACEMENT_3D('',#11083,#8499,#8500);
#7205=AXIS2_PLACEMENT_3D('',#11085,#8501,#8502);
#7206=AXIS2_PLACEMENT_3D('',#11091,#8506,#8507);
#7207=AXIS2_PLACEMENT_3D('',#11093,#8508,#8509);
#7208=AXIS2_PLACEMENT_3D('',#11096,#8511,#8512);
#7209=AXIS2_PLACEMENT_3D('',#11098,#8514,#8515);
#7210=AXIS2_PLACEMENT_3D('',#11100,#8516,#8517);
#7211=AXIS2_PLACEMENT_3D('',#11102,#8519,#8520);
#7212=AXIS2_PLACEMENT_3D('',#11106,#8522,#8523);
#7213=AXIS2_PLACEMENT_3D('',#11108,#8524,#8525);
#7214=AXIS2_PLACEMENT_3D('',#11110,#8526,#8527);
#7215=AXIS2_PLACEMENT_3D('',#11112,#8528,#8529);
#7216=AXIS2_PLACEMENT_3D('',#11114,#8530,#8531);
#7217=AXIS2_PLACEMENT_3D('',#11118,#8533,#8534);
#7218=AXIS2_PLACEMENT_3D('',#11120,#8535,#8536);
#7219=AXIS2_PLACEMENT_3D('',#11122,#8537,#8538);
#7220=AXIS2_PLACEMENT_3D('',#11124,#8539,#8540);
#7221=AXIS2_PLACEMENT_3D('',#11126,#8541,#8542);
#7222=AXIS2_PLACEMENT_3D('',#11130,#8544,#8545);
#7223=AXIS2_PLACEMENT_3D('',#11132,#8546,#8547);
#7224=AXIS2_PLACEMENT_3D('',#11134,#8548,#8549);
#7225=AXIS2_PLACEMENT_3D('',#11136,#8550,#8551);
#7226=AXIS2_PLACEMENT_3D('',#11138,#8552,#8553);
#7227=AXIS2_PLACEMENT_3D('',#11142,#8555,#8556);
#7228=AXIS2_PLACEMENT_3D('',#11144,#8557,#8558);
#7229=AXIS2_PLACEMENT_3D('',#11146,#8559,#8560);
#7230=AXIS2_PLACEMENT_3D('',#11148,#8561,#8562);
#7231=AXIS2_PLACEMENT_3D('',#11150,#8563,#8564);
#7232=AXIS2_PLACEMENT_3D('',#11154,#8566,#8567);
#7233=AXIS2_PLACEMENT_3D('',#11155,#8568,#8569);
#7234=AXIS2_PLACEMENT_3D('',#11156,#8570,#8571);
#7235=AXIS2_PLACEMENT_3D('',#11158,#8572,#8573);
#7236=AXIS2_PLACEMENT_3D('',#11160,#8575,#8576);
#7237=AXIS2_PLACEMENT_3D('',#11164,#8578,#8579);
#7238=AXIS2_PLACEMENT_3D('',#11166,#8580,#8581);
#7239=AXIS2_PLACEMENT_3D('',#11168,#8582,#8583);
#7240=AXIS2_PLACEMENT_3D('',#11170,#8584,#8585);
#7241=AXIS2_PLACEMENT_3D('',#11172,#8586,#8587);
#7242=AXIS2_PLACEMENT_3D('',#11176,#8589,#8590);
#7243=AXIS2_PLACEMENT_3D('',#11178,#8591,#8592);
#7244=AXIS2_PLACEMENT_3D('',#11179,#8593,#8594);
#7245=AXIS2_PLACEMENT_3D('',#11180,#8595,#8596);
#7246=AXIS2_PLACEMENT_3D('',#11182,#8598,#8599);
#7247=AXIS2_PLACEMENT_3D('',#11184,#8601,#8602);
#7248=AXIS2_PLACEMENT_3D('',#11186,#8604,#8605);
#7249=AXIS2_PLACEMENT_3D('',#11188,#8607,#8608);
#7250=AXIS2_PLACEMENT_3D('',#11190,#8610,#8611);
#7251=AXIS2_PLACEMENT_3D('',#11192,#8613,#8614);
#7252=AXIS2_PLACEMENT_3D('',#11194,#8616,#8617);
#7253=AXIS2_PLACEMENT_3D('',#11196,#8619,#8620);
#7254=AXIS2_PLACEMENT_3D('',#11198,#8622,#8623);
#7255=AXIS2_PLACEMENT_3D('',#11200,#8625,#8626);
#7256=AXIS2_PLACEMENT_3D('',#11202,#8628,#8629);
#7257=AXIS2_PLACEMENT_3D('',#11204,#8631,#8632);
#7258=AXIS2_PLACEMENT_3D('',#11206,#8634,#8635);
#7259=AXIS2_PLACEMENT_3D('',#11208,#8637,#8638);
#7260=AXIS2_PLACEMENT_3D('',#11210,#8640,#8641);
#7261=AXIS2_PLACEMENT_3D('',#11212,#8643,#8644);
#7262=AXIS2_PLACEMENT_3D('',#11214,#8646,#8647);
#7263=AXIS2_PLACEMENT_3D('',#11216,#8649,#8650);
#7264=AXIS2_PLACEMENT_3D('',#11218,#8652,#8653);
#7265=AXIS2_PLACEMENT_3D('',#11220,#8655,#8656);
#7266=AXIS2_PLACEMENT_3D('',#11222,#8658,#8659);
#7267=AXIS2_PLACEMENT_3D('',#11224,#8661,#8662);
#7268=AXIS2_PLACEMENT_3D('',#11226,#8664,#8665);
#7269=AXIS2_PLACEMENT_3D('',#11228,#8667,#8668);
#7270=AXIS2_PLACEMENT_3D('',#11230,#8670,#8671);
#7271=AXIS2_PLACEMENT_3D('',#11232,#8673,#8674);
#7272=AXIS2_PLACEMENT_3D('',#11234,#8676,#8677);
#7273=AXIS2_PLACEMENT_3D('',#11236,#8679,#8680);
#7274=AXIS2_PLACEMENT_3D('',#11238,#8682,#8683);
#7275=AXIS2_PLACEMENT_3D('',#11240,#8685,#8686);
#7276=AXIS2_PLACEMENT_3D('',#11242,#8688,#8689);
#7277=AXIS2_PLACEMENT_3D('',#11244,#8691,#8692);
#7278=AXIS2_PLACEMENT_3D('',#11246,#8694,#8695);
#7279=AXIS2_PLACEMENT_3D('',#11248,#8697,#8698);
#7280=AXIS2_PLACEMENT_3D('',#11250,#8700,#8701);
#7281=AXIS2_PLACEMENT_3D('',#11251,#8702,#8703);
#7282=AXIS2_PLACEMENT_3D('',#11253,#8704,#8705);
#7283=AXIS2_PLACEMENT_3D('',#11255,#8706,#8707);
#7284=AXIS2_PLACEMENT_3D('',#11257,#8708,#8709);
#7285=AXIS2_PLACEMENT_3D('',#11261,#8711,#8712);
#7286=AXIS2_PLACEMENT_3D('',#11263,#8713,#8714);
#7287=AXIS2_PLACEMENT_3D('',#11265,#8715,#8716);
#7288=AXIS2_PLACEMENT_3D('',#11267,#8717,#8718);
#7289=AXIS2_PLACEMENT_3D('',#11269,#8719,#8720);
#7290=AXIS2_PLACEMENT_3D('',#11275,#8724,#8725);
#7291=AXIS2_PLACEMENT_3D('',#11277,#8726,#8727);
#7292=AXIS2_PLACEMENT_3D('',#11280,#8729,#8730);
#7293=AXIS2_PLACEMENT_3D('',#11282,#8732,#8733);
#7294=AXIS2_PLACEMENT_3D('',#11284,#8734,#8735);
#7295=AXIS2_PLACEMENT_3D('',#11286,#8737,#8738);
#7296=AXIS2_PLACEMENT_3D('',#11290,#8740,#8741);
#7297=AXIS2_PLACEMENT_3D('',#11292,#8742,#8743);
#7298=AXIS2_PLACEMENT_3D('',#11294,#8744,#8745);
#7299=AXIS2_PLACEMENT_3D('',#11296,#8746,#8747);
#7300=AXIS2_PLACEMENT_3D('',#11298,#8748,#8749);
#7301=AXIS2_PLACEMENT_3D('',#11302,#8751,#8752);
#7302=AXIS2_PLACEMENT_3D('',#11304,#8753,#8754);
#7303=AXIS2_PLACEMENT_3D('',#11306,#8755,#8756);
#7304=AXIS2_PLACEMENT_3D('',#11308,#8757,#8758);
#7305=AXIS2_PLACEMENT_3D('',#11310,#8759,#8760);
#7306=AXIS2_PLACEMENT_3D('',#11314,#8762,#8763);
#7307=AXIS2_PLACEMENT_3D('',#11316,#8764,#8765);
#7308=AXIS2_PLACEMENT_3D('',#11318,#8766,#8767);
#7309=AXIS2_PLACEMENT_3D('',#11320,#8768,#8769);
#7310=AXIS2_PLACEMENT_3D('',#11322,#8770,#8771);
#7311=AXIS2_PLACEMENT_3D('',#11326,#8773,#8774);
#7312=AXIS2_PLACEMENT_3D('',#11328,#8775,#8776);
#7313=AXIS2_PLACEMENT_3D('',#11330,#8777,#8778);
#7314=AXIS2_PLACEMENT_3D('',#11332,#8779,#8780);
#7315=AXIS2_PLACEMENT_3D('',#11334,#8781,#8782);
#7316=AXIS2_PLACEMENT_3D('',#11338,#8784,#8785);
#7317=AXIS2_PLACEMENT_3D('',#11339,#8786,#8787);
#7318=AXIS2_PLACEMENT_3D('',#11340,#8788,#8789);
#7319=AXIS2_PLACEMENT_3D('',#11342,#8790,#8791);
#7320=AXIS2_PLACEMENT_3D('',#11344,#8793,#8794);
#7321=AXIS2_PLACEMENT_3D('',#11348,#8796,#8797);
#7322=AXIS2_PLACEMENT_3D('',#11350,#8798,#8799);
#7323=AXIS2_PLACEMENT_3D('',#11352,#8800,#8801);
#7324=AXIS2_PLACEMENT_3D('',#11354,#8802,#8803);
#7325=AXIS2_PLACEMENT_3D('',#11356,#8804,#8805);
#7326=AXIS2_PLACEMENT_3D('',#11360,#8807,#8808);
#7327=AXIS2_PLACEMENT_3D('',#11362,#8809,#8810);
#7328=AXIS2_PLACEMENT_3D('',#11363,#8811,#8812);
#7329=AXIS2_PLACEMENT_3D('',#11364,#8813,#8814);
#7330=AXIS2_PLACEMENT_3D('',#11366,#8816,#8817);
#7331=AXIS2_PLACEMENT_3D('',#11368,#8819,#8820);
#7332=AXIS2_PLACEMENT_3D('',#11370,#8822,#8823);
#7333=AXIS2_PLACEMENT_3D('',#11372,#8825,#8826);
#7334=AXIS2_PLACEMENT_3D('',#11374,#8828,#8829);
#7335=AXIS2_PLACEMENT_3D('',#11376,#8831,#8832);
#7336=AXIS2_PLACEMENT_3D('',#11378,#8834,#8835);
#7337=AXIS2_PLACEMENT_3D('',#11380,#8837,#8838);
#7338=AXIS2_PLACEMENT_3D('',#11382,#8840,#8841);
#7339=AXIS2_PLACEMENT_3D('',#11384,#8843,#8844);
#7340=AXIS2_PLACEMENT_3D('',#11386,#8846,#8847);
#7341=AXIS2_PLACEMENT_3D('',#11388,#8849,#8850);
#7342=AXIS2_PLACEMENT_3D('',#11390,#8852,#8853);
#7343=AXIS2_PLACEMENT_3D('',#11392,#8855,#8856);
#7344=AXIS2_PLACEMENT_3D('',#11394,#8858,#8859);
#7345=AXIS2_PLACEMENT_3D('',#11396,#8861,#8862);
#7346=AXIS2_PLACEMENT_3D('',#11398,#8864,#8865);
#7347=AXIS2_PLACEMENT_3D('',#11400,#8867,#8868);
#7348=AXIS2_PLACEMENT_3D('',#11402,#8870,#8871);
#7349=AXIS2_PLACEMENT_3D('',#11404,#8873,#8874);
#7350=AXIS2_PLACEMENT_3D('',#11406,#8876,#8877);
#7351=AXIS2_PLACEMENT_3D('',#11408,#8879,#8880);
#7352=AXIS2_PLACEMENT_3D('',#11410,#8882,#8883);
#7353=AXIS2_PLACEMENT_3D('',#11412,#8885,#8886);
#7354=AXIS2_PLACEMENT_3D('',#11414,#8888,#8889);
#7355=AXIS2_PLACEMENT_3D('',#11416,#8891,#8892);
#7356=AXIS2_PLACEMENT_3D('',#11418,#8894,#8895);
#7357=AXIS2_PLACEMENT_3D('',#11420,#8897,#8898);
#7358=AXIS2_PLACEMENT_3D('',#11422,#8900,#8901);
#7359=AXIS2_PLACEMENT_3D('',#11424,#8903,#8904);
#7360=AXIS2_PLACEMENT_3D('',#11426,#8906,#8907);
#7361=AXIS2_PLACEMENT_3D('',#11428,#8909,#8910);
#7362=AXIS2_PLACEMENT_3D('',#11430,#8912,#8913);
#7363=AXIS2_PLACEMENT_3D('',#11432,#8915,#8916);
#7364=AXIS2_PLACEMENT_3D('',#11434,#8918,#8919);
#7365=AXIS2_PLACEMENT_3D('',#11435,#8920,#8921);
#7366=AXIS2_PLACEMENT_3D('',#11436,#8922,#8923);
#7367=AXIS2_PLACEMENT_3D('',#11438,#8925,#8926);
#7368=AXIS2_PLACEMENT_3D('',#11440,#8928,#8929);
#7369=AXIS2_PLACEMENT_3D('',#11442,#8931,#8932);
#7370=AXIS2_PLACEMENT_3D('',#11444,#8934,#8935);
#7371=AXIS2_PLACEMENT_3D('',#11447,#8937,#8938);
#7372=AXIS2_PLACEMENT_3D('',#11448,#8939,#8940);
#7373=AXIS2_PLACEMENT_3D('',#11451,#8942,#8943);
#7374=AXIS2_PLACEMENT_3D('',#11452,#8944,#8945);
#7375=AXIS2_PLACEMENT_3D('',#11454,#8946,#8947);
#7376=AXIS2_PLACEMENT_3D('',#11456,#8949,#8950);
#7377=AXIS2_PLACEMENT_3D('',#11462,#8954,#8955);
#7378=AXIS2_PLACEMENT_3D('',#11463,#8956,#8957);
#7379=AXIS2_PLACEMENT_3D('',#11464,#8958,#8959);
#7380=AXIS2_PLACEMENT_3D('',#11465,#8960,#8961);
#7381=AXIS2_PLACEMENT_3D('',#11469,#8964,#8965);
#7382=AXIS2_PLACEMENT_3D('',#11471,#8967,#8968);
#7383=AXIS2_PLACEMENT_3D('',#11472,#8969,#8970);
#7384=AXIS2_PLACEMENT_3D('',#11479,#8971,#8972);
#7385=AXIS2_PLACEMENT_3D('',#11480,#8973,#8974);
#7386=AXIS2_PLACEMENT_3D('',#11487,#8975,#8976);
#7387=AXIS2_PLACEMENT_3D('',#11490,#8978,#8979);
#7388=AXIS2_PLACEMENT_3D('',#11491,#8980,#8981);
#7389=AXIS2_PLACEMENT_3D('',#11497,#8985,#8986);
#7390=AXIS2_PLACEMENT_3D('',#11501,#8988,#8989);
#7391=AXIS2_PLACEMENT_3D('',#11502,#8990,#8991);
#7392=AXIS2_PLACEMENT_3D('',#11503,#8992,#8993);
#7393=AXIS2_PLACEMENT_3D('',#11504,#8994,#8995);
#7394=AXIS2_PLACEMENT_3D('',#11506,#8996,#8997);
#7395=AXIS2_PLACEMENT_3D('',#11514,#8998,#8999);
#7396=AXIS2_PLACEMENT_3D('',#11518,#9001,#9002);
#7397=AXIS2_PLACEMENT_3D('',#11522,#9004,#9005);
#7398=AXIS2_PLACEMENT_3D('',#11524,#9007,#9008);
#7399=AXIS2_PLACEMENT_3D('',#11533,#9013,#9014);
#7400=AXIS2_PLACEMENT_3D('',#11535,#9015,#9016);
#7401=AXIS2_PLACEMENT_3D('',#11538,#9018,#9019);
#7402=AXIS2_PLACEMENT_3D('',#11539,#9020,#9021);
#7403=AXIS2_PLACEMENT_3D('',#11545,#9025,#9026);
#7404=AXIS2_PLACEMENT_3D('',#11547,#9027,#9028);
#7405=AXIS2_PLACEMENT_3D('',#11550,#9030,#9031);
#7406=AXIS2_PLACEMENT_3D('',#11551,#9032,#9033);
#7407=AXIS2_PLACEMENT_3D('',#11557,#9037,#9038);
#7408=AXIS2_PLACEMENT_3D('',#11559,#9039,#9040);
#7409=AXIS2_PLACEMENT_3D('',#11562,#9042,#9043);
#7410=AXIS2_PLACEMENT_3D('',#11563,#9044,#9045);
#7411=AXIS2_PLACEMENT_3D('',#11569,#9049,#9050);
#7412=AXIS2_PLACEMENT_3D('',#11573,#9052,#9053);
#7413=AXIS2_PLACEMENT_3D('',#11574,#9054,#9055);
#7414=AXIS2_PLACEMENT_3D('',#11575,#9056,#9057);
#7415=AXIS2_PLACEMENT_3D('',#11581,#9061,#9062);
#7416=AXIS2_PLACEMENT_3D('',#11583,#9063,#9064);
#7417=AXIS2_PLACEMENT_3D('',#11586,#9066,#9067);
#7418=AXIS2_PLACEMENT_3D('',#11587,#9068,#9069);
#7419=AXIS2_PLACEMENT_3D('',#11593,#9073,#9074);
#7420=AXIS2_PLACEMENT_3D('',#11595,#9075,#9076);
#7421=AXIS2_PLACEMENT_3D('',#11598,#9078,#9079);
#7422=AXIS2_PLACEMENT_3D('',#11599,#9080,#9081);
#7423=AXIS2_PLACEMENT_3D('',#11605,#9085,#9086);
#7424=AXIS2_PLACEMENT_3D('',#11609,#9088,#9089);
#7425=AXIS2_PLACEMENT_3D('',#11610,#9090,#9091);
#7426=AXIS2_PLACEMENT_3D('',#11611,#9092,#9093);
#7427=AXIS2_PLACEMENT_3D('',#11613,#9094,#9095);
#7428=AXIS2_PLACEMENT_3D('',#11616,#9097,#9098);
#7429=AXIS2_PLACEMENT_3D('',#11617,#9099,#9100);
#7430=AXIS2_PLACEMENT_3D('',#11623,#9104,#9105);
#7431=AXIS2_PLACEMENT_3D('',#11625,#9106,#9107);
#7432=AXIS2_PLACEMENT_3D('',#11628,#9109,#9110);
#7433=AXIS2_PLACEMENT_3D('',#11629,#9111,#9112);
#7434=AXIS2_PLACEMENT_3D('',#11635,#9116,#9117);
#7435=AXIS2_PLACEMENT_3D('',#11637,#9118,#9119);
#7436=AXIS2_PLACEMENT_3D('',#11640,#9121,#9122);
#7437=AXIS2_PLACEMENT_3D('',#11641,#9123,#9124);
#7438=AXIS2_PLACEMENT_3D('',#11643,#9125,#9126);
#7439=AXIS2_PLACEMENT_3D('',#11644,#9127,#9128);
#7440=AXIS2_PLACEMENT_3D('',#11645,#9129,#9130);
#7441=AXIS2_PLACEMENT_3D('',#11646,#9131,#9132);
#7442=AXIS2_PLACEMENT_3D('',#11648,#9134,#9135);
#7443=AXIS2_PLACEMENT_3D('',#11650,#9137,#9138);
#7444=AXIS2_PLACEMENT_3D('',#11652,#9140,#9141);
#7445=AXIS2_PLACEMENT_3D('',#11654,#9143,#9144);
#7446=AXIS2_PLACEMENT_3D('',#11661,#9149,#9150);
#7447=AXIS2_PLACEMENT_3D('',#11663,#9152,#9153);
#7448=AXIS2_PLACEMENT_3D('',#11665,#9155,#9156);
#7449=AXIS2_PLACEMENT_3D('',#11667,#9158,#9159);
#7450=AXIS2_PLACEMENT_3D('',#11669,#9161,#9162);
#7451=AXIS2_PLACEMENT_3D('',#11672,#9165,#9166);
#7452=AXIS2_PLACEMENT_3D('',#11674,#9168,#9169);
#7453=AXIS2_PLACEMENT_3D('',#11676,#9171,#9172);
#7454=AXIS2_PLACEMENT_3D('',#11678,#9174,#9175);
#7455=AXIS2_PLACEMENT_3D('',#11680,#9177,#9178);
#7456=AXIS2_PLACEMENT_3D('',#11683,#9180,#9181);
#7457=AXIS2_PLACEMENT_3D('',#11685,#9183,#9184);
#7458=AXIS2_PLACEMENT_3D('',#11691,#9187,#9188);
#7459=AXIS2_PLACEMENT_3D('',#11694,#9190,#9191);
#7460=AXIS2_PLACEMENT_3D('',#11700,#9194,#9195);
#7461=AXIS2_PLACEMENT_3D('',#11704,#9197,#9198);
#7462=AXIS2_PLACEMENT_3D('',#11708,#9200,#9201);
#7463=AXIS2_PLACEMENT_3D('',#11711,#9203,#9204);
#7464=AXIS2_PLACEMENT_3D('',#11712,#9205,#9206);
#7465=AXIS2_PLACEMENT_3D('',#11714,#9207,#9208);
#7466=AXIS2_PLACEMENT_3D('',#11717,#9210,#9211);
#7467=AXIS2_PLACEMENT_3D('',#11718,#9212,#9213);
#7468=AXIS2_PLACEMENT_3D('',#11723,#9216,#9217);
#7469=AXIS2_PLACEMENT_3D('',#11724,#9218,#9219);
#7470=AXIS2_PLACEMENT_3D('',#11727,#9221,#9222);
#7471=AXIS2_PLACEMENT_3D('',#11728,#9223,#9224);
#7472=AXIS2_PLACEMENT_3D('',#11729,#9225,#9226);
#7473=AXIS2_PLACEMENT_3D('',#11730,#9227,#9228);
#7474=AXIS2_PLACEMENT_3D('',#11736,#9231,#9232);
#7475=AXIS2_PLACEMENT_3D('',#11739,#9234,#9235);
#7476=AXIS2_PLACEMENT_3D('',#11740,#9236,#9237);
#7477=AXIS2_PLACEMENT_3D('',#11746,#9241,#9242);
#7478=AXIS2_PLACEMENT_3D('',#11749,#9245,#9246);
#7479=AXIS2_PLACEMENT_3D('',#11751,#9247,#9248);
#7480=AXIS2_PLACEMENT_3D('',#11754,#9250,#9251);
#7481=AXIS2_PLACEMENT_3D('',#11755,#9252,#9253);
#7482=AXIS2_PLACEMENT_3D('',#11761,#9257,#9258);
#7483=AXIS2_PLACEMENT_3D('',#11762,#9259,#9260);
#7484=AXIS2_PLACEMENT_3D('',#11763,#9261,#9262);
#7485=AXIS2_PLACEMENT_3D('',#11769,#9266,#9267);
#7486=AXIS2_PLACEMENT_3D('',#11770,#9268,#9269);
#7487=AXIS2_PLACEMENT_3D('',#11771,#9270,#9271);
#7488=AXIS2_PLACEMENT_3D('',#11773,#9273,#9274);
#7489=AXIS2_PLACEMENT_3D('',#11775,#9276,#9277);
#7490=AXIS2_PLACEMENT_3D('',#11777,#9279,#9280);
#7491=AXIS2_PLACEMENT_3D('',#11781,#9283,#9284);
#7492=AXIS2_PLACEMENT_3D('',#11784,#9286,#9287);
#7493=AXIS2_PLACEMENT_3D('',#11785,#9288,#9289);
#7494=AXIS2_PLACEMENT_3D('',#11789,#9292,#9293);
#7495=AXIS2_PLACEMENT_3D('',#11792,#9296,#9297);
#7496=AXIS2_PLACEMENT_3D('',#11793,#9298,#9299);
#7497=AXIS2_PLACEMENT_3D('',#11795,#9300,#9301);
#7498=AXIS2_PLACEMENT_3D('',#11796,#9302,#9303);
#7499=AXIS2_PLACEMENT_3D('',#11798,#9304,#9305);
#7500=AXIS2_PLACEMENT_3D('',#11799,#9306,#9307);
#7501=AXIS2_PLACEMENT_3D('',#11800,#9308,#9309);
#7502=AXIS2_PLACEMENT_3D('',#11803,#9310,#9311);
#7503=AXIS2_PLACEMENT_3D('',#11806,#9314,#9315);
#7504=AXIS2_PLACEMENT_3D('',#11810,#9318,#9319);
#7505=AXIS2_PLACEMENT_3D('',#11811,#9320,#9321);
#7506=AXIS2_PLACEMENT_3D('',#11812,#9322,#9323);
#7507=AXIS2_PLACEMENT_3D('',#11814,#9325,#9326);
#7508=AXIS2_PLACEMENT_3D('',#11817,#9328,#9329);
#7509=AXIS2_PLACEMENT_3D('',#11818,#9330,#9331);
#7510=AXIS2_PLACEMENT_3D('',#11820,#9333,#9334);
#7511=AXIS2_PLACEMENT_3D('',#11822,#9336,#9337);
#7512=AXIS2_PLACEMENT_3D('',#11824,#9339,#9340);
#7513=AXIS2_PLACEMENT_3D('',#11825,#9341,#9342);
#7514=AXIS2_PLACEMENT_3D('',#11831,#9346,#9347);
#7515=AXIS2_PLACEMENT_3D('',#11832,#9348,#9349);
#7516=AXIS2_PLACEMENT_3D('',#11833,#9350,#9351);
#7517=AXIS2_PLACEMENT_3D('',#11837,#9353,#9354);
#7518=AXIS2_PLACEMENT_3D('',#11838,#9355,#9356);
#7519=AXIS2_PLACEMENT_3D('',#11843,#9358,#9359);
#7520=AXIS2_PLACEMENT_3D('',#11844,#9360,#9361);
#7521=AXIS2_PLACEMENT_3D('',#11845,#9362,#9363);
#7522=AXIS2_PLACEMENT_3D('',#11846,#9364,#9365);
#7523=AXIS2_PLACEMENT_3D('',#11847,#9366,#9367);
#7524=AXIS2_PLACEMENT_3D('',#11853,#9371,#9372);
#7525=AXIS2_PLACEMENT_3D('',#11855,#9373,#9374);
#7526=AXIS2_PLACEMENT_3D('',#11857,#9376,#9377);
#7527=AXIS2_PLACEMENT_3D('',#11861,#9380,#9381);
#7528=AXIS2_PLACEMENT_3D('',#11862,#9382,#9383);
#7529=AXIS2_PLACEMENT_3D('',#11863,#9384,#9385);
#7530=AXIS2_PLACEMENT_3D('',#11864,#9386,#9387);
#7531=AXIS2_PLACEMENT_3D('',#11865,#9388,#9389);
#7532=AXIS2_PLACEMENT_3D('',#11867,#9391,#9392);
#7533=AXIS2_PLACEMENT_3D('',#11869,#9394,#9395);
#7534=AXIS2_PLACEMENT_3D('',#11870,#9396,#9397);
#7535=AXIS2_PLACEMENT_3D('',#11871,#9398,#9399);
#7536=AXIS2_PLACEMENT_3D('',#11872,#9400,#9401);
#7537=AXIS2_PLACEMENT_3D('',#11873,#9402,#9403);
#7538=AXIS2_PLACEMENT_3D('',#11874,#9404,#9405);
#7539=AXIS2_PLACEMENT_3D('',#11875,#9406,#9407);
#7540=AXIS2_PLACEMENT_3D('',#11877,#9408,#9409);
#7541=AXIS2_PLACEMENT_3D('',#11879,#9411,#9412);
#7542=AXIS2_PLACEMENT_3D('',#11881,#9414,#9415);
#7543=AXIS2_PLACEMENT_3D('',#11885,#9418,#9419);
#7544=AXIS2_PLACEMENT_3D('',#11886,#9420,#9421);
#7545=AXIS2_PLACEMENT_3D('',#11887,#9422,#9423);
#7546=AXIS2_PLACEMENT_3D('',#11889,#9425,#9426);
#7547=AXIS2_PLACEMENT_3D('',#11890,#9427,#9428);
#7548=AXIS2_PLACEMENT_3D('',#11892,#9430,#9431);
#7549=AXIS2_PLACEMENT_3D('',#11893,#9432,#9433);
#7550=AXIS2_PLACEMENT_3D('',#11896,#9434,#9435);
#7551=AXIS2_PLACEMENT_3D('',#11904,#9437,#9438);
#7552=AXIS2_PLACEMENT_3D('',#11908,#9441,#9442);
#7553=AXIS2_PLACEMENT_3D('',#11910,#9443,#9444);
#7554=AXIS2_PLACEMENT_3D('',#11912,#9446,#9447);
#7555=AXIS2_PLACEMENT_3D('',#11914,#9448,#9449);
#7556=AXIS2_PLACEMENT_3D('',#11915,#9450,#9451);
#7557=AXIS2_PLACEMENT_3D('',#11946,#9452,#9453);
#7558=AXIS2_PLACEMENT_3D('',#11947,#9454,#9455);
#7559=AXIS2_PLACEMENT_3D('',#11949,#9456,#9457);
#7560=AXIS2_PLACEMENT_3D('',#11950,#9458,#9459);
#7561=AXIS2_PLACEMENT_3D('',#11951,#9460,#9461);
#7562=AXIS2_PLACEMENT_3D('',#11953,#9463,#9464);
#7563=AXIS2_PLACEMENT_3D('',#11956,#9467,#9468);
#7564=AXIS2_PLACEMENT_3D('',#11959,#9471,#9472);
#7565=AXIS2_PLACEMENT_3D('',#11961,#9473,#9474);
#7566=AXIS2_PLACEMENT_3D('',#11962,#9475,#9476);
#7567=AXIS2_PLACEMENT_3D('',#11963,#9477,#9478);
#7568=AXIS2_PLACEMENT_3D('',#11965,#9480,#9481);
#7569=AXIS2_PLACEMENT_3D('',#11966,#9482,#9483);
#7570=AXIS2_PLACEMENT_3D('',#11969,#9484,#9485);
#7571=AXIS2_PLACEMENT_3D('',#11971,#9486,#9487);
#7572=AXIS2_PLACEMENT_3D('',#11973,#9488,#9489);
#7573=AXIS2_PLACEMENT_3D('',#11974,#9490,#9491);
#7574=AXIS2_PLACEMENT_3D('',#11976,#9493,#9494);
#7575=AXIS2_PLACEMENT_3D('',#11980,#9496,#9497);
#7576=AXIS2_PLACEMENT_3D('',#11982,#9498,#9499);
#7577=AXIS2_PLACEMENT_3D('',#11984,#9500,#9501);
#7578=AXIS2_PLACEMENT_3D('',#11985,#9502,#9503);
#7579=AXIS2_PLACEMENT_3D('',#11986,#9504,#9505);
#7580=AXIS2_PLACEMENT_3D('',#11990,#9508,#9509);
#7581=AXIS2_PLACEMENT_3D('',#12006,#9518,#9519);
#7582=AXIS2_PLACEMENT_3D('',#12010,#9522,#9523);
#7583=AXIS2_PLACEMENT_3D('',#12014,#9526,#9527);
#7584=AXIS2_PLACEMENT_3D('',#12018,#9530,#9531);
#7585=AXIS2_PLACEMENT_3D('',#12027,#9537,#9538);
#7586=AXIS2_PLACEMENT_3D('',#12029,#9540,#9541);
#7587=AXIS2_PLACEMENT_3D('',#12031,#9543,#9544);
#7588=AXIS2_PLACEMENT_3D('',#12035,#9547,#9548);
#7589=AXIS2_PLACEMENT_3D('',#12043,#9553,#9554);
#7590=AXIS2_PLACEMENT_3D('',#12047,#9557,#9558);
#7591=AXIS2_PLACEMENT_3D('',#12059,#9565,#9566);
#7592=AXIS2_PLACEMENT_3D('',#12063,#9569,#9570);
#7593=AXIS2_PLACEMENT_3D('',#12073,#9577,#9578);
#7594=AXIS2_PLACEMENT_3D('',#12075,#9580,#9581);
#7595=AXIS2_PLACEMENT_3D('',#12076,#9582,#9583);
#7596=AXIS2_PLACEMENT_3D('',#12077,#9584,#9585);
#7597=AXIS2_PLACEMENT_3D('',#12078,#9586,#9587);
#7598=AXIS2_PLACEMENT_3D('',#12080,#9588,#9589);
#7599=AXIS2_PLACEMENT_3D('',#12081,#9590,#9591);
#7600=AXIS2_PLACEMENT_3D('',#12082,#9592,#9593);
#7601=AXIS2_PLACEMENT_3D('',#12083,#9594,#9595);
#7602=AXIS2_PLACEMENT_3D('',#12084,#9596,#9597);
#7603=AXIS2_PLACEMENT_3D('',#12085,#9598,#9599);
#7604=AXIS2_PLACEMENT_3D('',#12086,#9600,#9601);
#7605=AXIS2_PLACEMENT_3D('',#12087,#9602,#9603);
#7606=AXIS2_PLACEMENT_3D('',#12088,#9604,#9605);
#7607=AXIS2_PLACEMENT_3D('',#12089,#9606,#9607);
#7608=AXIS2_PLACEMENT_3D('',#12090,#9608,#9609);
#7609=AXIS2_PLACEMENT_3D('',#12093,#9611,#9612);
#7610=AXIS2_PLACEMENT_3D('',#12094,#9613,#9614);
#7611=AXIS2_PLACEMENT_3D('',#12096,#9616,#9617);
#7612=AXIS2_PLACEMENT_3D('',#12099,#9619,#9620);
#7613=AXIS2_PLACEMENT_3D('',#12100,#9621,#9622);
#7614=AXIS2_PLACEMENT_3D('',#12102,#9624,#9625);
#7615=AXIS2_PLACEMENT_3D('',#12108,#9629,#9630);
#7616=AXIS2_PLACEMENT_3D('',#12119,#9632,#9633);
#7617=AXIS2_PLACEMENT_3D('',#12122,#9635,#9636);
#7618=AXIS2_PLACEMENT_3D('',#12123,#9637,#9638);
#7619=AXIS2_PLACEMENT_3D('',#12125,#9639,#9640);
#7620=AXIS2_PLACEMENT_3D('',#12127,#9642,#9643);
#7621=AXIS2_PLACEMENT_3D('',#12130,#9645,#9646);
#7622=AXIS2_PLACEMENT_3D('',#12131,#9647,#9648);
#7623=AXIS2_PLACEMENT_3D('',#12134,#9651,#9652);
#7624=AXIS2_PLACEMENT_3D('',#12135,#9653,#9654);
#7625=AXIS2_PLACEMENT_3D('',#12136,#9655,#9656);
#7626=AXIS2_PLACEMENT_3D('',#12137,#9657,#9658);
#7627=AXIS2_PLACEMENT_3D('',#12138,#9659,#9660);
#7628=AXIS2_PLACEMENT_3D('',#12139,#9661,#9662);
#7629=AXIS2_PLACEMENT_3D('',#12140,#9663,#9664);
#7630=AXIS2_PLACEMENT_3D('',#12141,#9665,#9666);
#7631=AXIS2_PLACEMENT_3D('',#12142,#9667,#9668);
#7632=AXIS2_PLACEMENT_3D('',#12145,#9669,#9670);
#7633=AXIS2_PLACEMENT_3D('',#12148,#9673,#9674);
#7634=AXIS2_PLACEMENT_3D('',#12150,#9675,#9676);
#7635=AXIS2_PLACEMENT_3D('',#12176,#9677,#9678);
#7636=AXIS2_PLACEMENT_3D('',#12202,#9679,#9680);
#7637=AXIS2_PLACEMENT_3D('',#12203,#9681,#9682);
#7638=AXIS2_PLACEMENT_3D('',#12204,#9683,#9684);
#7639=AXIS2_PLACEMENT_3D('',#12205,#9685,#9686);
#7640=AXIS2_PLACEMENT_3D('',#12206,#9687,#9688);
#7641=AXIS2_PLACEMENT_3D('',#12207,#9689,#9690);
#7642=AXIS2_PLACEMENT_3D('',#12208,#9691,#9692);
#7643=AXIS2_PLACEMENT_3D('',#12209,#9693,#9694);
#7644=AXIS2_PLACEMENT_3D('',#12211,#9696,#9697);
#7645=AXIS2_PLACEMENT_3D('',#12212,#9698,#9699);
#7646=AXIS2_PLACEMENT_3D('',#12214,#9701,#9702);
#7647=AXIS2_PLACEMENT_3D('',#12216,#9703,#9704);
#7648=AXIS2_PLACEMENT_3D('',#12219,#9706,#9707);
#7649=AXIS2_PLACEMENT_3D('',#12221,#9708,#9709);
#7650=AXIS2_PLACEMENT_3D('',#12222,#9710,#9711);
#7651=AXIS2_PLACEMENT_3D('',#12224,#9713,#9714);
#7652=AXIS2_PLACEMENT_3D('',#12226,#9716,#9717);
#7653=AXIS2_PLACEMENT_3D('',#12227,#9718,#9719);
#7654=AXIS2_PLACEMENT_3D('',#12229,#9720,#9721);
#7655=AXIS2_PLACEMENT_3D('',#12231,#9723,#9724);
#7656=AXIS2_PLACEMENT_3D('',#12235,#9726,#9727);
#7657=AXIS2_PLACEMENT_3D('',#12239,#9729,#9730);
#7658=AXIS2_PLACEMENT_3D('',#12243,#9732,#9733);
#7659=AXIS2_PLACEMENT_3D('',#12247,#9735,#9736);
#7660=AXIS2_PLACEMENT_3D('',#12250,#9738,#9739);
#7661=AXIS2_PLACEMENT_3D('',#12251,#9740,#9741);
#7662=AXIS2_PLACEMENT_3D('',#12257,#9745,#9746);
#7663=AXIS2_PLACEMENT_3D('',#12263,#9750,#9751);
#7664=AXIS2_PLACEMENT_3D('',#12265,#9753,#9754);
#7665=AXIS2_PLACEMENT_3D('',#12271,#9757,#9758);
#7666=AXIS2_PLACEMENT_3D('',#12272,#9759,#9760);
#7667=AXIS2_PLACEMENT_3D('',#12280,#9765,#9766);
#7668=AXIS2_PLACEMENT_3D('',#12283,#9769,#9770);
#7669=AXIS2_PLACEMENT_3D('',#12284,#9771,#9772);
#7670=AXIS2_PLACEMENT_3D('',#12285,#9773,#9774);
#7671=AXIS2_PLACEMENT_3D('',#12292,#9779,#9780);
#7672=AXIS2_PLACEMENT_3D('',#12293,#9781,#9782);
#7673=AXIS2_PLACEMENT_3D('',#12294,#9783,#9784);
#7674=AXIS2_PLACEMENT_3D('',#12296,#9786,#9787);
#7675=AXIS2_PLACEMENT_3D('',#12297,#9788,#9789);
#7676=AXIS2_PLACEMENT_3D('',#12298,#9790,#9791);
#7677=AXIS2_PLACEMENT_3D('',#12300,#9793,#9794);
#7678=DIRECTION('axis',(0.,0.,1.));
#7679=DIRECTION('refdir',(1.,0.,0.));
#7680=DIRECTION('center_axis',(-1.,3.60822483004101E-14,0.));
#7681=DIRECTION('ref_axis',(-2.01770443976003E-14,-1.,-7.41231543107169E-30));
#7682=DIRECTION('center_axis',(-1.,3.49735436225071E-14,-3.67363786539184E-16));
#7683=DIRECTION('ref_axis',(-3.49735436225071E-14,-1.,-1.28480134138575E-29));
#7684=DIRECTION('',(0.707106781185609,-0.707106781187486,8.65956056236559E-17));
#7685=DIRECTION('center_axis',(1.,-3.49735436225071E-14,3.67363786539184E-16));
#7686=DIRECTION('ref_axis',(0.,-1.,0.));
#7687=DIRECTION('center_axis',(1.,0.,0.));
#7688=DIRECTION('ref_axis',(0.,-1.,0.));
#7689=DIRECTION('',(1.,0.,0.));
#7690=DIRECTION('center_axis',(-1.,-2.39517841800444E-16,-3.57622409721223E-16));
#7691=DIRECTION('ref_axis',(0.,-1.,0.));
#7692=DIRECTION('center_axis',(1.,-3.49735436225071E-14,3.67363786539184E-16));
#7693=DIRECTION('ref_axis',(3.49735436225071E-14,1.,-1.20474617936062E-14));
#7694=DIRECTION('',(3.67363786538468E-16,-2.04821404375337E-14,-1.));
#7695=DIRECTION('',(-3.49735436225071E-14,-1.,1.1268763706503E-14));
#7696=DIRECTION('center_axis',(-1.,3.49735436225071E-14,-3.67363786539184E-16));
#7697=DIRECTION('ref_axis',(2.49897952822259E-14,0.707106781186644,-0.707106781186452));
#7698=DIRECTION('',(3.6736378653875E-16,-1.24126899366315E-14,-1.));
#7699=DIRECTION('center_axis',(-1.,3.49735436225071E-14,-3.67363786539184E-16));
#7700=DIRECTION('ref_axis',(3.03296650361475E-14,0.861890846582043,-0.507093845928038));
#7701=DIRECTION('',(-3.49735436225071E-14,-1.,1.19641950667593E-14));
#7702=DIRECTION('',(-3.67363786538759E-16,1.21351341673762E-14,1.));
#7703=DIRECTION('',(3.49735436225071E-14,1.,-2.09724213304749E-14));
#7704=DIRECTION('center_axis',(-2.39517841800443E-16,1.,-2.15154405013441E-15));
#7705=DIRECTION('ref_axis',(-0.707106781186548,-1.57009245868377E-15,-0.707106781186547));
#7706=DIRECTION('',(2.39517841800443E-16,-1.,2.15154405013441E-15));
#7707=DIRECTION('center_axis',(-8.64018318826955E-16,1.,-2.15799600411523E-15));
#7708=DIRECTION('ref_axis',(-0.707106781186548,-1.57009245868377E-15,-0.707106781186547));
#7709=DIRECTION('',(-2.39517841800443E-16,1.,-2.15154405013441E-15));
#7710=DIRECTION('center_axis',(-8.64018293152093E-16,1.,-2.15799600411524E-15));
#7711=DIRECTION('ref_axis',(-0.707106781186548,-1.57009245868377E-15,-0.707106781186547));
#7712=DIRECTION('center_axis',(3.57622409721223E-16,-2.15799600411524E-15,
-1.));
#7713=DIRECTION('ref_axis',(-0.707106781186548,-0.707106781186548,0.));
#7714=DIRECTION('',(-3.57622409721224E-16,2.15799600411524E-15,1.));
#7715=DIRECTION('',(-3.57622409721224E-16,2.15799600411524E-15,1.));
#7716=DIRECTION('center_axis',(-2.66714924615451E-11,-2.64168281030983E-11,
-1.));
#7717=DIRECTION('ref_axis',(-1.,-2.6397371954694E-11,2.66714746134491E-11));
#7718=DIRECTION('',(-3.7297666980634E-11,-0.707106781186564,-0.707106781186531));
#7719=DIRECTION('center_axis',(-5.95262590347171E-13,-1.90572866129757E-14,
-1.));
#7720=DIRECTION('ref_axis',(-1.,-2.6397371954694E-11,2.66714746134491E-11));
#7721=DIRECTION('',(0.707106781186744,3.73452578790781E-11,0.707106781186351));
#7722=DIRECTION('center_axis',(5.7348688396982E-17,-2.15154405013441E-15,
-1.));
#7723=DIRECTION('ref_axis',(-1.,-8.64018293152093E-16,-5.73486883969801E-17));
#7724=DIRECTION('',(-1.,-8.64018318826955E-16,-5.73486883969805E-17));
#7725=DIRECTION('',(-1.19708520053965E-15,1.,-1.30451205393466E-15));
#7726=DIRECTION('',(1.,8.64018318826955E-16,5.73486883969805E-17));
#7727=DIRECTION('',(1.19708520053965E-15,-1.,1.30451205393466E-15));
#7728=DIRECTION('',(-1.,-8.64018318826955E-16,-5.73486883969805E-17));
#7729=DIRECTION('',(-2.47633632734689E-13,-1.,2.1515440501344E-15));
#7730=DIRECTION('',(1.,8.64018293152093E-16,5.73486883969805E-17));
#7731=DIRECTION('center_axis',(-8.64018318826955E-16,1.,-2.15799600411523E-15));
#7732=DIRECTION('ref_axis',(5.24155863415604E-16,-2.15799600411523E-15,
-1.));
#7733=DIRECTION('',(-3.57622409721224E-16,2.15799600411523E-15,1.));
#7734=DIRECTION('',(1.,8.64018318826956E-16,3.57622409721306E-16));
#7735=DIRECTION('center_axis',(8.64018318826955E-16,-1.,2.15799600411523E-15));
#7736=DIRECTION('ref_axis',(0.707106781186555,2.13688682059528E-15,0.70710678118654));
#7737=DIRECTION('',(3.8537798533746E-16,-2.15799600411523E-15,-1.));
#7738=DIRECTION('center_axis',(-8.64018318826955E-16,1.,-2.15799600411523E-15));
#7739=DIRECTION('ref_axis',(-0.707106781186555,-2.13688682059528E-15,-0.70710678118654));
#7740=DIRECTION('',(1.,8.64018318826956E-16,3.85377985337436E-16));
#7741=DIRECTION('center_axis',(8.64018318826955E-16,-1.,2.15799600411523E-15));
#7742=DIRECTION('ref_axis',(0.707106781186555,2.13688682059528E-15,0.70710678118654));
#7743=DIRECTION('',(3.85378858842435E-16,-2.15799600411523E-15,-1.));
#7744=DIRECTION('center_axis',(8.64018318826955E-16,-1.,2.15799600411523E-15));
#7745=DIRECTION('ref_axis',(-0.707106781186547,-2.13688682059529E-15,-0.707106781186548));
#7746=DIRECTION('',(3.85377985339716E-16,-2.15799600411523E-15,-1.));
#7747=DIRECTION('center_axis',(-8.64018318826955E-16,1.,-2.15799600411523E-15));
#7748=DIRECTION('ref_axis',(0.707106781186549,-9.14980395971407E-16,-0.707106781186546));
#7749=DIRECTION('center_axis',(8.64018318826955E-16,-1.,2.15799600411523E-15));
#7750=DIRECTION('ref_axis',(5.24155863415604E-16,-2.15799600411523E-15,
-1.));
#7751=DIRECTION('center_axis',(8.64018318826955E-16,-1.,2.15799600411523E-15));
#7752=DIRECTION('ref_axis',(-0.599413345631309,-2.24524968790707E-15,-0.800439654864176));
#7753=DIRECTION('center_axis',(8.64018318826955E-16,-1.,2.15799600411523E-15));
#7754=DIRECTION('ref_axis',(1.,8.64018318826955E-16,-1.86454807951093E-30));
#7755=DIRECTION('center_axis',(8.64018318826955E-16,-1.,2.15799600411523E-15));
#7756=DIRECTION('ref_axis',(0.599413345625743,-1.20944146557127E-15,-0.800439654868344));
#7757=DIRECTION('center_axis',(8.64018318826955E-16,-1.,2.15799600411523E-15));
#7758=DIRECTION('ref_axis',(-5.24155863415615E-16,2.15799600411523E-15,
1.));
#7759=DIRECTION('center_axis',(8.64018318826955E-16,-1.,2.15799600411523E-15));
#7760=DIRECTION('ref_axis',(0.599413345626028,-1.20944146557056E-15,-0.80043965486813));
#7761=DIRECTION('center_axis',(8.64018318826955E-16,-1.,2.15799600411523E-15));
#7762=DIRECTION('ref_axis',(-5.24155863415615E-16,2.15799600411523E-15,
1.));
#7763=DIRECTION('center_axis',(8.64018318826955E-16,-1.,2.15799600411523E-15));
#7764=DIRECTION('ref_axis',(-0.599413345631023,-2.24524968790728E-15,-0.80043965486439));
#7765=DIRECTION('center_axis',(8.64018318826955E-16,-1.,2.15799600411523E-15));
#7766=DIRECTION('ref_axis',(1.,8.64018318826955E-16,-1.86454807951093E-30));
#7767=DIRECTION('center_axis',(-1.,-2.39517841800444E-16,-3.57622409721223E-16));
#7768=DIRECTION('ref_axis',(-2.3951784180044E-16,1.,-1.18948061277202E-14));
#7769=DIRECTION('',(2.39517841800437E-16,-1.,1.9695664852135E-14));
#7770=DIRECTION('',(3.57622409721226E-16,-1.21351341673762E-14,-1.));
#7771=DIRECTION('',(-2.39517841800439E-16,1.,-1.19641950667593E-14));
#7772=DIRECTION('center_axis',(-1.,-2.39517841800444E-16,-3.57622409721223E-16));
#7773=DIRECTION('ref_axis',(3.57622409721223E-16,-1.80411241501672E-16,
-1.));
#7774=DIRECTION('',(2.39517841800443E-16,-1.,1.61920027051381E-15));
#7775=DIRECTION('center_axis',(0.707106781186351,-1.37575734867738E-14,
-0.707106781186744));
#7776=DIRECTION('ref_axis',(1.87483798321464E-14,1.,-7.07767178198635E-16));
#7777=DIRECTION('',(-2.39517841800437E-16,1.,-1.9695664852135E-14));
#7778=DIRECTION('',(0.707106781186744,1.63315039367327E-14,0.707106781186351));
#7779=DIRECTION('center_axis',(-3.67363786538468E-16,2.04821404375337E-14,
1.));
#7780=DIRECTION('ref_axis',(-0.707106781186562,-0.707106781186533,1.25607396694704E-14));
#7781=DIRECTION('center_axis',(-7.09974814698946E-28,-1.99840144432538E-14,
-1.));
#7782=DIRECTION('ref_axis',(0.,-1.,1.99840144432538E-14));
#7783=DIRECTION('',(-3.67363786538468E-16,2.04821404375337E-14,1.));
#7784=DIRECTION('center_axis',(-1.58593142626799E-11,-1.60473800134143E-11,
1.));
#7785=DIRECTION('ref_axis',(-1.,-1.60327405123661E-11,-1.58595039249092E-11));
#7786=DIRECTION('center_axis',(5.95262590347171E-13,1.90572866129757E-14,
1.));
#7787=DIRECTION('ref_axis',(-1.,-1.60327405123661E-11,-1.58595039249092E-11));
#7788=DIRECTION('',(-2.28490702127689E-11,-0.7071067811865,0.707106781186595));
#7789=DIRECTION('',(0.707106781186367,2.26840884314976E-11,-0.707106781186728));
#7790=DIRECTION('center_axis',(3.49735436225071E-14,1.,-1.1268763706503E-14));
#7791=DIRECTION('ref_axis',(-0.707106781186546,3.45420340910431E-14,0.707106781186549));
#7792=DIRECTION('center_axis',(3.5527136788005E-14,1.,-1.11022302462522E-14));
#7793=DIRECTION('ref_axis',(-1.,3.5527136788005E-14,0.));
#7794=DIRECTION('',(3.49735436225071E-14,1.,-1.1268763706503E-14));
#7795=DIRECTION('center_axis',(-3.5527136788005E-14,-1.,1.11022302462517E-14));
#7796=DIRECTION('ref_axis',(0.,1.11022302462517E-14,1.));
#7797=DIRECTION('center_axis',(1.,-3.49735436225071E-14,3.67363786539184E-16));
#7798=DIRECTION('ref_axis',(0.,0.,-1.));
#7799=DIRECTION('center_axis',(-7.8886090522207E-29,-2.22044604925032E-15,
-1.));
#7800=DIRECTION('ref_axis',(-3.55271367880051E-14,-1.,2.22044604925032E-15));
#7801=DIRECTION('center_axis',(1.,-3.49735436225071E-14,3.67363786539184E-16));
#7802=DIRECTION('ref_axis',(2.49800180540622E-14,0.707106781186644,-0.707106781186452));
#7803=DIRECTION('center_axis',(-3.6736378653875E-16,1.24126899366315E-14,
1.));
#7804=DIRECTION('ref_axis',(-0.707106781186646,-0.707106781186449,7.85046229341805E-15));
#7805=DIRECTION('center_axis',(-4.73316543132642E-28,-1.33226762955028E-14,
-1.));
#7806=DIRECTION('ref_axis',(-2.48689957516053E-13,-1.,1.33226762955028E-14));
#7807=DIRECTION('',(-3.6736378653875E-16,1.24126899366315E-14,1.));
#7808=DIRECTION('center_axis',(-0.408248290465587,-0.408248290463512,-0.81649658092704));
#7809=DIRECTION('ref_axis',(-0.57735026919061,-0.577350269187672,0.577350269190596));
#7810=DIRECTION('center_axis',(-1.,-1.84006690569185E-16,-3.35938353037391E-16));
#7811=DIRECTION('ref_axis',(0.,-0.70710678118654,0.707106781186555));
#7812=DIRECTION('center_axis',(1.,-3.49735436225071E-14,3.67363786539184E-16));
#7813=DIRECTION('ref_axis',(0.,0.,-1.));
#7814=DIRECTION('center_axis',(5.30696293448136E-16,-1.19641950667593E-14,
-1.));
#7815=DIRECTION('ref_axis',(3.49735436225071E-14,1.,-1.19641950667593E-14));
#7816=DIRECTION('center_axis',(3.10549353609381E-14,0.874118720745984,0.485712324366394));
#7817=DIRECTION('ref_axis',(-1.,3.55271367880503E-14,0.));
#7818=DIRECTION('center_axis',(1.,-3.49735436225071E-14,3.67363786539184E-16));
#7819=DIRECTION('ref_axis',(3.03090885722647E-14,0.861890846582043,-0.507093845928038));
#7820=DIRECTION('center_axis',(0.,0.,1.));
#7821=DIRECTION('ref_axis',(1.,0.,0.));
#7822=DIRECTION('center_axis',(-1.,2.47463574763457E-13,-3.57622409721708E-16));
#7823=DIRECTION('ref_axis',(-2.1316282072803E-13,-0.861891038463222,0.507093519793724));
#7824=DIRECTION('center_axis',(-0.707106781186728,1.03516900987997E-14,
-0.707106781186367));
#7825=DIRECTION('ref_axis',(-1.59856459485595E-14,-1.,1.34614541735812E-15));
#7826=DIRECTION('',(-0.707106781151613,4.83759315145348E-14,0.707106781221482));
#7827=DIRECTION('',(-3.49735436225071E-14,-1.,2.09724213304749E-14));
#7828=DIRECTION('center_axis',(-5.30696293448136E-16,1.19641950667593E-14,
1.));
#7829=DIRECTION('ref_axis',(1.,1.19708520053965E-15,5.30696293448122E-16));
#7830=DIRECTION('',(1.,-2.47463574763457E-13,3.57622409721708E-16));
#7831=DIRECTION('center_axis',(5.30696293448136E-16,-1.19641950667593E-14,
-1.));
#7832=DIRECTION('ref_axis',(0.707106781186638,0.707106781186457,-8.08470451529527E-15));
#7833=DIRECTION('',(-1.,2.47871537668537E-13,-5.30696293451102E-16));
#7834=DIRECTION('center_axis',(-5.30696293448136E-16,1.19641950667593E-14,
1.));
#7835=DIRECTION('ref_axis',(-0.707106781186447,0.707106781186648,-8.83522241099303E-15));
#7836=DIRECTION('center_axis',(5.30696293448136E-16,-1.19641950667593E-14,
-1.));
#7837=DIRECTION('ref_axis',(-2.39517841800439E-16,1.,-1.19641950667593E-14));
#7838=DIRECTION('center_axis',(-1.,2.47463574763457E-13,-3.57622409721708E-16));
#7839=DIRECTION('ref_axis',(3.57622409721663E-16,-1.80411241501672E-16,
-1.));
#7840=DIRECTION('',(-1.,2.47463574763457E-13,-3.57622409721708E-16));
#7841=DIRECTION('',(1.,-2.47463574763457E-13,3.57622409721708E-16));
#7842=DIRECTION('center_axis',(-4.2078410184245E-13,-0.707106781186595,
-0.7071067811865));
#7843=DIRECTION('ref_axis',(1.,-5.95463961641872E-13,3.85377985337661E-16));
#7844=DIRECTION('',(1.,1.84006690556986E-16,-5.95262590347171E-13));
#7845=DIRECTION('',(0.577350279181297,0.577350264193585,-0.577350264193995));
#7846=DIRECTION('',(-1.,-1.84006690556986E-16,5.95262590347171E-13));
#7847=DIRECTION('center_axis',(5.95262590347171E-13,1.90572866129757E-14,
1.));
#7848=DIRECTION('ref_axis',(-1.,-1.56251114194807E-16,5.95262590347171E-13));
#7849=DIRECTION('center_axis',(5.95262590347171E-13,2.0972421330454E-14,
1.));
#7850=DIRECTION('ref_axis',(-0.707106781186447,0.707106781186648,4.06084472880427E-13));
#7851=DIRECTION('',(-1.,2.47871537668545E-13,5.95262590347166E-13));
#7852=DIRECTION('center_axis',(5.95262590347171E-13,1.96956648521351E-14,
1.));
#7853=DIRECTION('ref_axis',(0.707106781186639,0.707106781186456,-4.3484115239813E-13));
#7854=DIRECTION('',(-1.,-8.64018293150808E-16,5.95262590347171E-13));
#7855=DIRECTION('center_axis',(-5.95262590347171E-13,-1.96956648521351E-14,
-1.));
#7856=DIRECTION('ref_axis',(0.707106781186445,-0.70710678118665,-4.06987276044169E-13));
#7857=DIRECTION('',(-2.47633632734689E-13,-1.,1.96956648522825E-14));
#7858=DIRECTION('center_axis',(5.95262590347171E-13,1.90572866129757E-14,
1.));
#7859=DIRECTION('ref_axis',(-0.923879532511192,0.382683432365319,5.42658015838722E-13));
#7860=DIRECTION('',(-0.707106781186723,-0.707106781186372,4.34389750816306E-13));
#7861=DIRECTION('',(3.45402718773405E-15,-1.,1.90572866129736E-14));
#7862=DIRECTION('center_axis',(5.95262590347171E-13,1.90572866129757E-14,
1.));
#7863=DIRECTION('ref_axis',(-0.707106781186549,0.707106781186546,4.07438677626105E-13));
#7864=DIRECTION('',(-1.,-8.08507141909489E-16,5.95262590347171E-13));
#7865=DIRECTION('center_axis',(5.95262590347171E-13,1.90572866129757E-14,
1.));
#7866=DIRECTION('ref_axis',(0.608761429008924,0.793353340291079,-3.77492067126586E-13));
#7867=DIRECTION('',(-0.258819045102029,0.9659258262892,1.35657369900146E-13));
#7868=DIRECTION('center_axis',(5.95262590347171E-13,1.90572866129757E-14,
1.));
#7869=DIRECTION('ref_axis',(0.99144486137386,0.130526192219677,-5.92657511423426E-13));
#7870=DIRECTION('',(2.47359514891141E-13,1.,-1.90572866131229E-14));
#7871=DIRECTION('center_axis',(5.95262590347171E-13,1.90572866129757E-14,
1.));
#7872=DIRECTION('ref_axis',(0.707106781186387,-0.707106781186708,-4.07438677626005E-13));
#7873=DIRECTION('',(1.,-1.92254650911132E-13,-5.95262590347167E-13));
#7874=DIRECTION('center_axis',(5.95262590347171E-13,2.03340430912946E-14,
1.));
#7875=DIRECTION('ref_axis',(-0.382683432365268,-0.923879532511213,2.46583337457944E-13));
#7876=DIRECTION('',(0.70710678118641,-0.707106781186685,-4.06535874462276E-13));
#7877=DIRECTION('',(1.92254650911125E-13,1.,-2.0334043091409E-14));
#7878=DIRECTION('',(1.,-1.92276546559445E-13,-5.95262590347167E-13));
#7879=DIRECTION('',(1.91994135968657E-13,1.,-1.05697332475005E-14));
#7880=DIRECTION('',(-1.92004887544401E-13,-1.,1.90572866130899E-14));
#7881=DIRECTION('center_axis',(-5.95262590347171E-13,-1.90572866129757E-14,
-1.));
#7882=DIRECTION('ref_axis',(1.,-1.13440897942284E-26,-5.95262590347171E-13));
#7883=DIRECTION('',(-1.,6.12323399573677E-17,5.95262590347171E-13));
#7884=DIRECTION('',(-6.12323399573677E-17,-1.,4.48904914751861E-44));
#7885=DIRECTION('',(1.,-6.12323399573677E-17,-5.95262590347171E-13));
#7886=DIRECTION('',(6.12323399573677E-17,1.,-1.90572866129757E-14));
#7887=DIRECTION('',(-1.,-1.83697019872103E-16,5.95262590347171E-13));
#7888=DIRECTION('',(1.83697019872103E-16,-1.,-1.48784233447633E-46));
#7889=DIRECTION('',(1.,1.83697019872103E-16,-5.95262590347171E-13));
#7890=DIRECTION('',(-1.83697019872103E-16,1.,-1.90572866129756E-14));
#7891=DIRECTION('center_axis',(-5.95262590347171E-13,-1.90572866129757E-14,
-1.));
#7892=DIRECTION('ref_axis',(2.39517841810622E-16,-1.,1.90572866129756E-14));
#7893=DIRECTION('center_axis',(-5.95262590347171E-13,-1.90572866129757E-14,
-1.));
#7894=DIRECTION('ref_axis',(8.08507141920832E-16,-1.,1.90572866129752E-14));
#7895=DIRECTION('',(1.,1.84006690556744E-16,-5.95262590347171E-13));
#7896=DIRECTION('center_axis',(-5.95262590347171E-13,-2.0972421330454E-14,
-1.));
#7897=DIRECTION('ref_axis',(-0.707106781186548,0.707106781186547,4.06084472880489E-13));
#7898=DIRECTION('',(-1.84006690569228E-16,1.,-2.09724213304539E-14));
#7899=DIRECTION('center_axis',(-5.95262590347171E-13,-2.03340430912946E-14,
-1.));
#7900=DIRECTION('ref_axis',(-0.707106781186547,-0.707106781186548,4.35292553979948E-13));
#7901=DIRECTION('',(-1.,-3.56147636612125E-16,5.95262590347171E-13));
#7902=DIRECTION('center_axis',(-5.95262590347171E-13,-2.03340430912946E-14,
-1.));
#7903=DIRECTION('ref_axis',(0.707106781186548,-0.707106781186547,-4.06535874462361E-13));
#7904=DIRECTION('',(1.84006690569228E-16,-1.,2.09724213304539E-14));
#7905=DIRECTION('center_axis',(-5.95262590347171E-13,-2.0972421330454E-14,
-1.));
#7906=DIRECTION('ref_axis',(0.707106781186548,0.707106781186547,-4.3574395556182E-13));
#7907=DIRECTION('center_axis',(-5.95262590347171E-13,-1.90572866129757E-14,
-1.));
#7908=DIRECTION('ref_axis',(2.39517841810622E-16,-1.,1.90572866129756E-14));
#7909=DIRECTION('center_axis',(-5.95262590347171E-13,-1.90572866129757E-14,
-1.));
#7910=DIRECTION('ref_axis',(1.,-1.13440897942284E-26,-5.95262590347171E-13));
#7911=DIRECTION('center_axis',(-4.2152516741532E-13,0.707106781186531,-0.707106781186564));
#7912=DIRECTION('ref_axis',(-1.,-5.96511986625686E-13,-3.85377985337156E-16));
#7913=DIRECTION('',(1.,8.64018293150808E-16,-5.95262590347171E-13));
#7914=DIRECTION('',(4.19597116888295E-13,0.707106781112479,0.707106781260616));
#7915=DIRECTION('center_axis',(1.,-2.4787153766434E-13,3.35938353040345E-16));
#7916=DIRECTION('ref_axis',(1.75509189433085E-13,0.70710678118654,-0.707106781186555));
#7917=DIRECTION('',(1.,-2.4787153766434E-13,3.35938353040345E-16));
#7918=DIRECTION('center_axis',(1.,-2.48505950825465E-13,3.85377985340161E-16));
#7919=DIRECTION('ref_axis',(3.85377985337461E-16,-1.08663078535189E-14,
-1.));
#7920=DIRECTION('',(1.,-2.4787153766434E-13,3.35938353040345E-16));
#7921=DIRECTION('center_axis',(-1.,-1.84006690569185E-16,-3.35938353037391E-16));
#7922=DIRECTION('ref_axis',(-1.07431908808218E-16,-0.70710678118654,0.707106781186555));
#7923=DIRECTION('',(1.,1.84006690569185E-16,3.35938353037391E-16));
#7924=DIRECTION('center_axis',(1.,1.84006690569185E-16,3.85377985337458E-16));
#7925=DIRECTION('ref_axis',(-3.85377985337462E-16,1.91097138113604E-14,
1.));
#7926=DIRECTION('',(-1.,-1.84006690569185E-16,-3.35938353037391E-16));
#7927=DIRECTION('center_axis',(-1.,2.47463574763457E-13,-3.57622409721708E-16));
#7928=DIRECTION('ref_axis',(-2.134679854412E-13,-0.861891038463223,0.507093519793724));
#7929=DIRECTION('',(1.,-2.4787153766434E-13,3.57622409721713E-16));
#7930=DIRECTION('center_axis',(1.,-2.61828627120964E-13,-8.03301936482605E-15));
#7931=DIRECTION('ref_axis',(-1.20151578453689E-13,-0.485712324366444,0.874118720745956));
#7932=DIRECTION('center_axis',(2.4787153766434E-13,1.,-1.24126899366314E-14));
#7933=DIRECTION('ref_axis',(2.24916063809609E-16,-1.24126899366315E-14,
-1.));
#7934=DIRECTION('',(-2.33466842499676E-15,-1.24126899366308E-14,-1.));
#7935=DIRECTION('center_axis',(3.35938353037393E-16,-1.1268763706503E-14,
-1.));
#7936=DIRECTION('ref_axis',(1.,-2.47871537666467E-13,3.35938353040186E-16));
#7937=DIRECTION('',(-2.48259949664669E-13,-1.,1.19071419456624E-14));
#7938=DIRECTION('center_axis',(8.64018293152093E-16,-1.,2.15799600411524E-15));
#7939=DIRECTION('ref_axis',(-3.57622405704895E-16,2.15799600411524E-15,
1.));
#7940=DIRECTION('center_axis',(-8.64018293152093E-16,1.,-2.15799600411524E-15));
#7941=DIRECTION('ref_axis',(0.707106781186549,-9.14980414126283E-16,-0.707106781186546));
#7942=DIRECTION('',(-3.85377985339874E-16,2.15799600411524E-15,1.));
#7943=DIRECTION('center_axis',(-1.97489102590704E-16,-1.08570559949802E-14,
-1.));
#7944=DIRECTION('ref_axis',(1.,-2.47633632734689E-13,-1.97489102588015E-16));
#7945=DIRECTION('',(1.97489102590704E-16,1.08570559949802E-14,1.));
#7946=DIRECTION('',(1.97489102590704E-16,1.08570559949802E-14,1.));
#7947=DIRECTION('',(1.97489102590704E-16,1.08570559949802E-14,1.));
#7948=DIRECTION('center_axis',(-1.97489102590704E-16,-1.08570559949802E-14,
-1.));
#7949=DIRECTION('ref_axis',(1.,-2.47633632734689E-13,-1.97489102588015E-16));
#7950=DIRECTION('',(1.97489102590704E-16,1.08570559949802E-14,1.));
#7951=DIRECTION('',(1.97489102590704E-16,1.08570559949802E-14,1.));
#7952=DIRECTION('',(1.97489102590704E-16,1.08570559949802E-14,1.));
#7953=DIRECTION('',(1.97489102590704E-16,1.08570559949802E-14,1.));
#7954=DIRECTION('center_axis',(-1.97489102590704E-16,-1.08570559949802E-14,
-1.));
#7955=DIRECTION('ref_axis',(1.,-2.47633632734689E-13,-1.97489102588015E-16));
#7956=DIRECTION('center_axis',(-0.707106781186969,-1.59179026418921E-14,
-0.707106781186126));
#7957=DIRECTION('ref_axis',(-0.707106781186126,0.,0.707106781186969));
#7958=DIRECTION('',(0.678598344545352,-0.281084637715277,-0.678598344546153));
#7959=DIRECTION('',(-3.45402718773405E-15,1.,-1.90572866129736E-14));
#7960=DIRECTION('',(0.707106781186067,-1.57009245868391E-14,-0.707106781187029));
#7961=DIRECTION('center_axis',(5.93969318174421E-13,2.22044604925017E-14,
1.));
#7962=DIRECTION('ref_axis',(-0.707106781186549,0.707106781186546,4.04298808111047E-13));
#7963=DIRECTION('',(-4.1834700379401E-13,-0.707106781186555,-0.70710678118654));
#7964=DIRECTION('center_axis',(-5.95262590347171E-13,-1.90572866129757E-14,
-1.));
#7965=DIRECTION('ref_axis',(-0.707106781186549,0.707106781186546,4.07438677626105E-13));
#7966=DIRECTION('center_axis',(-4.2148591510384E-13,0.707106781186541,-0.707106781186554));
#7967=DIRECTION('ref_axis',(-1.,0.,5.9607109748908E-13));
#7968=DIRECTION('',(1.,8.08507141909489E-16,-5.95262590347171E-13));
#7969=DIRECTION('',(-4.26404057084621E-13,-0.707106781186554,-0.707106781186541));
#7970=DIRECTION('center_axis',(-5.95079541199084E-13,-1.90719043287001E-14,
-1.));
#7971=DIRECTION('ref_axis',(-0.707106781186549,0.707106781186546,4.07298906046288E-13));
#7972=DIRECTION('',(5.95079541199084E-13,1.90719043287001E-14,1.));
#7973=DIRECTION('center_axis',(-1.97489111866807E-16,-1.14954342341396E-14,
-1.));
#7974=DIRECTION('ref_axis',(-0.707106781186549,0.707106781186546,-7.98885360943255E-15));
#7975=DIRECTION('',(-5.95079541199084E-13,-1.90719043287001E-14,-1.));
#7976=DIRECTION('center_axis',(-1.,-3.45402718772271E-15,5.95079541199084E-13));
#7977=DIRECTION('ref_axis',(5.95079541199084E-13,0.,1.));
#7978=DIRECTION('',(-5.95079541199082E-13,-6.06323296873181E-13,-1.));
#7979=DIRECTION('center_axis',(1.,3.45402718772271E-15,-5.95079541199084E-13));
#7980=DIRECTION('ref_axis',(-3.45402718737523E-15,1.,5.8392719846251E-13));
#7981=DIRECTION('',(3.45402718772917E-15,-1.,1.08570559949802E-14));
#7982=DIRECTION('',(-5.95079541199084E-13,-1.15662279056296E-14,-1.));
#7983=DIRECTION('',(-3.45402718772955E-15,1.,-1.14954342341396E-14));
#7984=DIRECTION('center_axis',(1.92075306344939E-9,0.740593828790994,-0.671952960226158));
#7985=DIRECTION('ref_axis',(-1.,7.55664975038403E-11,-2.77517786528847E-9));
#7986=DIRECTION('center_axis',(-0.671952962190176,-0.740593827009008,1.03557643742013E-14));
#7987=DIRECTION('ref_axis',(1.11022302462514E-15,1.29757316003065E-14,1.));
#7988=DIRECTION('center_axis',(-1.97489102590704E-16,-1.08570559949802E-14,
-1.));
#7989=DIRECTION('ref_axis',(-1.,0.,0.));
#7990=DIRECTION('center_axis',(-0.707106781186723,-0.707106781186372,7.6542007360815E-15));
#7991=DIRECTION('ref_axis',(-1.41994962939782E-29,1.08246744900953E-14,
1.));
#7992=DIRECTION('center_axis',(1.97489102590704E-16,1.08570559949802E-14,
1.));
#7993=DIRECTION('ref_axis',(-0.791955931105107,0.610578253123581,-6.47267961735458E-15));
#7994=DIRECTION('center_axis',(-1.97489102590704E-16,-1.08570559949802E-14,
-1.));
#7995=DIRECTION('ref_axis',(-0.791955931105107,0.610578253123581,-6.47267961735458E-15));
#7996=DIRECTION('center_axis',(0.707106781186723,0.707106781186372,-7.816743801423E-15));
#7997=DIRECTION('ref_axis',(-0.499999999999876,0.500000000000132,0.707106781186542));
#7998=DIRECTION('',(-0.707106781186723,-0.707106781186372,7.816743801423E-15));
#7999=DIRECTION('',(0.707106781186723,0.707106781186372,-7.816743801423E-15));
#8000=DIRECTION('center_axis',(1.,-2.47633632734689E-13,3.85377985340251E-16));
#8001=DIRECTION('ref_axis',(2.22044604925031E-16,0.,-1.));
#8002=DIRECTION('center_axis',(-5.49737443326655E-28,-2.22044604925031E-15,
-1.));
#8003=DIRECTION('ref_axis',(-1.,2.47579734491754E-13,-8.07147915451095E-43));
#8004=DIRECTION('center_axis',(1.,-2.47633632734689E-13,3.85377985340251E-16));
#8005=DIRECTION('ref_axis',(-2.47633632734689E-13,-1.,1.30290595950771E-15));
#8006=DIRECTION('center_axis',(-1.,2.47633632734689E-13,-3.85377985340251E-16));
#8007=DIRECTION('ref_axis',(-2.47633632734689E-13,-1.,1.30290595950771E-15));
#8008=DIRECTION('center_axis',(3.85377985339873E-16,-1.52655665884263E-15,
-1.));
#8009=DIRECTION('ref_axis',(-0.707106781186443,0.707106781186652,-1.35194195208706E-15));
#8010=DIRECTION('center_axis',(5.30696293448137E-16,-1.13258168275999E-14,
-1.));
#8011=DIRECTION('ref_axis',(-0.707106781186443,0.707106781186652,-8.38382082912147E-15));
#8012=DIRECTION('',(3.85377985339873E-16,-1.52655665884263E-15,-1.));
#8013=DIRECTION('',(-3.85377985339873E-16,1.52655665884263E-15,1.));
#8014=DIRECTION('center_axis',(1.,-4.82720211209254E-14,-1.9748910259018E-16));
#8015=DIRECTION('ref_axis',(-3.42731193598388E-14,-0.707106781186552,-0.707106781186543));
#8016=DIRECTION('',(1.,-4.82720211209254E-14,-1.9748910259018E-16));
#8017=DIRECTION('',(-1.,4.82720211209254E-14,1.9748910259018E-16));
#8018=DIRECTION('center_axis',(4.82720211209254E-14,1.,-1.52655665884261E-15));
#8019=DIRECTION('ref_axis',(-1.,4.82720211209254E-14,-2.46600107258928E-16));
#8020=DIRECTION('',(1.,-4.82720211209254E-14,5.30696293448684E-16));
#8021=DIRECTION('',(9.61824991397721E-16,-1.52655665884266E-15,-1.));
#8022=DIRECTION('center_axis',(-4.82720211209254E-14,-1.,1.52655665884261E-15));
#8023=DIRECTION('ref_axis',(-3.67955222527823E-15,-1.52655665884243E-15,
-1.));
#8024=DIRECTION('center_axis',(-5.30696293448137E-16,1.13258168275999E-14,
1.));
#8025=DIRECTION('ref_axis',(1.,1.19708520053965E-15,5.30696293448123E-16));
#8026=DIRECTION('',(-2.47633632734689E-13,-1.,1.19641950667592E-14));
#8027=DIRECTION('',(1.,-3.54540638251946E-14,5.3069629344856E-16));
#8028=DIRECTION('center_axis',(-5.30696293448136E-16,1.19641950667593E-14,
1.));
#8029=DIRECTION('ref_axis',(0.70710678118645,-0.707106781186645,8.835222410993E-15));
#8030=DIRECTION('',(2.47359514891141E-13,1.,-1.19641950667592E-14));
#8031=DIRECTION('center_axis',(-5.30696293448137E-16,1.13258168275999E-14,
1.));
#8032=DIRECTION('ref_axis',(1.,-2.48505950825466E-13,5.30696293450952E-16));
#8033=DIRECTION('',(-1.,2.48895196985511E-13,-5.30696293450956E-16));
#8034=DIRECTION('',(-2.46970142308068E-13,-1.,1.13258168275997E-14));
#8035=DIRECTION('',(-1.,2.47633632734689E-13,-5.30696293451099E-16));
#8036=DIRECTION('',(2.46970142308068E-13,1.,-1.19641950667592E-14));
#8037=DIRECTION('center_axis',(5.30696293448136E-16,-1.19641950667593E-14,
-1.));
#8038=DIRECTION('ref_axis',(2.39517841800458E-16,-1.,1.19641950667593E-14));
#8039=DIRECTION('center_axis',(-1.,2.47633632734689E-13,-3.85377985340251E-16));
#8040=DIRECTION('ref_axis',(-3.85377985337462E-16,1.12646850910399E-14,
1.));
#8041=DIRECTION('',(-3.85377985337562E-16,1.08583776890572E-14,1.));
#8042=DIRECTION('',(2.47633632734689E-13,1.,-1.90572866131231E-14));
#8043=DIRECTION('',(3.85377985339874E-16,-2.15799600411524E-15,-1.));
#8044=DIRECTION('',(2.47633632734689E-13,1.,-2.1515440501344E-15));
#8045=DIRECTION('',(-2.47519085914688E-13,-1.,1.31643918765191E-14));
#8046=DIRECTION('',(-3.85377985192538E-16,5.9713294727975E-13,1.));
#8047=DIRECTION('center_axis',(-0.500000000000197,0.50000000000001,-0.707106781186401));
#8048=DIRECTION('ref_axis',(-0.816496580927563,0.,0.577350269189857));
#8049=DIRECTION('',(-0.499999999999551,0.500000000000242,0.707106781186694));
#8050=DIRECTION('',(0.707106781186723,0.707106781186372,-4.34389750816306E-13));
#8051=DIRECTION('center_axis',(-0.707106781186372,0.707106781186723,-7.95053588337111E-15));
#8052=DIRECTION('ref_axis',(-0.707106781186723,-0.707106781186372,-2.23437997418269E-16));
#8053=DIRECTION('',(3.85377985337562E-16,-1.08583776890572E-14,-1.));
#8054=DIRECTION('center_axis',(-1.97489102590704E-16,-1.08570559949802E-14,
-1.));
#8055=DIRECTION('ref_axis',(1.,-2.47633632734689E-13,-1.97489102588015E-16));
#8056=DIRECTION('',(-2.46970142308068E-13,-1.,1.21338124732991E-14));
#8057=DIRECTION('',(-1.,2.47633632734689E-13,1.974891025877E-16));
#8058=DIRECTION('',(-2.44319239038196E-13,-1.,2.01818429721094E-14));
#8059=DIRECTION('',(-1.,2.48895196985511E-13,1.97489102588002E-16));
#8060=DIRECTION('center_axis',(-1.97489102590704E-16,-1.14954342341396E-14,
-1.));
#8061=DIRECTION('ref_axis',(1.,-2.48505950825466E-13,-1.97489102587847E-16));
#8062=DIRECTION('',(-2.47359514891141E-13,-1.,1.08570559949802E-14));
#8063=DIRECTION('center_axis',(-1.97489102590704E-16,-1.08570559949802E-14,
-1.));
#8064=DIRECTION('ref_axis',(0.99144486137386,0.130526192219678,-1.61292973368148E-15));
#8065=DIRECTION('',(0.258819045102029,-0.9659258262892,1.04359968420688E-14));
#8066=DIRECTION('center_axis',(-1.97489102590704E-16,-1.08570559949802E-14,
-1.));
#8067=DIRECTION('ref_axis',(0.793353340291083,-0.60876142900892,6.45267828312258E-15));
#8068=DIRECTION('',(1.,4.25019846697362E-15,-1.97489102590751E-16));
#8069=DIRECTION('center_axis',(1.97489102590704E-16,1.08570559949802E-14,
1.));
#8070=DIRECTION('ref_axis',(-0.707106781186543,-0.707106781186552,7.81674380142494E-15));
#8071=DIRECTION('center_axis',(1.97489102590704E-16,1.08570559949802E-14,
1.));
#8072=DIRECTION('ref_axis',(1.,-2.14415024522566E-30,-1.97489102590704E-16));
#8073=DIRECTION('center_axis',(1.97489102590704E-16,1.08570559949802E-14,
1.));
#8074=DIRECTION('ref_axis',(1.,-2.14415024522566E-30,-1.97489102590704E-16));
#8075=DIRECTION('',(1.,-6.12323399573677E-17,-1.97489102590704E-16));
#8076=DIRECTION('',(-6.12323399573655E-17,-1.,1.08570559949802E-14));
#8077=DIRECTION('',(-1.,6.12323399573677E-17,1.97489102590704E-16));
#8078=DIRECTION('',(6.12323399573677E-17,1.,-1.08570559949802E-14));
#8079=DIRECTION('',(1.,1.83697019872103E-16,-1.97489102590706E-16));
#8080=DIRECTION('',(1.83697019872105E-16,-1.,1.08570559949802E-14));
#8081=DIRECTION('',(-1.,-1.83697019872103E-16,1.97489102590706E-16));
#8082=DIRECTION('',(-1.83697019872103E-16,1.,-1.08570559949802E-14));
#8083=DIRECTION('center_axis',(2.47359514891141E-13,1.,-1.08570559949802E-14));
#8084=DIRECTION('ref_axis',(0.707106781186546,-1.67232492452768E-13,0.707106781186549));
#8085=DIRECTION('center_axis',(-2.48689957516035E-13,-1.,1.33226762955019E-14));
#8086=DIRECTION('ref_axis',(1.,-2.48689957516035E-13,0.));
#8087=DIRECTION('',(2.47359514891141E-13,1.,-1.08570559949802E-14));
#8088=DIRECTION('center_axis',(-1.97489102590704E-16,-1.08570559949802E-14,
-1.));
#8089=DIRECTION('ref_axis',(-1.,0.,1.77635683940025E-16));
#8090=DIRECTION('center_axis',(0.258819045102029,-0.9659258262892,8.57914473940947E-15));
#8091=DIRECTION('ref_axis',(0.9659258262892,0.258819045102029,-4.44089209850065E-15));
#8092=DIRECTION('center_axis',(1.97489102590704E-16,1.08570559949802E-14,
1.));
#8093=DIRECTION('ref_axis',(0.99144486137386,0.130526192219678,-1.61292973368148E-15));
#8094=DIRECTION('center_axis',(-0.258819045102029,0.9659258262892,-1.04359968420688E-14));
#8095=DIRECTION('ref_axis',(0.683012701892314,0.18301270189188,0.707106781186544));
#8096=DIRECTION('center_axis',(-0.18301270189187,0.683012701892322,0.707106781186539));
#8097=DIRECTION('ref_axis',(0.183012701891873,-0.683012701892303,0.707106781186556));
#8098=DIRECTION('',(-0.258819045102029,0.9659258262892,-1.04359968420688E-14));
#8099=DIRECTION('center_axis',(0.9659258262892,0.258819045102029,-4.8304230549795E-15));
#8100=DIRECTION('ref_axis',(-0.258819045102029,0.9659258262892,-5.86610882546939E-15));
#8101=DIRECTION('',(1.90166050334252E-15,1.15662279056271E-14,1.));
#8102=DIRECTION('',(-3.85377985332662E-16,2.01015717442458E-14,1.));
#8103=DIRECTION('',(0.258819045102029,-0.9659258262892,-1.35657369900146E-13));
#8104=DIRECTION('',(1.09479432864987E-16,-1.97102825678591E-14,-1.));
#8105=DIRECTION('',(-0.258819045103362,0.965925826288843,-1.10526228681552E-14));
#8106=DIRECTION('center_axis',(-3.85377985332662E-16,2.01015717442458E-14,
1.));
#8107=DIRECTION('ref_axis',(0.99144486137386,0.130526192219677,-2.24170059416238E-15));
#8108=DIRECTION('',(3.85377985332662E-16,-2.01015717442458E-14,-1.));
#8109=DIRECTION('center_axis',(-5.95262590347171E-13,-1.90572866129757E-14,
-1.));
#8110=DIRECTION('ref_axis',(0.99144486137386,0.130526192219677,-5.92657511423426E-13));
#8111=DIRECTION('center_axis',(-1.,2.47359514891141E-13,-3.85377985337634E-16));
#8112=DIRECTION('ref_axis',(-2.47359514891141E-13,-1.,7.07767178198539E-16));
#8113=DIRECTION('',(-3.85377985332754E-16,2.03701138894182E-14,1.));
#8114=DIRECTION('',(-3.85377985189733E-16,5.99196709367026E-13,1.));
#8115=DIRECTION('',(2.47359514891141E-13,1.,-1.25260136373596E-14));
#8116=DIRECTION('',(-3.85377985334719E-16,1.24206200879941E-14,1.));
#8117=DIRECTION('',(-2.47359514891141E-13,-1.,1.90572866131229E-14));
#8118=DIRECTION('center_axis',(0.,-1.,2.11471052309546E-14));
#8119=DIRECTION('ref_axis',(2.46600107259324E-16,-2.11471052309546E-14,
-1.));
#8120=DIRECTION('center_axis',(-1.84006690569178E-16,1.,-2.04821404375337E-14));
#8121=DIRECTION('ref_axis',(2.46600107259325E-16,-2.04821404375337E-14,
-1.));
#8122=DIRECTION('',(-2.60968213707947E-16,-0.707106781186533,0.707106781186562));
#8123=DIRECTION('center_axis',(-1.84006690569178E-16,1.,-2.04821404375337E-14));
#8124=DIRECTION('ref_axis',(-3.85377985337463E-16,2.04821404375337E-14,
1.));
#8125=DIRECTION('center_axis',(-1.84006690569178E-16,1.,-2.04821404375337E-14));
#8126=DIRECTION('ref_axis',(-3.85377985337463E-16,2.04821404375337E-14,
1.));
#8127=DIRECTION('center_axis',(-2.47955027794474E-13,-1.,1.14797512598799E-14));
#8128=DIRECTION('ref_axis',(2.46600107259323E-16,-1.147975125988E-14,-1.));
#8129=DIRECTION('center_axis',(-1.84006690569177E-16,1.,-2.04821404375337E-14));
#8130=DIRECTION('ref_axis',(2.46600107259325E-16,-2.04821404375337E-14,
-1.));
#8131=DIRECTION('',(-2.47955027794474E-13,-1.,1.14797512598799E-14));
#8132=DIRECTION('center_axis',(0.,1.,0.));
#8133=DIRECTION('ref_axis',(-0.599413345631309,0.,-0.800439654864176));
#8134=DIRECTION('',(-1.92087456610393E-13,-1.,1.06092383555549E-14));
#8135=DIRECTION('center_axis',(1.92276546533764E-13,1.,-1.06529759545368E-14));
#8136=DIRECTION('ref_axis',(-0.599413345631309,1.06726063647912E-13,-0.800439654864176));
#8137=DIRECTION('',(0.,1.,0.));
#8138=DIRECTION('center_axis',(0.,1.,0.));
#8139=DIRECTION('ref_axis',(1.,0.,0.));
#8140=DIRECTION('center_axis',(1.92276546533764E-13,1.,-1.06529759545368E-14));
#8141=DIRECTION('ref_axis',(1.,-1.92276546533764E-13,2.04831742684556E-27));
#8142=DIRECTION('',(0.,-1.,0.));
#8143=DIRECTION('center_axis',(0.,-1.,0.));
#8144=DIRECTION('ref_axis',(0.599413345625743,0.,-0.800439654868344));
#8145=DIRECTION('center_axis',(1.92276546533764E-13,1.,-1.06529759545368E-14));
#8146=DIRECTION('ref_axis',(0.599413345625743,-1.23780192439538E-13,-0.800439654868344));
#8147=DIRECTION('',(1.92087456610393E-13,1.,-1.06092383555549E-14));
#8148=DIRECTION('center_axis',(0.,-1.,0.));
#8149=DIRECTION('ref_axis',(0.599413345626028,0.,-0.80043965486813));
#8150=DIRECTION('center_axis',(1.92276546533764E-13,1.,-1.06529759545368E-14));
#8151=DIRECTION('ref_axis',(0.599413345626028,-1.2378019243959E-13,-0.80043965486813));
#8152=DIRECTION('',(1.92087456610393E-13,1.,-1.06092383555549E-14));
#8153=DIRECTION('',(0.,-1.,0.));
#8154=DIRECTION('center_axis',(0.,1.,0.));
#8155=DIRECTION('ref_axis',(1.,0.,0.));
#8156=DIRECTION('',(0.,1.,0.));
#8157=DIRECTION('center_axis',(1.92276546533764E-13,1.,-1.06529759545368E-14));
#8158=DIRECTION('ref_axis',(1.,-1.92276546533764E-13,2.04831742684556E-27));
#8159=DIRECTION('center_axis',(0.,1.,0.));
#8160=DIRECTION('ref_axis',(-0.599413345631023,0.,-0.80043965486439));
#8161=DIRECTION('',(-1.92087456610393E-13,-1.,1.06092383555549E-14));
#8162=DIRECTION('center_axis',(1.92276546533764E-13,1.,-1.06529759545368E-14));
#8163=DIRECTION('ref_axis',(-0.599413345631023,1.06726063647854E-13,-0.80043965486439));
#8164=DIRECTION('center_axis',(-1.92276546533764E-13,-1.,1.06529759545368E-14));
#8165=DIRECTION('ref_axis',(-5.24155863415615E-16,1.06529759545369E-14,
1.));
#8166=DIRECTION('',(1.,-1.92276546533764E-13,3.57622409721496E-16));
#8167=DIRECTION('center_axis',(1.92276546533764E-13,1.,-1.06529759545368E-14));
#8168=DIRECTION('ref_axis',(0.707106781186555,-1.28427258379887E-13,0.70710678118654));
#8169=DIRECTION('',(-5.24155863415615E-16,1.06529759545369E-14,1.));
#8170=DIRECTION('center_axis',(1.92276546533764E-13,1.,-1.06529759545368E-14));
#8171=DIRECTION('ref_axis',(-1.,1.92276546533764E-13,-5.24155863417663E-16));
#8172=DIRECTION('',(5.24155863415615E-16,-1.06529759545369E-14,-1.));
#8173=DIRECTION('center_axis',(1.92276546533764E-13,1.,-1.06529759545368E-14));
#8174=DIRECTION('ref_axis',(-0.707106781186555,1.43492841454427E-13,0.70710678118654));
#8175=DIRECTION('center_axis',(-1.92276546533764E-13,-1.,1.06529759545368E-14));
#8176=DIRECTION('ref_axis',(-5.24155863415615E-16,1.06529759545369E-14,
1.));
#8177=DIRECTION('center_axis',(-1.92276546533764E-13,-1.,1.06529759545368E-14));
#8178=DIRECTION('ref_axis',(-5.24155863415615E-16,1.06529759545369E-14,
1.));
#8179=DIRECTION('center_axis',(1.92276546533764E-13,1.,-1.06529759545368E-14));
#8180=DIRECTION('ref_axis',(-1.,1.92276546533764E-13,-5.24155863417663E-16));
#8181=DIRECTION('',(5.24155863415615E-16,-1.06529759545369E-14,-1.));
#8182=DIRECTION('center_axis',(1.92276546533764E-13,1.,-1.06529759545368E-14));
#8183=DIRECTION('ref_axis',(-0.707106781186555,1.43492841454427E-13,0.70710678118654));
#8184=DIRECTION('',(1.,-1.92276546533764E-13,3.57622409721496E-16));
#8185=DIRECTION('center_axis',(1.92276546533764E-13,1.,-1.06529759545368E-14));
#8186=DIRECTION('ref_axis',(-0.707106790364536,1.43492843121365E-13,0.707106772008559));
#8187=DIRECTION('',(-2.595925313904E-8,1.06529809458923E-14,1.));
#8188=DIRECTION('center_axis',(1.92276546533764E-13,1.,-1.06529759545368E-14));
#8189=DIRECTION('ref_axis',(-0.377964497042553,8.25364473602947E-14,0.925820089960987));
#8190=DIRECTION('center_axis',(-1.92276546533764E-13,-1.,1.06529759545368E-14));
#8191=DIRECTION('ref_axis',(-5.24155863415615E-16,1.06529759545369E-14,
1.));
#8192=DIRECTION('center_axis',(9.75247521700721E-18,0.707106781186555,0.70710678118654));
#8193=DIRECTION('ref_axis',(1.,-1.77185554883626E-32,-1.37920827185992E-17));
#8194=DIRECTION('',(-0.577350269189622,0.577350269189628,-0.577350269189628));
#8195=DIRECTION('',(-1.,-1.83697019872103E-16,1.97489102590706E-16));
#8196=DIRECTION('center_axis',(9.75247521700721E-18,0.707106781186555,0.70710678118654));
#8197=DIRECTION('ref_axis',(-2.62181469722993E-16,0.70710678118654,-0.707106781186555));
#8198=DIRECTION('',(-0.60693372742057,-0.56197484397407,0.561974843974082));
#8199=DIRECTION('center_axis',(-0.707106781186544,7.54720450933726E-15,
0.707106781186551));
#8200=DIRECTION('ref_axis',(0.707106781186551,0.,0.707106781186544));
#8201=DIRECTION('',(-0.577350269189637,-0.57735026918963,-0.577350269189611));
#8202=DIRECTION('',(1.83697019872103E-16,-1.,1.08570559949802E-14));
#8203=DIRECTION('center_axis',(2.69539292087658E-16,-0.707106781186548,
0.707106781186548));
#8204=DIRECTION('ref_axis',(1.,-6.65601388780229E-31,-3.81186122462809E-16));
#8205=DIRECTION('',(1.,1.83697019872103E-16,-1.97489102590706E-16));
#8206=DIRECTION('',(-0.606933727420702,0.561974843974004,0.561974843974004));
#8207=DIRECTION('center_axis',(2.69539292087658E-16,-0.707106781186548,
0.707106781186548));
#8208=DIRECTION('ref_axis',(7.49089913494259E-17,-0.707106781186547,-0.707106781186547));
#8209=DIRECTION('center_axis',(0.67940749152524,1.24805131471968E-16,0.733761173992861));
#8210=DIRECTION('ref_axis',(0.733761173992861,0.,-0.67940749152524));
#8211=DIRECTION('',(-1.83697019872103E-16,1.,1.48784233447633E-46));
#8212=DIRECTION('center_axis',(-1.83697019872103E-16,1.,1.48784233447633E-46));
#8213=DIRECTION('ref_axis',(7.85394231321115E-31,-4.50965372920307E-48,
1.));
#8214=DIRECTION('center_axis',(1.83697019872103E-16,-1.,-1.48784233447633E-46));
#8215=DIRECTION('ref_axis',(-0.438202247188319,-8.04964469097528E-17,-0.898876404495695));
#8216=DIRECTION('center_axis',(1.83697019872103E-16,-1.,-1.48784233447633E-46));
#8217=DIRECTION('ref_axis',(-0.130434782603601,-2.39604808519471E-17,-0.991456891391225));
#8218=DIRECTION('center_axis',(-1.83697019872103E-16,1.,1.48784233447633E-46));
#8219=DIRECTION('ref_axis',(0.130434782603601,2.39604808519471E-17,0.991456891391225));
#8220=DIRECTION('',(-2.00295542864815E-13,-3.67936943179315E-29,-1.));
#8221=DIRECTION('center_axis',(-1.83697019872103E-16,1.,1.48784233447633E-46));
#8222=DIRECTION('ref_axis',(1.,1.83697019872103E-16,-7.85394231321115E-31));
#8223=DIRECTION('center_axis',(1.83697019872103E-16,-1.,-1.48784233447633E-46));
#8224=DIRECTION('ref_axis',(-0.438202247196758,-8.0496446911303E-17,0.89887640449158));
#8225=DIRECTION('center_axis',(1.83697019872103E-16,-1.,-1.48784233447633E-46));
#8226=DIRECTION('ref_axis',(-0.438202247188319,-8.04964469097528E-17,-0.898876404495695));
#8227=DIRECTION('center_axis',(1.83697019872103E-16,-1.,-1.48784233447633E-46));
#8228=DIRECTION('ref_axis',(-0.130434782603601,-2.39604808519471E-17,-0.991456891391225));
#8229=DIRECTION('center_axis',(-1.83697019872103E-16,1.,1.48784233447633E-46));
#8230=DIRECTION('ref_axis',(0.130434782603602,2.39604808519473E-17,0.991456891391225));
#8231=DIRECTION('',(-2.00295542864814E-13,-3.67936943179314E-29,-1.));
#8232=DIRECTION('center_axis',(-1.83697019872103E-16,1.,1.48784233447633E-46));
#8233=DIRECTION('ref_axis',(1.,1.83697019872103E-16,-7.85394231321115E-31));
#8234=DIRECTION('center_axis',(1.83697019872103E-16,-1.,-1.48784233447633E-46));
#8235=DIRECTION('ref_axis',(-0.438202247196758,-8.04964469113031E-17,0.89887640449158));
#8236=DIRECTION('center_axis',(1.83697019872103E-16,-1.,-1.48784233447633E-46));
#8237=DIRECTION('ref_axis',(-0.438202247188319,-8.04964469097528E-17,-0.898876404495695));
#8238=DIRECTION('center_axis',(1.83697019872103E-16,-1.,-1.48784233447633E-46));
#8239=DIRECTION('ref_axis',(-0.130434782603601,-2.39604808519471E-17,-0.991456891391225));
#8240=DIRECTION('center_axis',(-1.83697019872103E-16,1.,1.48784233447633E-46));
#8241=DIRECTION('ref_axis',(0.130434782603602,2.39604808519473E-17,0.991456891391225));
#8242=DIRECTION('',(-2.00295542864814E-13,-3.67936943179314E-29,-1.));
#8243=DIRECTION('center_axis',(-1.83697019872103E-16,1.,1.48784233447633E-46));
#8244=DIRECTION('ref_axis',(1.,1.83697019872103E-16,-7.85394231321115E-31));
#8245=DIRECTION('center_axis',(1.83697019872103E-16,-1.,-1.48784233447633E-46));
#8246=DIRECTION('ref_axis',(-0.438202247196758,-8.04964469113031E-17,0.89887640449158));
#8247=DIRECTION('center_axis',(1.83697019872103E-16,-1.,-1.48784233447633E-46));
#8248=DIRECTION('ref_axis',(-0.438202247188319,-8.04964469097528E-17,-0.898876404495695));
#8249=DIRECTION('center_axis',(1.83697019872103E-16,-1.,-1.48784233447633E-46));
#8250=DIRECTION('ref_axis',(-0.130434782603601,-2.39604808519471E-17,-0.991456891391225));
#8251=DIRECTION('center_axis',(-1.83697019872103E-16,1.,1.48784233447633E-46));
#8252=DIRECTION('ref_axis',(0.130434782603602,2.39604808519473E-17,0.991456891391225));
#8253=DIRECTION('',(-2.00295542864814E-13,-3.67936943179314E-29,-1.));
#8254=DIRECTION('center_axis',(-1.83697019872103E-16,1.,1.48784233447633E-46));
#8255=DIRECTION('ref_axis',(1.,1.83697019872103E-16,-7.85394231321115E-31));
#8256=DIRECTION('center_axis',(1.83697019872103E-16,-1.,-1.48784233447633E-46));
#8257=DIRECTION('ref_axis',(-0.438202247196758,-8.04964469113031E-17,0.89887640449158));
#8258=DIRECTION('center_axis',(1.83697019872103E-16,-1.,-1.48784233447633E-46));
#8259=DIRECTION('ref_axis',(-0.438202247188319,-8.04964469097528E-17,-0.898876404495695));
#8260=DIRECTION('center_axis',(1.83697019872103E-16,-1.,-1.48784233447633E-46));
#8261=DIRECTION('ref_axis',(-0.130434782603601,-2.39604808519471E-17,-0.991456891391225));
#8262=DIRECTION('center_axis',(-1.83697019872103E-16,1.,1.48784233447633E-46));
#8263=DIRECTION('ref_axis',(0.130434782603601,2.39604808519471E-17,0.991456891391225));
#8264=DIRECTION('',(-2.00295542864814E-13,-3.67936943179315E-29,-1.));
#8265=DIRECTION('',(1.,1.83697019872103E-16,-7.85394231321115E-31));
#8266=DIRECTION('',(-7.85394231321115E-31,4.50965372920286E-48,-1.));
#8267=DIRECTION('center_axis',(-1.83697019872103E-16,1.,1.48784233447633E-46));
#8268=DIRECTION('ref_axis',(-0.438202247188319,-8.04964469097528E-17,-0.898876404495695));
#8269=DIRECTION('center_axis',(1.83697019872103E-16,-1.,-1.48784233447633E-46));
#8270=DIRECTION('ref_axis',(-0.438202247188319,-8.04964469097528E-17,-0.898876404495695));
#8271=DIRECTION('',(-1.83697019872103E-16,1.,1.48784233447633E-46));
#8272=DIRECTION('center_axis',(0.,0.,1.));
#8273=DIRECTION('ref_axis',(1.,-1.13163485164688E-30,0.));
#8274=DIRECTION('center_axis',(-1.97489102590704E-16,-1.08570559949802E-14,
-1.));
#8275=DIRECTION('ref_axis',(1.,-2.14415024522566E-30,-1.97489102590704E-16));
#8276=DIRECTION('',(-0.707106781187858,-8.65956056237091E-17,0.707106781185237));
#8277=DIRECTION('center_axis',(0.,0.,1.));
#8278=DIRECTION('ref_axis',(1.,0.,0.));
#8279=DIRECTION('center_axis',(0.,0.,-1.));
#8280=DIRECTION('ref_axis',(1.,0.,0.));
#8281=DIRECTION('',(0.,0.,1.));
#8282=DIRECTION('center_axis',(1.82943686464107E-16,0.707106781186548,0.707106781186548));
#8283=DIRECTION('ref_axis',(1.,-7.39557098644699E-32,-2.58721442548071E-16));
#8284=DIRECTION('',(-0.577350269189634,0.577350269189622,-0.577350269189622));
#8285=DIRECTION('',(-1.,6.12323399573677E-17,1.97489102590704E-16));
#8286=DIRECTION('center_axis',(1.82943686464107E-16,0.707106781186548,0.707106781186548));
#8287=DIRECTION('ref_axis',(-7.49089913494259E-17,0.707106781186547,-0.707106781186547));
#8288=DIRECTION('',(-0.606933727420508,-0.561974843974106,0.561974843974112));
#8289=DIRECTION('center_axis',(-0.707106781186536,7.72039572058444E-15,
0.707106781186559));
#8290=DIRECTION('ref_axis',(0.707106781186559,0.,0.707106781186536));
#8291=DIRECTION('',(-0.577350269189632,-0.577350269189632,-0.577350269189613));
#8292=DIRECTION('',(-6.12323399573677E-17,-1.,1.08570559949802E-14));
#8293=DIRECTION('center_axis',(0.679407491525297,-4.16017104906594E-17,
0.733761173992808));
#8294=DIRECTION('ref_axis',(0.733761173992808,0.,-0.679407491525297));
#8295=DIRECTION('',(6.12323399573677E-17,1.,-4.48904914751861E-44));
#8296=DIRECTION('',(-0.606933727420636,0.56197484397405,0.561974843974031));
#8297=DIRECTION('center_axis',(9.63480808405598E-17,-0.70710678118654,0.707106781186555));
#8298=DIRECTION('ref_axis',(1.,2.83496887813801E-31,-1.36256762633337E-16));
#8299=DIRECTION('center_axis',(9.63480808405598E-17,-0.70710678118654,0.707106781186555));
#8300=DIRECTION('ref_axis',(-1.12363487024138E-16,-0.707106781186555,-0.70710678118654));
#8301=DIRECTION('',(1.,-6.12323399573677E-17,-1.97489102590704E-16));
#8302=DIRECTION('center_axis',(6.12323399573677E-17,1.,-4.48904914751861E-44));
#8303=DIRECTION('ref_axis',(7.85394231321115E-31,4.48423999486133E-44,1.));
#8304=DIRECTION('center_axis',(-6.12323399573677E-17,-1.,4.48904914751861E-44));
#8305=DIRECTION('ref_axis',(-0.438202247188319,2.68321489699176E-17,-0.898876404495695));
#8306=DIRECTION('center_axis',(-6.12323399573677E-17,-1.,4.48904914751861E-44));
#8307=DIRECTION('ref_axis',(-0.130434782603601,7.98682695064905E-18,-0.991456891391225));
#8308=DIRECTION('center_axis',(6.12323399573677E-17,1.,-4.48904914751861E-44));
#8309=DIRECTION('ref_axis',(0.130434782603601,-7.98682695064905E-18,0.991456891391225));
#8310=DIRECTION('',(-2.00295542864815E-13,1.22645647726438E-29,-1.));
#8311=DIRECTION('center_axis',(6.12323399573677E-17,1.,-4.48904914751861E-44));
#8312=DIRECTION('ref_axis',(1.,-6.12323399573677E-17,-7.85394231321115E-31));
#8313=DIRECTION('center_axis',(-6.12323399573677E-17,-1.,4.48904914751861E-44));
#8314=DIRECTION('ref_axis',(-0.438202247196758,2.68321489704343E-17,0.89887640449158));
#8315=DIRECTION('center_axis',(-6.12323399573677E-17,-1.,4.48904914751861E-44));
#8316=DIRECTION('ref_axis',(-0.438202247188319,2.68321489699176E-17,-0.898876404495695));
#8317=DIRECTION('center_axis',(-6.12323399573677E-17,-1.,4.48904914751861E-44));
#8318=DIRECTION('ref_axis',(-0.130434782603601,7.98682695064905E-18,-0.991456891391225));
#8319=DIRECTION('center_axis',(6.12323399573677E-17,1.,-4.48904914751861E-44));
#8320=DIRECTION('ref_axis',(0.130434782603602,-7.98682695064911E-18,0.991456891391225));
#8321=DIRECTION('',(-2.00295542864814E-13,1.22645647726438E-29,-1.));
#8322=DIRECTION('center_axis',(6.12323399573677E-17,1.,-4.48904914751861E-44));
#8323=DIRECTION('ref_axis',(1.,-6.12323399573677E-17,-7.85394231321115E-31));
#8324=DIRECTION('center_axis',(-6.12323399573677E-17,-1.,4.48904914751861E-44));
#8325=DIRECTION('ref_axis',(-0.438202247196758,2.68321489704344E-17,0.89887640449158));
#8326=DIRECTION('center_axis',(-6.12323399573677E-17,-1.,4.48904914751861E-44));
#8327=DIRECTION('ref_axis',(-0.438202247188319,2.68321489699176E-17,-0.898876404495695));
#8328=DIRECTION('center_axis',(-6.12323399573677E-17,-1.,4.48904914751861E-44));
#8329=DIRECTION('ref_axis',(-0.130434782603601,7.98682695064905E-18,-0.991456891391225));
#8330=DIRECTION('center_axis',(6.12323399573677E-17,1.,-4.48904914751861E-44));
#8331=DIRECTION('ref_axis',(0.130434782603602,-7.98682695064911E-18,0.991456891391225));
#8332=DIRECTION('',(-2.00295542864814E-13,1.22645647726438E-29,-1.));
#8333=DIRECTION('center_axis',(6.12323399573677E-17,1.,-4.48904914751861E-44));
#8334=DIRECTION('ref_axis',(1.,-6.12323399573677E-17,-7.85394231321115E-31));
#8335=DIRECTION('center_axis',(-6.12323399573677E-17,-1.,4.48904914751861E-44));
#8336=DIRECTION('ref_axis',(-0.438202247196758,2.68321489704344E-17,0.89887640449158));
#8337=DIRECTION('center_axis',(-6.12323399573677E-17,-1.,4.48904914751861E-44));
#8338=DIRECTION('ref_axis',(-0.438202247188319,2.68321489699176E-17,-0.898876404495695));
#8339=DIRECTION('center_axis',(-6.12323399573677E-17,-1.,4.48904914751861E-44));
#8340=DIRECTION('ref_axis',(-0.130434782603601,7.98682695064905E-18,-0.991456891391225));
#8341=DIRECTION('center_axis',(6.12323399573677E-17,1.,-4.48904914751861E-44));
#8342=DIRECTION('ref_axis',(0.130434782603602,-7.98682695064911E-18,0.991456891391225));
#8343=DIRECTION('',(-2.00295542864814E-13,1.22645647726438E-29,-1.));
#8344=DIRECTION('center_axis',(6.12323399573677E-17,1.,-4.48904914751861E-44));
#8345=DIRECTION('ref_axis',(1.,-6.12323399573677E-17,-7.85394231321115E-31));
#8346=DIRECTION('center_axis',(-6.12323399573677E-17,-1.,4.48904914751861E-44));
#8347=DIRECTION('ref_axis',(-0.438202247196758,2.68321489704344E-17,0.89887640449158));
#8348=DIRECTION('center_axis',(-6.12323399573677E-17,-1.,4.48904914751861E-44));
#8349=DIRECTION('ref_axis',(-0.438202247188319,2.68321489699176E-17,-0.898876404495695));
#8350=DIRECTION('center_axis',(-6.12323399573677E-17,-1.,4.48904914751861E-44));
#8351=DIRECTION('ref_axis',(-0.130434782603601,7.98682695064905E-18,-0.991456891391225));
#8352=DIRECTION('center_axis',(6.12323399573677E-17,1.,-4.48904914751861E-44));
#8353=DIRECTION('ref_axis',(0.130434782603601,-7.98682695064905E-18,0.991456891391225));
#8354=DIRECTION('',(-2.00295542864814E-13,1.22645647726438E-29,-1.));
#8355=DIRECTION('',(1.,-6.12323399573677E-17,-7.85394231321115E-31));
#8356=DIRECTION('',(-7.85394231321115E-31,-4.48423999486133E-44,-1.));
#8357=DIRECTION('center_axis',(6.12323399573677E-17,1.,-4.48904914751861E-44));
#8358=DIRECTION('ref_axis',(-0.438202247188319,2.68321489699176E-17,-0.898876404495695));
#8359=DIRECTION('center_axis',(-6.12323399573677E-17,-1.,4.48904914751861E-44));
#8360=DIRECTION('ref_axis',(-0.438202247188319,2.68321489699176E-17,-0.898876404495695));
#8361=DIRECTION('',(6.12323399573677E-17,1.,-4.48904914751861E-44));
#8362=DIRECTION('center_axis',(0.,0.,1.));
#8363=DIRECTION('ref_axis',(1.,-1.13163485164688E-30,0.));
#8364=DIRECTION('center_axis',(-1.97489102590704E-16,-1.08570559949802E-14,
-1.));
#8365=DIRECTION('ref_axis',(1.,-2.14415024522566E-30,-1.97489102590704E-16));
#8366=DIRECTION('',(-0.707106781187497,-8.65956056236648E-17,0.707106781185598));
#8367=DIRECTION('center_axis',(0.,0.,1.));
#8368=DIRECTION('ref_axis',(1.,0.,0.));
#8369=DIRECTION('center_axis',(0.,0.,-1.));
#8370=DIRECTION('ref_axis',(1.,0.,0.));
#8371=DIRECTION('',(0.,0.,1.));
#8372=DIRECTION('center_axis',(-1.,0.,0.));
#8373=DIRECTION('ref_axis',(0.,-1.,0.));
#8374=DIRECTION('',(0.,-1.,0.));
#8375=DIRECTION('',(0.,0.,1.));
#8376=DIRECTION('',(0.,-1.,0.));
#8377=DIRECTION('',(0.,0.,1.));
#8378=DIRECTION('center_axis',(1.,0.,0.));
#8379=DIRECTION('ref_axis',(0.,1.,0.));
#8380=DIRECTION('',(0.,1.,0.));
#8381=DIRECTION('',(0.,0.,1.));
#8382=DIRECTION('',(0.,1.,0.));
#8383=DIRECTION('',(0.,0.,1.));
#8384=DIRECTION('center_axis',(0.,0.,1.));
#8385=DIRECTION('ref_axis',(1.,0.,0.));
#8386=DIRECTION('',(1.,0.,0.));
#8387=DIRECTION('',(-1.,0.,0.));
#8388=DIRECTION('center_axis',(0.,0.,-1.));
#8389=DIRECTION('ref_axis',(1.,0.,0.));
#8390=DIRECTION('',(1.,0.,0.));
#8391=DIRECTION('center_axis',(0.,0.,1.));
#8392=DIRECTION('ref_axis',(1.,0.,0.));
#8393=DIRECTION('center_axis',(0.,0.,1.));
#8394=DIRECTION('ref_axis',(1.,0.,0.));
#8395=DIRECTION('',(-1.,0.,0.));
#8396=DIRECTION('center_axis',(0.,-1.,0.));
#8397=DIRECTION('ref_axis',(1.,0.,0.));
#8398=DIRECTION('',(1.,0.,0.));
#8399=DIRECTION('',(0.,0.,1.));
#8400=DIRECTION('',(1.,0.,0.));
#8401=DIRECTION('',(0.,0.,1.));
#8402=DIRECTION('center_axis',(0.,1.,0.));
#8403=DIRECTION('ref_axis',(-1.,0.,0.));
#8404=DIRECTION('',(-1.,0.,0.));
#8405=DIRECTION('',(0.,0.,1.));
#8406=DIRECTION('',(-1.,0.,0.));
#8407=DIRECTION('',(0.,0.,1.));
#8408=DIRECTION('center_axis',(0.,0.,-1.));
#8409=DIRECTION('ref_axis',(1.,0.,0.));
#8410=DIRECTION('center_axis',(0.,0.,1.));
#8411=DIRECTION('ref_axis',(1.,0.,0.));
#8412=DIRECTION('center_axis',(0.,0.,-1.));
#8413=DIRECTION('ref_axis',(1.,0.,0.));
#8414=DIRECTION('center_axis',(0.,0.,1.));
#8415=DIRECTION('ref_axis',(1.,0.,0.));
#8416=DIRECTION('center_axis',(-1.,0.,0.));
#8417=DIRECTION('ref_axis',(0.,-1.,0.));
#8418=DIRECTION('',(0.,-1.,0.));
#8419=DIRECTION('',(0.,0.,1.));
#8420=DIRECTION('',(0.,-1.,0.));
#8421=DIRECTION('',(0.,0.,1.));
#8422=DIRECTION('center_axis',(1.,0.,0.));
#8423=DIRECTION('ref_axis',(0.,1.,0.));
#8424=DIRECTION('',(0.,1.,0.));
#8425=DIRECTION('',(0.,0.,1.));
#8426=DIRECTION('',(0.,1.,0.));
#8427=DIRECTION('',(0.,0.,1.));
#8428=DIRECTION('center_axis',(0.,0.,1.));
#8429=DIRECTION('ref_axis',(1.,0.,0.));
#8430=DIRECTION('',(1.,0.,0.));
#8431=DIRECTION('',(-1.,0.,0.));
#8432=DIRECTION('center_axis',(0.,0.,-1.));
#8433=DIRECTION('ref_axis',(1.,0.,0.));
#8434=DIRECTION('',(1.,0.,0.));
#8435=DIRECTION('center_axis',(0.,0.,1.));
#8436=DIRECTION('ref_axis',(1.,0.,0.));
#8437=DIRECTION('center_axis',(0.,0.,1.));
#8438=DIRECTION('ref_axis',(1.,0.,0.));
#8439=DIRECTION('',(-1.,0.,0.));
#8440=DIRECTION('center_axis',(0.,-1.,0.));
#8441=DIRECTION('ref_axis',(1.,0.,0.));
#8442=DIRECTION('',(1.,0.,0.));
#8443=DIRECTION('',(0.,0.,1.));
#8444=DIRECTION('',(1.,0.,0.));
#8445=DIRECTION('',(0.,0.,1.));
#8446=DIRECTION('center_axis',(0.,1.,0.));
#8447=DIRECTION('ref_axis',(-1.,0.,0.));
#8448=DIRECTION('',(-1.,0.,0.));
#8449=DIRECTION('',(0.,0.,1.));
#8450=DIRECTION('',(-1.,0.,0.));
#8451=DIRECTION('',(0.,0.,1.));
#8452=DIRECTION('center_axis',(0.,0.,-1.));
#8453=DIRECTION('ref_axis',(1.,0.,0.));
#8454=DIRECTION('center_axis',(0.,0.,1.));
#8455=DIRECTION('ref_axis',(1.,0.,0.));
#8456=DIRECTION('center_axis',(0.,0.,-1.));
#8457=DIRECTION('ref_axis',(1.,0.,0.));
#8458=DIRECTION('center_axis',(0.,0.,1.));
#8459=DIRECTION('ref_axis',(1.,0.,0.));
#8460=DIRECTION('center_axis',(-5.99520433134706E-13,-2.22044604864706E-14,
-1.));
#8461=DIRECTION('ref_axis',(1.,-1.231678674251E-26,-5.99520433134706E-13));
#8462=DIRECTION('center_axis',(5.95262590347171E-13,1.90572866129757E-14,
1.));
#8463=DIRECTION('ref_axis',(1.,-1.13440897942284E-26,-5.95262590347171E-13));
#8464=DIRECTION('',(-0.707106781092705,-1.56143289790445E-14,-0.70710678128039));
#8465=DIRECTION('center_axis',(0.,0.,1.));
#8466=DIRECTION('ref_axis',(1.,0.,0.));
#8467=DIRECTION('',(0.,0.,1.));
#8468=DIRECTION('center_axis',(0.,0.,1.));
#8469=DIRECTION('ref_axis',(1.,0.,0.));
#8470=DIRECTION('center_axis',(-5.99520433134163E-13,-2.22044604864505E-14,
-1.));
#8471=DIRECTION('ref_axis',(1.,-1.23167867424922E-26,-5.99520433134163E-13));
#8472=DIRECTION('center_axis',(5.95262590347171E-13,1.90572866129757E-14,
1.));
#8473=DIRECTION('ref_axis',(1.,-1.13440897942284E-26,-5.95262590347171E-13));
#8474=DIRECTION('',(-0.707106781092385,-1.56143289790375E-14,-0.70710678128071));
#8475=DIRECTION('center_axis',(0.,0.,1.));
#8476=DIRECTION('ref_axis',(1.,0.,0.));
#8477=DIRECTION('',(0.,0.,1.));
#8478=DIRECTION('center_axis',(0.,0.,1.));
#8479=DIRECTION('ref_axis',(1.,0.,0.));
#8480=DIRECTION('center_axis',(0.,0.,-1.));
#8481=DIRECTION('ref_axis',(1.,0.,0.));
#8482=DIRECTION('center_axis',(0.,0.,-1.));
#8483=DIRECTION('ref_axis',(1.,0.,0.));
#8484=DIRECTION('center_axis',(6.12323399573677E-17,1.,-4.48904914751861E-44));
#8485=DIRECTION('ref_axis',(7.85394231321115E-31,4.48423999486133E-44,1.));
#8486=DIRECTION('center_axis',(-6.12323399573677E-17,-1.,4.48904914751861E-44));
#8487=DIRECTION('ref_axis',(-1.,6.12323399573677E-17,-6.20124572313313E-13));
#8488=DIRECTION('center_axis',(-6.12323399573677E-17,-1.,4.48904914751861E-44));
#8489=DIRECTION('ref_axis',(-0.438202247196758,2.68321489704344E-17,0.89887640449158));
#8490=DIRECTION('center_axis',(6.12323399573677E-17,1.,-4.48904914751861E-44));
#8491=DIRECTION('ref_axis',(1.,-6.12323399573677E-17,-7.85394231321115E-31));
#8492=DIRECTION('',(-2.00295542864814E-13,1.22645647726438E-29,-1.));
#8493=DIRECTION('center_axis',(6.12323399573677E-17,1.,-4.48904914751861E-44));
#8494=DIRECTION('ref_axis',(0.130434782603601,-7.98682695064905E-18,0.991456891391225));
#8495=DIRECTION('center_axis',(-6.12323399573677E-17,-1.,4.48904914751861E-44));
#8496=DIRECTION('ref_axis',(-0.130434782603601,7.98682695064905E-18,-0.991456891391225));
#8497=DIRECTION('center_axis',(-6.12323399573677E-17,-1.,4.48904914751861E-44));
#8498=DIRECTION('ref_axis',(-0.438202247188319,2.68321489699176E-17,-0.898876404495694));
#8499=DIRECTION('center_axis',(-6.12323399573677E-17,-1.,4.48904914751861E-44));
#8500=DIRECTION('ref_axis',(-0.438202247196758,2.68321489704344E-17,0.89887640449158));
#8501=DIRECTION('center_axis',(6.12323399573677E-17,1.,-4.48904914751861E-44));
#8502=DIRECTION('ref_axis',(1.,-6.12323399573677E-17,-7.85394231321115E-31));
#8503=DIRECTION('',(-2.00295542864814E-13,1.22645647726438E-29,-1.));
#8504=DIRECTION('',(-1.,6.12323399573677E-17,7.85394231321115E-31));
#8505=DIRECTION('',(7.85394231321115E-31,4.48423999486133E-44,1.));
#8506=DIRECTION('center_axis',(1.,-6.12323399573677E-17,-7.85394231321115E-31));
#8507=DIRECTION('ref_axis',(-7.85394231321115E-31,-4.48423999486133E-44,
-1.));
#8508=DIRECTION('center_axis',(1.,-6.12323399573677E-17,-7.85394231321115E-31));
#8509=DIRECTION('ref_axis',(4.08215599715778E-17,0.666666666666666,-0.74535599249993));
#8510=DIRECTION('',(7.85394231321115E-31,4.48423999486133E-44,1.));
#8511=DIRECTION('center_axis',(1.,-6.12323399573677E-17,-7.85394231321115E-31));
#8512=DIRECTION('ref_axis',(-4.0821559971578E-17,-0.666666666666668,0.745355992499929));
#8513=DIRECTION('',(-7.85394231321115E-31,-4.48423999486133E-44,-1.));
#8514=DIRECTION('center_axis',(-1.,6.12323399573677E-17,7.85394231321115E-31));
#8515=DIRECTION('ref_axis',(-4.0821559971578E-17,-0.666666666666668,0.745355992499929));
#8516=DIRECTION('center_axis',(-1.,6.12323399573677E-17,2.00295542864814E-13));
#8517=DIRECTION('ref_axis',(1.49250661585344E-13,-0.666666666666668,0.745355992499929));
#8518=DIRECTION('',(1.,-6.12323399573677E-17,-7.85394231321115E-31));
#8519=DIRECTION('center_axis',(6.12323399573677E-17,1.,-4.48904914751861E-44));
#8520=DIRECTION('ref_axis',(7.85394231321115E-31,4.48423999486133E-44,1.));
#8521=DIRECTION('',(-2.00295542864814E-13,1.22645647726438E-29,-1.));
#8522=DIRECTION('center_axis',(6.12323399573677E-17,1.,-4.48904914751861E-44));
#8523=DIRECTION('ref_axis',(0.130434782603601,-7.98682695064905E-18,0.991456891391225));
#8524=DIRECTION('center_axis',(-6.12323399573677E-17,-1.,4.48904914751861E-44));
#8525=DIRECTION('ref_axis',(-0.130434782603601,7.98682695064905E-18,-0.991456891391225));
#8526=DIRECTION('center_axis',(-6.12323399573677E-17,-1.,4.48904914751861E-44));
#8527=DIRECTION('ref_axis',(-0.438202247188319,2.68321489699176E-17,-0.898876404495695));
#8528=DIRECTION('center_axis',(-6.12323399573677E-17,-1.,4.48904914751861E-44));
#8529=DIRECTION('ref_axis',(-0.438202247196758,2.68321489704344E-17,0.89887640449158));
#8530=DIRECTION('center_axis',(6.12323399573677E-17,1.,-4.48904914751861E-44));
#8531=DIRECTION('ref_axis',(1.,-6.12323399573677E-17,-7.85394231321115E-31));
#8532=DIRECTION('',(-2.00295542864814E-13,1.22645647726438E-29,-1.));
#8533=DIRECTION('center_axis',(6.12323399573677E-17,1.,-4.48904914751861E-44));
#8534=DIRECTION('ref_axis',(0.130434782603602,-7.98682695064911E-18,0.991456891391225));
#8535=DIRECTION('center_axis',(-6.12323399573677E-17,-1.,4.48904914751861E-44));
#8536=DIRECTION('ref_axis',(-0.130434782603601,7.98682695064905E-18,-0.991456891391225));
#8537=DIRECTION('center_axis',(-6.12323399573677E-17,-1.,4.48904914751861E-44));
#8538=DIRECTION('ref_axis',(-0.438202247188319,2.68321489699176E-17,-0.898876404495695));
#8539=DIRECTION('center_axis',(-6.12323399573677E-17,-1.,4.48904914751861E-44));
#8540=DIRECTION('ref_axis',(-0.438202247196758,2.68321489704344E-17,0.89887640449158));
#8541=DIRECTION('center_axis',(6.12323399573677E-17,1.,-4.48904914751861E-44));
#8542=DIRECTION('ref_axis',(1.,-6.12323399573677E-17,-7.85394231321115E-31));
#8543=DIRECTION('',(-2.00295542864814E-13,1.22645647726438E-29,-1.));
#8544=DIRECTION('center_axis',(6.12323399573677E-17,1.,-4.48904914751861E-44));
#8545=DIRECTION('ref_axis',(0.130434782603602,-7.98682695064911E-18,0.991456891391225));
#8546=DIRECTION('center_axis',(-6.12323399573677E-17,-1.,4.48904914751861E-44));
#8547=DIRECTION('ref_axis',(-0.130434782603601,7.98682695064905E-18,-0.991456891391225));
#8548=DIRECTION('center_axis',(-6.12323399573677E-17,-1.,4.48904914751861E-44));
#8549=DIRECTION('ref_axis',(-0.438202247188319,2.68321489699176E-17,-0.898876404495695));
#8550=DIRECTION('center_axis',(-6.12323399573677E-17,-1.,4.48904914751861E-44));
#8551=DIRECTION('ref_axis',(-0.438202247196758,2.68321489704344E-17,0.89887640449158));
#8552=DIRECTION('center_axis',(6.12323399573677E-17,1.,-4.48904914751861E-44));
#8553=DIRECTION('ref_axis',(1.,-6.12323399573677E-17,-7.85394231321115E-31));
#8554=DIRECTION('',(-2.00295542864814E-13,1.22645647726438E-29,-1.));
#8555=DIRECTION('center_axis',(6.12323399573677E-17,1.,-4.48904914751861E-44));
#8556=DIRECTION('ref_axis',(0.130434782603602,-7.98682695064911E-18,0.991456891391225));
#8557=DIRECTION('center_axis',(-6.12323399573677E-17,-1.,4.48904914751861E-44));
#8558=DIRECTION('ref_axis',(-0.130434782603601,7.98682695064905E-18,-0.991456891391225));
#8559=DIRECTION('center_axis',(-6.12323399573677E-17,-1.,4.48904914751861E-44));
#8560=DIRECTION('ref_axis',(-0.438202247188319,2.68321489699176E-17,-0.898876404495695));
#8561=DIRECTION('center_axis',(-6.12323399573677E-17,-1.,4.48904914751861E-44));
#8562=DIRECTION('ref_axis',(-0.438202247196758,2.68321489704343E-17,0.89887640449158));
#8563=DIRECTION('center_axis',(6.12323399573677E-17,1.,-4.48904914751861E-44));
#8564=DIRECTION('ref_axis',(1.,-6.12323399573677E-17,-7.85394231321115E-31));
#8565=DIRECTION('',(-2.00295542864815E-13,1.22645647726438E-29,-1.));
#8566=DIRECTION('center_axis',(6.12323399573677E-17,1.,-4.48904914751861E-44));
#8567=DIRECTION('ref_axis',(0.130434782603601,-7.98682695064905E-18,0.991456891391225));
#8568=DIRECTION('center_axis',(-6.12323399573677E-17,-1.,4.48904914751861E-44));
#8569=DIRECTION('ref_axis',(-0.130434782603601,7.98682695064905E-18,-0.991456891391225));
#8570=DIRECTION('center_axis',(-1.,6.12323399573677E-17,7.85394231321115E-31));
#8571=DIRECTION('ref_axis',(4.08215599715778E-17,0.666666666666666,-0.74535599249993));
#8572=DIRECTION('center_axis',(-1.,6.12323399573677E-17,2.00295542864814E-13));
#8573=DIRECTION('ref_axis',(-1.49250661585344E-13,0.666666666666666,-0.74535599249993));
#8574=DIRECTION('',(-1.,6.12323399573677E-17,7.85394231321115E-31));
#8575=DIRECTION('center_axis',(6.12323399573677E-17,1.,-4.48904914751861E-44));
#8576=DIRECTION('ref_axis',(7.85394231321115E-31,4.48423999486133E-44,1.));
#8577=DIRECTION('',(-2.00295542864814E-13,1.22645647726438E-29,-1.));
#8578=DIRECTION('center_axis',(6.12323399573677E-17,1.,-4.48904914751861E-44));
#8579=DIRECTION('ref_axis',(1.,-6.12323399573677E-17,-7.85394231321115E-31));
#8580=DIRECTION('center_axis',(-6.12323399573677E-17,-1.,4.48904914751861E-44));
#8581=DIRECTION('ref_axis',(-0.438202247196758,2.68321489704344E-17,0.89887640449158));
#8582=DIRECTION('center_axis',(-6.12323399573677E-17,-1.,4.48904914751861E-44));
#8583=DIRECTION('ref_axis',(-0.438202247188319,2.68321489699176E-17,-0.898876404495694));
#8584=DIRECTION('center_axis',(-6.12323399573677E-17,-1.,4.48904914751861E-44));
#8585=DIRECTION('ref_axis',(-0.130434782603601,7.98682695064905E-18,-0.991456891391225));
#8586=DIRECTION('center_axis',(6.12323399573677E-17,1.,-4.48904914751861E-44));
#8587=DIRECTION('ref_axis',(0.130434782603601,-7.98682695064905E-18,0.991456891391225));
#8588=DIRECTION('',(-2.00295542864814E-13,1.22645647726438E-29,-1.));
#8589=DIRECTION('center_axis',(6.12323399573677E-17,1.,-4.48904914751861E-44));
#8590=DIRECTION('ref_axis',(1.,-6.12323399573677E-17,-7.85394231321115E-31));
#8591=DIRECTION('center_axis',(-6.12323399573677E-17,-1.,4.48904914751861E-44));
#8592=DIRECTION('ref_axis',(-0.438202247196758,2.68321489704344E-17,0.89887640449158));
#8593=DIRECTION('center_axis',(-6.12323399573677E-17,-1.,4.48904914751861E-44));
#8594=DIRECTION('ref_axis',(-1.,6.12323399573677E-17,-6.20124572313313E-13));
#8595=DIRECTION('center_axis',(6.12323399573677E-17,1.,-4.48904914751861E-44));
#8596=DIRECTION('ref_axis',(-0.130434782603601,7.98682695064905E-18,-0.991456891391225));
#8597=DIRECTION('',(6.12323399573677E-17,1.,-4.48904914751861E-44));
#8598=DIRECTION('center_axis',(6.12323399573677E-17,1.,-4.48904914751861E-44));
#8599=DIRECTION('ref_axis',(0.130434782603601,-7.98682695064905E-18,0.991456891391225));
#8600=DIRECTION('',(6.12323399573677E-17,1.,-4.48904914751861E-44));
#8601=DIRECTION('center_axis',(-1.,6.12323399573677E-17,2.00295542864815E-13));
#8602=DIRECTION('ref_axis',(2.00295542864815E-13,-1.22645647726438E-29,
1.));
#8603=DIRECTION('',(6.12323399573677E-17,1.,-4.48904914751861E-44));
#8604=DIRECTION('center_axis',(6.12323399573677E-17,1.,-4.48904914751861E-44));
#8605=DIRECTION('ref_axis',(1.,-6.12323399573677E-17,-7.85394231321115E-31));
#8606=DIRECTION('',(6.12323399573677E-17,1.,-4.48904914751861E-44));
#8607=DIRECTION('center_axis',(6.12323399573677E-17,1.,-4.48904914751861E-44));
#8608=DIRECTION('ref_axis',(-0.438202247196758,2.68321489704343E-17,0.89887640449158));
#8609=DIRECTION('',(6.12323399573677E-17,1.,-4.48904914751861E-44));
#8610=DIRECTION('center_axis',(6.12323399573677E-17,1.,-4.48904914751861E-44));
#8611=DIRECTION('ref_axis',(-0.438202247188319,2.68321489699176E-17,-0.898876404495695));
#8612=DIRECTION('',(6.12323399573677E-17,1.,-4.48904914751861E-44));
#8613=DIRECTION('center_axis',(6.12323399573677E-17,1.,-4.48904914751861E-44));
#8614=DIRECTION('ref_axis',(-0.130434782603601,7.98682695064905E-18,-0.991456891391225));
#8615=DIRECTION('',(6.12323399573677E-17,1.,-4.48904914751861E-44));
#8616=DIRECTION('center_axis',(6.12323399573677E-17,1.,-4.48904914751861E-44));
#8617=DIRECTION('ref_axis',(0.130434782603602,-7.98682695064911E-18,0.991456891391225));
#8618=DIRECTION('',(6.12323399573677E-17,1.,-4.48904914751861E-44));
#8619=DIRECTION('center_axis',(-1.,6.12323399573677E-17,2.00295542864814E-13));
#8620=DIRECTION('ref_axis',(2.00295542864814E-13,-1.22645647726438E-29,
1.));
#8621=DIRECTION('',(6.12323399573677E-17,1.,-4.48904914751861E-44));
#8622=DIRECTION('center_axis',(6.12323399573677E-17,1.,-4.48904914751861E-44));
#8623=DIRECTION('ref_axis',(1.,-6.12323399573677E-17,-7.85394231321115E-31));
#8624=DIRECTION('',(6.12323399573677E-17,1.,-4.48904914751861E-44));
#8625=DIRECTION('center_axis',(6.12323399573677E-17,1.,-4.48904914751861E-44));
#8626=DIRECTION('ref_axis',(-0.438202247196758,2.68321489704344E-17,0.89887640449158));
#8627=DIRECTION('',(6.12323399573677E-17,1.,-4.48904914751861E-44));
#8628=DIRECTION('center_axis',(6.12323399573677E-17,1.,-4.48904914751861E-44));
#8629=DIRECTION('ref_axis',(-0.438202247188319,2.68321489699176E-17,-0.898876404495695));
#8630=DIRECTION('',(6.12323399573677E-17,1.,-4.48904914751861E-44));
#8631=DIRECTION('center_axis',(6.12323399573677E-17,1.,-4.48904914751861E-44));
#8632=DIRECTION('ref_axis',(-0.130434782603601,7.98682695064905E-18,-0.991456891391225));
#8633=DIRECTION('',(6.12323399573677E-17,1.,-4.48904914751861E-44));
#8634=DIRECTION('center_axis',(6.12323399573677E-17,1.,-4.48904914751861E-44));
#8635=DIRECTION('ref_axis',(0.130434782603602,-7.98682695064911E-18,0.991456891391225));
#8636=DIRECTION('',(6.12323399573677E-17,1.,-4.48904914751861E-44));
#8637=DIRECTION('center_axis',(-1.,6.12323399573677E-17,2.00295542864814E-13));
#8638=DIRECTION('ref_axis',(2.00295542864814E-13,-1.22645647726438E-29,
1.));
#8639=DIRECTION('',(6.12323399573677E-17,1.,-4.48904914751861E-44));
#8640=DIRECTION('center_axis',(6.12323399573677E-17,1.,-4.48904914751861E-44));
#8641=DIRECTION('ref_axis',(1.,-6.12323399573677E-17,-7.85394231321115E-31));
#8642=DIRECTION('',(6.12323399573677E-17,1.,-4.48904914751861E-44));
#8643=DIRECTION('center_axis',(6.12323399573677E-17,1.,-4.48904914751861E-44));
#8644=DIRECTION('ref_axis',(-0.438202247196758,2.68321489704344E-17,0.89887640449158));
#8645=DIRECTION('',(6.12323399573677E-17,1.,-4.48904914751861E-44));
#8646=DIRECTION('center_axis',(6.12323399573677E-17,1.,-4.48904914751861E-44));
#8647=DIRECTION('ref_axis',(-0.438202247188319,2.68321489699176E-17,-0.898876404495695));
#8648=DIRECTION('',(6.12323399573677E-17,1.,-4.48904914751861E-44));
#8649=DIRECTION('center_axis',(6.12323399573677E-17,1.,-4.48904914751861E-44));
#8650=DIRECTION('ref_axis',(-0.130434782603601,7.98682695064905E-18,-0.991456891391225));
#8651=DIRECTION('',(6.12323399573677E-17,1.,-4.48904914751861E-44));
#8652=DIRECTION('center_axis',(6.12323399573677E-17,1.,-4.48904914751861E-44));
#8653=DIRECTION('ref_axis',(0.130434782603602,-7.98682695064911E-18,0.991456891391225));
#8654=DIRECTION('',(6.12323399573677E-17,1.,-4.48904914751861E-44));
#8655=DIRECTION('center_axis',(-1.,6.12323399573677E-17,2.00295542864814E-13));
#8656=DIRECTION('ref_axis',(2.00295542864814E-13,-1.22645647726438E-29,
1.));
#8657=DIRECTION('',(6.12323399573677E-17,1.,-4.48904914751861E-44));
#8658=DIRECTION('center_axis',(6.12323399573677E-17,1.,-4.48904914751861E-44));
#8659=DIRECTION('ref_axis',(1.,-6.12323399573677E-17,-7.85394231321115E-31));
#8660=DIRECTION('',(6.12323399573677E-17,1.,-4.48904914751861E-44));
#8661=DIRECTION('center_axis',(6.12323399573677E-17,1.,-4.48904914751861E-44));
#8662=DIRECTION('ref_axis',(-0.438202247196758,2.68321489704344E-17,0.89887640449158));
#8663=DIRECTION('',(6.12323399573677E-17,1.,-4.48904914751861E-44));
#8664=DIRECTION('center_axis',(6.12323399573677E-17,1.,-4.48904914751861E-44));
#8665=DIRECTION('ref_axis',(-0.438202247188319,2.68321489699176E-17,-0.898876404495695));
#8666=DIRECTION('',(6.12323399573677E-17,1.,-4.48904914751861E-44));
#8667=DIRECTION('center_axis',(6.12323399573677E-17,1.,-4.48904914751861E-44));
#8668=DIRECTION('ref_axis',(-0.130434782603601,7.98682695064905E-18,-0.991456891391225));
#8669=DIRECTION('',(6.12323399573677E-17,1.,-4.48904914751861E-44));
#8670=DIRECTION('center_axis',(6.12323399573677E-17,1.,-4.48904914751861E-44));
#8671=DIRECTION('ref_axis',(0.130434782603601,-7.98682695064905E-18,0.991456891391225));
#8672=DIRECTION('',(6.12323399573677E-17,1.,-4.48904914751861E-44));
#8673=DIRECTION('center_axis',(-1.,6.12323399573677E-17,2.00295542864814E-13));
#8674=DIRECTION('ref_axis',(2.00295542864814E-13,-1.22645647726438E-29,
1.));
#8675=DIRECTION('',(6.12323399573677E-17,1.,-4.48904914751861E-44));
#8676=DIRECTION('center_axis',(6.12323399573677E-17,1.,-4.48904914751861E-44));
#8677=DIRECTION('ref_axis',(1.,-6.12323399573677E-17,-7.85394231321115E-31));
#8678=DIRECTION('',(6.12323399573677E-17,1.,-4.48904914751861E-44));
#8679=DIRECTION('center_axis',(6.12323399573677E-17,1.,-4.48904914751861E-44));
#8680=DIRECTION('ref_axis',(-0.438202247196758,2.68321489704344E-17,0.89887640449158));
#8681=DIRECTION('',(6.12323399573677E-17,1.,-4.48904914751861E-44));
#8682=DIRECTION('center_axis',(6.12323399573677E-17,1.,-4.48904914751861E-44));
#8683=DIRECTION('ref_axis',(-0.438202247188319,2.68321489699176E-17,-0.898876404495694));
#8684=DIRECTION('',(6.12323399573677E-17,1.,-4.48904914751861E-44));
#8685=DIRECTION('center_axis',(6.12323399573677E-17,1.,-4.48904914751861E-44));
#8686=DIRECTION('ref_axis',(-0.130434782603601,7.98682695064905E-18,-0.991456891391225));
#8687=DIRECTION('',(6.12323399573677E-17,1.,-4.48904914751861E-44));
#8688=DIRECTION('center_axis',(6.12323399573677E-17,1.,-4.48904914751861E-44));
#8689=DIRECTION('ref_axis',(0.130434782603601,-7.98682695064905E-18,0.991456891391225));
#8690=DIRECTION('',(6.12323399573677E-17,1.,-4.48904914751861E-44));
#8691=DIRECTION('center_axis',(-1.,6.12323399573677E-17,2.00295542864814E-13));
#8692=DIRECTION('ref_axis',(2.00295542864814E-13,-1.22645647726438E-29,
1.));
#8693=DIRECTION('',(6.12323399573677E-17,1.,-4.48904914751861E-44));
#8694=DIRECTION('center_axis',(6.12323399573677E-17,1.,-4.48904914751861E-44));
#8695=DIRECTION('ref_axis',(1.,-6.12323399573677E-17,-7.85394231321115E-31));
#8696=DIRECTION('',(6.12323399573677E-17,1.,-4.48904914751861E-44));
#8697=DIRECTION('center_axis',(6.12323399573677E-17,1.,-4.48904914751861E-44));
#8698=DIRECTION('ref_axis',(-0.438202247196758,2.68321489704344E-17,0.89887640449158));
#8699=DIRECTION('',(6.12323399573677E-17,1.,-4.48904914751861E-44));
#8700=DIRECTION('center_axis',(6.12323399573677E-17,1.,-4.48904914751861E-44));
#8701=DIRECTION('ref_axis',(-1.,6.12323399573677E-17,-6.20124572313313E-13));
#8702=DIRECTION('center_axis',(-1.83697019872103E-16,1.,1.48784233447633E-46));
#8703=DIRECTION('ref_axis',(7.85394231321115E-31,-4.50965372920307E-48,
1.));
#8704=DIRECTION('center_axis',(1.83697019872103E-16,-1.,-1.48784233447633E-46));
#8705=DIRECTION('ref_axis',(-1.,-1.83697019872103E-16,-6.20124572313313E-13));
#8706=DIRECTION('center_axis',(1.83697019872103E-16,-1.,-1.48784233447633E-46));
#8707=DIRECTION('ref_axis',(-0.438202247196758,-8.04964469113031E-17,0.89887640449158));
#8708=DIRECTION('center_axis',(-1.83697019872103E-16,1.,1.48784233447633E-46));
#8709=DIRECTION('ref_axis',(1.,1.83697019872103E-16,-7.85394231321115E-31));
#8710=DIRECTION('',(-2.00295542864814E-13,-3.67936943179315E-29,-1.));
#8711=DIRECTION('center_axis',(-1.83697019872103E-16,1.,1.48784233447633E-46));
#8712=DIRECTION('ref_axis',(0.130434782603601,2.39604808519471E-17,0.991456891391225));
#8713=DIRECTION('center_axis',(1.83697019872103E-16,-1.,-1.48784233447633E-46));
#8714=DIRECTION('ref_axis',(-0.130434782603601,-2.39604808519471E-17,-0.991456891391225));
#8715=DIRECTION('center_axis',(1.83697019872103E-16,-1.,-1.48784233447633E-46));
#8716=DIRECTION('ref_axis',(-0.438202247188319,-8.04964469097529E-17,-0.898876404495694));
#8717=DIRECTION('center_axis',(1.83697019872103E-16,-1.,-1.48784233447633E-46));
#8718=DIRECTION('ref_axis',(-0.438202247196758,-8.04964469113031E-17,0.89887640449158));
#8719=DIRECTION('center_axis',(-1.83697019872103E-16,1.,1.48784233447633E-46));
#8720=DIRECTION('ref_axis',(1.,1.83697019872103E-16,-7.85394231321115E-31));
#8721=DIRECTION('',(-2.00295542864814E-13,-3.67936943179315E-29,-1.));
#8722=DIRECTION('',(-1.,-1.83697019872103E-16,7.85394231321115E-31));
#8723=DIRECTION('',(7.85394231321115E-31,-4.50965372920286E-48,1.));
#8724=DIRECTION('center_axis',(1.,1.83697019872103E-16,-7.85394231321115E-31));
#8725=DIRECTION('ref_axis',(-7.85394231321115E-31,4.50965372920286E-48,
-1.));
#8726=DIRECTION('center_axis',(1.,1.83697019872103E-16,-7.85394231321115E-31));
#8727=DIRECTION('ref_axis',(-1.22464679914736E-16,0.666666666666666,-0.74535599249993));
#8728=DIRECTION('',(7.85394231321115E-31,-4.50965372920286E-48,1.));
#8729=DIRECTION('center_axis',(1.,1.83697019872103E-16,-7.85394231321115E-31));
#8730=DIRECTION('ref_axis',(1.22464679914736E-16,-0.666666666666668,0.745355992499929));
#8731=DIRECTION('',(-7.85394231321115E-31,4.50965372920286E-48,-1.));
#8732=DIRECTION('center_axis',(-1.,-1.83697019872103E-16,7.85394231321115E-31));
#8733=DIRECTION('ref_axis',(1.22464679914736E-16,-0.666666666666668,0.745355992499929));
#8734=DIRECTION('center_axis',(-1.,-1.83697019872103E-16,2.00295542864814E-13));
#8735=DIRECTION('ref_axis',(1.4941394782523E-13,-0.666666666666668,0.745355992499929));
#8736=DIRECTION('',(1.,1.83697019872103E-16,-7.85394231321115E-31));
#8737=DIRECTION('center_axis',(-1.83697019872103E-16,1.,1.48784233447633E-46));
#8738=DIRECTION('ref_axis',(7.85394231321115E-31,-4.50965372920307E-48,
1.));
#8739=DIRECTION('',(-2.00295542864814E-13,-3.67936943179315E-29,-1.));
#8740=DIRECTION('center_axis',(-1.83697019872103E-16,1.,1.48784233447633E-46));
#8741=DIRECTION('ref_axis',(0.130434782603601,2.39604808519471E-17,0.991456891391225));
#8742=DIRECTION('center_axis',(1.83697019872103E-16,-1.,-1.48784233447633E-46));
#8743=DIRECTION('ref_axis',(-0.130434782603601,-2.39604808519471E-17,-0.991456891391225));
#8744=DIRECTION('center_axis',(1.83697019872103E-16,-1.,-1.48784233447633E-46));
#8745=DIRECTION('ref_axis',(-0.438202247188319,-8.04964469097528E-17,-0.898876404495695));
#8746=DIRECTION('center_axis',(1.83697019872103E-16,-1.,-1.48784233447633E-46));
#8747=DIRECTION('ref_axis',(-0.438202247196758,-8.04964469113031E-17,0.89887640449158));
#8748=DIRECTION('center_axis',(-1.83697019872103E-16,1.,1.48784233447633E-46));
#8749=DIRECTION('ref_axis',(1.,1.83697019872103E-16,-7.85394231321115E-31));
#8750=DIRECTION('',(-2.00295542864814E-13,-3.67936943179314E-29,-1.));
#8751=DIRECTION('center_axis',(-1.83697019872103E-16,1.,1.48784233447633E-46));
#8752=DIRECTION('ref_axis',(0.130434782603602,2.39604808519473E-17,0.991456891391225));
#8753=DIRECTION('center_axis',(1.83697019872103E-16,-1.,-1.48784233447633E-46));
#8754=DIRECTION('ref_axis',(-0.130434782603601,-2.39604808519471E-17,-0.991456891391225));
#8755=DIRECTION('center_axis',(1.83697019872103E-16,-1.,-1.48784233447633E-46));
#8756=DIRECTION('ref_axis',(-0.438202247188319,-8.04964469097528E-17,-0.898876404495695));
#8757=DIRECTION('center_axis',(1.83697019872103E-16,-1.,-1.48784233447633E-46));
#8758=DIRECTION('ref_axis',(-0.438202247196758,-8.04964469113031E-17,0.89887640449158));
#8759=DIRECTION('center_axis',(-1.83697019872103E-16,1.,1.48784233447633E-46));
#8760=DIRECTION('ref_axis',(1.,1.83697019872103E-16,-7.85394231321115E-31));
#8761=DIRECTION('',(-2.00295542864814E-13,-3.67936943179314E-29,-1.));
#8762=DIRECTION('center_axis',(-1.83697019872103E-16,1.,1.48784233447633E-46));
#8763=DIRECTION('ref_axis',(0.130434782603602,2.39604808519473E-17,0.991456891391225));
#8764=DIRECTION('center_axis',(1.83697019872103E-16,-1.,-1.48784233447633E-46));
#8765=DIRECTION('ref_axis',(-0.130434782603601,-2.39604808519471E-17,-0.991456891391225));
#8766=DIRECTION('center_axis',(1.83697019872103E-16,-1.,-1.48784233447633E-46));
#8767=DIRECTION('ref_axis',(-0.438202247188319,-8.04964469097528E-17,-0.898876404495695));
#8768=DIRECTION('center_axis',(1.83697019872103E-16,-1.,-1.48784233447633E-46));
#8769=DIRECTION('ref_axis',(-0.438202247196758,-8.04964469113031E-17,0.89887640449158));
#8770=DIRECTION('center_axis',(-1.83697019872103E-16,1.,1.48784233447633E-46));
#8771=DIRECTION('ref_axis',(1.,1.83697019872103E-16,-7.85394231321115E-31));
#8772=DIRECTION('',(-2.00295542864814E-13,-3.67936943179314E-29,-1.));
#8773=DIRECTION('center_axis',(-1.83697019872103E-16,1.,1.48784233447633E-46));
#8774=DIRECTION('ref_axis',(0.130434782603602,2.39604808519473E-17,0.991456891391225));
#8775=DIRECTION('center_axis',(1.83697019872103E-16,-1.,-1.48784233447633E-46));
#8776=DIRECTION('ref_axis',(-0.130434782603601,-2.39604808519471E-17,-0.991456891391225));
#8777=DIRECTION('center_axis',(1.83697019872103E-16,-1.,-1.48784233447633E-46));
#8778=DIRECTION('ref_axis',(-0.438202247188319,-8.04964469097528E-17,-0.898876404495695));
#8779=DIRECTION('center_axis',(1.83697019872103E-16,-1.,-1.48784233447633E-46));
#8780=DIRECTION('ref_axis',(-0.438202247196758,-8.0496446911303E-17,0.89887640449158));
#8781=DIRECTION('center_axis',(-1.83697019872103E-16,1.,1.48784233447633E-46));
#8782=DIRECTION('ref_axis',(1.,1.83697019872103E-16,-7.85394231321115E-31));
#8783=DIRECTION('',(-2.00295542864815E-13,-3.67936943179315E-29,-1.));
#8784=DIRECTION('center_axis',(-1.83697019872103E-16,1.,1.48784233447633E-46));
#8785=DIRECTION('ref_axis',(0.130434782603601,2.39604808519471E-17,0.991456891391225));
#8786=DIRECTION('center_axis',(1.83697019872103E-16,-1.,-1.48784233447633E-46));
#8787=DIRECTION('ref_axis',(-0.130434782603601,-2.39604808519471E-17,-0.991456891391225));
#8788=DIRECTION('center_axis',(-1.,-1.83697019872103E-16,7.85394231321115E-31));
#8789=DIRECTION('ref_axis',(-1.22464679914736E-16,0.666666666666666,-0.74535599249993));
#8790=DIRECTION('center_axis',(-1.,-1.83697019872103E-16,2.00295542864814E-13));
#8791=DIRECTION('ref_axis',(-1.4941394782523E-13,0.666666666666666,-0.74535599249993));
#8792=DIRECTION('',(-1.,-1.83697019872103E-16,7.85394231321115E-31));
#8793=DIRECTION('center_axis',(-1.83697019872103E-16,1.,1.48784233447633E-46));
#8794=DIRECTION('ref_axis',(7.85394231321115E-31,-4.50965372920307E-48,
1.));
#8795=DIRECTION('',(-2.00295542864814E-13,-3.67936943179315E-29,-1.));
#8796=DIRECTION('center_axis',(-1.83697019872103E-16,1.,1.48784233447633E-46));
#8797=DIRECTION('ref_axis',(1.,1.83697019872103E-16,-7.85394231321115E-31));
#8798=DIRECTION('center_axis',(1.83697019872103E-16,-1.,-1.48784233447633E-46));
#8799=DIRECTION('ref_axis',(-0.438202247196758,-8.04964469113031E-17,0.89887640449158));
#8800=DIRECTION('center_axis',(1.83697019872103E-16,-1.,-1.48784233447633E-46));
#8801=DIRECTION('ref_axis',(-0.438202247188319,-8.04964469097529E-17,-0.898876404495694));
#8802=DIRECTION('center_axis',(1.83697019872103E-16,-1.,-1.48784233447633E-46));
#8803=DIRECTION('ref_axis',(-0.130434782603601,-2.39604808519471E-17,-0.991456891391225));
#8804=DIRECTION('center_axis',(-1.83697019872103E-16,1.,1.48784233447633E-46));
#8805=DIRECTION('ref_axis',(0.130434782603601,2.39604808519471E-17,0.991456891391225));
#8806=DIRECTION('',(-2.00295542864814E-13,-3.67936943179315E-29,-1.));
#8807=DIRECTION('center_axis',(-1.83697019872103E-16,1.,1.48784233447633E-46));
#8808=DIRECTION('ref_axis',(1.,1.83697019872103E-16,-7.85394231321115E-31));
#8809=DIRECTION('center_axis',(1.83697019872103E-16,-1.,-1.48784233447633E-46));
#8810=DIRECTION('ref_axis',(-0.438202247196758,-8.04964469113031E-17,0.89887640449158));
#8811=DIRECTION('center_axis',(1.83697019872103E-16,-1.,-1.48784233447633E-46));
#8812=DIRECTION('ref_axis',(-1.,-1.83697019872103E-16,-6.20124572313313E-13));
#8813=DIRECTION('center_axis',(-1.83697019872103E-16,1.,1.48784233447633E-46));
#8814=DIRECTION('ref_axis',(-0.130434782603601,-2.39604808519471E-17,-0.991456891391225));
#8815=DIRECTION('',(-1.83697019872103E-16,1.,1.48784233447633E-46));
#8816=DIRECTION('center_axis',(-1.83697019872103E-16,1.,1.48784233447633E-46));
#8817=DIRECTION('ref_axis',(0.130434782603601,2.39604808519471E-17,0.991456891391225));
#8818=DIRECTION('',(-1.83697019872103E-16,1.,1.48784233447633E-46));
#8819=DIRECTION('center_axis',(-1.,-1.83697019872103E-16,2.00295542864815E-13));
#8820=DIRECTION('ref_axis',(2.00295542864815E-13,3.67936943179315E-29,1.));
#8821=DIRECTION('',(-1.83697019872103E-16,1.,1.48784233447633E-46));
#8822=DIRECTION('center_axis',(-1.83697019872103E-16,1.,1.48784233447633E-46));
#8823=DIRECTION('ref_axis',(1.,1.83697019872103E-16,-7.85394231321115E-31));
#8824=DIRECTION('',(-1.83697019872103E-16,1.,1.48784233447633E-46));
#8825=DIRECTION('center_axis',(-1.83697019872103E-16,1.,1.48784233447633E-46));
#8826=DIRECTION('ref_axis',(-0.438202247196758,-8.0496446911303E-17,0.89887640449158));
#8827=DIRECTION('',(-1.83697019872103E-16,1.,1.48784233447633E-46));
#8828=DIRECTION('center_axis',(-1.83697019872103E-16,1.,1.48784233447633E-46));
#8829=DIRECTION('ref_axis',(-0.438202247188319,-8.04964469097528E-17,-0.898876404495695));
#8830=DIRECTION('',(-1.83697019872103E-16,1.,1.48784233447633E-46));
#8831=DIRECTION('center_axis',(-1.83697019872103E-16,1.,1.48784233447633E-46));
#8832=DIRECTION('ref_axis',(-0.130434782603601,-2.39604808519471E-17,-0.991456891391225));
#8833=DIRECTION('',(-1.83697019872103E-16,1.,1.48784233447633E-46));
#8834=DIRECTION('center_axis',(-1.83697019872103E-16,1.,1.48784233447633E-46));
#8835=DIRECTION('ref_axis',(0.130434782603602,2.39604808519473E-17,0.991456891391225));
#8836=DIRECTION('',(-1.83697019872103E-16,1.,1.48784233447633E-46));
#8837=DIRECTION('center_axis',(-1.,-1.83697019872103E-16,2.00295542864814E-13));
#8838=DIRECTION('ref_axis',(2.00295542864814E-13,3.67936943179314E-29,1.));
#8839=DIRECTION('',(-1.83697019872103E-16,1.,1.48784233447633E-46));
#8840=DIRECTION('center_axis',(-1.83697019872103E-16,1.,1.48784233447633E-46));
#8841=DIRECTION('ref_axis',(1.,1.83697019872103E-16,-7.85394231321115E-31));
#8842=DIRECTION('',(-1.83697019872103E-16,1.,1.48784233447633E-46));
#8843=DIRECTION('center_axis',(-1.83697019872103E-16,1.,1.48784233447633E-46));
#8844=DIRECTION('ref_axis',(-0.438202247196758,-8.04964469113031E-17,0.89887640449158));
#8845=DIRECTION('',(-1.83697019872103E-16,1.,1.48784233447633E-46));
#8846=DIRECTION('center_axis',(-1.83697019872103E-16,1.,1.48784233447633E-46));
#8847=DIRECTION('ref_axis',(-0.438202247188319,-8.04964469097528E-17,-0.898876404495695));
#8848=DIRECTION('',(-1.83697019872103E-16,1.,1.48784233447633E-46));
#8849=DIRECTION('center_axis',(-1.83697019872103E-16,1.,1.48784233447633E-46));
#8850=DIRECTION('ref_axis',(-0.130434782603601,-2.39604808519471E-17,-0.991456891391225));
#8851=DIRECTION('',(-1.83697019872103E-16,1.,1.48784233447633E-46));
#8852=DIRECTION('center_axis',(-1.83697019872103E-16,1.,1.48784233447633E-46));
#8853=DIRECTION('ref_axis',(0.130434782603602,2.39604808519473E-17,0.991456891391225));
#8854=DIRECTION('',(-1.83697019872103E-16,1.,1.48784233447633E-46));
#8855=DIRECTION('center_axis',(-1.,-1.83697019872103E-16,2.00295542864814E-13));
#8856=DIRECTION('ref_axis',(2.00295542864814E-13,3.67936943179314E-29,1.));
#8857=DIRECTION('',(-1.83697019872103E-16,1.,1.48784233447633E-46));
#8858=DIRECTION('center_axis',(-1.83697019872103E-16,1.,1.48784233447633E-46));
#8859=DIRECTION('ref_axis',(1.,1.83697019872103E-16,-7.85394231321115E-31));
#8860=DIRECTION('',(-1.83697019872103E-16,1.,1.48784233447633E-46));
#8861=DIRECTION('center_axis',(-1.83697019872103E-16,1.,1.48784233447633E-46));
#8862=DIRECTION('ref_axis',(-0.438202247196758,-8.04964469113031E-17,0.89887640449158));
#8863=DIRECTION('',(-1.83697019872103E-16,1.,1.48784233447633E-46));
#8864=DIRECTION('center_axis',(-1.83697019872103E-16,1.,1.48784233447633E-46));
#8865=DIRECTION('ref_axis',(-0.438202247188319,-8.04964469097528E-17,-0.898876404495695));
#8866=DIRECTION('',(-1.83697019872103E-16,1.,1.48784233447633E-46));
#8867=DIRECTION('center_axis',(-1.83697019872103E-16,1.,1.48784233447633E-46));
#8868=DIRECTION('ref_axis',(-0.130434782603601,-2.39604808519471E-17,-0.991456891391225));
#8869=DIRECTION('',(-1.83697019872103E-16,1.,1.48784233447633E-46));
#8870=DIRECTION('center_axis',(-1.83697019872103E-16,1.,1.48784233447633E-46));
#8871=DIRECTION('ref_axis',(0.130434782603602,2.39604808519473E-17,0.991456891391225));
#8872=DIRECTION('',(-1.83697019872103E-16,1.,1.48784233447633E-46));
#8873=DIRECTION('center_axis',(-1.,-1.83697019872103E-16,2.00295542864814E-13));
#8874=DIRECTION('ref_axis',(2.00295542864814E-13,3.67936943179314E-29,1.));
#8875=DIRECTION('',(-1.83697019872103E-16,1.,1.48784233447633E-46));
#8876=DIRECTION('center_axis',(-1.83697019872103E-16,1.,1.48784233447633E-46));
#8877=DIRECTION('ref_axis',(1.,1.83697019872103E-16,-7.85394231321115E-31));
#8878=DIRECTION('',(-1.83697019872103E-16,1.,1.48784233447633E-46));
#8879=DIRECTION('center_axis',(-1.83697019872103E-16,1.,1.48784233447633E-46));
#8880=DIRECTION('ref_axis',(-0.438202247196758,-8.04964469113031E-17,0.89887640449158));
#8881=DIRECTION('',(-1.83697019872103E-16,1.,1.48784233447633E-46));
#8882=DIRECTION('center_axis',(-1.83697019872103E-16,1.,1.48784233447633E-46));
#8883=DIRECTION('ref_axis',(-0.438202247188319,-8.04964469097528E-17,-0.898876404495695));
#8884=DIRECTION('',(-1.83697019872103E-16,1.,1.48784233447633E-46));
#8885=DIRECTION('center_axis',(-1.83697019872103E-16,1.,1.48784233447633E-46));
#8886=DIRECTION('ref_axis',(-0.130434782603601,-2.39604808519471E-17,-0.991456891391225));
#8887=DIRECTION('',(-1.83697019872103E-16,1.,1.48784233447633E-46));
#8888=DIRECTION('center_axis',(-1.83697019872103E-16,1.,1.48784233447633E-46));
#8889=DIRECTION('ref_axis',(0.130434782603601,2.39604808519471E-17,0.991456891391225));
#8890=DIRECTION('',(-1.83697019872103E-16,1.,1.48784233447633E-46));
#8891=DIRECTION('center_axis',(-1.,-1.83697019872103E-16,2.00295542864814E-13));
#8892=DIRECTION('ref_axis',(2.00295542864814E-13,3.67936943179315E-29,1.));
#8893=DIRECTION('',(-1.83697019872103E-16,1.,1.48784233447633E-46));
#8894=DIRECTION('center_axis',(-1.83697019872103E-16,1.,1.48784233447633E-46));
#8895=DIRECTION('ref_axis',(1.,1.83697019872103E-16,-7.85394231321115E-31));
#8896=DIRECTION('',(-1.83697019872103E-16,1.,1.48784233447633E-46));
#8897=DIRECTION('center_axis',(-1.83697019872103E-16,1.,1.48784233447633E-46));
#8898=DIRECTION('ref_axis',(-0.438202247196758,-8.04964469113031E-17,0.89887640449158));
#8899=DIRECTION('',(-1.83697019872103E-16,1.,1.48784233447633E-46));
#8900=DIRECTION('center_axis',(-1.83697019872103E-16,1.,1.48784233447633E-46));
#8901=DIRECTION('ref_axis',(-0.438202247188319,-8.04964469097529E-17,-0.898876404495694));
#8902=DIRECTION('',(-1.83697019872103E-16,1.,1.48784233447633E-46));
#8903=DIRECTION('center_axis',(-1.83697019872103E-16,1.,1.48784233447633E-46));
#8904=DIRECTION('ref_axis',(-0.130434782603601,-2.39604808519471E-17,-0.991456891391225));
#8905=DIRECTION('',(-1.83697019872103E-16,1.,1.48784233447633E-46));
#8906=DIRECTION('center_axis',(-1.83697019872103E-16,1.,1.48784233447633E-46));
#8907=DIRECTION('ref_axis',(0.130434782603601,2.39604808519471E-17,0.991456891391225));
#8908=DIRECTION('',(-1.83697019872103E-16,1.,1.48784233447633E-46));
#8909=DIRECTION('center_axis',(-1.,-1.83697019872103E-16,2.00295542864814E-13));
#8910=DIRECTION('ref_axis',(2.00295542864814E-13,3.67936943179315E-29,1.));
#8911=DIRECTION('',(-1.83697019872103E-16,1.,1.48784233447633E-46));
#8912=DIRECTION('center_axis',(-1.83697019872103E-16,1.,1.48784233447633E-46));
#8913=DIRECTION('ref_axis',(1.,1.83697019872103E-16,-7.85394231321115E-31));
#8914=DIRECTION('',(-1.83697019872103E-16,1.,1.48784233447633E-46));
#8915=DIRECTION('center_axis',(-1.83697019872103E-16,1.,1.48784233447633E-46));
#8916=DIRECTION('ref_axis',(-0.438202247196758,-8.04964469113031E-17,0.89887640449158));
#8917=DIRECTION('',(-1.83697019872103E-16,1.,1.48784233447633E-46));
#8918=DIRECTION('center_axis',(-1.83697019872103E-16,1.,1.48784233447633E-46));
#8919=DIRECTION('ref_axis',(-1.,-1.83697019872103E-16,-6.20124572313313E-13));
#8920=DIRECTION('center_axis',(5.99520433134744E-13,2.2204460486472E-14,
1.));
#8921=DIRECTION('ref_axis',(0.608761429008924,0.793353340291079,-3.8258089849146E-13));
#8922=DIRECTION('center_axis',(-5.95262590347171E-13,-1.90572866129757E-14,
-1.));
#8923=DIRECTION('ref_axis',(0.608761429008924,0.793353340291079,-3.77492067126586E-13));
#8924=DIRECTION('',(-0.68301270180048,-0.183012701867196,-0.707106781281637));
#8925=DIRECTION('center_axis',(0.683012701892095,0.183012701891913,-0.707106781186747));
#8926=DIRECTION('ref_axis',(-0.719254596676565,-1.11022302462516E-16,-0.694746590606699));
#8927=DIRECTION('',(-0.683012701892531,-0.183012701891835,-0.707106781186346));
#8928=DIRECTION('center_axis',(5.99520433127727E-13,2.22044604862121E-14,
1.));
#8929=DIRECTION('ref_axis',(0.99144486137386,0.130526192219677,-5.97289716390673E-13));
#8930=DIRECTION('',(-0.707106781086591,1.57009245846181E-13,-0.707106781286504));
#8931=DIRECTION('center_axis',(0.707106781186336,-1.88385126965647E-13,
-0.707106781186759));
#8932=DIRECTION('ref_axis',(-0.707106781186759,-1.26217744835362E-29,-0.707106781186336));
#8933=DIRECTION('',(-0.707106781187531,1.64859708161665E-13,-0.707106781185564));
#8934=DIRECTION('center_axis',(5.99520433119862E-13,2.22044604859208E-14,
1.));
#8935=DIRECTION('ref_axis',(0.707106781186387,-0.707106781186708,-4.08224039136667E-13));
#8936=DIRECTION('',(-2.90467104770477E-13,0.707106781186554,-0.707106781186541));
#8937=DIRECTION('center_axis',(-5.95262590347171E-13,-1.90572866129757E-14,
-1.));
#8938=DIRECTION('ref_axis',(0.707106781186387,-0.707106781186708,-4.07438677626005E-13));
#8939=DIRECTION('center_axis',(-1.09479432864987E-16,1.90719043286996E-14,
1.));
#8940=DIRECTION('ref_axis',(0.608761429008924,0.793353340291079,-1.50641121488877E-14));
#8941=DIRECTION('',(-1.09479432864987E-16,1.90719043286996E-14,1.));
#8942=DIRECTION('center_axis',(4.48706148206913E-15,1.26448216866078E-14,
1.));
#8943=DIRECTION('ref_axis',(0.965925826289201,0.258819045102027,-7.6068892440913E-15));
#8944=DIRECTION('center_axis',(-3.85377985334719E-16,1.24206200879941E-14,
1.));
#8945=DIRECTION('ref_axis',(0.707106781186387,-0.707106781186708,9.0552080775146E-15));
#8946=DIRECTION('center_axis',(3.85377985337461E-16,-1.25260136373597E-14,
-1.));
#8947=DIRECTION('ref_axis',(0.707106781186387,-0.707106781186708,9.12973257096629E-15));
#8948=DIRECTION('',(-3.85377985334719E-16,1.24206200879941E-14,1.));
#8949=DIRECTION('center_axis',(1.,-2.46970142308068E-13,3.57622409724672E-16));
#8950=DIRECTION('ref_axis',(-3.57622409721833E-16,1.14967559282167E-14,
1.));
#8951=DIRECTION('',(-2.46970142308068E-13,-1.,1.14954342341397E-14));
#8952=DIRECTION('',(3.57622409721832E-16,-1.21351341673762E-14,-1.));
#8953=DIRECTION('',(3.57622409719641E-16,-2.03701138894182E-14,-1.));
#8954=DIRECTION('center_axis',(2.44319239038196E-13,1.,-2.01818429721094E-14));
#8955=DIRECTION('ref_axis',(1.,-2.44319239038196E-13,1.66728544034209E-14));
#8956=DIRECTION('center_axis',(2.47633632734689E-13,1.,-1.21351341673761E-14));
#8957=DIRECTION('ref_axis',(1.,-2.47633632734689E-13,3.89015021535035E-15));
#8958=DIRECTION('center_axis',(2.48895196985511E-13,1.,-2.03701138894181E-14));
#8959=DIRECTION('ref_axis',(1.,-2.48895196985511E-13,1.6672854403421E-14));
#8960=DIRECTION('center_axis',(-1.,2.46970142308068E-13,-9.61824991398098E-16));
#8961=DIRECTION('ref_axis',(9.6182499139525E-16,-1.15309315857031E-14,-1.));
#8962=DIRECTION('',(-9.61824991395101E-16,1.21351341673763E-14,1.));
#8963=DIRECTION('',(-2.46970142308068E-13,-1.,1.21338124732991E-14));
#8964=DIRECTION('center_axis',(-5.94971718844911E-13,-2.29122276660402E-14,
-1.));
#8965=DIRECTION('ref_axis',(0.707106781186446,-0.707106781186649,-4.04507145454643E-13));
#8966=DIRECTION('',(-0.707106781186336,1.88781449634517E-13,0.707106781186759));
#8967=DIRECTION('center_axis',(5.95262590347171E-13,1.96956648521351E-14,
1.));
#8968=DIRECTION('ref_axis',(0.707106781186445,-0.70710678118665,-4.06987276044169E-13));
#8969=DIRECTION('center_axis',(3.85377985339874E-16,-2.15799600411524E-15,
-1.));
#8970=DIRECTION('ref_axis',(0.707106781186445,-0.70710678118665,1.79843699503738E-15));
#8971=DIRECTION('center_axis',(2.47633632734689E-13,1.,-2.1515440501344E-15));
#8972=DIRECTION('ref_axis',(0.707106781186549,-1.7662479234443E-13,-0.707106781186546));
#8973=DIRECTION('center_axis',(3.31226840482077E-14,1.,-4.57550664023939E-14));
#8974=DIRECTION('ref_axis',(0.707106790364536,-5.57749921124208E-14,-0.707106772008559));
#8975=DIRECTION('center_axis',(3.47731742616726E-14,1.,-2.5468851685247E-14));
#8976=DIRECTION('ref_axis',(0.707106790364536,-4.25975451448778E-14,-0.707106772008559));
#8977=DIRECTION('',(-2.3693777888331E-14,-0.70710678118628,0.707106781186815));
#8978=DIRECTION('center_axis',(-3.47731742616726E-14,-1.,2.5468851685247E-14));
#8979=DIRECTION('ref_axis',(0.707106790364536,-4.25975451448778E-14,-0.707106772008559));
#8980=DIRECTION('center_axis',(2.43158439370581E-14,0.707106781186556,0.707106781186539));
#8981=DIRECTION('ref_axis',(-1.,3.47731742616722E-14,-3.85377985337469E-16));
#8982=DIRECTION('',(-1.,3.47731742616726E-14,-3.85377985337896E-16));
#8983=DIRECTION('',(-2.36937778883249E-14,-0.707106781186554,0.707106781186541));
#8984=DIRECTION('',(1.,-3.47731742616726E-14,3.85377985337896E-16));
#8985=DIRECTION('center_axis',(-3.31226840480915E-14,-1.,4.57550664022391E-14));
#8986=DIRECTION('ref_axis',(-0.646981548248306,5.63182623537661E-14,0.762505656520806));
#8987=DIRECTION('',(-0.69766986165151,-0.70710678118748,0.115138022137968));
#8988=DIRECTION('center_axis',(3.47731742616726E-14,1.,-2.5468851685247E-14));
#8989=DIRECTION('ref_axis',(-0.646981548248305,4.19177455964154E-14,0.762505656520806));
#8990=DIRECTION('center_axis',(-3.47731742616726E-14,-1.,2.5468851685247E-14));
#8991=DIRECTION('ref_axis',(-0.646981548248305,4.19177455964154E-14,0.762505656520806));
#8992=DIRECTION('center_axis',(-3.58982416093293E-14,-1.,4.57550664018486E-14));
#8993=DIRECTION('ref_axis',(-0.98102055128426,4.40889933461935E-14,0.19390378531098));
#8994=DIRECTION('center_axis',(3.47731742616726E-14,1.,-2.5468851685247E-14));
#8995=DIRECTION('ref_axis',(-0.98102055128426,3.9051705333383E-14,0.19390378531098));
#8996=DIRECTION('center_axis',(-3.47731742616726E-14,-1.,2.5468851685247E-14));
#8997=DIRECTION('ref_axis',(-0.98102055128426,3.9051705333383E-14,0.19390378531098));
#8998=DIRECTION('center_axis',(-3.47731742616726E-14,-1.,2.5468851685247E-14));
#8999=DIRECTION('ref_axis',(-2.46600107259324E-16,2.5468851685247E-14,1.));
#9000=DIRECTION('',(2.595925313904E-8,-2.54688525879326E-14,-1.));
#9001=DIRECTION('center_axis',(3.47731742616726E-14,1.,-2.5468851685247E-14));
#9002=DIRECTION('ref_axis',(0.707106799542518,-4.25975452302726E-14,-0.707106762830577));
#9003=DIRECTION('',(1.,-3.47731736005203E-14,2.59592499871684E-8));
#9004=DIRECTION('center_axis',(-3.47731742616726E-14,-1.,2.5468851685247E-14));
#9005=DIRECTION('ref_axis',(-0.707106799542509,4.25975452302726E-14,0.707106762830586));
#9006=DIRECTION('',(-2.59592492580659E-8,2.54688525879325E-14,1.));
#9007=DIRECTION('center_axis',(-1.36233390909487E-13,-0.707111146095259,
0.707102416250892));
#9008=DIRECTION('ref_axis',(1.,-1.92276546559441E-13,3.85377985338115E-16));
#9009=DIRECTION('',(-1.35690849402718E-13,-0.707102416250892,-0.707111146095259));
#9010=DIRECTION('',(-1.,1.92276546559439E-13,-3.85377985339869E-16));
#9011=DIRECTION('',(-1.37960927170981E-13,-0.707102416250923,-0.707111146095228));
#9012=DIRECTION('',(1.,-1.92276546559439E-13,3.85377985339869E-16));
#9013=DIRECTION('center_axis',(-1.92023354447879E-13,-1.,1.34614541735803E-15));
#9014=DIRECTION('ref_axis',(-0.707106781186547,1.34829147523206E-13,-0.707106781186548));
#9015=DIRECTION('center_axis',(1.92276546559439E-13,1.,-1.00145977153773E-14));
#9016=DIRECTION('ref_axis',(-0.707106781186547,1.28878659979912E-13,-0.707106781186548));
#9017=DIRECTION('',(-0.707106781187084,-0.707106781186011,6.79365166324056E-16));
#9018=DIRECTION('center_axis',(-1.92276546559439E-13,-1.,1.00145977153773E-14));
#9019=DIRECTION('ref_axis',(-0.707106781186547,1.28878659979912E-13,-0.707106781186548));
#9020=DIRECTION('center_axis',(0.707106781186406,-0.707106781186689,7.35389395981206E-15));
#9021=DIRECTION('ref_axis',(0.707106781186689,0.707106781186406,-6.79365166324739E-16));
#9022=DIRECTION('',(-0.707106781186689,-0.707106781186406,6.79365166324738E-16));
#9023=DIRECTION('',(3.8537885884049E-16,-1.00145977153774E-14,-1.));
#9024=DIRECTION('',(-3.8537885884049E-16,1.00145977153774E-14,1.));
#9025=DIRECTION('center_axis',(1.92717243838287E-13,1.,-1.34614541735803E-15));
#9026=DIRECTION('ref_axis',(0.707106781186555,-1.35319801416558E-13,0.70710678118654));
#9027=DIRECTION('center_axis',(-1.92276546559439E-13,-1.,1.00145977153773E-14));
#9028=DIRECTION('ref_axis',(0.707106781186555,-1.28878659979913E-13,0.70710678118654));
#9029=DIRECTION('',(-1.35999166582798E-13,-0.707106781186109,-0.707106781186986));
#9030=DIRECTION('center_axis',(1.92276546559439E-13,1.,-1.00145977153773E-14));
#9031=DIRECTION('ref_axis',(0.707106781186555,-1.28878659979913E-13,0.70710678118654));
#9032=DIRECTION('center_axis',(-1.36212927166325E-13,-0.707106781186531,
0.707106781186564));
#9033=DIRECTION('ref_axis',(1.,-1.92248790983823E-13,3.8537798533698E-16));
#9034=DIRECTION('',(-1.35017858796038E-13,-0.707106781186564,-0.707106781186531));
#9035=DIRECTION('',(1.,-1.92276546559439E-13,3.57622409721496E-16));
#9036=DIRECTION('',(-1.,1.92276546559439E-13,-3.57622409721496E-16));
#9037=DIRECTION('center_axis',(1.91329465057364E-13,1.,-1.34614541735803E-15));
#9038=DIRECTION('ref_axis',(-0.707106781186555,1.36242230735935E-13,0.70710678118654));
#9039=DIRECTION('center_axis',(-1.92276546559439E-13,-1.,1.00145977153773E-14));
#9040=DIRECTION('ref_axis',(-0.707106781186555,1.4304143989071E-13,0.70710678118654));
#9041=DIRECTION('',(0.707106781186578,-0.707106781186517,1.22437193982921E-15));
#9042=DIRECTION('center_axis',(1.92276546559439E-13,1.,-1.00145977153773E-14));
#9043=DIRECTION('ref_axis',(-0.707106781186555,1.4304143989071E-13,0.70710678118654));
#9044=DIRECTION('center_axis',(-0.70710678118667,-0.707106781186425,6.71075578997743E-15));
#9045=DIRECTION('ref_axis',(0.707106781186425,-0.70710678118667,1.22437193982935E-15));
#9046=DIRECTION('',(0.707106781186426,-0.707106781186669,1.22437193982935E-15));
#9047=DIRECTION('',(-5.24155863415738E-16,1.00145977153774E-14,1.));
#9048=DIRECTION('',(5.24155863415738E-16,-1.00145977153774E-14,-1.));
#9049=DIRECTION('center_axis',(-1.94105022618807E-13,-1.,1.34614541735803E-15));
#9050=DIRECTION('ref_axis',(-1.,1.94105022618807E-13,-5.24155863417679E-16));
#9051=DIRECTION('',(-0.707106781186636,-0.707106781186459,6.7936516632483E-16));
#9052=DIRECTION('center_axis',(-1.92276546559439E-13,-1.,1.00145977153773E-14));
#9053=DIRECTION('ref_axis',(-1.,1.92276546559439E-13,-5.24155863417669E-16));
#9054=DIRECTION('center_axis',(1.92276546559439E-13,1.,-1.00145977153773E-14));
#9055=DIRECTION('ref_axis',(-1.,1.92276546559439E-13,-5.24155863417669E-16));
#9056=DIRECTION('center_axis',(0.707106781186408,-0.707106781186687,7.45202412081995E-15));
#9057=DIRECTION('ref_axis',(0.707106781186687,0.707106781186408,-6.79365166324742E-16));
#9058=DIRECTION('',(-0.707106781186687,-0.707106781186408,6.79365166324743E-16));
#9059=DIRECTION('',(5.24155863415738E-16,-1.00145977153774E-14,-1.));
#9060=DIRECTION('',(-5.24155863415738E-16,1.00145977153774E-14,1.));
#9061=DIRECTION('center_axis',(1.94105022618915E-13,1.,-1.34614541735803E-15));
#9062=DIRECTION('ref_axis',(0.707106781186555,-1.36301109203127E-13,0.70710678118654));
#9063=DIRECTION('center_axis',(-1.92276546559439E-13,-1.,1.00145977153773E-14));
#9064=DIRECTION('ref_axis',(0.707106781186555,-1.28878659979913E-13,0.70710678118654));
#9065=DIRECTION('',(-1.36980474369424E-13,-0.707106781186407,-0.707106781186688));
#9066=DIRECTION('center_axis',(1.92276546559439E-13,1.,-1.00145977153773E-14));
#9067=DIRECTION('ref_axis',(0.707106781186555,-1.28878659979913E-13,0.70710678118654));
#9068=DIRECTION('center_axis',(-1.36212927166325E-13,-0.707106781186531,
0.707106781186564));
#9069=DIRECTION('ref_axis',(1.,-1.92248790983823E-13,3.8537798533698E-16));
#9070=DIRECTION('',(-1.33055243222684E-13,-0.707106781186564,-0.707106781186531));
#9071=DIRECTION('',(1.,-1.92276546559439E-13,3.57622409721496E-16));
#9072=DIRECTION('',(-1.,1.92276546559439E-13,-3.57622409721496E-16));
#9073=DIRECTION('center_axis',(1.94105022618963E-13,1.,-1.34614541735803E-15));
#9074=DIRECTION('ref_axis',(-0.707106781186555,1.38204846309315E-13,0.70710678118654));
#9075=DIRECTION('center_axis',(-1.92276546559439E-13,-1.,1.00145977153773E-14));
#9076=DIRECTION('ref_axis',(-0.707106781186555,1.4304143989071E-13,0.70710678118654));
#9077=DIRECTION('',(0.70710678118664,-0.707106781186455,1.22437193982915E-15));
#9078=DIRECTION('center_axis',(1.92276546559439E-13,1.,-1.00145977153773E-14));
#9079=DIRECTION('ref_axis',(-0.707106781186555,1.4304143989071E-13,0.70710678118654));
#9080=DIRECTION('center_axis',(-0.707106781186677,-0.707106781186418,6.71075578997735E-15));
#9081=DIRECTION('ref_axis',(0.707106781186418,-0.707106781186677,1.22437193982936E-15));
#9082=DIRECTION('',(0.707106781186418,-0.707106781186677,1.22437193982936E-15));
#9083=DIRECTION('',(-5.24155863415734E-16,1.00145977153774E-14,1.));
#9084=DIRECTION('',(5.24155863415734E-16,-1.00145977153774E-14,-1.));
#9085=DIRECTION('center_axis',(-1.88553907495741E-13,-1.,1.34614541735803E-15));
#9086=DIRECTION('ref_axis',(1.,-1.88553907495741E-13,5.2415586341763E-16));
#9087=DIRECTION('',(-0.505076259430089,-0.707106781186374,-0.494871672416551));
#9088=DIRECTION('center_axis',(-1.92276546559439E-13,-1.,1.00145977153773E-14));
#9089=DIRECTION('ref_axis',(1.,-1.92276546559439E-13,5.2415586341765E-16));
#9090=DIRECTION('center_axis',(1.92276546559439E-13,1.,-1.00145977153773E-14));
#9091=DIRECTION('ref_axis',(1.,-1.92276546559439E-13,5.2415586341765E-16));
#9092=DIRECTION('center_axis',(1.88553907495749E-13,1.,-1.34614541735803E-15));
#9093=DIRECTION('ref_axis',(-0.377964497042553,7.25129712834378E-14,0.925820089960987));
#9094=DIRECTION('center_axis',(-1.92276546559439E-13,-1.,1.00145977153773E-14));
#9095=DIRECTION('ref_axis',(-0.377964497042553,8.19454239711911E-14,0.925820089960987));
#9096=DIRECTION('',(0.70710678118654,-0.707106781186555,1.83559521588446E-8));
#9097=DIRECTION('center_axis',(1.92276546559439E-13,1.,-1.00145977153773E-14));
#9098=DIRECTION('ref_axis',(-0.377964497042553,8.19454239711911E-14,0.925820089960987));
#9099=DIRECTION('center_axis',(-0.707106781186638,-0.707106781186457,-1.83559568477622E-8));
#9100=DIRECTION('ref_axis',(0.707106781186457,-0.707106781186638,1.22437192752806E-15));
#9101=DIRECTION('',(0.707106781186457,-0.707106781186638,1.83559521588422E-8));
#9102=DIRECTION('',(-2.595925313904E-8,1.00146027067329E-14,1.));
#9103=DIRECTION('',(2.595925313904E-8,-1.00146027067329E-14,-1.));
#9104=DIRECTION('center_axis',(-1.8855390749813E-13,-1.,1.34614541735803E-15));
#9105=DIRECTION('ref_axis',(0.707106790364536,-1.34279616882416E-13,-0.707106772008559));
#9106=DIRECTION('center_axis',(1.92276546559439E-13,1.,-1.00145977153773E-14));
#9107=DIRECTION('ref_axis',(0.707106790364536,-1.43041441563507E-13,-0.707106772008559));
#9108=DIRECTION('',(-1.33055243223527E-13,-0.707106781181964,-0.707106781191131));
#9109=DIRECTION('center_axis',(-1.92276546559439E-13,-1.,1.00145977153773E-14));
#9110=DIRECTION('ref_axis',(0.707106790364536,-1.43041441563507E-13,-0.707106772008559));
#9111=DIRECTION('center_axis',(-1.36232553322059E-13,-0.707106781186523,
0.707106781186572));
#9112=DIRECTION('ref_axis',(1.,-1.92276546559441E-13,3.85377985337421E-16));
#9113=DIRECTION('',(-1.40905705516107E-13,-0.707106781186572,-0.707106781186523));
#9114=DIRECTION('',(1.,-1.92276546559439E-13,3.85377985339869E-16));
#9115=DIRECTION('',(-1.,1.92276546559439E-13,-3.85377985339869E-16));
#9116=DIRECTION('center_axis',(1.88553907495712E-13,1.,-1.34614541735803E-15));
#9117=DIRECTION('ref_axis',(-0.646981548248305,1.23017342495079E-13,0.762505656520806));
#9118=DIRECTION('center_axis',(-1.92276546559439E-13,-1.,1.00145977153773E-14));
#9119=DIRECTION('ref_axis',(-0.646981548248305,1.32035565190619E-13,0.762505656520806));
#9120=DIRECTION('',(0.697669861652313,-0.707106781186672,-0.115138022138071));
#9121=DIRECTION('center_axis',(1.92276546559439E-13,1.,-1.00145977153773E-14));
#9122=DIRECTION('ref_axis',(-0.646981548248305,1.32035565190619E-13,0.762505656520806));
#9123=DIRECTION('center_axis',(1.91329465057275E-13,1.,-1.34614541735803E-15));
#9124=DIRECTION('ref_axis',(-0.98102055128426,1.87959159979415E-13,0.19390378531098));
#9125=DIRECTION('center_axis',(1.45744651837487E-10,0.70710678124218,0.707106781130915));
#9126=DIRECTION('ref_axis',(-0.876780096326437,-0.340041661070017,0.34004166130424));
#9127=DIRECTION('center_axis',(1.92276546559439E-13,1.,-1.00145977153773E-14));
#9128=DIRECTION('ref_axis',(-0.98102055128426,1.90569112110153E-13,0.19390378531098));
#9129=DIRECTION('center_axis',(-1.92276546559439E-13,-1.,1.00145977153773E-14));
#9130=DIRECTION('ref_axis',(-0.98102055128426,1.90569112110153E-13,0.19390378531098));
#9131=DIRECTION('center_axis',(1.91994135968657E-13,1.,-1.05697332475005E-14));
#9132=DIRECTION('ref_axis',(-0.98102055128426,1.90399704397735E-13,0.19390378531098));
#9133=DIRECTION('',(-1.91994135968657E-13,-1.,1.05697332475005E-14));
#9134=DIRECTION('center_axis',(1.91671286627993E-13,1.,-1.25260136373596E-14));
#9135=DIRECTION('ref_axis',(-0.646981548248305,1.33558942029467E-13,0.762505656520806));
#9136=DIRECTION('',(1.91671286627993E-13,1.,-1.25260136373596E-14));
#9137=DIRECTION('center_axis',(3.85377985337461E-16,-1.25260136373597E-14,
-1.));
#9138=DIRECTION('ref_axis',(1.,1.84006690569185E-16,3.85377985337459E-16));
#9139=DIRECTION('',(-3.5093329592998E-14,-1.,1.25260136373597E-14));
#9140=DIRECTION('center_axis',(3.5093329592998E-14,1.,-1.25260136373597E-14));
#9141=DIRECTION('ref_axis',(0.707106790364536,-3.36719607209582E-14,-0.707106772008559));
#9142=DIRECTION('',(3.5093329592998E-14,1.,-1.25260136373597E-14));
#9143=DIRECTION('center_axis',(1.,-3.5093329267832E-14,2.595925313904E-8));
#9144=DIRECTION('ref_axis',(-2.595925313904E-8,2.54688525879326E-14,1.));
#9145=DIRECTION('',(-3.50933296091156E-14,-1.,1.31468949599065E-14));
#9146=DIRECTION('',(-3.50933292932934E-14,-1.,9.80822031354332E-16));
#9147=DIRECTION('',(-2.595925313904E-8,2.0482140432757E-14,1.));
#9148=DIRECTION('',(3.50933299168951E-14,1.,-2.50031477004125E-14));
#9149=DIRECTION('center_axis',(1.8828097766882E-13,1.,-1.31468909832695E-14));
#9150=DIRECTION('ref_axis',(-0.377964497042553,8.33351808201136E-14,0.925820089960987));
#9151=DIRECTION('',(1.8828097766882E-13,1.,-1.31468909832695E-14));
#9152=DIRECTION('center_axis',(1.8828097766882E-13,1.,-1.31468909832695E-14));
#9153=DIRECTION('ref_axis',(-1.,1.8828097766882E-13,-5.24155863417609E-16));
#9154=DIRECTION('',(1.8828097766882E-13,1.,-1.31468909832695E-14));
#9155=DIRECTION('center_axis',(1.,-1.8828097766882E-13,5.2415586341762E-16));
#9156=DIRECTION('ref_axis',(5.24155863415614E-16,-1.06529759545369E-14,
-1.));
#9157=DIRECTION('',(-1.8828097766882E-13,-1.,9.80822031354277E-16));
#9158=DIRECTION('center_axis',(-1.8828097766882E-13,-1.,9.80822031354277E-16));
#9159=DIRECTION('ref_axis',(-0.707106781186555,1.33828301987565E-13,0.70710678118654));
#9160=DIRECTION('',(1.8828097766882E-13,1.,-9.80822031354277E-16));
#9161=DIRECTION('center_axis',(1.94202167133488E-13,1.,-9.80822031354275E-16));
#9162=DIRECTION('ref_axis',(0.707106781186555,-1.36628123391706E-13,0.70710678118654));
#9163=DIRECTION('',(1.94202167133488E-13,1.,-9.80822031354275E-16));
#9164=DIRECTION('',(-1.94202167133488E-13,-1.,9.80822031354275E-16));
#9165=DIRECTION('center_axis',(-1.,1.94202167133488E-13,-5.24155863417683E-16));
#9166=DIRECTION('ref_axis',(-5.24155863415614E-16,1.06529759545369E-14,
1.));
#9167=DIRECTION('',(1.94202167133488E-13,1.,-1.31468909832695E-14));
#9168=DIRECTION('center_axis',(1.94202167133488E-13,1.,-1.31468909832695E-14));
#9169=DIRECTION('ref_axis',(-1.,1.94202167133488E-13,-5.24155863417688E-16));
#9170=DIRECTION('',(1.94202167133488E-13,1.,-1.31468909832695E-14));
#9171=DIRECTION('center_axis',(1.,-1.94202167133488E-13,5.24155863417683E-16));
#9172=DIRECTION('ref_axis',(5.24155863415614E-16,-1.06529759545369E-14,
-1.));
#9173=DIRECTION('',(-1.94202167133488E-13,-1.,9.80822031354275E-16));
#9174=DIRECTION('center_axis',(-1.94202167133488E-13,-1.,9.80822031354275E-16));
#9175=DIRECTION('ref_axis',(-0.707106781186555,1.38015215210722E-13,0.70710678118654));
#9176=DIRECTION('',(1.94202167133488E-13,1.,-9.80822031354275E-16));
#9177=DIRECTION('center_axis',(-2.47519085914688E-13,-1.,1.25260136373596E-14));
#9178=DIRECTION('ref_axis',(-0.707106781186547,1.66165194939159E-13,-0.707106781186548));
#9179=DIRECTION('',(2.47519085914688E-13,1.,-1.31643918765191E-14));
#9180=DIRECTION('center_axis',(-3.54540638251949E-14,-1.,5.99196709367026E-13));
#9181=DIRECTION('ref_axis',(-0.707106781186547,-3.98626247506673E-13,-0.707106781186548));
#9182=DIRECTION('',(-2.47519085914688E-13,-1.,1.25260136373596E-14));
#9183=DIRECTION('center_axis',(3.85377985337461E-16,-1.25260136373597E-14,
-1.));
#9184=DIRECTION('ref_axis',(1.,1.84006690569185E-16,3.85377985337459E-16));
#9185=DIRECTION('',(-1.92254650911125E-13,-1.,1.25260136373596E-14));
#9186=DIRECTION('',(-0.70710678118641,0.707106781186685,-9.12973257096599E-15));
#9187=DIRECTION('center_axis',(3.85377985337461E-16,-1.25260136373597E-14,
-1.));
#9188=DIRECTION('ref_axis',(-0.382683432365268,-0.923879532511213,1.1425049853326E-14));
#9189=DIRECTION('',(-1.,1.92254650911125E-13,-3.85377985339869E-16));
#9190=DIRECTION('center_axis',(3.85377985337461E-16,-1.25260136373597E-14,
-1.));
#9191=DIRECTION('ref_axis',(0.70710678118645,-0.707106781186645,9.12973257096553E-15));
#9192=DIRECTION('',(1.,-3.54540638251947E-14,3.85377985337905E-16));
#9193=DIRECTION('',(1.8400669056458E-16,-1.,1.31643918765192E-14));
#9194=DIRECTION('center_axis',(3.85377985337461E-16,-1.25260136373597E-14,
-1.));
#9195=DIRECTION('ref_axis',(0.707106781186548,-0.707106781186547,9.12973257096434E-15));
#9196=DIRECTION('',(-1.,-3.5614763662418E-16,-3.85377985337456E-16));
#9197=DIRECTION('center_axis',(3.85377985337461E-16,-1.25260136373597E-14,
-1.));
#9198=DIRECTION('ref_axis',(-0.707106781186547,-0.707106781186548,8.58472579746009E-15));
#9199=DIRECTION('',(-1.8400669056458E-16,1.,-1.25260136373597E-14));
#9200=DIRECTION('center_axis',(3.85377985337461E-16,-1.31643918765192E-14,
-1.));
#9201=DIRECTION('ref_axis',(-0.707106781186548,0.707106781186547,-9.58113415283595E-15));
#9202=DIRECTION('',(1.,1.84006690569178E-16,3.85377985337458E-16));
#9203=DIRECTION('center_axis',(3.85377985337461E-16,-1.31643918765192E-14,
-1.));
#9204=DIRECTION('ref_axis',(0.707106781186548,0.707106781186547,-9.03612737933169E-15));
#9205=DIRECTION('center_axis',(-1.88553907495703E-13,-1.,1.34614541735803E-15));
#9206=DIRECTION('ref_axis',(-3.57622409723945E-16,1.3461454173581E-15,1.));
#9207=DIRECTION('center_axis',(1.92276546559439E-13,1.,-1.00145977153773E-14));
#9208=DIRECTION('ref_axis',(-3.57622409722314E-16,1.00145977153774E-14,
1.));
#9209=DIRECTION('',(-1.32988273772792E-13,-0.707106781186567,-0.707106781186528));
#9210=DIRECTION('center_axis',(-1.92276546559439E-13,-1.,1.00145977153773E-14));
#9211=DIRECTION('ref_axis',(-3.57622409722315E-16,1.00145977153774E-14,
1.));
#9212=DIRECTION('center_axis',(-1.92276546559439E-13,-1.,1.00145977153773E-14));
#9213=DIRECTION('ref_axis',(1.,-1.92276546559439E-13,3.39608210925293E-16));
#9214=DIRECTION('',(-1.,1.92276546559445E-13,5.95262590347167E-13));
#9215=DIRECTION('',(-3.57622409722299E-16,1.00145977153774E-14,1.));
#9216=DIRECTION('center_axis',(1.92276546559439E-13,1.,-1.00145977153773E-14));
#9217=DIRECTION('ref_axis',(-3.576224097223E-16,1.00145977153774E-14,1.));
#9218=DIRECTION('center_axis',(1.92482388967458E-13,1.,-1.2591423630244E-14));
#9219=DIRECTION('ref_axis',(-3.57622409721819E-16,1.25914236302441E-14,
1.));
#9220=DIRECTION('',(1.92482388967458E-13,1.,-1.2591423630244E-14));
#9221=DIRECTION('center_axis',(-8.64018318826955E-16,1.,-2.7963742432747E-15));
#9222=DIRECTION('ref_axis',(5.24155863415605E-16,-2.7963742432747E-15,-1.));
#9223=DIRECTION('center_axis',(-8.64018318826955E-16,1.,-2.7963742432747E-15));
#9224=DIRECTION('ref_axis',(5.24155863415605E-16,-2.7963742432747E-15,-1.));
#9225=DIRECTION('center_axis',(-8.64018318826955E-16,1.,-2.7963742432747E-15));
#9226=DIRECTION('ref_axis',(5.24155863415605E-16,-2.7963742432747E-15,-1.));
#9227=DIRECTION('center_axis',(3.54540638251949E-14,1.,-5.99196709367026E-13));
#9228=DIRECTION('ref_axis',(-1.48313624418395E-7,-5.99196704108699E-13,
-0.999999999999989));
#9229=DIRECTION('',(3.85377985189733E-16,-5.99196709367026E-13,-1.));
#9230=DIRECTION('',(-1.,3.54540638251947E-14,-3.57622409743184E-16));
#9231=DIRECTION('center_axis',(2.47633632734689E-13,1.,-1.21351341673761E-14));
#9232=DIRECTION('ref_axis',(3.57622409721832E-16,-1.21351341673762E-14,
-1.));
#9233=DIRECTION('',(1.,-3.54540638251947E-14,3.57622409743184E-16));
#9234=DIRECTION('center_axis',(2.47633632734819E-13,1.,-1.21351341673761E-14));
#9235=DIRECTION('ref_axis',(3.57622409721832E-16,-1.21351341673762E-14,
-1.));
#9236=DIRECTION('center_axis',(1.,1.84006690557124E-16,-5.95254825841183E-13));
#9237=DIRECTION('ref_axis',(-1.84006690569178E-16,1.,-2.02507763644476E-14));
#9238=DIRECTION('',(-1.84006690569228E-16,1.,-2.09724213304539E-14));
#9239=DIRECTION('',(-5.95254825841183E-13,-2.02365901813553E-14,-1.));
#9240=DIRECTION('',(5.95254825841183E-13,2.08749684205147E-14,1.));
#9241=DIRECTION('center_axis',(-0.707106781186966,-1.45084521374706E-14,
-0.707106781186129));
#9242=DIRECTION('ref_axis',(1.91719043644831E-14,-1.,1.34614541735817E-15));
#9243=DIRECTION('',(0.707106781186128,-1.33824958438628E-14,-0.707106781186967));
#9244=DIRECTION('',(0.707106781186129,-1.38338974257347E-14,-0.707106781186966));
#9245=DIRECTION('center_axis',(-2.48259949664669E-13,-1.,1.12687637065029E-14));
#9246=DIRECTION('ref_axis',(0.707106781186544,-1.83514513137375E-13,-0.707106781186551));
#9247=DIRECTION('center_axis',(-1.84006690569178E-16,1.,-2.04821404375337E-14));
#9248=DIRECTION('ref_axis',(0.707106781186425,-1.43529480179127E-14,-0.70710678118667));
#9249=DIRECTION('',(2.48259949664669E-13,1.,-1.19071419456624E-14));
#9250=DIRECTION('center_axis',(-2.48259949664669E-13,-1.,1.19071419456624E-14));
#9251=DIRECTION('ref_axis',(0.707106781186548,-1.83965914719247E-13,-0.707106781186547));
#9252=DIRECTION('center_axis',(-4.21166048630115E-13,0.707106781186532,
-0.707106781186563));
#9253=DIRECTION('ref_axis',(-1.,-5.96004115969144E-13,-3.85377985335894E-16));
#9254=DIRECTION('',(-4.21559732505828E-13,-0.707106781186563,-0.707106781186532));
#9255=DIRECTION('',(4.21559732505828E-13,0.707106781186563,0.707106781186532));
#9256=DIRECTION('',(1.,3.56147636612125E-16,-5.95262590347171E-13));
#9257=DIRECTION('center_axis',(-5.95249274726062E-13,-1.91097138113608E-14,
-1.));
#9258=DIRECTION('ref_axis',(0.707106781186548,-0.707106781186547,-4.07392190432626E-13));
#9259=DIRECTION('center_axis',(5.95262590347171E-13,2.03340430912946E-14,
1.));
#9260=DIRECTION('ref_axis',(0.707106781186548,-0.707106781186547,-4.06535874462361E-13));
#9261=DIRECTION('center_axis',(0.707106781186129,-1.42482273801172E-14,
-0.707106781186966));
#9262=DIRECTION('ref_axis',(1.88038909833896E-14,1.,-1.34614541735812E-15));
#9263=DIRECTION('',(1.84006690569228E-16,-1.,2.09724213304539E-14));
#9264=DIRECTION('',(-0.707106781186966,-1.36427206012319E-14,-0.707106781186129));
#9265=DIRECTION('',(-0.707106781186971,-1.40941221831033E-14,-0.707106781186124));
#9266=DIRECTION('center_axis',(-5.95249274726055E-13,-1.91097138113606E-14,
-1.));
#9267=DIRECTION('ref_axis',(-0.707106781186547,-0.707106781186548,4.34417406877715E-13));
#9268=DIRECTION('center_axis',(5.95262590347171E-13,2.03340430912946E-14,
1.));
#9269=DIRECTION('ref_axis',(-0.707106781186547,-0.707106781186548,4.35292553979948E-13));
#9270=DIRECTION('center_axis',(5.95254825841183E-13,2.02365901813553E-14,
1.));
#9271=DIRECTION('ref_axis',(0.707106781186548,-0.707106781186547,-4.06599293740989E-13));
#9272=DIRECTION('',(5.95254825841183E-13,2.02365901813553E-14,1.));
#9273=DIRECTION('center_axis',(3.56147636624172E-16,-1.,2.02365901813551E-14));
#9274=DIRECTION('ref_axis',(1.,3.56147636612126E-16,-5.95262590347178E-13));
#9275=DIRECTION('',(-5.95254825841183E-13,-2.02365901813553E-14,-1.));
#9276=DIRECTION('center_axis',(-5.5687426415646E-13,-0.707106781186564,
-0.707106781186531));
#9277=DIRECTION('ref_axis',(1.,-7.87924514891923E-13,3.85377985338166E-16));
#9278=DIRECTION('',(1.36197444604926E-13,0.707106781186531,-0.707106781186564));
#9279=DIRECTION('center_axis',(-5.56858781595068E-13,-0.707106781186541,
-0.707106781186554));
#9280=DIRECTION('ref_axis',(1.,-7.87902619243649E-13,3.85377985339428E-16));
#9281=DIRECTION('',(-1.,1.92254650911132E-13,5.95262590347167E-13));
#9282=DIRECTION('',(-2.90324713848438E-13,0.707106781186547,-0.707106781186548));
#9283=DIRECTION('center_axis',(5.99135055138112E-13,2.35506059034119E-14,
1.));
#9284=DIRECTION('ref_axis',(-0.382683432365268,-0.923879532511213,2.51036982123007E-13));
#9285=DIRECTION('',(0.499999999927111,0.49999999992733,-0.707106781289473));
#9286=DIRECTION('center_axis',(-5.95262590347171E-13,-2.03340430912946E-14,
-1.));
#9287=DIRECTION('ref_axis',(-0.382683432365268,-0.923879532511213,2.46583337457944E-13));
#9288=DIRECTION('center_axis',(-0.500000000000423,-0.499999999999821,-0.707106781186375));
#9289=DIRECTION('ref_axis',(0.707106781186121,-0.707106781186974,1.2490009027033E-15));
#9290=DIRECTION('',(1.57181738530905E-13,0.816496580927705,-0.577350269189656));
#9291=DIRECTION('',(-0.70710678118641,0.707106781186685,4.06535874462276E-13));
#9292=DIRECTION('center_axis',(3.57622409721836E-16,-1.24206200879941E-14,
-1.));
#9293=DIRECTION('ref_axis',(-0.382683432365268,-0.923879532511213,1.13383005091523E-14));
#9294=DIRECTION('',(-3.57622409721836E-16,1.24206200879941E-14,1.));
#9295=DIRECTION('',(3.57622409721836E-16,-1.24206200879941E-14,-1.));
#9296=DIRECTION('center_axis',(-1.92254650911125E-13,-1.,1.2420620087994E-14));
#9297=DIRECTION('ref_axis',(1.,-1.92254650911125E-13,3.57622409722083E-16));
#9298=DIRECTION('center_axis',(-1.92276546559569E-13,-1.,1.24483756636096E-14));
#9299=DIRECTION('ref_axis',(-3.57622409721832E-16,1.24483756636097E-14,
1.));
#9300=DIRECTION('center_axis',(1.92276546559569E-13,1.,-1.24483756636096E-14));
#9301=DIRECTION('ref_axis',(-3.57622409721832E-16,1.24483756636097E-14,
1.));
#9302=DIRECTION('center_axis',(1.84006690569178E-16,-1.,2.04821404375337E-14));
#9303=DIRECTION('ref_axis',(1.,0.,0.));
#9304=DIRECTION('center_axis',(1.84006690569178E-16,-1.,2.04821404375337E-14));
#9305=DIRECTION('ref_axis',(0.707106781186425,-1.43529480179127E-14,-0.70710678118667));
#9306=DIRECTION('center_axis',(-3.85377985333044E-16,1.91097138113607E-14,
1.));
#9307=DIRECTION('ref_axis',(-1.,2.48505950825466E-13,-3.85377985337793E-16));
#9308=DIRECTION('center_axis',(-1.92004887698751E-13,-1.,2.50031436271061E-14));
#9309=DIRECTION('ref_axis',(-0.707106799542509,1.53447853587934E-13,0.707106762830586));
#9310=DIRECTION('center_axis',(-1.84006690569178E-16,1.,-2.04821404375337E-14));
#9311=DIRECTION('ref_axis',(-0.707106799542509,1.43529476385631E-14,0.707106762830586));
#9312=DIRECTION('',(-1.92004887698751E-13,-1.,2.50031436271061E-14));
#9313=DIRECTION('',(1.92004887698751E-13,1.,-2.50031436271061E-14));
#9314=DIRECTION('center_axis',(2.59592499871684E-8,-2.50031486114089E-14,
-1.));
#9315=DIRECTION('ref_axis',(1.,-3.47731736005203E-14,2.59592499871684E-8));
#9316=DIRECTION('',(-3.50933299168951E-14,-1.,2.50031477004125E-14));
#9317=DIRECTION('',(-1.,3.47731736032855E-14,-2.59592499871684E-8));
#9318=DIRECTION('center_axis',(3.50933299168951E-14,1.,-2.50031477004125E-14));
#9319=DIRECTION('ref_axis',(0.707106799542518,-4.24946270338388E-14,-0.707106762830577));
#9320=DIRECTION('center_axis',(1.84006690569178E-16,-1.,2.04821404375337E-14));
#9321=DIRECTION('ref_axis',(0.707106799542518,-1.43529476385629E-14,-0.707106762830577));
#9322=DIRECTION('center_axis',(1.92328665779433E-13,1.,-1.2420620087994E-14));
#9323=DIRECTION('ref_axis',(-3.57622409721837E-16,1.24206200879941E-14,
1.));
#9324=DIRECTION('',(1.92328665779433E-13,1.,-1.2420620087994E-14));
#9325=DIRECTION('center_axis',(3.50933292932934E-14,1.,-9.80822031354332E-16));
#9326=DIRECTION('ref_axis',(-0.707106790364536,2.55082773402923E-14,0.707106772008559));
#9327=DIRECTION('',(3.50933292932934E-14,1.,-9.80822031354332E-16));
#9328=DIRECTION('center_axis',(0.707106781186533,-0.707106781186562,3.21568776086062E-16));
#9329=DIRECTION('ref_axis',(-0.707106781186562,-0.707106781186533,-2.72503386752062E-16));
#9330=DIRECTION('center_axis',(5.95254825841183E-13,2.02365901813553E-14,
1.));
#9331=DIRECTION('ref_axis',(-0.707106781186547,-0.707106781186548,4.35218154031647E-13));
#9332=DIRECTION('',(5.95254825841183E-13,2.02365901813553E-14,1.));
#9333=DIRECTION('center_axis',(-1.,-1.84006690557124E-16,5.95254825841183E-13));
#9334=DIRECTION('ref_axis',(1.84006690569178E-16,-1.,2.02507763644476E-14));
#9335=DIRECTION('',(-5.95254825841183E-13,-2.08749684205147E-14,-1.));
#9336=DIRECTION('center_axis',(-1.,1.92254650911125E-13,-3.57622409724225E-16));
#9337=DIRECTION('ref_axis',(3.57622409721832E-16,-1.24483756636097E-14,
-1.));
#9338=DIRECTION('',(3.57622409721837E-16,-1.24206200879941E-14,-1.));
#9339=DIRECTION('center_axis',(-0.707106781186685,-0.70710678118641,8.52982745974209E-15));
#9340=DIRECTION('ref_axis',(0.70710678118641,-0.707106781186685,1.22437193982937E-15));
#9341=DIRECTION('center_axis',(-1.8400669056917E-16,1.,-2.08749684205146E-14));
#9342=DIRECTION('ref_axis',(-1.,-1.84006690556744E-16,5.95262590347178E-13));
#9343=DIRECTION('',(-1.,-1.84006690556744E-16,5.95262590347171E-13));
#9344=DIRECTION('',(-5.95254825841183E-13,-2.08749684205147E-14,-1.));
#9345=DIRECTION('',(5.95254825841183E-13,2.08749684205147E-14,1.));
#9346=DIRECTION('center_axis',(-5.95254825841183E-13,-2.08749684205147E-14,
-1.));
#9347=DIRECTION('ref_axis',(-0.707106781186548,0.707106781186547,4.06147892159117E-13));
#9348=DIRECTION('center_axis',(5.95262590347171E-13,2.0972421330454E-14,
1.));
#9349=DIRECTION('ref_axis',(-0.707106781186548,0.707106781186547,4.06084472880489E-13));
#9350=DIRECTION('center_axis',(-5.95262590356447E-13,-1.90572866129758E-14,
-1.));
#9351=DIRECTION('ref_axis',(8.08507141920832E-16,-1.,1.90572866129753E-14));
#9352=DIRECTION('',(1.,1.84006690557835E-16,-5.95262590356447E-13));
#9353=DIRECTION('center_axis',(5.95262590356447E-13,1.90572866129758E-14,
1.));
#9354=DIRECTION('ref_axis',(2.39517841810622E-16,-1.,1.90572866129757E-14));
#9355=DIRECTION('center_axis',(-5.95262590356447E-13,-1.90572866129758E-14,
-1.));
#9356=DIRECTION('ref_axis',(8.08507141920832E-16,-1.,1.90572866129753E-14));
#9357=DIRECTION('',(-1.,-1.84006690557835E-16,5.95262590356447E-13));
#9358=DIRECTION('center_axis',(5.95262590356447E-13,1.90572866129758E-14,
1.));
#9359=DIRECTION('ref_axis',(2.39517841810622E-16,-1.,1.90572866129757E-14));
#9360=DIRECTION('center_axis',(5.95262590356447E-13,1.90572866129758E-14,
1.));
#9361=DIRECTION('ref_axis',(2.39517841810622E-16,-1.,1.90572866129757E-14));
#9362=DIRECTION('center_axis',(-0.408248290463967,-0.408248290463768,-0.816496580927722));
#9363=DIRECTION('ref_axis',(0.577350269189765,0.577350269189481,-0.577350269189632));
#9364=DIRECTION('center_axis',(3.85377985333044E-16,-1.97480920505202E-14,
-1.));
#9365=DIRECTION('ref_axis',(2.48505950825467E-13,1.,-1.97480920505201E-14));
#9366=DIRECTION('center_axis',(3.57622409721939E-16,-5.99203887566158E-13,
-1.));
#9367=DIRECTION('ref_axis',(-1.,3.54540638253246E-14,-3.57622409743183E-16));
#9368=DIRECTION('',(-1.,2.47633632734689E-13,-3.57622409870323E-16));
#9369=DIRECTION('',(2.48047061450284E-13,1.,-1.20497184586289E-14));
#9370=DIRECTION('',(2.48102572601692E-13,1.,-1.21758803383577E-14));
#9371=DIRECTION('center_axis',(-2.48047061450284E-13,-1.,1.20497184586289E-14));
#9372=DIRECTION('ref_axis',(3.57622409721853E-16,-1.2049718458629E-14,-1.));
#9373=DIRECTION('center_axis',(-2.47633632734689E-13,-1.,1.21351341673761E-14));
#9374=DIRECTION('ref_axis',(3.57622409721832E-16,-1.21351341673762E-14,
-1.));
#9375=DIRECTION('',(2.48047061450284E-13,1.,-1.20497184586289E-14));
#9376=DIRECTION('center_axis',(-3.57622409721939E-16,5.99203887566158E-13,
1.));
#9377=DIRECTION('ref_axis',(1.,-3.54540638253246E-14,3.57622409743183E-16));
#9378=DIRECTION('',(1.,-2.47633632734689E-13,3.57622409870323E-16));
#9379=DIRECTION('',(2.48102572601692E-13,1.,-1.21758803383577E-14));
#9380=DIRECTION('center_axis',(-2.48102572601692E-13,-1.,1.21758803383577E-14));
#9381=DIRECTION('ref_axis',(0.999999999999792,-2.48102564753218E-13,6.44587701067372E-7));
#9382=DIRECTION('center_axis',(-2.47633632734689E-13,-1.,1.21351341673761E-14));
#9383=DIRECTION('ref_axis',(3.57622409721832E-16,-1.21351341673762E-14,
-1.));
#9384=DIRECTION('center_axis',(-5.95254825841183E-13,-2.08749684205147E-14,
-1.));
#9385=DIRECTION('ref_axis',(0.707106781186548,0.707106781186547,-4.35669555613519E-13));
#9386=DIRECTION('center_axis',(5.95262590347171E-13,2.0972421330454E-14,
1.));
#9387=DIRECTION('ref_axis',(0.707106781186548,0.707106781186547,-4.3574395556182E-13));
#9388=DIRECTION('center_axis',(-5.95249274726062E-13,-1.97480920505203E-14,
-1.));
#9389=DIRECTION('ref_axis',(-0.707106781186548,0.707106781186547,4.06940788850754E-13));
#9390=DIRECTION('',(-4.21034911033856E-13,0.707106781186535,-0.70710678118656));
#9391=DIRECTION('center_axis',(-4.20784101842471E-13,-0.70710678118656,
-0.707106781186535));
#9392=DIRECTION('ref_axis',(1.,-5.95463961641932E-13,3.85377985338519E-16));
#9393=DIRECTION('',(-4.20642387919184E-13,0.707106781186537,-0.707106781186558));
#9394=DIRECTION('center_axis',(-5.95249274726066E-13,-1.97480920505204E-14,
-1.));
#9395=DIRECTION('ref_axis',(0.707106781186548,0.707106781186547,-4.34868808459595E-13));
#9396=DIRECTION('center_axis',(1.92087456610393E-13,1.,-1.06092383555549E-14));
#9397=DIRECTION('ref_axis',(-3.28961033523578E-12,-1.0609238354923E-14,
-1.));
#9398=DIRECTION('center_axis',(1.92087456610393E-13,1.,-1.06092383555549E-14));
#9399=DIRECTION('ref_axis',(-2.93502798592541E-12,-1.06092383549911E-14,
-1.));
#9400=DIRECTION('center_axis',(3.85377985189733E-16,-5.99196709367026E-13,
-1.));
#9401=DIRECTION('ref_axis',(0.70710678118645,-0.707106781186645,4.23968559844795E-13));
#9402=DIRECTION('center_axis',(2.47633632734689E-13,1.,-1.21351341673761E-14));
#9403=DIRECTION('ref_axis',(3.57622409721832E-16,-1.21351341673762E-14,
-1.));
#9404=DIRECTION('center_axis',(2.47633632734689E-13,1.,-1.21351341673761E-14));
#9405=DIRECTION('ref_axis',(-3.67955222527874E-15,-1.21351341673752E-14,
-1.));
#9406=DIRECTION('center_axis',(5.99135055253501E-13,2.4188984146845E-14,
1.));
#9407=DIRECTION('ref_axis',(-0.707106781186447,0.707106781186648,4.06548265696017E-13));
#9408=DIRECTION('center_axis',(-5.95262590347171E-13,-2.0972421330454E-14,
-1.));
#9409=DIRECTION('ref_axis',(-0.707106781186447,0.707106781186648,4.06084472880427E-13));
#9410=DIRECTION('',(5.9623251853443E-13,0.707106781186588,0.707106781186507));
#9411=DIRECTION('center_axis',(3.67363786538759E-16,-1.21351341673762E-14,
-1.));
#9412=DIRECTION('ref_axis',(-0.707106781186447,0.707106781186648,-8.84060108498539E-15));
#9413=DIRECTION('',(3.67363786538759E-16,-1.21351341673762E-14,-1.));
#9414=DIRECTION('center_axis',(-2.45642569072627E-13,0.707106781186499,
-0.707106781186596));
#9415=DIRECTION('ref_axis',(-1.,-3.47776430664039E-13,-3.85377985336248E-16));
#9416=DIRECTION('',(6.00157749605519E-13,0.707106781186606,0.707106781186489));
#9417=DIRECTION('',(1.,-2.47871537668545E-13,-5.95262590347166E-13));
#9418=DIRECTION('center_axis',(5.99135055236941E-13,2.29122276679128E-14,
1.));
#9419=DIRECTION('ref_axis',(0.707106781186639,0.707106781186456,-4.39853851960742E-13));
#9420=DIRECTION('center_axis',(-3.57622409721226E-16,1.21351341673762E-14,
1.));
#9421=DIRECTION('ref_axis',(0.707106781186638,0.707106781186457,-8.327958429341E-15));
#9422=DIRECTION('center_axis',(-3.85377985332754E-16,2.03701138894182E-14,
1.));
#9423=DIRECTION('ref_axis',(1.,-2.48505950825466E-13,3.85377985337816E-16));
#9424=DIRECTION('',(-3.85377985332754E-16,2.03701138894182E-14,1.));
#9425=DIRECTION('center_axis',(-2.48895196985511E-13,-1.,2.03701138894181E-14));
#9426=DIRECTION('ref_axis',(1.,-2.48895196985511E-13,-1.66887727099331E-15));
#9427=DIRECTION('center_axis',(2.47871537668537E-13,1.,-1.21351341673761E-14));
#9428=DIRECTION('ref_axis',(-1.,2.47871537668537E-13,-3.85377985337951E-16));
#9429=DIRECTION('',(-3.57622409721226E-16,1.21351341673762E-14,1.));
#9430=DIRECTION('center_axis',(-3.57622409721226E-16,1.21351341673762E-14,
1.));
#9431=DIRECTION('ref_axis',(0.707106781186638,0.707106781186457,-8.327958429341E-15));
#9432=DIRECTION('center_axis',(2.33466842499676E-15,1.24126899366308E-14,
1.));
#9433=DIRECTION('ref_axis',(0.707106781186723,0.707106781186372,-1.04279571020932E-14));
#9434=DIRECTION('center_axis',(3.57622409721307E-16,-9.80822031354344E-16,
-1.));
#9435=DIRECTION('ref_axis',(0.988417179771823,0.151761255700907,2.04629350542488E-16));
#9436=DIRECTION('',(2.33466842499676E-15,1.24126899366308E-14,1.));
#9437=DIRECTION('center_axis',(1.,-2.48259949664669E-13,-2.33466842499384E-15));
#9438=DIRECTION('ref_axis',(2.33466842499682E-15,1.20052859693776E-14,1.));
#9439=DIRECTION('',(-2.48259949664669E-13,-1.,9.80822031354256E-16));
#9440=DIRECTION('',(-2.33466842499893E-15,-2.04821404375337E-14,-1.));
#9441=DIRECTION('center_axis',(-2.33466842499893E-15,-2.04821404375337E-14,
-1.));
#9442=DIRECTION('ref_axis',(-0.707106781186639,-0.707106781186456,1.61339202717325E-14));
#9443=DIRECTION('center_axis',(2.33466842499893E-15,2.04821404375337E-14,
1.));
#9444=DIRECTION('ref_axis',(-0.707106781186638,-0.707106781186457,1.61339202717325E-14));
#9445=DIRECTION('',(2.33466842499893E-15,2.04821404375337E-14,1.));
#9446=DIRECTION('center_axis',(-0.408248290463784,0.816496580927789,0.408248290463816));
#9447=DIRECTION('ref_axis',(-0.577350269189647,-0.577350269189537,0.577350269189693));
#9448=DIRECTION('center_axis',(2.48505950825466E-13,1.,-6.93889390390764E-17));
#9449=DIRECTION('ref_axis',(-1.,2.48505950825466E-13,-3.85377985337477E-16));
#9450=DIRECTION('center_axis',(1.,1.84006690569187E-16,3.8537798533746E-16));
#9451=DIRECTION('ref_axis',(-3.8537798533746E-16,6.93889390391722E-17,1.));
#9452=DIRECTION('center_axis',(0.150003432358501,-0.988685475912673,1.26411856773042E-16));
#9453=DIRECTION('ref_axis',(-3.8537798533746E-16,6.93889390391717E-17,1.));
#9454=DIRECTION('center_axis',(3.57622409721307E-16,-9.80822031354344E-16,
-1.));
#9455=DIRECTION('ref_axis',(1.,0.,0.));
#9456=DIRECTION('center_axis',(-2.48505950825489E-13,-1.,6.93889390390764E-17));
#9457=DIRECTION('ref_axis',(-3.8537798533746E-16,6.93889390391722E-17,1.));
#9458=DIRECTION('center_axis',(-3.57622409721307E-16,9.80822031354344E-16,
1.));
#9459=DIRECTION('ref_axis',(0.988417179771823,0.151761255700907,2.04629350542488E-16));
#9460=DIRECTION('center_axis',(2.48259949664669E-13,1.,-9.80822031354256E-16));
#9461=DIRECTION('ref_axis',(-0.707106781186557,1.76239839814429E-13,0.707106781186538));
#9462=DIRECTION('',(2.48259949664669E-13,1.,-9.80822031354256E-16));
#9463=DIRECTION('center_axis',(-1.,-1.84006690569185E-16,-3.57622409721307E-16));
#9464=DIRECTION('ref_axis',(-1.22764852333048E-16,-0.707106781186541,0.707106781186554));
#9465=DIRECTION('',(1.,1.84006690569185E-16,3.57622409721307E-16));
#9466=DIRECTION('',(-1.,-1.84006690569185E-16,-3.57622409721307E-16));
#9467=DIRECTION('center_axis',(-1.,1.92004887049688E-13,-2.59592492580659E-8));
#9468=DIRECTION('ref_axis',(-1.92004887083912E-13,-1.,1.31838984174243E-15));
#9469=DIRECTION('',(1.92004887544401E-13,1.,-1.90572866130899E-14));
#9470=DIRECTION('',(2.59592492580659E-8,-2.0482140432757E-14,-1.));
#9471=DIRECTION('center_axis',(1.84006690569178E-16,-1.,2.04821404375337E-14));
#9472=DIRECTION('ref_axis',(-1.,-1.84006690569186E-16,-3.67363786538762E-16));
#9473=DIRECTION('center_axis',(-1.84006690569178E-16,1.,-2.04821404375337E-14));
#9474=DIRECTION('ref_axis',(-3.85377985337463E-16,2.04821404375337E-14,
1.));
#9475=DIRECTION('center_axis',(-0.707106772008816,1.22292419471403E-13,
-0.707106790364279));
#9476=DIRECTION('ref_axis',(-1.73016989377452E-13,-1.,6.93889390390597E-17));
#9477=DIRECTION('center_axis',(-1.84006690569179E-16,1.,-2.13856710118422E-14));
#9478=DIRECTION('ref_axis',(-3.85377985337463E-16,2.13856710118422E-14,
1.));
#9479=DIRECTION('',(-1.84006690569179E-16,1.,-2.13856710118422E-14));
#9480=DIRECTION('center_axis',(1.84006690569177E-16,-1.,2.04821404375337E-14));
#9481=DIRECTION('ref_axis',(-3.85377985337463E-16,2.04821404375337E-14,
1.));
#9482=DIRECTION('center_axis',(5.95260208740695E-13,2.09314888654048E-14,
1.));
#9483=DIRECTION('ref_axis',(2.39517841800453E-16,-1.,2.09314888654047E-14));
#9484=DIRECTION('center_axis',(-5.95262590356447E-13,-1.90572866129758E-14,
-1.));
#9485=DIRECTION('ref_axis',(2.39517841799337E-16,-1.,1.90572866129757E-14));
#9486=DIRECTION('center_axis',(-5.95262590356447E-13,-1.90572866129758E-14,
-1.));
#9487=DIRECTION('ref_axis',(2.39517841799337E-16,-1.,1.90572866129757E-14));
#9488=DIRECTION('center_axis',(-5.95262590356447E-13,-1.90572866129758E-14,
-1.));
#9489=DIRECTION('ref_axis',(2.39517841799337E-16,-1.,1.90572866129757E-14));
#9490=DIRECTION('center_axis',(-5.95262590356447E-13,-1.90572866129758E-14,
-1.));
#9491=DIRECTION('ref_axis',(2.39517841799337E-16,-1.,1.90572866129757E-14));
#9492=DIRECTION('',(5.95260208740695E-13,2.09314888654048E-14,1.));
#9493=DIRECTION('center_axis',(3.57622409721226E-16,-1.18800011874651E-14,
-1.));
#9494=DIRECTION('ref_axis',(-2.39517841800439E-16,1.,-1.18800011874651E-14));
#9495=DIRECTION('',(3.57622409721226E-16,-1.18800011874651E-14,-1.));
#9496=DIRECTION('center_axis',(-5.95262590356447E-13,-1.90572866129758E-14,
-1.));
#9497=DIRECTION('ref_axis',(-2.39517841804712E-16,1.,-1.90572866129757E-14));
#9498=DIRECTION('center_axis',(-5.95262590356447E-13,-1.90572866129758E-14,
-1.));
#9499=DIRECTION('ref_axis',(-2.39517841804712E-16,1.,-1.90572866129757E-14));
#9500=DIRECTION('center_axis',(-5.95262590356447E-13,-1.90572866129758E-14,
-1.));
#9501=DIRECTION('ref_axis',(-2.39517841804712E-16,1.,-1.90572866129757E-14));
#9502=DIRECTION('center_axis',(-5.95262590356447E-13,-1.90572866129758E-14,
-1.));
#9503=DIRECTION('ref_axis',(-2.39517841804712E-16,1.,-1.90572866129757E-14));
#9504=DIRECTION('center_axis',(-5.95262590356447E-13,-1.90572866129758E-14,
-1.));
#9505=DIRECTION('ref_axis',(1.84006690569179E-16,-1.,1.90572866129757E-14));
#9506=DIRECTION('',(-1.,-1.84006690557835E-16,5.95262590356447E-13));
#9507=DIRECTION('',(-1.84006690569179E-16,1.,-1.90572866129757E-14));
#9508=DIRECTION('center_axis',(-1.84006690571094E-16,1.,-2.22738494315428E-14));
#9509=DIRECTION('ref_axis',(-1.,-1.84006690557835E-16,5.95262590356447E-13));
#9510=DIRECTION('',(-1.,-1.84006690557835E-16,5.95262590356447E-13));
#9511=DIRECTION('',(-3.57622409721224E-16,1.95676808090192E-15,1.));
#9512=DIRECTION('',(-1.,-1.84006690557835E-16,5.95262590356447E-13));
#9513=DIRECTION('',(5.9913505531226E-13,2.22738494315429E-14,1.));
#9514=DIRECTION('',(-1.,-1.84006690557835E-16,5.95262590356447E-13));
#9515=DIRECTION('',(5.9913505531226E-13,2.22738494315429E-14,1.));
#9516=DIRECTION('',(-1.,-1.84006690557835E-16,5.95262590356447E-13));
#9517=DIRECTION('',(3.57622409721224E-16,-1.95676808090192E-15,-1.));
#9518=DIRECTION('center_axis',(-5.95262590356447E-13,-1.90572866129758E-14,
-1.));
#9519=DIRECTION('ref_axis',(1.84006690569179E-16,-1.,1.90572866129757E-14));
#9520=DIRECTION('',(-1.84006690569179E-16,1.,-1.90572866129757E-14));
#9521=DIRECTION('',(1.,1.84006690557835E-16,-5.95262590356447E-13));
#9522=DIRECTION('center_axis',(1.,1.84006690557762E-16,-5.99135055312259E-13));
#9523=DIRECTION('ref_axis',(-1.8400669056918E-16,1.,-1.90572866129757E-14));
#9524=DIRECTION('',(1.84006690569179E-16,-1.,1.90572866129757E-14));
#9525=DIRECTION('',(5.9913505531226E-13,2.22738494315429E-14,1.));
#9526=DIRECTION('center_axis',(-5.95262590356447E-13,-1.90572866129758E-14,
-1.));
#9527=DIRECTION('ref_axis',(1.84006690569179E-16,-1.,1.90572866129757E-14));
#9528=DIRECTION('',(1.,1.84006690557835E-16,-5.95262590356447E-13));
#9529=DIRECTION('',(1.84006690569179E-16,-1.,1.90572866129757E-14));
#9530=DIRECTION('center_axis',(1.84006690571094E-16,-1.,2.22738494315428E-14));
#9531=DIRECTION('ref_axis',(1.,1.84006690557835E-16,-5.95262590356447E-13));
#9532=DIRECTION('',(-3.57622409721224E-16,1.95676808090192E-15,1.));
#9533=DIRECTION('',(1.,1.84006690557835E-16,-5.95262590356447E-13));
#9534=DIRECTION('',(5.9913505531226E-13,2.22738494315429E-14,1.));
#9535=DIRECTION('',(1.,1.84006690557835E-16,-5.95262590356447E-13));
#9536=DIRECTION('',(3.57622409721224E-16,-1.95676808090192E-15,-1.));
#9537=DIRECTION('center_axis',(-5.95262590356447E-13,-1.90572866129758E-14,
-1.));
#9538=DIRECTION('ref_axis',(1.84006690569179E-16,-1.,1.90572866129757E-14));
#9539=DIRECTION('',(1.84006690569179E-16,-1.,1.90572866129757E-14));
#9540=DIRECTION('center_axis',(-1.,-1.84006690557762E-16,5.99135055312259E-13));
#9541=DIRECTION('ref_axis',(1.8400669056918E-16,-1.,1.90572866129757E-14));
#9542=DIRECTION('',(-1.84006690569179E-16,1.,-1.90572866129757E-14));
#9543=DIRECTION('center_axis',(-5.95262590356447E-13,-1.90572866129758E-14,
-1.));
#9544=DIRECTION('ref_axis',(1.84006690569179E-16,-1.,1.90572866129757E-14));
#9545=DIRECTION('',(-1.84006690569179E-16,1.,-1.90572866129757E-14));
#9546=DIRECTION('',(1.,1.84006690557835E-16,-5.95262590356447E-13));
#9547=DIRECTION('center_axis',(1.,1.84006690557762E-16,-5.99135055312259E-13));
#9548=DIRECTION('ref_axis',(-1.8400669056918E-16,1.,-1.90572866129757E-14));
#9549=DIRECTION('',(1.84006690569179E-16,-1.,1.90572866129757E-14));
#9550=DIRECTION('',(5.9913505531226E-13,2.22738494315429E-14,1.));
#9551=DIRECTION('',(-1.84006690569179E-16,1.,-1.90572866129757E-14));
#9552=DIRECTION('',(5.9913505531226E-13,2.22738494315429E-14,1.));
#9553=DIRECTION('center_axis',(-5.95262590356447E-13,-1.90572866129758E-14,
-1.));
#9554=DIRECTION('ref_axis',(1.84006690569179E-16,-1.,1.90572866129757E-14));
#9555=DIRECTION('',(1.,1.84006690557835E-16,-5.95262590356447E-13));
#9556=DIRECTION('',(1.84006690569179E-16,-1.,1.90572866129757E-14));
#9557=DIRECTION('center_axis',(1.84006690571094E-16,-1.,2.22738494315428E-14));
#9558=DIRECTION('ref_axis',(1.,1.84006690557835E-16,-5.95262590356447E-13));
#9559=DIRECTION('',(1.,1.84006690557835E-16,-5.95262590356447E-13));
#9560=DIRECTION('',(-3.57622409721224E-16,1.95676808090192E-15,1.));
#9561=DIRECTION('',(1.,1.84006690557835E-16,-5.95262590356447E-13));
#9562=DIRECTION('',(5.9913505531226E-13,2.22738494315429E-14,1.));
#9563=DIRECTION('',(1.,1.84006690557835E-16,-5.95262590356447E-13));
#9564=DIRECTION('',(3.57622409721224E-16,-1.95676808090192E-15,-1.));
#9565=DIRECTION('center_axis',(-5.95262590356447E-13,-1.90572866129758E-14,
-1.));
#9566=DIRECTION('ref_axis',(1.84006690569179E-16,-1.,1.90572866129757E-14));
#9567=DIRECTION('',(-1.,-1.84006690557835E-16,5.95262590356447E-13));
#9568=DIRECTION('',(1.84006690569179E-16,-1.,1.90572866129757E-14));
#9569=DIRECTION('center_axis',(-1.84006690571094E-16,1.,-2.22738494315428E-14));
#9570=DIRECTION('ref_axis',(-1.,-1.84006690557835E-16,5.95262590356447E-13));
#9571=DIRECTION('',(-3.57622409721224E-16,1.95676808090192E-15,1.));
#9572=DIRECTION('',(-1.,-1.84006690557835E-16,5.95262590356447E-13));
#9573=DIRECTION('',(-1.,-1.84006690557835E-16,5.95262590356447E-13));
#9574=DIRECTION('',(5.9913505531226E-13,2.22738494315429E-14,1.));
#9575=DIRECTION('',(-1.,-1.84006690557835E-16,5.95262590356447E-13));
#9576=DIRECTION('',(3.57622409721224E-16,-1.95676808090192E-15,-1.));
#9577=DIRECTION('center_axis',(-1.,-1.84006690557762E-16,5.99135055312259E-13));
#9578=DIRECTION('ref_axis',(1.8400669056918E-16,-1.,1.90572866129757E-14));
#9579=DIRECTION('',(-1.84006690569179E-16,1.,-1.90572866129757E-14));
#9580=DIRECTION('center_axis',(-5.95262590356447E-13,-1.90572866129758E-14,
-1.));
#9581=DIRECTION('ref_axis',(1.84006690569179E-16,-1.,1.90572866129757E-14));
#9582=DIRECTION('center_axis',(-5.95262590356447E-13,-1.90572866129758E-14,
-1.));
#9583=DIRECTION('ref_axis',(8.08507141920832E-16,-1.,1.90572866129753E-14));
#9584=DIRECTION('center_axis',(5.95262590356447E-13,1.90572866129758E-14,
1.));
#9585=DIRECTION('ref_axis',(2.39517841810622E-16,-1.,1.90572866129757E-14));
#9586=DIRECTION('center_axis',(-5.95262590356447E-13,-1.90572866129758E-14,
-1.));
#9587=DIRECTION('ref_axis',(8.08507141920832E-16,-1.,1.90572866129753E-14));
#9588=DIRECTION('center_axis',(5.95262590356447E-13,1.90572866129758E-14,
1.));
#9589=DIRECTION('ref_axis',(2.39517841810622E-16,-1.,1.90572866129757E-14));
#9590=DIRECTION('center_axis',(5.95262590356447E-13,1.90572866129758E-14,
1.));
#9591=DIRECTION('ref_axis',(2.39517841810622E-16,-1.,1.90572866129757E-14));
#9592=DIRECTION('center_axis',(-5.95262590356447E-13,-1.90572866129758E-14,
-1.));
#9593=DIRECTION('ref_axis',(1.84006690569179E-16,-1.,1.90572866129757E-14));
#9594=DIRECTION('center_axis',(5.95262590356447E-13,1.90572866129758E-14,
1.));
#9595=DIRECTION('ref_axis',(2.39517841810622E-16,-1.,1.90572866129757E-14));
#9596=DIRECTION('center_axis',(-5.95262590356447E-13,-1.90572866129758E-14,
-1.));
#9597=DIRECTION('ref_axis',(1.84006690569179E-16,-1.,1.90572866129757E-14));
#9598=DIRECTION('center_axis',(5.95262590356447E-13,1.90572866129758E-14,
1.));
#9599=DIRECTION('ref_axis',(2.39517841810622E-16,-1.,1.90572866129757E-14));
#9600=DIRECTION('center_axis',(-5.95262590356447E-13,-1.90572866129758E-14,
-1.));
#9601=DIRECTION('ref_axis',(1.84006690569179E-16,-1.,1.90572866129757E-14));
#9602=DIRECTION('center_axis',(5.95262590356447E-13,1.90572866129758E-14,
1.));
#9603=DIRECTION('ref_axis',(2.39517841810622E-16,-1.,1.90572866129757E-14));
#9604=DIRECTION('center_axis',(-5.95262590356447E-13,-1.90572866129758E-14,
-1.));
#9605=DIRECTION('ref_axis',(1.84006690569179E-16,-1.,1.90572866129757E-14));
#9606=DIRECTION('center_axis',(5.95262590356447E-13,1.90572866129758E-14,
1.));
#9607=DIRECTION('ref_axis',(2.39517841810622E-16,-1.,1.90572866129757E-14));
#9608=DIRECTION('center_axis',(3.57622409721224E-16,-1.95676808090192E-15,
-1.));
#9609=DIRECTION('ref_axis',(2.39517841800443E-16,-1.,1.95676808090192E-15));
#9610=DIRECTION('',(3.57622409721224E-16,-1.95676808090192E-15,-1.));
#9611=DIRECTION('center_axis',(3.57622409721224E-16,-1.95676808090192E-15,
-1.));
#9612=DIRECTION('ref_axis',(2.39517841800443E-16,-1.,1.95676808090192E-15));
#9613=DIRECTION('center_axis',(-5.99135055246872E-13,-2.22738494291211E-14,
-1.));
#9614=DIRECTION('ref_axis',(2.3951784181258E-16,-1.,2.2273849429121E-14));
#9615=DIRECTION('',(-4.23735229519307E-13,0.707106781147919,-0.707106781225176));
#9616=DIRECTION('center_axis',(3.57622409721224E-16,-1.95676808090192E-15,
-1.));
#9617=DIRECTION('ref_axis',(2.39517841800443E-16,-1.,1.95676808090192E-15));
#9618=DIRECTION('',(3.57622409721224E-16,-1.95676808090192E-15,-1.));
#9619=DIRECTION('center_axis',(3.57622409721224E-16,-1.95676808090192E-15,
-1.));
#9620=DIRECTION('ref_axis',(2.39517841800443E-16,-1.,1.95676808090192E-15));
#9621=DIRECTION('center_axis',(-5.99135055140961E-13,-2.22738494251985E-14,
-1.));
#9622=DIRECTION('ref_axis',(2.3951784181258E-16,-1.,2.22738494251984E-14));
#9623=DIRECTION('',(-4.2373522948183E-13,0.707106781085461,-0.707106781287634));
#9624=DIRECTION('center_axis',(3.57622409721307E-16,-9.80822031354344E-16,
-1.));
#9625=DIRECTION('ref_axis',(-2.47408063612226E-13,-1.,9.80822031354256E-16));
#9626=DIRECTION('',(1.84006690569186E-16,-1.,9.80822031354344E-16));
#9627=DIRECTION('',(-2.47519085914688E-13,-1.,9.80822031354256E-16));
#9628=DIRECTION('',(1.,1.84006690569187E-16,3.57622409721307E-16));
#9629=DIRECTION('center_axis',(-1.,-1.84006690569187E-16,-3.8537798533746E-16));
#9630=DIRECTION('ref_axis',(-3.85377985337263E-16,-1.06796516075036E-12,
1.));
#9631=DIRECTION('',(-1.,-1.84006690569187E-16,-3.8537798533746E-16));
#9632=DIRECTION('center_axis',(-1.,2.47519085914688E-13,-3.85378858842969E-16));
#9633=DIRECTION('ref_axis',(-6.150663000297E-14,-0.249999999999466,-0.968245836551992));
#9634=DIRECTION('',(-1.,-1.84006690569187E-16,-3.8537798533746E-16));
#9635=DIRECTION('center_axis',(1.,1.84006690569187E-16,3.8537798533746E-16));
#9636=DIRECTION('ref_axis',(4.19142302443994E-16,-0.249999999999524,-0.968245836551977));
#9637=DIRECTION('center_axis',(2.47519085914688E-13,1.,-9.80822031354256E-16));
#9638=DIRECTION('ref_axis',(0.707106781186555,-1.74328878213866E-13,0.70710678118654));
#9639=DIRECTION('center_axis',(2.47519085914688E-13,1.,-9.80822031354256E-16));
#9640=DIRECTION('ref_axis',(0.707106781186552,-1.74328878213865E-13,0.707106781186543));
#9641=DIRECTION('',(2.47519085914688E-13,1.,-9.80822031354256E-16));
#9642=DIRECTION('center_axis',(1.,-2.47519085914688E-13,3.85378858842969E-16));
#9643=DIRECTION('ref_axis',(2.47519085914688E-13,1.,-1.34614541735801E-15));
#9644=DIRECTION('',(2.47519085914688E-13,1.,-3.48240901189285E-14));
#9645=DIRECTION('center_axis',(1.,-2.47519085914688E-13,3.85378858842969E-16));
#9646=DIRECTION('ref_axis',(-6.150663000297E-14,-0.249999999999466,-0.968245836551992));
#9647=DIRECTION('center_axis',(3.85377985337466E-16,-3.48240901189286E-14,
-1.));
#9648=DIRECTION('ref_axis',(1.84006690569173E-16,-1.,3.48240901189286E-14));
#9649=DIRECTION('',(-1.84006690569173E-16,1.,-3.48240901189286E-14));
#9650=DIRECTION('',(-2.47519085914688E-13,-1.,3.48240901189285E-14));
#9651=DIRECTION('center_axis',(-0.172617152877858,0.940261085598588,-0.293449159891977));
#9652=DIRECTION('ref_axis',(0.47673129462329,0.340454242019341,0.810443200858541));
#9653=DIRECTION('center_axis',(-1.,-1.84006690569187E-16,-3.8537798533746E-16));
#9654=DIRECTION('ref_axis',(-3.8537798533746E-16,6.93889390391722E-17,1.));
#9655=DIRECTION('center_axis',(1.80446629445942E-13,0.699999999999973,-0.714142842854312));
#9656=DIRECTION('ref_axis',(1.7667940077687E-13,0.714142842854312,0.699999999999973));
#9657=DIRECTION('center_axis',(-1.,-1.84006690569187E-16,-3.8537798533746E-16));
#9658=DIRECTION('ref_axis',(-4.26566431684588E-16,0.387298334620759,0.921954445729281));
#9659=DIRECTION('center_axis',(-0.581238193719094,0.813733471206736,-2.80460506324347E-16));
#9660=DIRECTION('ref_axis',(0.813733471206737,0.581238193719094,2.73263464144097E-16));
#9661=DIRECTION('center_axis',(-1.,2.47519085914688E-13,-3.85378858842969E-16));
#9662=DIRECTION('ref_axis',(-2.47542727057256E-13,-1.,0.));
#9663=DIRECTION('center_axis',(2.48505950825466E-13,1.,-3.55965257270449E-14));
#9664=DIRECTION('ref_axis',(-3.85377985337466E-16,3.5596525727045E-14,1.));
#9665=DIRECTION('center_axis',(-2.47519085914688E-13,-1.,3.48240901189285E-14));
#9666=DIRECTION('ref_axis',(0.707106781186555,-1.50398073851628E-13,0.70710678118654));
#9667=DIRECTION('center_axis',(1.,1.84006690569187E-16,3.8537798533746E-16));
#9668=DIRECTION('ref_axis',(1.84006690569187E-16,-1.,6.93889390391722E-17));
#9669=DIRECTION('center_axis',(-1.,-1.84006690569187E-16,-3.8537798533746E-16));
#9670=DIRECTION('ref_axis',(4.19142302443994E-16,-0.249999999999524,-0.968245836551977));
#9671=DIRECTION('',(1.84006690569173E-16,-1.,3.48240901189286E-14));
#9672=DIRECTION('',(-1.84006690569186E-16,1.,-9.80822031354344E-16));
#9673=DIRECTION('center_axis',(-1.84006690569186E-16,1.,-9.80822031354344E-16));
#9674=DIRECTION('ref_axis',(0.707106781186555,8.23658288192981E-16,0.70710678118654));
#9675=DIRECTION('center_axis',(0.813733471206734,-0.581238193719097,-5.49499168315334E-16));
#9676=DIRECTION('ref_axis',(0.581238193719097,0.813733471206734,1.67532301868952E-16));
#9677=DIRECTION('center_axis',(-0.573462344363305,-0.573462344363316,0.585048612676478));
#9678=DIRECTION('ref_axis',(-0.71414284285432,0.,-0.699999999999964));
#9679=DIRECTION('center_axis',(2.16763638551041E-14,-0.972222222222171,
0.23405971592178));
#9680=DIRECTION('ref_axis',(-1.,-2.23884671830723E-14,-3.85377985337437E-16));
#9681=DIRECTION('center_axis',(-1.,-1.84006690569187E-16,-3.8537798533746E-16));
#9682=DIRECTION('ref_axis',(1.94289029309402E-16,-1.,0.));
#9683=DIRECTION('center_axis',(1.8400669056917E-16,-1.,4.44783099240464E-14));
#9684=DIRECTION('ref_axis',(-1.,-1.84006690569187E-16,-3.8537798533746E-16));
#9685=DIRECTION('center_axis',(1.84006690569173E-16,-1.,3.48240901189286E-14));
#9686=DIRECTION('ref_axis',(-0.707106781186555,-2.47544626504308E-14,-0.70710678118654));
#9687=DIRECTION('center_axis',(-2.46970142308068E-13,-1.,1.21338124732991E-14));
#9688=DIRECTION('ref_axis',(-3.67955222527874E-15,-1.21338124732982E-14,
-1.));
#9689=DIRECTION('center_axis',(-3.85377985337562E-16,1.08583776890572E-14,
1.));
#9690=DIRECTION('ref_axis',(-0.923879532511192,0.382683432365319,-4.51136407690118E-15));
#9691=DIRECTION('center_axis',(-5.95262590347171E-13,-1.90572866129757E-14,
-1.));
#9692=DIRECTION('ref_axis',(-0.923879532511192,0.382683432365319,5.42658015838722E-13));
#9693=DIRECTION('center_axis',(-0.707106781186759,1.61627884361459E-13,
-0.707106781186336));
#9694=DIRECTION('ref_axis',(-2.28645735060616E-13,-1.,6.93889390387693E-17));
#9695=DIRECTION('',(-0.707106781186336,1.88023736664446E-13,0.707106781186759));
#9696=DIRECTION('center_axis',(5.93969318045589E-13,1.87350135364847E-14,
1.));
#9697=DIRECTION('ref_axis',(-0.923879532511192,0.382683432365319,5.41586516596397E-13));
#9698=DIRECTION('center_axis',(-8.08507141920841E-16,1.,-1.90719043286996E-14));
#9699=DIRECTION('ref_axis',(-1.,-8.08507141909488E-16,5.95262590356447E-13));
#9700=DIRECTION('',(-1.,-1.9648851157961E-15,1.97489111866828E-16));
#9701=DIRECTION('center_axis',(1.97489111866807E-16,1.14954342341396E-14,
1.));
#9702=DIRECTION('ref_axis',(-8.08507141920834E-16,1.,-1.14954342341396E-14));
#9703=DIRECTION('center_axis',(-1.97489111866807E-16,-1.14954342341396E-14,
-1.));
#9704=DIRECTION('ref_axis',(-0.707106781186543,-0.707106781186552,4.28963337112069E-13));
#9705=DIRECTION('',(-1.,-4.25019846697362E-15,1.97489111866856E-16));
#9706=DIRECTION('center_axis',(-1.97489111866807E-16,-1.14954342341396E-14,
-1.));
#9707=DIRECTION('ref_axis',(0.793353340291083,-0.60876142900892,6.84129832488223E-15));
#9708=DIRECTION('center_axis',(-1.97489111866807E-16,-1.14954342341396E-14,
-1.));
#9709=DIRECTION('ref_axis',(-8.08507141920833E-16,1.,-1.14954342341396E-14));
#9710=DIRECTION('center_axis',(5.95079541199084E-13,1.15662279056296E-14,
1.));
#9711=DIRECTION('ref_axis',(-0.707106781186543,-0.707106781186552,4.28963337112069E-13));
#9712=DIRECTION('',(5.95079541199084E-13,1.15662279056296E-14,1.));
#9713=DIRECTION('center_axis',(4.25019846697362E-15,-1.,1.15662279056271E-14));
#9714=DIRECTION('ref_axis',(1.,4.25019846697362E-15,-1.97489111866857E-16));
#9715=DIRECTION('',(-1.90166050334252E-15,-1.15662279056271E-14,-1.));
#9716=DIRECTION('center_axis',(1.90166050334252E-15,1.15662279056271E-14,
1.));
#9717=DIRECTION('ref_axis',(0.793353340291083,-0.60876142900892,5.53238471564599E-15));
#9718=DIRECTION('center_axis',(-5.93583940189794E-13,-6.93889390392815E-17,
-1.));
#9719=DIRECTION('ref_axis',(8.08507141909561E-16,-1.,6.93889390388016E-17));
#9720=DIRECTION('center_axis',(-5.97793535824159E-13,-1.88737914186282E-14,
-1.));
#9721=DIRECTION('ref_axis',(8.08507141920722E-16,-1.,1.88737914186277E-14));
#9722=DIRECTION('',(-4.20212334588467E-13,0.707106781186926,-0.707106781186169));
#9723=DIRECTION('center_axis',(5.97793535824159E-13,1.88737914186282E-14,
1.));
#9724=DIRECTION('ref_axis',(8.08507141920722E-16,-1.,1.88737914186277E-14));
#9725=DIRECTION('',(5.97793535824159E-13,1.88737914186282E-14,1.));
#9726=DIRECTION('center_axis',(5.95262590356447E-13,1.90572866129758E-14,
1.));
#9727=DIRECTION('ref_axis',(8.08507141920831E-16,-1.,1.90572866129753E-14));
#9728=DIRECTION('',(-5.97793535824159E-13,-1.88737914186282E-14,-1.));
#9729=DIRECTION('center_axis',(5.95262590356447E-13,1.90572866129758E-14,
1.));
#9730=DIRECTION('ref_axis',(8.08507141920831E-16,-1.,1.90572866129753E-14));
#9731=DIRECTION('',(5.97793535824159E-13,1.88737914186282E-14,1.));
#9732=DIRECTION('center_axis',(5.95262590356447E-13,1.90572866129758E-14,
1.));
#9733=DIRECTION('ref_axis',(8.08507141920831E-16,-1.,1.90572866129753E-14));
#9734=DIRECTION('',(-5.97793535824159E-13,-1.88737914186282E-14,-1.));
#9735=DIRECTION('center_axis',(5.95262590356447E-13,1.90572866129758E-14,
1.));
#9736=DIRECTION('ref_axis',(8.08507141920831E-16,-1.,1.90572866129753E-14));
#9737=DIRECTION('',(5.97793535824159E-13,1.88737914186282E-14,1.));
#9738=DIRECTION('center_axis',(5.95262590356447E-13,1.90572866129758E-14,
1.));
#9739=DIRECTION('ref_axis',(8.08507141920831E-16,-1.,1.90572866129753E-14));
#9740=DIRECTION('center_axis',(-5.95262590356447E-13,-1.90572866129758E-14,
-1.));
#9741=DIRECTION('ref_axis',(1.84006690569179E-16,-1.,1.90572866129757E-14));
#9742=DIRECTION('',(1.,1.84006690557835E-16,-5.95262590356447E-13));
#9743=DIRECTION('',(1.84006690569179E-16,-1.,1.90572866129757E-14));
#9744=DIRECTION('',(-1.,-1.84006690557835E-16,5.95262590356447E-13));
#9745=DIRECTION('center_axis',(-5.95262590356447E-13,-1.90572866129758E-14,
-1.));
#9746=DIRECTION('ref_axis',(1.84006690569179E-16,-1.,1.90572866129757E-14));
#9747=DIRECTION('',(-1.,-1.84006690557835E-16,5.95262590356447E-13));
#9748=DIRECTION('',(-1.84006690569179E-16,1.,-1.90572866129757E-14));
#9749=DIRECTION('',(1.,1.84006690557835E-16,-5.95262590356447E-13));
#9750=DIRECTION('center_axis',(-5.95262590356447E-13,-1.90572866129758E-14,
-1.));
#9751=DIRECTION('ref_axis',(8.08507141920832E-16,-1.,1.90572866129753E-14));
#9752=DIRECTION('',(-1.,-1.84006690557835E-16,5.95262590356447E-13));
#9753=DIRECTION('center_axis',(-5.95262590356447E-13,-1.90572866129758E-14,
-1.));
#9754=DIRECTION('ref_axis',(1.84006690569179E-16,-1.,1.90572866129757E-14));
#9755=DIRECTION('',(-1.,-1.84006690557835E-16,5.95262590356447E-13));
#9756=DIRECTION('',(-1.84006690569179E-16,1.,-1.90572866129757E-14));
#9757=DIRECTION('center_axis',(-5.95262590356447E-13,-1.90572866129758E-14,
-1.));
#9758=DIRECTION('ref_axis',(8.08507141920072E-16,-1.,1.90572866129753E-14));
#9759=DIRECTION('center_axis',(-1.,-1.84006690557867E-16,5.93583940189134E-13));
#9760=DIRECTION('ref_axis',(1.84006690569179E-16,-1.,1.90572866129757E-14));
#9761=DIRECTION('',(5.93583940189134E-13,6.93889390392815E-17,1.));
#9762=DIRECTION('',(1.84006690569179E-16,-1.,1.90572866129757E-14));
#9763=DIRECTION('',(1.84006690569179E-16,-1.,1.90572866129757E-14));
#9764=DIRECTION('',(5.93583940189134E-13,6.93889390392815E-17,1.));
#9765=DIRECTION('center_axis',(-1.84006690557877E-16,1.,-6.93889390391723E-17));
#9766=DIRECTION('ref_axis',(-1.,-1.84006690557836E-16,5.95262590356447E-13));
#9767=DIRECTION('',(5.93583940189134E-13,6.93889390392815E-17,1.));
#9768=DIRECTION('',(-1.,-1.84006690557835E-16,5.95262590356447E-13));
#9769=DIRECTION('center_axis',(-5.95262590356447E-13,-1.90572866129758E-14,
-1.));
#9770=DIRECTION('ref_axis',(1.84006690569179E-16,-1.,1.90572866129757E-14));
#9771=DIRECTION('center_axis',(-5.95262590356447E-13,-1.90572866129758E-14,
-1.));
#9772=DIRECTION('ref_axis',(8.08507141920072E-16,-1.,1.90572866129753E-14));
#9773=DIRECTION('center_axis',(1.84006690557877E-16,-1.,6.93889390391723E-17));
#9774=DIRECTION('ref_axis',(1.,1.84006690557836E-16,-5.95262590356447E-13));
#9775=DIRECTION('',(1.,1.84006690557835E-16,-5.95262590356447E-13));
#9776=DIRECTION('',(1.,1.84006690557835E-16,-5.95262590356447E-13));
#9777=DIRECTION('',(1.,1.84006690557835E-16,-5.95262590356447E-13));
#9778=DIRECTION('',(5.93583940189134E-13,6.93889390392815E-17,1.));
#9779=DIRECTION('center_axis',(-5.95262590356447E-13,-1.90572866129758E-14,
-1.));
#9780=DIRECTION('ref_axis',(1.84006690569179E-16,-1.,1.90572866129757E-14));
#9781=DIRECTION('center_axis',(-5.95262590356447E-13,-1.90572866129758E-14,
-1.));
#9782=DIRECTION('ref_axis',(8.08507141920072E-16,-1.,1.90572866129753E-14));
#9783=DIRECTION('center_axis',(1.,1.84006690557867E-16,-5.93583940189134E-13));
#9784=DIRECTION('ref_axis',(-1.84006690569179E-16,1.,-1.90572866129757E-14));
#9785=DIRECTION('',(-1.84006690569179E-16,1.,-1.90572866129757E-14));
#9786=DIRECTION('center_axis',(-5.95262590356447E-13,-1.90572866129758E-14,
-1.));
#9787=DIRECTION('ref_axis',(1.84006690569179E-16,-1.,1.90572866129757E-14));
#9788=DIRECTION('center_axis',(-5.95262590356447E-13,-1.90572866129758E-14,
-1.));
#9789=DIRECTION('ref_axis',(8.08507141920072E-16,-1.,1.90572866129753E-14));
#9790=DIRECTION('center_axis',(-5.95335683593542E-13,-2.03191761110648E-14,
-1.));
#9791=DIRECTION('ref_axis',(8.08507141920824E-16,-1.,2.03191761110643E-14));
#9792=DIRECTION('',(-5.95335683593542E-13,-2.03191761110648E-14,-1.));
#9793=DIRECTION('center_axis',(-5.95262590356447E-13,-1.90572866129758E-14,
-1.));
#9794=DIRECTION('ref_axis',(8.08507141920832E-16,-1.,1.90572866129753E-14));
#9795=CARTESIAN_POINT('',(0.,0.,0.));
#9796=CARTESIAN_POINT('Origin',(-34.1760650513564,6.17927749247267,10.0999916608529));
#9797=CARTESIAN_POINT('',(-34.3760650513558,7.6792774924727,10.0999916608529));
#9798=CARTESIAN_POINT('Origin',(-34.3760650513559,6.17927749247268,10.0999916608529));
#9799=CARTESIAN_POINT('',(-33.9760650513569,7.27927749247267,10.0999916608529));
#9800=CARTESIAN_POINT('',(-34.1760650513563,7.47927749247268,10.0999916608529));
#9801=CARTESIAN_POINT('Origin',(-33.9760650513569,6.17927749247267,10.0999916608529));
#9802=CARTESIAN_POINT('Origin',(-34.3760650513562,6.17927749247267,10.0999916608529));
#9803=CARTESIAN_POINT('',(-23.3229249138645,7.27927749247267,10.0999916608529));
#9804=CARTESIAN_POINT('',(-34.3760650513562,7.27927749247267,10.0999916608529));
#9805=CARTESIAN_POINT('Origin',(-23.3229249138645,6.17927749247267,10.0999916608529));
#9806=CARTESIAN_POINT('Origin',(-34.3760650513564,-9.3204453956242,1.59999268507766));
#9807=CARTESIAN_POINT('',(-34.3760650513567,-19.2204351424271,9.64999309021277));
#9808=CARTESIAN_POINT('',(-34.3760650513568,-19.2204351424404,0.400000000020776));
#9809=CARTESIAN_POINT('',(-34.3760650513568,-19.220435142427,16.4999921729658));
#9810=CARTESIAN_POINT('',(-34.3760650513566,-15.620718042051,9.64999309021281));
#9811=CARTESIAN_POINT('',(-34.3760650513565,-12.070581917852,9.64999309021277));
#9812=CARTESIAN_POINT('',(-34.3760650513566,-13.620718042051,11.6499930902128));
#9813=CARTESIAN_POINT('Origin',(-34.3760650513566,-15.620718042051,11.6499930902128));
#9814=CARTESIAN_POINT('',(-34.3760650513566,-13.6207180420509,18.5405780302128));
#9815=CARTESIAN_POINT('',(-34.3760650513566,-13.620718042051,6.69999288547775));
#9816=CARTESIAN_POINT('',(-34.3760650513565,-11.8207111773339,21.5999916608538));
#9817=CARTESIAN_POINT('Origin',(-34.3760650513566,-15.3207111773333,21.5999935528238));
#9818=CARTESIAN_POINT('',(-34.3760650513557,9.77927749247399,21.5999916608527));
#9819=CARTESIAN_POINT('',(-34.3760650513562,-2.2852226978104,21.5999916608537));
#9820=CARTESIAN_POINT('',(-34.3760650513557,9.7792774924738,0.400000000059675));
#9821=CARTESIAN_POINT('',(-34.3760650513557,9.7792774924739,8.91326666212567));
#9822=CARTESIAN_POINT('',(-34.3760650513566,-14.020573526517,0.400000000020667));
#9823=CARTESIAN_POINT('Origin',(-21.3229249138645,-10.470718982816,7.19999289077178));
#9824=CARTESIAN_POINT('',(-23.3229249138645,-9.22072227130174,7.19999289077178));
#9825=CARTESIAN_POINT('',(-23.3229249138645,-17.6207213714673,7.1999928907718));
#9826=CARTESIAN_POINT('',(-23.3229249138645,-10.470718982816,7.19999289077178));
#9827=CARTESIAN_POINT('',(-21.3229249138645,-17.6207213714672,5.1999928907718));
#9828=CARTESIAN_POINT('Origin',(-21.3229249138645,-17.6207213714672,7.1999928907718));
#9829=CARTESIAN_POINT('',(-21.3229249138645,-9.62072227130182,5.1999928907718));
#9830=CARTESIAN_POINT('',(-21.3229249138645,-10.470718982816,5.19999289077178));
#9831=CARTESIAN_POINT('',(-22.9229249138645,-9.62072227130175,5.99999289077178));
#9832=CARTESIAN_POINT('Origin',(-21.3229249138645,-9.62072227130173,7.19999289077178));
#9833=CARTESIAN_POINT('Ctrl Pts',(-22.9229249138645,-9.62072227130175,5.99999289077178));
#9834=CARTESIAN_POINT('Ctrl Pts',(-22.9921742835929,-9.62072227130175,6.09232538374294));
#9835=CARTESIAN_POINT('Ctrl Pts',(-23.0600488776938,-9.60273942587369,6.19947632175038));
#9836=CARTESIAN_POINT('Ctrl Pts',(-23.1871780227761,-9.5307793666314,6.45971664841804));
#9837=CARTESIAN_POINT('Ctrl Pts',(-23.2374038140032,-9.47704588923793,6.60287360449002));
#9838=CARTESIAN_POINT('Ctrl Pts',(-23.3052327456766,-9.35745298989597,6.89430014834573));
#9839=CARTESIAN_POINT('Ctrl Pts',(-23.3224437217017,-9.29035015040152,7.04429795875547));
#9840=CARTESIAN_POINT('Ctrl Pts',(-23.3229215968923,-9.22260325704352,7.19578687878925));
#9841=CARTESIAN_POINT('Ctrl Pts',(-23.3229249138645,-9.22166276368485,7.19788988587082));
#9842=CARTESIAN_POINT('Ctrl Pts',(-23.3229249138645,-9.22072227130174,7.19999289077178));
#9843=CARTESIAN_POINT('Origin',(-22.9229249138645,-9.22072227130169,31.5999918612532));
#9844=CARTESIAN_POINT('',(-22.92292491384,-9.62072227130179,0.400000000013915));
#9845=CARTESIAN_POINT('',(-22.9229249138645,-9.62072227130169,31.5999918612532));
#9846=CARTESIAN_POINT('',(-23.3229249138645,-9.22072227130176,0.400000000014667));
#9847=CARTESIAN_POINT('Ctrl Pts',(-22.9229249138645,-9.62072227130176,0.400000000013913));
#9848=CARTESIAN_POINT('Ctrl Pts',(-22.9750108436494,-9.62072227130175,0.400000000010761));
#9849=CARTESIAN_POINT('Ctrl Pts',(-23.0265988035566,-9.6105487309959,0.40000000000806));
#9850=CARTESIAN_POINT('Ctrl Pts',(-23.1229713204695,-9.57099984592793,0.400000000004677));
#9851=CARTESIAN_POINT('Ctrl Pts',(-23.1668345036864,-9.54200261006287,0.400000000003724));
#9852=CARTESIAN_POINT('Ctrl Pts',(-23.2409768655286,-9.46882688658368,0.400000000003773));
#9853=CARTESIAN_POINT('Ctrl Pts',(-23.270547202764,-9.42534799876987,0.400000000004716));
#9854=CARTESIAN_POINT('Ctrl Pts',(-23.3014743810953,-9.35271352642187,0.400000000007349));
#9855=CARTESIAN_POINT('Ctrl Pts',(-23.3094808065406,-9.32700459535569,0.400000000008476));
#9856=CARTESIAN_POINT('Ctrl Pts',(-23.320219699231,-9.27437154053736,0.400000000011091));
#9857=CARTESIAN_POINT('Ctrl Pts',(-23.3229249138645,-9.24758098625487,0.400000000012834));
#9858=CARTESIAN_POINT('Ctrl Pts',(-23.3229249138645,-9.22072227130179,0.400000000014499));
#9859=CARTESIAN_POINT('',(-23.3229249138645,-9.22072227130169,31.5999918612532));
#9860=CARTESIAN_POINT('Origin',(-22.9229249140025,-9.2207222714376,-6.08164068605622));
#9861=CARTESIAN_POINT('',(-22.9229249138611,-10.0207222713018,1.38876633874506E-11));
#9862=CARTESIAN_POINT('',(-22.9229249141819,-16.1023629571904,-6.08164068587443));
#9863=CARTESIAN_POINT('',(-23.7229249138645,-9.22072227129806,1.46747733530201E-11));
#9864=CARTESIAN_POINT('Origin',(-22.9229249138403,-9.22072227127694,-1.53117740708808E-9));
#9865=CARTESIAN_POINT('',(-29.8045655997553,-9.22072227161926,-6.08164068587268));
#9866=CARTESIAN_POINT('Origin',(2.87705414539055,-17.6207182284462,5.1999928907718));
#9867=CARTESIAN_POINT('',(-19.4612099260117,-17.6207213709946,5.19999289077179));
#9868=CARTESIAN_POINT('',(-3.3729403843799,-17.6207213714672,5.1999928907718));
#9869=CARTESIAN_POINT('',(-19.461209926011,-16.0207213714666,5.19999289077179));
#9870=CARTESIAN_POINT('',(-19.461209926011,-18.0207213714666,5.19999289077179));
#9871=CARTESIAN_POINT('',(-17.1874468347365,-16.0207213714666,5.19999289077179));
#9872=CARTESIAN_POINT('',(-3.37294038437956,-16.0207213714666,5.1999928907718));
#9873=CARTESIAN_POINT('',(-17.1874468347369,-17.6207213709946,5.19999289077179));
#9874=CARTESIAN_POINT('',(-17.1874468347366,-18.0207213714666,5.19999289077179));
#9875=CARTESIAN_POINT('',(2.07705442056812,-17.6207213709956,5.1999928907718));
#9876=CARTESIAN_POINT('',(-3.3729403843799,-17.6207213714672,5.1999928907718));
#9877=CARTESIAN_POINT('',(2.07705442057011,-9.6207222713018,5.1999928907718));
#9878=CARTESIAN_POINT('',(2.07705442056953,-12.0207169825362,5.1999928907718));
#9879=CARTESIAN_POINT('',(-3.37294045317463,-9.6207222713018,5.1999928907718));
#9880=CARTESIAN_POINT('Origin',(-9.62293491415033,-17.6207213714672,21.5999930858768));
#9881=CARTESIAN_POINT('',(-23.3229249138645,-17.6207213714672,19.0999935528237));
#9882=CARTESIAN_POINT('',(-23.3229249138645,-17.6207213714672,31.5999918612538));
#9883=CARTESIAN_POINT('',(-2.32293486472723,-17.6207213709946,19.0999935528238));
#9884=CARTESIAN_POINT('',(-5.47293534915554,-17.6207213714672,19.0999935528238));
#9885=CARTESIAN_POINT('',(-1.32293486472723,-17.6207213714672,18.0999935528238));
#9886=CARTESIAN_POINT('Origin',(-2.32293486472723,-17.6207213714672,18.0999935528238));
#9887=CARTESIAN_POINT('',(-1.32293486472723,-17.6207213714672,17.9999935528228));
#9888=CARTESIAN_POINT('',(-1.32293486472723,-17.6207213714672,21.5999933193498));
#9889=CARTESIAN_POINT('',(-0.922934864727223,-17.6207213714672,17.5999935528238));
#9890=CARTESIAN_POINT('Origin',(-0.922934864727223,-17.6207213714673,17.9999935528228));
#9891=CARTESIAN_POINT('',(1.67706513527475,-17.6207213714672,17.5999935528238));
#9892=CARTESIAN_POINT('',(-3.47293488943873,-17.6207213714672,17.5999935528238));
#9893=CARTESIAN_POINT('',(2.67706513527474,-17.6207213709956,16.5999935528238));
#9894=CARTESIAN_POINT('Origin',(1.67706513527475,-17.6207213714702,16.5999935528238));
#9895=CARTESIAN_POINT('',(2.67706513527476,-17.6207213709958,14.3999995215398));
#9896=CARTESIAN_POINT('',(2.67706513527474,-17.6207213714672,21.5999893566718));
#9897=CARTESIAN_POINT('',(4.07705442056812,-17.6207213714672,12.4921244883578));
#9898=CARTESIAN_POINT('Origin',(4.67706513527474,-17.6207213714708,14.3999995215398));
#9899=CARTESIAN_POINT('',(4.07705442056788,-17.6207213709956,7.19999289077181));
#9900=CARTESIAN_POINT('',(4.07705442056737,-17.6207213714672,11.5999930858768));
#9901=CARTESIAN_POINT('Origin',(2.07705442056812,-17.6207213714701,7.19999289077181));
#9902=CARTESIAN_POINT('Origin',(-18.3243283803737,-17.6207213714672,6.0999930858768));
#9903=CARTESIAN_POINT('',(-4.78184186944356,-17.6207213714672,16.4360224976406));
#9904=CARTESIAN_POINT('',(-4.5053502899359,-17.6207213714682,16.2289703586025));
#9905=CARTESIAN_POINT('Origin',(-4.36233740398404,-17.6207213714672,16.7080813211688));
#9906=CARTESIAN_POINT('',(-5.20134633490212,-17.6207213714672,16.4360224976421));
#9907=CARTESIAN_POINT('Origin',(-4.99159410217332,-17.6207213714672,16.2999930858765));
#9908=CARTESIAN_POINT('',(-5.47783791440806,-17.6207213714682,16.2289703586057));
#9909=CARTESIAN_POINT('Origin',(-5.62085080035971,-17.6207213714672,16.7080813211732));
#9910=CARTESIAN_POINT('Origin',(-4.99159410217733,-17.6207213714682,14.5999930858768));
#9911=CARTESIAN_POINT('',(-14.0091772434763,-17.6207213714665,16.2289703586055));
#9912=CARTESIAN_POINT('',(-13.7326856639705,-17.6207213714672,16.436022497642));
#9913=CARTESIAN_POINT('Origin',(-14.1521901294282,-17.6207213714672,16.708081321173));
#9914=CARTESIAN_POINT('',(-13.0366896190042,-17.6207213714665,16.2289703586027));
#9915=CARTESIAN_POINT('Origin',(-13.5229334312451,-17.6207213714665,14.5999930858768));
#9916=CARTESIAN_POINT('',(-13.3131811985119,-17.6207213714672,16.4360224976407));
#9917=CARTESIAN_POINT('Origin',(-12.8936767330525,-17.6207213714672,16.708081321169));
#9918=CARTESIAN_POINT('Origin',(-13.5229334312416,-17.6207213714672,16.2999930858765));
#9919=CARTESIAN_POINT('Origin',(-23.3229249138645,-3.3207197371857,41.5999906366297));
#9920=CARTESIAN_POINT('',(-23.3229249138645,9.77927749247149,0.400000000013668));
#9921=CARTESIAN_POINT('',(-23.3229249138645,-9.0207106972979,0.400000000014663));
#9922=CARTESIAN_POINT('',(-23.3229249138645,9.77927749247169,21.5999916608527));
#9923=CARTESIAN_POINT('',(-23.3229249138645,9.77927749247179,28.9132656379017));
#9924=CARTESIAN_POINT('',(-23.3229249138645,-12.8207111773367,21.5999916608538));
#9925=CARTESIAN_POINT('',(-23.3229249138645,0.714640131407989,21.5999916608537));
#9926=CARTESIAN_POINT('',(-23.3229249138645,-15.3207111773359,19.0999935528238));
#9927=CARTESIAN_POINT('Origin',(-23.3229249138649,-15.3207111773359,21.5999935528238));
#9928=CARTESIAN_POINT('',(-23.3229249138645,-4.1207154572635,19.0999935528237));
#9929=CARTESIAN_POINT('Origin',(-23.5229249138645,-9.0207106972979,0.200000000014667));
#9930=CARTESIAN_POINT('',(-23.7229249138645,9.77927749247149,1.36760741620278E-11));
#9931=CARTESIAN_POINT('',(-23.7229249138645,-9.0207106972979,1.4670833992092E-11));
#9932=CARTESIAN_POINT('',(-23.7229249138645,9.77927749247149,1.36760741620278E-11));
#9933=CARTESIAN_POINT('Origin',(-33.3760650513568,-19.220435142427,16.4999921729658));
#9934=CARTESIAN_POINT('',(-33.3760650513567,-20.2204351424271,9.6499930902128));
#9935=CARTESIAN_POINT('Origin',(-33.3760650513567,-19.2204351424272,9.64999309021277));
#9936=CARTESIAN_POINT('',(-33.3760650513567,-20.2204351424273,0.400000000019968));
#9937=CARTESIAN_POINT('Ctrl Pts',(-34.3760650513567,-19.2204351424404,0.400000000021021));
#9938=CARTESIAN_POINT('Ctrl Pts',(-34.376065051355,-19.3506499669027,0.400000000019315));
#9939=CARTESIAN_POINT('Ctrl Pts',(-34.3506312005887,-19.4796198666703,0.400000000017563));
#9940=CARTESIAN_POINT('Ctrl Pts',(-34.2517589879157,-19.7205511589512,0.400000000015607));
#9941=CARTESIAN_POINT('Ctrl Pts',(-34.1792658982516,-19.8302091169926,0.400000000014989));
#9942=CARTESIAN_POINT('Ctrl Pts',(-33.9963265895513,-20.0155650215957,0.400000000014775));
#9943=CARTESIAN_POINT('Ctrl Pts',(-33.8876293700158,-20.0894908646826,0.400000000015134));
#9944=CARTESIAN_POINT('Ctrl Pts',(-33.7060431891487,-20.166808810507,0.400000000016317));
#9945=CARTESIAN_POINT('Ctrl Pts',(-33.6417708614873,-20.1868248741185,0.40000000001684));
#9946=CARTESIAN_POINT('Ctrl Pts',(-33.5101882244498,-20.2136721058428,0.40000000001808));
#9947=CARTESIAN_POINT('Ctrl Pts',(-33.4432118387479,-20.2204351424265,0.40000000001921));
#9948=CARTESIAN_POINT('Ctrl Pts',(-33.3760650513695,-20.2204351424273,0.400000000020024));
#9949=CARTESIAN_POINT('',(-33.3760650513568,-20.220435142427,16.4999921729658));
#9950=CARTESIAN_POINT('Origin',(-33.3760650513827,-19.2204351424544,2.27166784256819));
#9951=CARTESIAN_POINT('',(-33.9760650513568,-19.2204351424276,2.07839737979339E-11));
#9952=CARTESIAN_POINT('',(-33.3760650513565,-19.8204351424273,1.99586007989644E-11));
#9953=CARTESIAN_POINT('Origin',(-33.3760650513466,-19.220435142418,6.5309146979331E-10));
#9954=CARTESIAN_POINT('',(-33.3760650514299,-22.0921029849292,2.27166784252211));
#9955=CARTESIAN_POINT('',(-36.2477328938574,-19.2204351425005,2.27166784252265));
#9956=CARTESIAN_POINT('Origin',(-33.3760650513565,-12.0705819178521,9.64999309021277));
#9957=CARTESIAN_POINT('',(-33.3760650513567,-19.220435142422,10.6499930902128));
#9958=CARTESIAN_POINT('Origin',(-33.3760650513567,-19.220435142422,9.64999309021285));
#9959=CARTESIAN_POINT('',(-33.3760650513566,-15.620718042051,10.6499930902128));
#9960=CARTESIAN_POINT('',(-33.3760650513565,-12.0705819178521,10.6499930902128));
#9961=CARTESIAN_POINT('Origin',(-33.3760650513566,-15.620718042051,9.64999309021281));
#9962=CARTESIAN_POINT('Origin',(-33.376065051358,-15.620718042051,11.6499930902128));
#9963=CARTESIAN_POINT('',(-33.3760650513579,-14.620718042051,11.6499930902128));
#9964=CARTESIAN_POINT('Origin',(-33.3760650513579,-13.620718042051,11.6499930902128));
#9965=CARTESIAN_POINT('Origin',(-33.376065051358,-15.620718042051,11.6499930902128));
#9966=CARTESIAN_POINT('Origin',(-33.3760650513566,-13.6207180420511,6.69999288547775));
#9967=CARTESIAN_POINT('',(-33.3760650513568,-14.6207180420509,18.5405780302128));
#9968=CARTESIAN_POINT('Origin',(-33.3760650513566,-13.6207180420509,18.5405780302128));
#9969=CARTESIAN_POINT('',(-33.3760650513568,-14.6207180420511,6.69999288547776));
#9970=CARTESIAN_POINT('Origin',(-33.3760650513567,-19.2204351424271,9.6499930902128));
#9971=CARTESIAN_POINT('Origin',(-33.3760650513567,-19.2204351424271,9.6499930902128));
#9972=CARTESIAN_POINT('Origin',(-33.3760650513579,-15.3207111773334,21.5999935528238));
#9973=CARTESIAN_POINT('',(-33.3760650513578,-12.8207111773342,21.5999916608538));
#9974=CARTESIAN_POINT('Origin',(-33.3760650513578,-11.8207111773334,21.5999935528237));
#9975=CARTESIAN_POINT('',(-33.3760650513578,-14.1064303664174,19.4146967509588));
#9976=CARTESIAN_POINT('Origin',(-33.3760650513578,-13.620718042051,18.5405780302128));
#9977=CARTESIAN_POINT('Origin',(-33.3760650513579,-15.3207111773334,21.5999935528238));
#9978=CARTESIAN_POINT('Origin',(-33.3760650513566,-13.6207180420509,18.5405780302128));
#9979=CARTESIAN_POINT('Origin',(-33.3760650513566,-13.6207180420509,18.5405780302128));
#9980=CARTESIAN_POINT('Origin',(-34.1760650513567,-14.020573526517,0.200000000020671));
#9981=CARTESIAN_POINT('',(-33.9760650513559,9.77927749247369,1.96623967108067E-11));
#9982=CARTESIAN_POINT('',(-33.9760650513559,9.77927749247369,1.96623967108067E-11));
#9983=CARTESIAN_POINT('',(-33.9760650513566,-14.020573526517,2.06749201092648E-11));
#9984=CARTESIAN_POINT('Origin',(0.00440720308497511,-5.6499999999981,21.5999916608538));
#9985=CARTESIAN_POINT('',(-1.32293578416001,-12.8207111773421,21.5999916608538));
#9986=CARTESIAN_POINT('',(-24.3229249138642,10.7792774924717,21.5999916608527));
#9987=CARTESIAN_POINT('Origin',(-24.3229249138646,9.77927749247169,21.5999916608527));
#9988=CARTESIAN_POINT('',(-33.3760650513555,10.779277492474,21.5999916608527));
#9989=CARTESIAN_POINT('',(-3.10926392431841,10.7792774924665,21.5999916608527));
#9990=CARTESIAN_POINT('Origin',(-33.3760650513558,9.77927749247399,21.5999916608527));
#9991=CARTESIAN_POINT('',(-29.9257462624147,-9.32072250752681,21.5999916608538));
#9992=CARTESIAN_POINT('Origin',(-29.9257462624147,-7.6207225075268,21.5999916608538));
#9993=CARTESIAN_POINT('Origin',(-1.32293578416063,-15.3207111773413,21.5999935528238));
#9994=CARTESIAN_POINT('',(-26.8777412421295,-14.1064303664189,19.4146967509588));
#9995=CARTESIAN_POINT('',(-1.32293578416033,-14.1064303664253,19.4146967509588));
#9996=CARTESIAN_POINT('',(-24.9003702903047,-15.3207111773355,19.0999935528238));
#9997=CARTESIAN_POINT('Ctrl Pts',(-24.9003702903047,-15.3207111773355,19.0999935528238));
#9998=CARTESIAN_POINT('Ctrl Pts',(-24.9621269689979,-15.0299657766441,19.0999935528238));
#9999=CARTESIAN_POINT('Ctrl Pts',(-25.2807735821727,-14.5782580646726,19.1916096962808));
#10000=CARTESIAN_POINT('Ctrl Pts',(-26.0577025184935,-14.1907096796459,
19.3662614072768));
#10001=CARTESIAN_POINT('Ctrl Pts',(-26.6032733950835,-14.106430366419,19.4146967509588));
#10002=CARTESIAN_POINT('Ctrl Pts',(-26.8777412421294,-14.1064303664189,
19.4146967509588));
#10003=CARTESIAN_POINT('',(-1.32293578416063,-15.3207111773413,19.0999935528238));
#10004=CARTESIAN_POINT('Origin',(-36.4625980374209,-20.0204351424273,0.200000000021792));
#10005=CARTESIAN_POINT('',(-20.9243282220239,-19.8204351424273,1.28075328120758E-11));
#10006=CARTESIAN_POINT('',(-36.462598037421,-19.8204351424273,2.17958984194411E-11));
#10007=CARTESIAN_POINT('',(-21.3243282324077,-20.2204351424273,0.400000000012799));
#10008=CARTESIAN_POINT('',(-21.3243282324077,-20.2204351424273,0.400000000012799));
#10009=CARTESIAN_POINT('',(-36.4625980374208,-20.2204351424273,0.400000000021805));
#10010=CARTESIAN_POINT('Origin',(-66.0760634123679,-25.1207016574101,3.98081567709596E-11));
#10011=CARTESIAN_POINT('',(-33.3760650513558,10.3792774924737,1.96623967108067E-11));
#10012=CARTESIAN_POINT('Origin',(-33.376065051356,9.77927749247369,1.96623967108067E-11));
#10013=CARTESIAN_POINT('',(-24.3229249138645,10.3792774924715,1.4670833992092E-11));
#10014=CARTESIAN_POINT('',(-36.1494992320461,10.3792774924744,2.1669679939329E-11));
#10015=CARTESIAN_POINT('Origin',(-24.3229249138647,9.77927749247149,1.4670833992092E-11));
#10016=CARTESIAN_POINT('',(3.67705442056995,-10.0207222713019,-2.18491891246231E-12));
#10017=CARTESIAN_POINT('',(-37.8494992320599,-10.0207222713018,2.27728946811112E-11));
#10018=CARTESIAN_POINT('',(4.4770544205702,-9.22072227130199,-2.18491891246231E-12));
#10019=CARTESIAN_POINT('Origin',(3.67705442056995,-9.2207222713018,-2.18491891246231E-12));
#10020=CARTESIAN_POINT('',(4.47705442057214,-1.43657826463716,-2.46723914140756E-12));
#10021=CARTESIAN_POINT('',(4.47705442056859,-15.7707086970269,-2.18491891246231E-12));
#10022=CARTESIAN_POINT('',(5.53147000830031,1.10900614763403,-3.31697951428718E-12));
#10023=CARTESIAN_POINT('Origin',(8.07705442057114,-1.43657826463805,-4.78374284629268E-12));
#10024=CARTESIAN_POINT('',(6.77706571118567,2.35460185051878,-4.08216866223648E-12));
#10025=CARTESIAN_POINT('',(-18.2636267357647,-22.6860905964192,1.13008213897814E-11));
#10026=CARTESIAN_POINT('',(6.77706571118552,46.0207103879616,-4.91432620790775E-12));
#10027=CARTESIAN_POINT('',(6.77706571118569,-1.19999563472245,-4.01442767916649E-12));
#10028=CARTESIAN_POINT('',(10.3770657111856,49.6207103879616,-6.74476864282988E-12));
#10029=CARTESIAN_POINT('Origin',(10.3770657111856,46.0207103879616,-7.05727143390789E-12));
#10030=CARTESIAN_POINT('',(24.1375854532172,49.6207103879616,-1.4935891268995E-11));
#10031=CARTESIAN_POINT('',(-19.4345850036254,49.6207103879616,1.10009917841936E-11));
#10032=CARTESIAN_POINT('',(27.6149184278585,46.9524589503293,-1.73361103540421E-11));
#10033=CARTESIAN_POINT('Origin',(24.1375854532172,46.0207103879618,-1.52484275206533E-11));
#10034=CARTESIAN_POINT('',(33.6489529837375,24.4331354131167,-2.04987427407144E-11));
#10035=CARTESIAN_POINT('',(34.6942731163439,20.531947568047,-2.10466366556972E-11));
#10036=CARTESIAN_POINT('',(33.9760650513612,21.9484725801348,-2.06461184923338E-11));
#10037=CARTESIAN_POINT('Origin',(24.376065051361,21.9484725801372,-1.49315976250008E-11));
#10038=CARTESIAN_POINT('',(33.9760650513486,-29.0207103879632,-1.96748323511134E-11));
#10039=CARTESIAN_POINT('',(33.976065051351,-19.2707096507109,-1.98606409096413E-11));
#10040=CARTESIAN_POINT('',(33.3760650513491,-29.6207103879633,-1.88422553733687E-11));
#10041=CARTESIAN_POINT('Origin',(33.3760650513492,-29.0207103879633,-1.93176724616606E-11));
#10042=CARTESIAN_POINT('',(31.9358628420945,-29.620710387963,-1.81898940354586E-11));
#10043=CARTESIAN_POINT('',(-29.8499991168584,-29.6207103879511,1.87938553608546E-11));
#10044=CARTESIAN_POINT('',(30.0973852110097,-28.8591880190476,-1.71596070686064E-11));
#10045=CARTESIAN_POINT('Origin',(31.935862842095,-27.020710387963,-1.81898940354586E-11));
#10046=CARTESIAN_POINT('',(29.5760648674502,-28.3378676754879,-1.71596070686064E-11));
#10047=CARTESIAN_POINT('',(6.27945197110162,-5.0412547791302,-3.17967874252645E-12));
#10048=CARTESIAN_POINT('',(29.5760648674504,-27.62070926384,-1.71596070686064E-11));
#10049=CARTESIAN_POINT('',(29.5760648674502,-28.5707060226948,-1.71596070686064E-11));
#10050=CARTESIAN_POINT('',(-21.3500728074526,-27.6207092638302,1.38022926421399E-11));
#10051=CARTESIAN_POINT('',(-33.3497253382582,-27.6207092638279,2.08011385893769E-11));
#10052=CARTESIAN_POINT('',(-21.3500728074519,-23.6204295078223,1.38022926421399E-11));
#10053=CARTESIAN_POINT('',(-21.3500728074527,-28.0207030224829,1.38022926421399E-11));
#10054=CARTESIAN_POINT('',(-20.9243282220246,-23.2097474015273,1.28075328120758E-11));
#10055=CARTESIAN_POINT('Ctrl Pts',(-21.3500728074497,-23.620429507822,1.28252963804698E-11));
#10056=CARTESIAN_POINT('Ctrl Pts',(-21.1353418593764,-23.4131616299012,
1.28075328120758E-11));
#10057=CARTESIAN_POINT('Ctrl Pts',(-20.9243282220247,-23.2097474015254,
1.28075328120758E-11));
#10058=CARTESIAN_POINT('',(-20.924328222025,-25.1450135976864,1.28075328120758E-11));
#10059=CARTESIAN_POINT('',(18.3793862832402,38.2842786285239,-1.16733449812543E-11));
#10060=CARTESIAN_POINT('Origin',(21.7793862832404,38.2842786285239,-1.36972377884348E-11));
#10061=CARTESIAN_POINT('',(16.8573862835443,31.8842786285309,-1.06492592522045E-11));
#10062=CARTESIAN_POINT('',(12.2773862835435,31.8842786285309,-7.91908090534154E-12));
#10063=CARTESIAN_POINT('',(-26.5043385644269,31.8842786285309,1.51656465163796E-11));
#10064=CARTESIAN_POINT('',(12.2773862835435,25.6842786285309,-7.80092572834109E-12));
#10065=CARTESIAN_POINT('',(12.2773862835435,25.7842786285309,-7.80283145700239E-12));
#10066=CARTESIAN_POINT('',(16.8573862835443,25.6842786285309,-1.05249142734465E-11));
#10067=CARTESIAN_POINT('',(-26.5043385644269,25.6842786285309,1.52855506030392E-11));
#10068=CARTESIAN_POINT('',(16.8573862835442,0.331788485559429,-1.00452979268084E-11));
#10069=CARTESIAN_POINT('',(16.8573862832407,41.3842786285239,-1.08268949361445E-11));
#10070=CARTESIAN_POINT('',(12.2773862832399,41.3842786285239,-8.10012512798396E-12));
#10071=CARTESIAN_POINT('',(-26.5043385645787,41.3842786285239,1.49835699403411E-11));
#10072=CARTESIAN_POINT('',(12.2773862832399,35.1842786285239,-7.98196995098352E-12));
#10073=CARTESIAN_POINT('',(12.2773862832399,35.2842786285239,-7.98387567964481E-12));
#10074=CARTESIAN_POINT('',(16.8573862832407,35.1842786285239,-1.07114317415835E-11));
#10075=CARTESIAN_POINT('',(-26.5043385645787,35.1842786285239,1.51034740270006E-11));
#10076=CARTESIAN_POINT('',(16.8573862832407,5.08178848555593,-1.01341157687784E-11));
#10077=CARTESIAN_POINT('',(29.2760650513687,-1.3207157568467,-1.71596070686064E-11));
#10078=CARTESIAN_POINT('Origin',(29.2760650513687,-4.7207157568467,-1.71596070686064E-11));
#10079=CARTESIAN_POINT('',(21.7943845166758,48.9707103879616,-1.31628041799559E-11));
#10080=CARTESIAN_POINT('Origin',(21.7943845166758,45.5707103879619,-1.31628041799559E-11));
#10081=CARTESIAN_POINT('',(13.6770649482567,-8.82071230145501,-8.18900502963515E-12));
#10082=CARTESIAN_POINT('',(16.5760648674325,-8.82071230145501,-1.01962882581574E-11));
#10083=CARTESIAN_POINT('',(-21.2499992724669,-8.82071230145502,1.28075328120758E-11));
#10084=CARTESIAN_POINT('',(8.67706494825675,-13.820712301455,-5.18696197104873E-12));
#10085=CARTESIAN_POINT('Origin',(13.6770649482567,-13.820712301455,-8.18900502963515E-12));
#10086=CARTESIAN_POINT('',(8.67706494825666,-18.0207092638381,-5.18696197104873E-12));
#10087=CARTESIAN_POINT('',(8.67706494825673,-22.4707069794318,-5.18696197104873E-12));
#10088=CARTESIAN_POINT('',(13.6770649482568,-23.0207092638377,-7.19424519957101E-12));
#10089=CARTESIAN_POINT('Origin',(13.6770649482567,-18.0207092638381,-8.18900502963515E-12));
#10090=CARTESIAN_POINT('',(16.5760648674326,-23.0207092638378,-9.18376485969929E-12));
#10091=CARTESIAN_POINT('',(-27.6994992320548,-23.0207092638378,1.67865721323324E-11));
#10092=CARTESIAN_POINT('',(21.5760648674325,-18.0207092638381,-1.21680443498917E-11));
#10093=CARTESIAN_POINT('Origin',(16.5760648674324,-18.0207092638381,-9.18376485969929E-12));
#10094=CARTESIAN_POINT('',(21.5760648674326,-13.820712301455,-1.21680443498917E-11));
#10095=CARTESIAN_POINT('',(21.5760648674326,-24.5707054606233,-1.21680443498917E-11));
#10096=CARTESIAN_POINT('Origin',(16.5760648674325,-13.820712301455,-9.18376485969929E-12));
#10097=CARTESIAN_POINT('',(-29.9257462624149,-4.22072250752691,1.77990955307905E-11));
#10098=CARTESIAN_POINT('Origin',(-29.9257462624149,-7.6207225075269,1.77990955307905E-11));
#10099=CARTESIAN_POINT('',(18.3793862835438,28.7842786285309,-1.14923092393013E-11));
#10100=CARTESIAN_POINT('Origin',(21.779386283544,28.7842786285309,-1.35162020464819E-11));
#10101=CARTESIAN_POINT('Origin',(-37.8494992320598,-9.82072227130181,0.200000000022769));
#10102=CARTESIAN_POINT('',(3.6770544205702,-9.6207222713018,0.40000000008181));
#10103=CARTESIAN_POINT('',(-37.8494992320597,-9.6207222713018,0.4000000000228));
#10104=CARTESIAN_POINT('',(3.67705442056995,-10.0207222713019,-2.18491891246231E-12));
#10105=CARTESIAN_POINT('Origin',(-30.9362070075934,-15.6207180420516,11.6499930902128));
#10106=CARTESIAN_POINT('',(-26.8777412421299,-15.6207180420526,10.6499930902128));
#10107=CARTESIAN_POINT('',(-30.9362070075934,-15.6207180420516,10.6499930902128));
#10108=CARTESIAN_POINT('',(-26.8777412421297,-14.6207180420526,11.6499930902128));
#10109=CARTESIAN_POINT('Origin',(-26.8777412421299,-15.6207180420526,11.6499930902128));
#10110=CARTESIAN_POINT('',(-30.9362070075932,-14.6207180420516,11.6499930902128));
#10111=CARTESIAN_POINT('Origin',(-21.6860233130499,-19.2204351424271,9.6499930902128));
#10112=CARTESIAN_POINT('',(-26.8777412421309,-20.2204351424271,9.6499930902128));
#10113=CARTESIAN_POINT('',(-21.6860233130499,-20.2204351424271,9.6499930902128));
#10114=CARTESIAN_POINT('',(-26.8777412421309,-19.220435142422,10.6499930902128));
#10115=CARTESIAN_POINT('Origin',(-26.8777412421309,-19.220435142422,9.6499930902128));
#10116=CARTESIAN_POINT('',(-21.6860233130499,-19.220435142422,10.6499930902128));
#10117=CARTESIAN_POINT('Origin',(-1.32293578416021,-13.6207180420588,18.5405780302128));
#10118=CARTESIAN_POINT('',(-26.8777412421297,-14.6207180420525,18.5405780302128));
#10119=CARTESIAN_POINT('',(-1.32293578416045,-14.6207180420588,18.5405780302128));
#10120=CARTESIAN_POINT('Origin',(-26.8777412421294,-13.6207180420525,18.5405780302128));
#10121=CARTESIAN_POINT('Origin',(-25.3495000515421,-14.620718042053,11.7999930858778));
#10122=CARTESIAN_POINT('',(-26.8777412421297,-14.6207180420526,12.0499930880448));
#10123=CARTESIAN_POINT('Origin',(-36.5229139636444,-14.8207184400799,10.6499930902128));
#10124=CARTESIAN_POINT('',(-26.8777412421298,-14.8207184400823,10.6499930902128));
#10125=CARTESIAN_POINT('Origin',(-9.62293505173982,-9.6207222713017,21.5999930858768));
#10126=CARTESIAN_POINT('',(3.6770544205702,-9.6207222713047,5.99999289077182));
#10127=CARTESIAN_POINT('Origin',(2.07705442057011,-9.6207222713047,7.19999289077181));
#10128=CARTESIAN_POINT('',(3.6770544205702,-9.6207222713018,11.5999930858768));
#10129=CARTESIAN_POINT('Origin',(8.14806586771042,4.3792796637167,11.7499832145488));
#10130=CARTESIAN_POINT('',(14.5885157585146,3.53677272796643,11.7499832145488));
#10131=CARTESIAN_POINT('',(14.9297010898589,1.40554353594776,11.7499832145489));
#10132=CARTESIAN_POINT('Ctrl Pts',(14.5885157585146,3.53677272796643,11.7499832145488));
#10133=CARTESIAN_POINT('Ctrl Pts',(14.6048743316317,3.10818253618158,11.7499832145488));
#10134=CARTESIAN_POINT('Ctrl Pts',(14.5969251225405,2.24780405154214,11.7499832145488));
#10135=CARTESIAN_POINT('Ctrl Pts',(14.5147819361621,1.39485260772521,11.7499832145489));
#10136=CARTESIAN_POINT('Ctrl Pts',(14.5261729721139,0.848464286991794,11.7499832145489));
#10137=CARTESIAN_POINT('Ctrl Pts',(14.6034080634614,0.717574730441243,11.7499832145489));
#10138=CARTESIAN_POINT('Ctrl Pts',(14.91400976134,0.817593524858101,11.7499832145489));
#10139=CARTESIAN_POINT('Ctrl Pts',(15.0953868771112,1.07168969423333,11.7499832145489));
#10140=CARTESIAN_POINT('Ctrl Pts',(15.4101814897151,1.21508536142863,11.7499832145489));
#10141=CARTESIAN_POINT('Ctrl Pts',(15.517640600215,1.49682951421283,11.7499832145488));
#10142=CARTESIAN_POINT('Ctrl Pts',(15.2259520813245,1.70784700361626,11.7499832145488));
#10143=CARTESIAN_POINT('Ctrl Pts',(15.0448283392161,1.49399767629242,11.7499832145488));
#10144=CARTESIAN_POINT('Ctrl Pts',(14.9297010898589,1.40554353594776,11.7499832145489));
#10145=CARTESIAN_POINT('',(14.9843204021408,3.54898512363452,11.7499832145488));
#10146=CARTESIAN_POINT('Ctrl Pts',(14.929701089859,1.4055435359478,11.7499832145489));
#10147=CARTESIAN_POINT('Ctrl Pts',(14.945463366125,2.12541280096075,11.7499832145488));
#10148=CARTESIAN_POINT('Ctrl Pts',(15.0052657319605,2.82788804178666,11.7499832145488));
#10149=CARTESIAN_POINT('Ctrl Pts',(14.9843204021408,3.54898512363452,11.7499832145488));
#10150=CARTESIAN_POINT('Ctrl Pts',(14.9843204021458,3.54898512363366,11.7499832145488));
#10151=CARTESIAN_POINT('Ctrl Pts',(15.0943428410305,3.54283583684633,11.7499832145488));
#10152=CARTESIAN_POINT('Ctrl Pts',(15.2929173430127,3.51357567780641,11.7499832145488));
#10153=CARTESIAN_POINT('Ctrl Pts',(15.4925272057571,3.64869294926683,11.7499832145488));
#10154=CARTESIAN_POINT('Ctrl Pts',(15.485202820949,3.84926784165295,11.7499832145488));
#10155=CARTESIAN_POINT('Ctrl Pts',(15.2648964894419,3.95704322091195,11.7499832145488));
#10156=CARTESIAN_POINT('Ctrl Pts',(14.8735007104263,3.87549303381215,11.7499832145488));
#10157=CARTESIAN_POINT('Ctrl Pts',(14.4745986811283,3.97839917181023,11.7499832145488));
#10158=CARTESIAN_POINT('Ctrl Pts',(14.1641227331339,3.85750143147474,11.7499832145488));
#10159=CARTESIAN_POINT('Ctrl Pts',(14.174933095961,3.59383739142767,11.7499832145488));
#10160=CARTESIAN_POINT('Ctrl Pts',(14.3704163894,3.50983103498332,11.7499832145488));
#10161=CARTESIAN_POINT('Ctrl Pts',(14.5467579384891,3.53424878843003,11.7499832145488));
#10162=CARTESIAN_POINT('Ctrl Pts',(14.5885157585137,3.53677272796755,11.7499832145488));
#10163=CARTESIAN_POINT('Ctrl Pts',(14.5885157585146,3.53677272796643,11.7499832145488));
#10164=CARTESIAN_POINT('Ctrl Pts',(14.5885157585146,3.53677272796644,12.1099832145488));
#10165=CARTESIAN_POINT('Ctrl Pts',(14.6048743316317,3.10818253618158,11.7499832145488));
#10166=CARTESIAN_POINT('Ctrl Pts',(14.6048743316317,3.10818253618159,12.1099832145488));
#10167=CARTESIAN_POINT('Ctrl Pts',(14.5969251225405,2.24780405154214,11.7499832145488));
#10168=CARTESIAN_POINT('Ctrl Pts',(14.5969251225405,2.24780405154215,12.1099832145488));
#10169=CARTESIAN_POINT('Ctrl Pts',(14.5147819361621,1.39485260772521,11.7499832145489));
#10170=CARTESIAN_POINT('Ctrl Pts',(14.5147819361621,1.39485260772522,12.1099832145489));
#10171=CARTESIAN_POINT('Ctrl Pts',(14.5261729721139,0.848464286991794,11.7499832145489));
#10172=CARTESIAN_POINT('Ctrl Pts',(14.5261729721139,0.848464286991806,12.1099832145489));
#10173=CARTESIAN_POINT('Ctrl Pts',(14.6034080634614,0.717574730441243,11.7499832145489));
#10174=CARTESIAN_POINT('Ctrl Pts',(14.6034080634614,0.717574730441255,12.1099832145489));
#10175=CARTESIAN_POINT('Ctrl Pts',(14.91400976134,0.817593524858101,11.7499832145489));
#10176=CARTESIAN_POINT('Ctrl Pts',(14.91400976134,0.817593524858113,12.1099832145489));
#10177=CARTESIAN_POINT('Ctrl Pts',(15.0953868771112,1.07168969423333,11.7499832145489));
#10178=CARTESIAN_POINT('Ctrl Pts',(15.0953868771112,1.07168969423334,12.1099832145489));
#10179=CARTESIAN_POINT('Ctrl Pts',(15.4101814897151,1.21508536142863,11.7499832145489));
#10180=CARTESIAN_POINT('Ctrl Pts',(15.4101814897151,1.21508536142864,12.1099832145489));
#10181=CARTESIAN_POINT('Ctrl Pts',(15.517640600215,1.49682951421283,11.7499832145488));
#10182=CARTESIAN_POINT('Ctrl Pts',(15.517640600215,1.49682951421284,12.1099832145488));
#10183=CARTESIAN_POINT('Ctrl Pts',(15.2259520813245,1.70784700361626,11.7499832145488));
#10184=CARTESIAN_POINT('Ctrl Pts',(15.2259520813245,1.70784700361627,12.1099832145488));
#10185=CARTESIAN_POINT('Ctrl Pts',(15.0448283392161,1.49399767629242,11.7499832145488));
#10186=CARTESIAN_POINT('Ctrl Pts',(15.0448283392161,1.49399767629243,12.1099832145488));
#10187=CARTESIAN_POINT('Ctrl Pts',(14.9297010898589,1.40554353594776,11.7499832145489));
#10188=CARTESIAN_POINT('Ctrl Pts',(14.9297010898589,1.40554353594777,12.1099832145489));
#10189=CARTESIAN_POINT('',(14.5885157585146,3.53677272796644,12.0499832145488));
#10190=CARTESIAN_POINT('',(14.5885157585146,3.53677272796644,12.0499832145488));
#10191=CARTESIAN_POINT('',(14.9297010898589,1.40554353594776,12.0499832145489));
#10192=CARTESIAN_POINT('Ctrl Pts',(14.9297010898589,1.40554353594776,12.0499832145489));
#10193=CARTESIAN_POINT('Ctrl Pts',(15.0448283392161,1.49399767629243,12.0499832145488));
#10194=CARTESIAN_POINT('Ctrl Pts',(15.2259520813245,1.70784700361626,12.0499832145488));
#10195=CARTESIAN_POINT('Ctrl Pts',(15.517640600215,1.49682951421283,12.0499832145488));
#10196=CARTESIAN_POINT('Ctrl Pts',(15.4101814897151,1.21508536142864,12.0499832145489));
#10197=CARTESIAN_POINT('Ctrl Pts',(15.0953868771112,1.07168969423333,12.0499832145489));
#10198=CARTESIAN_POINT('Ctrl Pts',(14.91400976134,0.817593524858104,12.0499832145489));
#10199=CARTESIAN_POINT('Ctrl Pts',(14.6034080634614,0.717574730441246,12.0499832145489));
#10200=CARTESIAN_POINT('Ctrl Pts',(14.5261729721139,0.848464286991797,12.0499832145489));
#10201=CARTESIAN_POINT('Ctrl Pts',(14.5147819361621,1.39485260772522,12.0499832145489));
#10202=CARTESIAN_POINT('Ctrl Pts',(14.5969251225405,2.24780405154215,12.0499832145488));
#10203=CARTESIAN_POINT('Ctrl Pts',(14.6048743316317,3.10818253618158,12.0499832145488));
#10204=CARTESIAN_POINT('Ctrl Pts',(14.5885157585146,3.53677272796644,12.0499832145488));
#10205=CARTESIAN_POINT('',(14.9297010898589,1.40554353594776,12.0499832145489));
#10206=CARTESIAN_POINT('Ctrl Pts',(14.929701089859,1.4055435359478,11.7499832145489));
#10207=CARTESIAN_POINT('Ctrl Pts',(14.929701089859,1.4055435359478,12.1099832145489));
#10208=CARTESIAN_POINT('Ctrl Pts',(14.945463366125,2.12541280096075,11.7499832145488));
#10209=CARTESIAN_POINT('Ctrl Pts',(14.945463366125,2.12541280096075,12.1099832145488));
#10210=CARTESIAN_POINT('Ctrl Pts',(15.0052657319605,2.82788804178666,11.7499832145488));
#10211=CARTESIAN_POINT('Ctrl Pts',(15.0052657319605,2.82788804178666,12.1099832145488));
#10212=CARTESIAN_POINT('Ctrl Pts',(14.9843204021408,3.54898512363452,11.7499832145488));
#10213=CARTESIAN_POINT('Ctrl Pts',(14.9843204021408,3.54898512363452,12.1099832145488));
#10214=CARTESIAN_POINT('',(14.9843204021408,3.54898512363453,12.0499832145488));
#10215=CARTESIAN_POINT('Ctrl Pts',(14.9843204021408,3.54898512363453,12.0499832145488));
#10216=CARTESIAN_POINT('Ctrl Pts',(15.0052657319605,2.82788804178666,12.0499832145488));
#10217=CARTESIAN_POINT('Ctrl Pts',(14.945463366125,2.12541280096075,12.0499832145488));
#10218=CARTESIAN_POINT('Ctrl Pts',(14.929701089859,1.4055435359478,12.0499832145489));
#10219=CARTESIAN_POINT('',(14.9843204021408,3.54898512363453,12.0499832145488));
#10220=CARTESIAN_POINT('Ctrl Pts',(14.9843204021458,3.54898512363366,11.7499832145488));
#10221=CARTESIAN_POINT('Ctrl Pts',(14.9843204021458,3.54898512363366,12.1099832145488));
#10222=CARTESIAN_POINT('Ctrl Pts',(15.0943428410305,3.54283583684633,11.7499832145488));
#10223=CARTESIAN_POINT('Ctrl Pts',(15.0943428410305,3.54283583684633,12.1099832145488));
#10224=CARTESIAN_POINT('Ctrl Pts',(15.2929173430127,3.51357567780641,11.7499832145488));
#10225=CARTESIAN_POINT('Ctrl Pts',(15.2929173430127,3.51357567780641,12.1099832145488));
#10226=CARTESIAN_POINT('Ctrl Pts',(15.4925272057571,3.64869294926683,11.7499832145488));
#10227=CARTESIAN_POINT('Ctrl Pts',(15.4925272057571,3.64869294926683,12.1099832145488));
#10228=CARTESIAN_POINT('Ctrl Pts',(15.485202820949,3.84926784165295,11.7499832145488));
#10229=CARTESIAN_POINT('Ctrl Pts',(15.485202820949,3.84926784165295,12.1099832145488));
#10230=CARTESIAN_POINT('Ctrl Pts',(15.2648964894419,3.95704322091195,11.7499832145488));
#10231=CARTESIAN_POINT('Ctrl Pts',(15.2648964894419,3.95704322091195,12.1099832145488));
#10232=CARTESIAN_POINT('Ctrl Pts',(14.8735007104263,3.87549303381215,11.7499832145488));
#10233=CARTESIAN_POINT('Ctrl Pts',(14.8735007104263,3.87549303381215,12.1099832145488));
#10234=CARTESIAN_POINT('Ctrl Pts',(14.4745986811283,3.97839917181023,11.7499832145488));
#10235=CARTESIAN_POINT('Ctrl Pts',(14.4745986811283,3.97839917181023,12.1099832145488));
#10236=CARTESIAN_POINT('Ctrl Pts',(14.1641227331339,3.85750143147474,11.7499832145488));
#10237=CARTESIAN_POINT('Ctrl Pts',(14.1641227331339,3.85750143147474,12.1099832145488));
#10238=CARTESIAN_POINT('Ctrl Pts',(14.174933095961,3.59383739142767,11.7499832145488));
#10239=CARTESIAN_POINT('Ctrl Pts',(14.174933095961,3.59383739142767,12.1099832145488));
#10240=CARTESIAN_POINT('Ctrl Pts',(14.3704163894,3.50983103498332,11.7499832145488));
#10241=CARTESIAN_POINT('Ctrl Pts',(14.3704163894,3.50983103498332,12.1099832145488));
#10242=CARTESIAN_POINT('Ctrl Pts',(14.5467579384891,3.53424878843003,11.7499832145488));
#10243=CARTESIAN_POINT('Ctrl Pts',(14.5467579384891,3.53424878843003,12.1099832145488));
#10244=CARTESIAN_POINT('Ctrl Pts',(14.5885157585137,3.53677272796755,11.7499832145488));
#10245=CARTESIAN_POINT('Ctrl Pts',(14.5885157585137,3.53677272796755,12.1099832145488));
#10246=CARTESIAN_POINT('Ctrl Pts',(14.5885157585137,3.53677272796755,12.0499832145488));
#10247=CARTESIAN_POINT('Ctrl Pts',(14.5467579384891,3.53424878843003,12.0499832145488));
#10248=CARTESIAN_POINT('Ctrl Pts',(14.3704163894,3.50983103498333,12.0499832145488));
#10249=CARTESIAN_POINT('Ctrl Pts',(14.174933095961,3.59383739142767,12.0499832145488));
#10250=CARTESIAN_POINT('Ctrl Pts',(14.1641227331339,3.85750143147475,12.0499832145488));
#10251=CARTESIAN_POINT('Ctrl Pts',(14.4745986811283,3.97839917181024,12.0499832145488));
#10252=CARTESIAN_POINT('Ctrl Pts',(14.8735007104263,3.87549303381215,12.0499832145488));
#10253=CARTESIAN_POINT('Ctrl Pts',(15.2648964894419,3.95704322091195,12.0499832145488));
#10254=CARTESIAN_POINT('Ctrl Pts',(15.485202820949,3.84926784165295,12.0499832145488));
#10255=CARTESIAN_POINT('Ctrl Pts',(15.4925272057571,3.64869294926683,12.0499832145488));
#10256=CARTESIAN_POINT('Ctrl Pts',(15.2929173430127,3.51357567780641,12.0499832145488));
#10257=CARTESIAN_POINT('Ctrl Pts',(15.0943428410305,3.54283583684633,12.0499832145488));
#10258=CARTESIAN_POINT('Ctrl Pts',(14.9843204021458,3.54898512363366,12.0499832145488));
#10259=CARTESIAN_POINT('Origin',(8.14806586771042,4.3792796637167,11.7499832145488));
#10260=CARTESIAN_POINT('',(16.9207787513732,2.87932693958286,11.7499832145488));
#10261=CARTESIAN_POINT('',(17.7692127227785,2.98494756221767,11.7499832145488));
#10262=CARTESIAN_POINT('Ctrl Pts',(16.9207787513732,2.87932693958286,11.7499832145488));
#10263=CARTESIAN_POINT('Ctrl Pts',(16.7212457709269,2.81078355869523,11.7499832145488));
#10264=CARTESIAN_POINT('Ctrl Pts',(16.3186315754994,2.65237675248584,11.7499832145488));
#10265=CARTESIAN_POINT('Ctrl Pts',(15.9760467628202,2.0590652462351,11.7499832145488));
#10266=CARTESIAN_POINT('Ctrl Pts',(16.251810074236,1.45222582956264,11.7499832145489));
#10267=CARTESIAN_POINT('Ctrl Pts',(16.6912202640237,1.04584696984628,11.7499832145489));
#10268=CARTESIAN_POINT('Ctrl Pts',(17.2606678621548,0.837221259642478,11.7499832145489));
#10269=CARTESIAN_POINT('Ctrl Pts',(17.7205139887754,0.771611534991259,11.7499832145489));
#10270=CARTESIAN_POINT('Ctrl Pts',(18.054010307645,0.834836197109259,11.7499832145489));
#10271=CARTESIAN_POINT('Ctrl Pts',(18.1459379433739,1.02766101607309,11.7499832145489));
#10272=CARTESIAN_POINT('Ctrl Pts',(18.1347044013419,1.21895172306366,11.7499832145489));
#10273=CARTESIAN_POINT('Ctrl Pts',(18.0858932209173,1.70144528228076,11.7499832145488));
#10274=CARTESIAN_POINT('Ctrl Pts',(18.1532401281874,2.29328320493663,11.7499832145488));
#10275=CARTESIAN_POINT('Ctrl Pts',(18.1921473797046,3.01638751514851,11.7499832145488));
#10276=CARTESIAN_POINT('Ctrl Pts',(18.1303663965274,3.48206443074414,11.7499832145488));
#10277=CARTESIAN_POINT('Ctrl Pts',(18.1915777457164,3.94836997111282,11.7499832145488));
#10278=CARTESIAN_POINT('Ctrl Pts',(17.8587896528161,4.02213991685697,11.7499832145488));
#10279=CARTESIAN_POINT('Ctrl Pts',(17.7210234514498,3.83133215783314,11.7499832145488));
#10280=CARTESIAN_POINT('Ctrl Pts',(17.7421721472341,3.61424791442793,11.7499832145488));
#10281=CARTESIAN_POINT('Ctrl Pts',(17.7545181771378,3.33671000612571,11.7499832145488));
#10282=CARTESIAN_POINT('Ctrl Pts',(17.7647780933607,3.12527284366825,11.7499832145488));
#10283=CARTESIAN_POINT('Ctrl Pts',(17.7692127227785,2.98494756221767,11.7499832145488));
#10284=CARTESIAN_POINT('Ctrl Pts',(17.7692127227787,2.98494756221805,11.7499832145488));
#10285=CARTESIAN_POINT('Ctrl Pts',(17.4935998595396,3.08388747578379,11.7499832145488));
#10286=CARTESIAN_POINT('Ctrl Pts',(17.0776456666726,3.23573870190703,11.7499832145488));
#10287=CARTESIAN_POINT('Ctrl Pts',(16.5996861980023,3.5836178780405,11.7499832145488));
#10288=CARTESIAN_POINT('Ctrl Pts',(16.3642113328107,3.81090998104634,11.7499832145488));
#10289=CARTESIAN_POINT('Ctrl Pts',(16.1831750393208,3.94950315495836,11.7499832145488));
#10290=CARTESIAN_POINT('Ctrl Pts',(16.0199323412611,3.94059149339835,11.7499832145488));
#10291=CARTESIAN_POINT('Ctrl Pts',(15.87712713181,3.76288045774178,11.7499832145488));
#10292=CARTESIAN_POINT('Ctrl Pts',(15.9998919641296,3.54580508244912,11.7499832145488));
#10293=CARTESIAN_POINT('Ctrl Pts',(16.2131576932944,3.33337180103812,11.7499832145488));
#10294=CARTESIAN_POINT('Ctrl Pts',(16.5280479874167,3.10827862222507,11.7499832145488));
#10295=CARTESIAN_POINT('Ctrl Pts',(16.7893771518521,2.95603053311576,11.7499832145488));
#10296=CARTESIAN_POINT('Ctrl Pts',(16.9207787513726,2.87932693958221,11.7499832145488));
#10297=CARTESIAN_POINT('',(17.7591025824931,2.53433763981378,11.7499832145488));
#10298=CARTESIAN_POINT('',(17.7247095108067,1.23528204858278,11.7499832145489));
#10299=CARTESIAN_POINT('Ctrl Pts',(17.7591025829301,2.53433763980875,11.7499832145488));
#10300=CARTESIAN_POINT('Ctrl Pts',(17.7111545967655,2.08687475771954,11.7499832145488));
#10301=CARTESIAN_POINT('Ctrl Pts',(17.6888029546676,1.68145510809206,11.7499832145488));
#10302=CARTESIAN_POINT('Ctrl Pts',(17.7247095108067,1.23528204858278,11.7499832145489));
#10303=CARTESIAN_POINT('Ctrl Pts',(17.7247095108034,1.23528204858294,11.7499832145489));
#10304=CARTESIAN_POINT('Ctrl Pts',(17.453312524562,1.24917218776607,11.7499832145489));
#10305=CARTESIAN_POINT('Ctrl Pts',(16.9528689688355,1.30912564866689,11.7499832145489));
#10306=CARTESIAN_POINT('Ctrl Pts',(16.3921597851161,1.86845277988069,11.7499832145488));
#10307=CARTESIAN_POINT('Ctrl Pts',(16.5491424844367,2.20423319802606,11.7499832145488));
#10308=CARTESIAN_POINT('Ctrl Pts',(16.9302358863436,2.5555661282843,11.7499832145488));
#10309=CARTESIAN_POINT('Ctrl Pts',(17.3880241015036,2.53862644637673,11.7499832145488));
#10310=CARTESIAN_POINT('Ctrl Pts',(17.7591025816191,2.53433763982385,11.7499832145488));
#10311=CARTESIAN_POINT('Ctrl Pts',(16.9207787513732,2.87932693958286,11.7499832145488));
#10312=CARTESIAN_POINT('Ctrl Pts',(16.9207787513732,2.87932693958286,12.1099832145489));
#10313=CARTESIAN_POINT('Ctrl Pts',(16.7212457709269,2.81078355869523,11.7499832145488));
#10314=CARTESIAN_POINT('Ctrl Pts',(16.7212457709269,2.81078355869523,12.1099832145489));
#10315=CARTESIAN_POINT('Ctrl Pts',(16.3186315754994,2.65237675248584,11.7499832145488));
#10316=CARTESIAN_POINT('Ctrl Pts',(16.3186315754994,2.65237675248584,12.1099832145489));
#10317=CARTESIAN_POINT('Ctrl Pts',(15.9760467628202,2.0590652462351,11.7499832145488));
#10318=CARTESIAN_POINT('Ctrl Pts',(15.9760467628202,2.0590652462351,12.1099832145489));
#10319=CARTESIAN_POINT('Ctrl Pts',(16.251810074236,1.45222582956264,11.7499832145489));
#10320=CARTESIAN_POINT('Ctrl Pts',(16.251810074236,1.45222582956264,12.109983214549));
#10321=CARTESIAN_POINT('Ctrl Pts',(16.6912202640237,1.04584696984628,11.7499832145489));
#10322=CARTESIAN_POINT('Ctrl Pts',(16.6912202640237,1.04584696984628,12.109983214549));
#10323=CARTESIAN_POINT('Ctrl Pts',(17.2606678621548,0.837221259642478,11.7499832145489));
#10324=CARTESIAN_POINT('Ctrl Pts',(17.2606678621548,0.837221259642478,12.109983214549));
#10325=CARTESIAN_POINT('Ctrl Pts',(17.7205139887754,0.771611534991259,11.7499832145489));
#10326=CARTESIAN_POINT('Ctrl Pts',(17.7205139887754,0.771611534991259,12.109983214549));
#10327=CARTESIAN_POINT('Ctrl Pts',(18.054010307645,0.834836197109259,11.7499832145489));
#10328=CARTESIAN_POINT('Ctrl Pts',(18.054010307645,0.834836197109259,12.109983214549));
#10329=CARTESIAN_POINT('Ctrl Pts',(18.1459379433739,1.02766101607309,11.7499832145489));
#10330=CARTESIAN_POINT('Ctrl Pts',(18.1459379433739,1.02766101607309,12.109983214549));
#10331=CARTESIAN_POINT('Ctrl Pts',(18.1347044013419,1.21895172306366,11.7499832145489));
#10332=CARTESIAN_POINT('Ctrl Pts',(18.1347044013419,1.21895172306366,12.109983214549));
#10333=CARTESIAN_POINT('Ctrl Pts',(18.0858932209173,1.70144528228076,11.7499832145488));
#10334=CARTESIAN_POINT('Ctrl Pts',(18.0858932209173,1.70144528228076,12.1099832145489));
#10335=CARTESIAN_POINT('Ctrl Pts',(18.1532401281874,2.29328320493663,11.7499832145488));
#10336=CARTESIAN_POINT('Ctrl Pts',(18.1532401281874,2.29328320493663,12.1099832145489));
#10337=CARTESIAN_POINT('Ctrl Pts',(18.1921473797046,3.01638751514851,11.7499832145488));
#10338=CARTESIAN_POINT('Ctrl Pts',(18.1921473797046,3.01638751514851,12.1099832145489));
#10339=CARTESIAN_POINT('Ctrl Pts',(18.1303663965274,3.48206443074414,11.7499832145488));
#10340=CARTESIAN_POINT('Ctrl Pts',(18.1303663965274,3.48206443074414,12.1099832145489));
#10341=CARTESIAN_POINT('Ctrl Pts',(18.1915777457164,3.94836997111282,11.7499832145488));
#10342=CARTESIAN_POINT('Ctrl Pts',(18.1915777457164,3.94836997111282,12.1099832145489));
#10343=CARTESIAN_POINT('Ctrl Pts',(17.8587896528161,4.02213991685697,11.7499832145488));
#10344=CARTESIAN_POINT('Ctrl Pts',(17.8587896528161,4.02213991685697,12.1099832145489));
#10345=CARTESIAN_POINT('Ctrl Pts',(17.7210234514498,3.83133215783314,11.7499832145488));
#10346=CARTESIAN_POINT('Ctrl Pts',(17.7210234514498,3.83133215783314,12.1099832145489));
#10347=CARTESIAN_POINT('Ctrl Pts',(17.7421721472341,3.61424791442793,11.7499832145488));
#10348=CARTESIAN_POINT('Ctrl Pts',(17.7421721472341,3.61424791442793,12.1099832145489));
#10349=CARTESIAN_POINT('Ctrl Pts',(17.7545181771378,3.33671000612571,11.7499832145488));
#10350=CARTESIAN_POINT('Ctrl Pts',(17.7545181771378,3.33671000612571,12.1099832145489));
#10351=CARTESIAN_POINT('Ctrl Pts',(17.7647780933607,3.12527284366825,11.7499832145488));
#10352=CARTESIAN_POINT('Ctrl Pts',(17.7647780933607,3.12527284366825,12.1099832145489));
#10353=CARTESIAN_POINT('Ctrl Pts',(17.7692127227785,2.98494756221767,11.7499832145488));
#10354=CARTESIAN_POINT('Ctrl Pts',(17.7692127227785,2.98494756221767,12.1099832145489));
#10355=CARTESIAN_POINT('',(16.9207787513732,2.87932693958286,12.0499832145488));
#10356=CARTESIAN_POINT('',(16.9207787513732,2.87932693958286,12.0499832145488));
#10357=CARTESIAN_POINT('',(17.7692127227785,2.98494756221767,12.0499832145488));
#10358=CARTESIAN_POINT('Ctrl Pts',(17.7692127227785,2.98494756221767,12.0499832145488));
#10359=CARTESIAN_POINT('Ctrl Pts',(17.7647780933607,3.12527284366825,12.0499832145488));
#10360=CARTESIAN_POINT('Ctrl Pts',(17.7545181771378,3.33671000612571,12.0499832145488));
#10361=CARTESIAN_POINT('Ctrl Pts',(17.7421721472341,3.61424791442793,12.0499832145488));
#10362=CARTESIAN_POINT('Ctrl Pts',(17.7210234514498,3.83133215783314,12.0499832145488));
#10363=CARTESIAN_POINT('Ctrl Pts',(17.8587896528161,4.02213991685697,12.0499832145488));
#10364=CARTESIAN_POINT('Ctrl Pts',(18.1915777457164,3.94836997111283,12.0499832145488));
#10365=CARTESIAN_POINT('Ctrl Pts',(18.1303663965274,3.48206443074415,12.0499832145488));
#10366=CARTESIAN_POINT('Ctrl Pts',(18.1921473797046,3.01638751514851,12.0499832145488));
#10367=CARTESIAN_POINT('Ctrl Pts',(18.1532401281874,2.29328320493663,12.0499832145488));
#10368=CARTESIAN_POINT('Ctrl Pts',(18.0858932209173,1.70144528228076,12.0499832145488));
#10369=CARTESIAN_POINT('Ctrl Pts',(18.1347044013419,1.21895172306367,12.0499832145489));
#10370=CARTESIAN_POINT('Ctrl Pts',(18.1459379433739,1.0276610160731,12.0499832145489));
#10371=CARTESIAN_POINT('Ctrl Pts',(18.054010307645,0.834836197109262,12.0499832145489));
#10372=CARTESIAN_POINT('Ctrl Pts',(17.7205139887754,0.771611534991262,12.0499832145489));
#10373=CARTESIAN_POINT('Ctrl Pts',(17.2606678621548,0.837221259642482,12.0499832145489));
#10374=CARTESIAN_POINT('Ctrl Pts',(16.6912202640237,1.04584696984628,12.0499832145489));
#10375=CARTESIAN_POINT('Ctrl Pts',(16.251810074236,1.45222582956264,12.0499832145489));
#10376=CARTESIAN_POINT('Ctrl Pts',(15.9760467628202,2.0590652462351,12.0499832145488));
#10377=CARTESIAN_POINT('Ctrl Pts',(16.3186315754994,2.65237675248585,12.0499832145488));
#10378=CARTESIAN_POINT('Ctrl Pts',(16.7212457709269,2.81078355869523,12.0499832145488));
#10379=CARTESIAN_POINT('Ctrl Pts',(16.9207787513732,2.87932693958286,12.0499832145488));
#10380=CARTESIAN_POINT('',(17.7692127227785,2.98494756221767,12.0499832145488));
#10381=CARTESIAN_POINT('Ctrl Pts',(17.7692127227787,2.98494756221805,11.7499832145488));
#10382=CARTESIAN_POINT('Ctrl Pts',(17.7692127227787,2.98494756221805,12.1099832145488));
#10383=CARTESIAN_POINT('Ctrl Pts',(17.4935998595396,3.08388747578379,11.7499832145488));
#10384=CARTESIAN_POINT('Ctrl Pts',(17.4935998595396,3.08388747578379,12.1099832145488));
#10385=CARTESIAN_POINT('Ctrl Pts',(17.0776456666726,3.23573870190703,11.7499832145488));
#10386=CARTESIAN_POINT('Ctrl Pts',(17.0776456666726,3.23573870190703,12.1099832145488));
#10387=CARTESIAN_POINT('Ctrl Pts',(16.5996861980023,3.5836178780405,11.7499832145488));
#10388=CARTESIAN_POINT('Ctrl Pts',(16.5996861980023,3.5836178780405,12.1099832145488));
#10389=CARTESIAN_POINT('Ctrl Pts',(16.3642113328107,3.81090998104634,11.7499832145488));
#10390=CARTESIAN_POINT('Ctrl Pts',(16.3642113328107,3.81090998104634,12.1099832145488));
#10391=CARTESIAN_POINT('Ctrl Pts',(16.1831750393208,3.94950315495836,11.7499832145488));
#10392=CARTESIAN_POINT('Ctrl Pts',(16.1831750393208,3.94950315495836,12.1099832145488));
#10393=CARTESIAN_POINT('Ctrl Pts',(16.0199323412611,3.94059149339835,11.7499832145488));
#10394=CARTESIAN_POINT('Ctrl Pts',(16.0199323412611,3.94059149339835,12.1099832145488));
#10395=CARTESIAN_POINT('Ctrl Pts',(15.87712713181,3.76288045774178,11.7499832145488));
#10396=CARTESIAN_POINT('Ctrl Pts',(15.87712713181,3.76288045774178,12.1099832145488));
#10397=CARTESIAN_POINT('Ctrl Pts',(15.9998919641296,3.54580508244912,11.7499832145488));
#10398=CARTESIAN_POINT('Ctrl Pts',(15.9998919641296,3.54580508244912,12.1099832145488));
#10399=CARTESIAN_POINT('Ctrl Pts',(16.2131576932944,3.33337180103812,11.7499832145488));
#10400=CARTESIAN_POINT('Ctrl Pts',(16.2131576932944,3.33337180103812,12.1099832145488));
#10401=CARTESIAN_POINT('Ctrl Pts',(16.5280479874167,3.10827862222507,11.7499832145488));
#10402=CARTESIAN_POINT('Ctrl Pts',(16.5280479874167,3.10827862222507,12.1099832145488));
#10403=CARTESIAN_POINT('Ctrl Pts',(16.7893771518521,2.95603053311576,11.7499832145488));
#10404=CARTESIAN_POINT('Ctrl Pts',(16.7893771518521,2.95603053311576,12.1099832145488));
#10405=CARTESIAN_POINT('Ctrl Pts',(16.9207787513726,2.87932693958221,11.7499832145488));
#10406=CARTESIAN_POINT('Ctrl Pts',(16.9207787513726,2.87932693958221,12.1099832145488));
#10407=CARTESIAN_POINT('Ctrl Pts',(16.9207787513726,2.87932693958221,12.0499832145488));
#10408=CARTESIAN_POINT('Ctrl Pts',(16.7893771518521,2.95603053311577,12.0499832145488));
#10409=CARTESIAN_POINT('Ctrl Pts',(16.5280479874167,3.10827862222508,12.0499832145488));
#10410=CARTESIAN_POINT('Ctrl Pts',(16.2131576932944,3.33337180103812,12.0499832145488));
#10411=CARTESIAN_POINT('Ctrl Pts',(15.9998919641296,3.54580508244912,12.0499832145488));
#10412=CARTESIAN_POINT('Ctrl Pts',(15.87712713181,3.76288045774178,12.0499832145488));
#10413=CARTESIAN_POINT('Ctrl Pts',(16.0199323412611,3.94059149339836,12.0499832145488));
#10414=CARTESIAN_POINT('Ctrl Pts',(16.1831750393208,3.94950315495837,12.0499832145488));
#10415=CARTESIAN_POINT('Ctrl Pts',(16.3642113328107,3.81090998104634,12.0499832145488));
#10416=CARTESIAN_POINT('Ctrl Pts',(16.5996861980023,3.5836178780405,12.0499832145488));
#10417=CARTESIAN_POINT('Ctrl Pts',(17.0776456666726,3.23573870190703,12.0499832145488));
#10418=CARTESIAN_POINT('Ctrl Pts',(17.4935998595396,3.08388747578379,12.0499832145488));
#10419=CARTESIAN_POINT('Ctrl Pts',(17.7692127227787,2.98494756221805,12.0499832145488));
#10420=CARTESIAN_POINT('Ctrl Pts',(17.7591025829301,2.53433763980875,11.7499832145488));
#10421=CARTESIAN_POINT('Ctrl Pts',(17.7591025829301,2.53433763980875,12.1099832145489));
#10422=CARTESIAN_POINT('Ctrl Pts',(17.7111545967655,2.08687475771954,11.7499832145488));
#10423=CARTESIAN_POINT('Ctrl Pts',(17.7111545967655,2.08687475771954,12.1099832145489));
#10424=CARTESIAN_POINT('Ctrl Pts',(17.6888029546676,1.68145510809206,11.7499832145488));
#10425=CARTESIAN_POINT('Ctrl Pts',(17.6888029546676,1.68145510809206,12.1099832145489));
#10426=CARTESIAN_POINT('Ctrl Pts',(17.7247095108067,1.23528204858278,11.7499832145489));
#10427=CARTESIAN_POINT('Ctrl Pts',(17.7247095108067,1.23528204858278,12.109983214549));
#10428=CARTESIAN_POINT('',(17.7591025824931,2.53433763981379,12.0499832145488));
#10429=CARTESIAN_POINT('',(17.7591025829301,2.53433763980875,12.0499832145488));
#10430=CARTESIAN_POINT('',(17.7247095108067,1.23528204858278,12.0499832145489));
#10431=CARTESIAN_POINT('Ctrl Pts',(17.7247095108067,1.23528204858278,12.0499832145489));
#10432=CARTESIAN_POINT('Ctrl Pts',(17.6888029546676,1.68145510809206,12.0499832145488));
#10433=CARTESIAN_POINT('Ctrl Pts',(17.7111545967655,2.08687475771954,12.0499832145488));
#10434=CARTESIAN_POINT('Ctrl Pts',(17.7591025829301,2.53433763980875,12.0499832145488));
#10435=CARTESIAN_POINT('',(17.7247095108067,1.23528204858278,12.0499832145489));
#10436=CARTESIAN_POINT('Ctrl Pts',(17.7247095108034,1.23528204858294,11.7499832145489));
#10437=CARTESIAN_POINT('Ctrl Pts',(17.7247095108034,1.23528204858295,12.1099832145489));
#10438=CARTESIAN_POINT('Ctrl Pts',(17.453312524562,1.24917218776607,11.7499832145489));
#10439=CARTESIAN_POINT('Ctrl Pts',(17.453312524562,1.24917218776608,12.1099832145489));
#10440=CARTESIAN_POINT('Ctrl Pts',(16.9528689688355,1.30912564866689,11.7499832145489));
#10441=CARTESIAN_POINT('Ctrl Pts',(16.9528689688355,1.3091256486669,12.1099832145489));
#10442=CARTESIAN_POINT('Ctrl Pts',(16.3921597851161,1.86845277988069,11.7499832145488));
#10443=CARTESIAN_POINT('Ctrl Pts',(16.3921597851161,1.8684527798807,12.1099832145488));
#10444=CARTESIAN_POINT('Ctrl Pts',(16.5491424844367,2.20423319802606,11.7499832145488));
#10445=CARTESIAN_POINT('Ctrl Pts',(16.5491424844367,2.20423319802607,12.1099832145488));
#10446=CARTESIAN_POINT('Ctrl Pts',(16.9302358863436,2.5555661282843,11.7499832145488));
#10447=CARTESIAN_POINT('Ctrl Pts',(16.9302358863436,2.55556612828431,12.1099832145488));
#10448=CARTESIAN_POINT('Ctrl Pts',(17.3880241015036,2.53862644637673,11.7499832145488));
#10449=CARTESIAN_POINT('Ctrl Pts',(17.3880241015036,2.53862644637674,12.1099832145488));
#10450=CARTESIAN_POINT('Ctrl Pts',(17.7591025816191,2.53433763982385,11.7499832145488));
#10451=CARTESIAN_POINT('Ctrl Pts',(17.7591025816191,2.53433763982386,12.1099832145488));
#10452=CARTESIAN_POINT('Ctrl Pts',(17.7591025816191,2.53433763982386,12.0499832145488));
#10453=CARTESIAN_POINT('Ctrl Pts',(17.3880241015036,2.53862644637673,12.0499832145488));
#10454=CARTESIAN_POINT('Ctrl Pts',(16.9302358863436,2.55556612828431,12.0499832145488));
#10455=CARTESIAN_POINT('Ctrl Pts',(16.5491424844367,2.20423319802606,12.0499832145488));
#10456=CARTESIAN_POINT('Ctrl Pts',(16.3921597851161,1.86845277988069,12.0499832145488));
#10457=CARTESIAN_POINT('Ctrl Pts',(16.9528689688355,1.30912564866689,12.0499832145489));
#10458=CARTESIAN_POINT('Ctrl Pts',(17.453312524562,1.24917218776607,12.0499832145489));
#10459=CARTESIAN_POINT('Ctrl Pts',(17.7247095108034,1.23528204858295,12.0499832145489));
#10460=CARTESIAN_POINT('Origin',(8.14806586771042,4.3792796637167,12.0499832145488));
#10461=CARTESIAN_POINT('Origin',(6.57706571118581,-1.19999563472245,0.199999999996105));
#10462=CARTESIAN_POINT('',(6.37706571118591,2.52028727546831,0.399999999996155));
#10463=CARTESIAN_POINT('',(3.55448550296153,3.68943827860348,3.22258020822387));
#10464=CARTESIAN_POINT('',(6.37706571118583,46.0207103879616,0.399999999995324));
#10465=CARTESIAN_POINT('',(6.37706571118593,-1.19999563472244,0.399999999996224));
#10466=CARTESIAN_POINT('',(6.37706571118583,46.0207103879616,0.399999999995324));
#10467=CARTESIAN_POINT('Origin',(10.3770657111857,46.0207103879616,0.199999999992955));
#10468=CARTESIAN_POINT('',(10.3770657111858,50.0207103879616,0.399999999993274));
#10469=CARTESIAN_POINT('',(10.3770657111857,49.8207103879614,0.199999999993104));
#10470=CARTESIAN_POINT('Origin',(10.3770657111858,46.0207103879616,0.399999999992968));
#10471=CARTESIAN_POINT('Origin',(-19.4345850036252,49.8207103879616,0.200000000010997));
#10472=CARTESIAN_POINT('',(24.1375854532175,50.0207103879618,0.399999999985057));
#10473=CARTESIAN_POINT('',(-19.4345850036251,50.0207103879616,0.400000000010994));
#10474=CARTESIAN_POINT('',(24.1375854532173,49.8207103885056,0.20000000052909));
#10475=CARTESIAN_POINT('Origin',(10.3770657111856,46.0207103879616,-4.25978176725431E-7));
#10476=CARTESIAN_POINT('',(6.37706571119418,46.020710387962,21.5999821903202));
#10477=CARTESIAN_POINT('',(6.37706571118559,46.0207103879616,-4.25975796407266E-7));
#10478=CARTESIAN_POINT('',(10.3770657111984,50.0207103879626,21.5999821903148));
#10479=CARTESIAN_POINT('Origin',(10.3770657111984,46.020710387962,21.599982190322));
#10480=CARTESIAN_POINT('',(10.3770657111856,50.0207103879616,-4.25978253013048E-7));
#10481=CARTESIAN_POINT('Origin',(6.3770657111856,22.720710387965,1.72235177231528E-7));
#10482=CARTESIAN_POINT('',(6.37706571119225,2.52028727547477,11.0499832145488));
#10483=CARTESIAN_POINT('',(6.37706571118836,2.52028727547081,4.51874668742874));
#10484=CARTESIAN_POINT('',(6.37706571119285,1.10607371310264,12.0499832145489));
#10485=CARTESIAN_POINT('Origin',(6.37706571119225,1.10607371310203,11.0499832145489));
#10486=CARTESIAN_POINT('',(6.37706571119277,43.8842783879625,12.0499832145484));
#10487=CARTESIAN_POINT('',(6.37706571119281,13.5499950258409,12.0499832145487));
#10488=CARTESIAN_POINT('',(6.37706571119419,43.8842783879626,21.5999821903202));
#10489=CARTESIAN_POINT('',(6.37706571118919,43.8842783879624,6.02499118127767));
#10490=CARTESIAN_POINT('',(6.37706571119842,34.2207095567412,21.5999821903149));
#10491=CARTESIAN_POINT('Ctrl Pts',(5.11467911253534,1.25123358412277,11.0499832145489));
#10492=CARTESIAN_POINT('Ctrl Pts',(4.70487494638326,0.799567391975076,11.0499832145489));
#10493=CARTESIAN_POINT('Ctrl Pts',(4.18015661370769,-0.172247308962579,
11.1617341725146));
#10494=CARTESIAN_POINT('Ctrl Pts',(4.07705442123677,-1.09778739099923,11.5976588351182));
#10495=CARTESIAN_POINT('Ctrl Pts',(4.07705442057137,-1.43657825678177,11.8282017281759));
#10496=CARTESIAN_POINT('Ctrl Pts',(5.11467911253534,1.25123358412277,11.3491825148907));
#10497=CARTESIAN_POINT('Ctrl Pts',(4.72187411909473,0.817416761459984,11.3344169693495));
#10498=CARTESIAN_POINT('Ctrl Pts',(4.22379827401627,-0.0888925421760118,
11.4238240893241));
#10499=CARTESIAN_POINT('Ctrl Pts',(4.09460320932729,-0.929362371251521,
11.8341339185082));
#10500=CARTESIAN_POINT('Ctrl Pts',(4.07705442096623,-1.23553040138836,12.0497868834015));
#10501=CARTESIAN_POINT('Ctrl Pts',(5.30056743026692,1.0825740555378,11.8673393292137));
#10502=CARTESIAN_POINT('Ctrl Pts',(4.94330390910822,0.727342769278238,11.8290695381741));
#10503=CARTESIAN_POINT('Ctrl Pts',(4.49125255592654,-0.00744547525776813,
11.8803053855926));
#10504=CARTESIAN_POINT('Ctrl Pts',(4.35511314008098,-0.65836933408611,12.2444866552897));
#10505=CARTESIAN_POINT('Ctrl Pts',(4.32805343166225,-0.887353396915861,
12.4335306221263));
#10506=CARTESIAN_POINT('Ctrl Pts',(5.68908407338539,0.730066514045074,12.0499832145489));
#10507=CARTESIAN_POINT('Ctrl Pts',(5.36674592996231,0.471818261715187,12.0327961731626));
#10508=CARTESIAN_POINT('Ctrl Pts',(4.95560478561618,-0.0798724591651731,
12.0933921878325));
#10509=CARTESIAN_POINT('Ctrl Pts',(4.86071491253971,-0.584994174669186,
12.4056151279733));
#10510=CARTESIAN_POINT('Ctrl Pts',(4.85265494550352,-0.764625298277912,
12.5687955567476));
#10511=CARTESIAN_POINT('Ctrl Pts',(5.85527293954435,0.579280621932606,12.0499832145489));
#10512=CARTESIAN_POINT('Ctrl Pts',(5.54791981493031,0.353447525858779,12.0499832145489));
#10513=CARTESIAN_POINT('Ctrl Pts',(5.15438106542363,-0.132459824610051,
12.1244838531927));
#10514=CARTESIAN_POINT('Ctrl Pts',(5.07705442107045,-0.595229865628379,
12.4151002949284));
#10515=CARTESIAN_POINT('Ctrl Pts',(5.0770544205714,-0.764625298519648,12.5687955569669));
#10516=CARTESIAN_POINT('',(4.07705442057137,-1.43657825948814,11.8282017271551));
#10517=CARTESIAN_POINT('',(5.0770544205714,-0.764625298519648,12.5687955569669));
#10518=CARTESIAN_POINT('Origin',(5.07705442057137,-1.43657825874581,11.8282017281759));
#10519=CARTESIAN_POINT('',(5.85527293954435,0.579280621932607,12.0499832145489));
#10520=CARTESIAN_POINT('Ctrl Pts',(5.0770544205714,-0.764625298519648,12.5687955569669));
#10521=CARTESIAN_POINT('Ctrl Pts',(5.07705442107045,-0.595229865628379,
12.4151002949284));
#10522=CARTESIAN_POINT('Ctrl Pts',(5.15438106542363,-0.132459824610051,
12.1244838531927));
#10523=CARTESIAN_POINT('Ctrl Pts',(5.54791981493031,0.353447525858779,12.0499832145489));
#10524=CARTESIAN_POINT('Ctrl Pts',(5.85527293954435,0.579280621932606,12.0499832145489));
#10525=CARTESIAN_POINT('',(5.11467911253534,1.25123358412277,11.0499832145489));
#10526=CARTESIAN_POINT('Origin',(5.85527293954434,0.579280621932594,11.0499832145489));
#10527=CARTESIAN_POINT('Ctrl Pts',(5.11467911253534,1.25123358412277,11.0499832145489));
#10528=CARTESIAN_POINT('Ctrl Pts',(4.70487494638326,0.799567391975076,11.0499832145489));
#10529=CARTESIAN_POINT('Ctrl Pts',(4.18015661370769,-0.172247308962579,
11.1617341725146));
#10530=CARTESIAN_POINT('Ctrl Pts',(4.07705442123677,-1.09778739099923,11.5976588351182));
#10531=CARTESIAN_POINT('Ctrl Pts',(4.07705442057137,-1.43657825678177,11.8282017281759));
#10532=CARTESIAN_POINT('Origin',(8.07705442057137,-1.43657826463793,11.0499832145489));
#10533=CARTESIAN_POINT('',(5.95573407701225,0.684742078922248,12.0499832145489));
#10534=CARTESIAN_POINT('',(5.24862729582588,1.39184886010896,11.0499832145489));
#10535=CARTESIAN_POINT('Origin',(5.95573407701225,0.684742078922237,11.0499832145489));
#10536=CARTESIAN_POINT('Origin',(8.07705442057137,-1.43657826463793,11.0499832145489));
#10537=CARTESIAN_POINT('Origin',(8.07705442057137,-1.43657826463792,12.0499832145489));
#10538=CARTESIAN_POINT('Origin',(8.09166498325895,2.82067298516787,11.0499832145488));
#10539=CARTESIAN_POINT('',(7.38455820207258,3.52777976635459,11.0499832145488));
#10540=CARTESIAN_POINT('',(8.09166498325895,2.82067298516788,12.0499832145488));
#10541=CARTESIAN_POINT('Origin',(5.07705442057048,0.579280621932668,14.0499832145489));
#10542=CARTESIAN_POINT('',(4.07705442057113,-2.42071937806708,14.0499832145489));
#10543=CARTESIAN_POINT('',(5.07705442056999,-1.42071937806733,14.0499832145489));
#10544=CARTESIAN_POINT('Origin',(5.07705442056974,-2.42071937806733,14.0499832145489));
#10545=CARTESIAN_POINT('Origin',(5.07705442057048,0.579280621932668,14.0499832145489));
#10546=CARTESIAN_POINT('Origin',(4.07705442057187,0.579280621932916,14.0499832145489));
#10547=CARTESIAN_POINT('Origin',(5.07705442057113,-2.42071937806734,6.20001681316532));
#10548=CARTESIAN_POINT('',(4.07705442057187,-2.42071937806707,21.5999916608538));
#10549=CARTESIAN_POINT('',(5.07705442057117,-1.42071937806734,21.5999916608528));
#10550=CARTESIAN_POINT('Origin',(5.07705442057112,-2.42071937806732,21.5999916608528));
#10551=CARTESIAN_POINT('',(5.07705442057118,-1.42071937806734,6.20001681316532));
#10552=CARTESIAN_POINT('',(4.07705442057113,-2.4207193780671,6.20001681316532));
#10553=CARTESIAN_POINT('Origin',(4.07623653539767,0.579280621932716,14.0499832145489));
#10554=CARTESIAN_POINT('',(5.95717563769079,-1.42071937806899,14.0499832145489));
#10555=CARTESIAN_POINT('',(4.07623653539757,-1.42071937806728,14.0499832145489));
#10556=CARTESIAN_POINT('',(8.14806586771195,0.579280621932498,12.0499832145489));
#10557=CARTESIAN_POINT('Ctrl Pts',(5.95717563769078,-1.42071937806737,14.0499832145489));
#10558=CARTESIAN_POINT('Ctrl Pts',(5.98016049550612,-1.42071937806738,13.7981967124186));
#10559=CARTESIAN_POINT('Ctrl Pts',(6.050091522506,-1.37044882979431,13.5418106408346));
#10560=CARTESIAN_POINT('Ctrl Pts',(6.26353041568474,-1.19079705492982,13.0874298021951));
#10561=CARTESIAN_POINT('Ctrl Pts',(6.40648807823728,-1.06210744613514,12.8889037200874));
#10562=CARTESIAN_POINT('Ctrl Pts',(6.77006388990854,-0.728006088965098,
12.5065002621816));
#10563=CARTESIAN_POINT('Ctrl Pts',(7.03290140950612,-0.480780909967495,
12.3300079698064));
#10564=CARTESIAN_POINT('Ctrl Pts',(7.58735713576298,0.0445917908077215,
12.1016112456771));
#10565=CARTESIAN_POINT('Ctrl Pts',(7.87904830082891,0.322782436059714,12.0499832145489));
#10566=CARTESIAN_POINT('Ctrl Pts',(8.14806586771195,0.579280621932495,12.0499832145489));
#10567=CARTESIAN_POINT('',(4.07623653539766,0.579280621932694,12.0499832145489));
#10568=CARTESIAN_POINT('Origin',(0.00440720308499287,-1.42071937806709,
10.8000405404538));
#10569=CARTESIAN_POINT('',(5.94806586771143,-1.4207193780674,21.5999916608528));
#10570=CARTESIAN_POINT('',(0.00440720308461984,-1.42071937806709,21.5999916608528));
#10571=CARTESIAN_POINT('',(5.94806586771145,-1.4207193780674,14.2499832145488));
#10572=CARTESIAN_POINT('',(5.94806586771145,-1.4207193780674,19.8750170466318));
#10573=CARTESIAN_POINT('Origin',(8.14806586771145,-1.42071937806909,14.2499832145488));
#10574=CARTESIAN_POINT('Origin',(0.0044072030842468,-1.64999999999869,21.5999916608528));
#10575=CARTESIAN_POINT('',(4.07705442057007,-9.8207123014595,21.5999916608538));
#10576=CARTESIAN_POINT('',(4.07705442057147,-4.0353578683128,21.5999916608538));
#10577=CARTESIAN_POINT('',(33.3760650513545,-9.82071230146069,21.5999916608538));
#10578=CARTESIAN_POINT('',(10.2366846024939,-9.8207123014598,21.5999916608538));
#10579=CARTESIAN_POINT('',(34.3760650513545,-8.8207123014609,21.5999916608538));
#10580=CARTESIAN_POINT('Origin',(33.3760650513545,-8.82071230146069,21.5999916608548));
#10581=CARTESIAN_POINT('',(34.376065051357,1.92027598484881,21.5999916608528));
#10582=CARTESIAN_POINT('',(34.3760650513542,-9.53535882199619,21.5999916608538));
#10583=CARTESIAN_POINT('',(32.3760650513559,3.92027598484931,21.5999916608528));
#10584=CARTESIAN_POINT('Origin',(32.3760650513554,1.9202759848493,21.5999916608528));
#10585=CARTESIAN_POINT('',(26.5480658677119,3.92027598485081,21.5999916608528));
#10586=CARTESIAN_POINT('',(9.26087001413149,3.92027598485511,21.5999916608528));
#10587=CARTESIAN_POINT('',(26.5480658677114,-5.4207203362863,21.5999916608538));
#10588=CARTESIAN_POINT('',(26.5480658677113,1.36463983185391,21.5999916608528));
#10589=CARTESIAN_POINT('',(5.94806586771045,-5.42072033628119,21.5999916608538));
#10590=CARTESIAN_POINT('',(9.61548346952411,-5.42072033628211,21.5999916608538));
#10591=CARTESIAN_POINT('',(5.94806586771113,-2.63536016814039,21.5999916608528));
#10592=CARTESIAN_POINT('',(29.276065051369,-3.0207157568466,21.5999916608358));
#10593=CARTESIAN_POINT('Origin',(29.276065051369,-4.72071575684661,21.5999916608358));
#10594=CARTESIAN_POINT('Origin',(4.07705442057014,-6.4207157366276,1.59999308587683));
#10595=CARTESIAN_POINT('',(4.0770544205714,-1.43657826463706,0.399999999997551));
#10596=CARTESIAN_POINT('',(4.07705442057137,-1.436578264637,5.31874314424332));
#10597=CARTESIAN_POINT('',(4.07705442057019,-9.22072227130189,0.399999999997824));
#10598=CARTESIAN_POINT('',(4.07705442056785,-15.7707086970275,0.399999999997824));
#10599=CARTESIAN_POINT('',(4.07705442057021,-9.22072227130189,7.19999289077181));
#10600=CARTESIAN_POINT('',(4.07705442057021,-9.22072227130189,11.5999930858768));
#10601=CARTESIAN_POINT('',(4.07705442056952,-12.0207169825367,7.19999289077181));
#10602=CARTESIAN_POINT('',(4.07705442057005,-9.8207123014651,12.4921244883578));
#10603=CARTESIAN_POINT('',(4.07705442056876,-15.0707158691058,12.4921244883578));
#10604=CARTESIAN_POINT('',(4.07705442057007,-9.8207123014682,6.99999383453482));
#10605=CARTESIAN_POINT('Origin',(-18.4050480920019,-22.5446692401818,0.200000000011382));
#10606=CARTESIAN_POINT('',(5.24862729582589,1.39184886010885,0.399999999996846));
#10607=CARTESIAN_POINT('',(5.53147000830031,1.10900614763403,-3.31697951428718E-12));
#10608=CARTESIAN_POINT('',(-18.5464694482391,-22.4032478839444,0.400000000011464));
#10609=CARTESIAN_POINT('Origin',(6.57705442057241,2.72027598485481,9.03749320260982));
#10610=CARTESIAN_POINT('',(5.24862729582588,1.3918488601089,5.31874314424329));
#10611=CARTESIAN_POINT('Origin',(8.14806586771042,4.3792796637167,12.0499832145488));
#10612=CARTESIAN_POINT('',(8.14806586771044,-5.4207203362819,12.0499832145488));
#10613=CARTESIAN_POINT('',(8.14806586771188,0.379279663718108,12.0499832145488));
#10614=CARTESIAN_POINT('',(24.3480658677113,-5.4207203362859,12.0499832145488));
#10615=CARTESIAN_POINT('',(13.6873128018368,-5.4207203362833,12.0499832145488));
#10616=CARTESIAN_POINT('',(24.348065867712,3.9202759848511,12.0499832152578));
#10617=CARTESIAN_POINT('',(24.3480658677121,4.37927752682119,12.0499832145488));
#10618=CARTESIAN_POINT('',(32.3760650513559,3.92027598484911,12.0499832152128));
#10619=CARTESIAN_POINT('',(26.3485351078349,3.92027598485066,12.0499832145492));
#10620=CARTESIAN_POINT('',(33.3760650513567,3.65232679241723,12.0499832145488));
#10621=CARTESIAN_POINT('Origin',(32.3760650513554,1.92027598484911,12.0499832145488));
#10622=CARTESIAN_POINT('',(33.3760650513612,21.9484725801352,12.0499832145486));
#10623=CARTESIAN_POINT('',(33.3760650513547,-4.52071899013799,12.0499832145489));
#10624=CARTESIAN_POINT('',(33.069397487964,24.2778439860557,12.0499832145486));
#10625=CARTESIAN_POINT('Origin',(24.3760650513612,21.9484725801374,12.0499832145486));
#10626=CARTESIAN_POINT('',(28.074688268632,42.9183525616733,12.0499832145486));
#10627=CARTESIAN_POINT('',(32.9132568928647,24.8605686200916,12.0499832145486));
#10628=CARTESIAN_POINT('',(27.81586922353,42.8842783879625,12.0499832145486));
#10629=CARTESIAN_POINT('Origin',(27.81586922353,43.8842783879625,12.0499832145486));
#10630=CARTESIAN_POINT('',(7.37706571119218,42.8842783879625,12.0499832145486));
#10631=CARTESIAN_POINT('',(11.7625657894523,42.8842783879625,12.0499832145486));
#10632=CARTESIAN_POINT('Origin',(7.37706571119277,43.8842783879625,12.0499832145488));
#10633=CARTESIAN_POINT('',(19.8793862832407,38.2842786285239,12.0499832145484));
#10634=CARTESIAN_POINT('Origin',(21.7793862832407,38.2842786285239,12.0499832145484));
#10635=CARTESIAN_POINT('',(19.8793862835442,28.7842786285309,12.0499832145486));
#10636=CARTESIAN_POINT('Origin',(21.7793862835442,28.7842786285309,12.0499832145486));
#10637=CARTESIAN_POINT('',(12.0792961838927,25.4842786285309,12.0499832145486));
#10638=CARTESIAN_POINT('',(17.0573862835443,25.4842786285309,12.0499832145486));
#10639=CARTESIAN_POINT('',(10.6077260756271,25.4842786285309,12.0499832145486));
#10640=CARTESIAN_POINT('',(12.0792961838927,32.0842786285309,12.0499832145485));
#10641=CARTESIAN_POINT('',(12.0792961838927,25.7842786285309,12.0499832145486));
#10642=CARTESIAN_POINT('',(17.0573862835443,32.0842786285309,12.0499832145485));
#10643=CARTESIAN_POINT('',(10.6077260756271,32.0842786285309,12.0499832145485));
#10644=CARTESIAN_POINT('',(17.0573862835443,15.0817791461233,12.0499832145487));
#10645=CARTESIAN_POINT('',(12.0792961835891,34.9842786285239,12.0499832145485));
#10646=CARTESIAN_POINT('',(17.0573862832407,34.9842786285239,12.0499832145485));
#10647=CARTESIAN_POINT('',(10.6077260754753,34.9842786285239,12.0499832145485));
#10648=CARTESIAN_POINT('',(12.0792961835891,41.5842786285239,12.0499832145484));
#10649=CARTESIAN_POINT('',(12.0792961835891,35.2842786285239,12.0499832145485));
#10650=CARTESIAN_POINT('',(17.0573862832407,41.5842786285239,12.0499832145484));
#10651=CARTESIAN_POINT('',(10.6077260754753,41.5842786285239,12.0499832145484));
#10652=CARTESIAN_POINT('',(17.0573862832407,19.8317791461198,12.0499832145487));
#10653=CARTESIAN_POINT('Origin',(33.3760650513547,-4.520718990138,11.0499832145489));
#10654=CARTESIAN_POINT('',(34.3760650513612,21.9484725801349,11.0499832145486));
#10655=CARTESIAN_POINT('Origin',(33.3760650513612,21.9484725801352,11.0499832145486));
#10656=CARTESIAN_POINT('',(34.3760650513563,1.9202759848486,11.0499832145488));
#10657=CARTESIAN_POINT('Ctrl Pts',(34.3760650513563,1.92027598484859,11.0499832145488));
#10658=CARTESIAN_POINT('Ctrl Pts',(34.3760650513563,2.10134448426793,11.1780179783475));
#10659=CARTESIAN_POINT('Ctrl Pts',(34.350213753475,2.29845784598511,11.3175901400087));
#10660=CARTESIAN_POINT('Ctrl Pts',(34.2356978493131,2.68319859292992,11.5806528138496));
#10661=CARTESIAN_POINT('Ctrl Pts',(34.1469159511859,2.87093343399669,11.7039350426099));
#10662=CARTESIAN_POINT('Ctrl Pts',(33.9600636953587,3.14884030107528,11.8679690170365));
#10663=CARTESIAN_POINT('Ctrl Pts',(33.8629904885374,3.26687131120436,11.9319144255859));
#10664=CARTESIAN_POINT('Ctrl Pts',(33.6365550934906,3.48086283097787,12.0231450203928));
#10665=CARTESIAN_POINT('Ctrl Pts',(33.506952300565,3.5767590038532,12.0499832145488));
#10666=CARTESIAN_POINT('Ctrl Pts',(33.3760650513567,3.65232679241722,12.0499832145488));
#10667=CARTESIAN_POINT('',(34.3760650513547,-4.52071899013825,11.0499832145489));
#10668=CARTESIAN_POINT('Origin',(24.3760650513612,21.9484725801374,11.0499832145485));
#10669=CARTESIAN_POINT('',(34.0353233142532,24.5366630311577,11.0499832145484));
#10670=CARTESIAN_POINT('Origin',(33.069397487964,24.2778439860557,11.0499832145484));
#10671=CARTESIAN_POINT('Origin',(24.3760650513612,21.9484725801374,11.0499832145485));
#10672=CARTESIAN_POINT('Origin',(32.9132568928647,24.8605686200916,11.0499832145486));
#10673=CARTESIAN_POINT('',(28.7817950498192,44.1430974330646,11.0499832145484));
#10674=CARTESIAN_POINT('Origin',(27.81586922353,43.8842783879625,11.0499832145484));
#10675=CARTESIAN_POINT('',(33.8791827191539,25.1193876651936,11.0499832145486));
#10676=CARTESIAN_POINT('Origin',(30.417813713961,38.037392656344,26.3750008521998));
#10677=CARTESIAN_POINT('',(28.7817950498169,44.1430974330641,21.5999821903158));
#10678=CARTESIAN_POINT('',(28.7817950498192,44.1430974330646,19.2124915212573));
#10679=CARTESIAN_POINT('',(34.0353233142532,24.5366630311575,0.399999999979266));
#10680=CARTESIAN_POINT('',(34.0353233142532,24.536663031158,23.9874969690381));
#10681=CARTESIAN_POINT('',(28.001288758375,47.0559865683703,0.400000000091079));
#10682=CARTESIAN_POINT('',(35.0806434468596,20.6354751860878,0.399999999978721));
#10683=CARTESIAN_POINT('',(28.0012887583678,47.0559865683686,21.5999821903148));
#10684=CARTESIAN_POINT('',(28.001288758375,47.0559865683706,13.1874999139998));
#10685=CARTESIAN_POINT('',(29.5112573509412,41.4207070630717,21.5999821903158));
#10686=CARTESIAN_POINT('Origin',(24.3760650513612,21.9484725801377,23.9874969690381));
#10687=CARTESIAN_POINT('',(34.3760650513612,21.9484725801347,0.400000000092446));
#10688=CARTESIAN_POINT('',(34.3760650513612,21.9484725801352,23.9874969690381));
#10689=CARTESIAN_POINT('Origin',(24.3760650513612,21.9484725801372,0.400000000098397));
#10690=CARTESIAN_POINT('Origin',(34.3760650513525,-13.4207176439866,21.5999930858768));
#10691=CARTESIAN_POINT('',(34.3760650513571,1.92027598484881,21.5999930858768));
#10692=CARTESIAN_POINT('',(34.3760650513542,-8.82071230146639,12.3999995210418));
#10693=CARTESIAN_POINT('',(34.3760650513545,-8.82071230145829,25.9754929633188));
#10694=CARTESIAN_POINT('',(34.3760650513492,-29.0207103879631,12.3999995210448));
#10695=CARTESIAN_POINT('',(34.3760650513514,-18.0707160293731,12.3999995215398));
#10696=CARTESIAN_POINT('',(34.3760650513495,-29.0207103879633,0.399999999980087));
#10697=CARTESIAN_POINT('',(34.3760650513495,-29.020710387963,21.5999930858768));
#10698=CARTESIAN_POINT('',(34.376065051351,-19.270709650711,0.399999999979901));
#10699=CARTESIAN_POINT('Origin',(-26.6277433863746,-14.9579351424272,5.40043700134392));
#10700=CARTESIAN_POINT('',(-26.6277433863746,-14.6954351424272,7.10043700134391));
#10701=CARTESIAN_POINT('Origin',(-26.6277433863746,-14.6954351424272,5.40043700134391));
#10702=CARTESIAN_POINT('',(-26.6277433863746,-15.2204351424279,7.62543700134464));
#10703=CARTESIAN_POINT('',(-26.6277433863746,-14.9579351424272,7.36293700134392));
#10704=CARTESIAN_POINT('',(-26.6277433863759,-15.2204351424273,3.17543700134369));
#10705=CARTESIAN_POINT('Origin',(-26.6277433863759,-15.2204351424272,5.40043700134369));
#10706=CARTESIAN_POINT('Origin',(-26.6277433863759,-15.2204351424272,5.40043700134369));
#10707=CARTESIAN_POINT('Origin',(-26.627743386372,-4.42070516128221,5.4004370013438));
#10708=CARTESIAN_POINT('',(-26.627743386374,-12.2204351424272,7.10043700134389));
#10709=CARTESIAN_POINT('Origin',(-26.627743386374,-12.2204351424272,5.40043700134389));
#10710=CARTESIAN_POINT('',(-26.627743386372,-4.42070516128219,7.1004370013438));
#10711=CARTESIAN_POINT('Origin',(-4.36233740398404,-25.0207127271595,16.7080813211688));
#10712=CARTESIAN_POINT('',(-4.50535028993734,-25.0207127271596,16.2289703586025));
#10713=CARTESIAN_POINT('',(-4.50535028993735,-25.0207127271595,16.2289703586025));
#10714=CARTESIAN_POINT('',(-4.78184186944356,-25.0207127271611,16.4360224976406));
#10715=CARTESIAN_POINT('Origin',(-4.36233740398404,-25.0207127271611,16.7080813211688));
#10716=CARTESIAN_POINT('',(-4.78184186944356,-25.0207127271595,16.4360224976406));
#10717=CARTESIAN_POINT('Origin',(-4.99159410217332,-25.0207127271595,16.2999930858765));
#10718=CARTESIAN_POINT('',(-5.20134633490212,-25.0207127271611,16.4360224976421));
#10719=CARTESIAN_POINT('Origin',(-4.99159410217332,-25.0207127271611,16.2999930858765));
#10720=CARTESIAN_POINT('',(-5.20134633490212,-25.0207127271595,16.4360224976421));
#10721=CARTESIAN_POINT('Origin',(-5.62085080035971,-25.0207127271595,16.7080813211732));
#10722=CARTESIAN_POINT('',(-5.47783791440946,-25.0207127271594,16.2289703586057));
#10723=CARTESIAN_POINT('Origin',(-5.62085080035971,-25.0207127271611,16.7080813211732));
#10724=CARTESIAN_POINT('',(-5.47783791440945,-25.0207127271595,16.2289703586057));
#10725=CARTESIAN_POINT('Origin',(-14.1521901294282,-25.0207127271595,16.708081321173));
#10726=CARTESIAN_POINT('',(-13.7326856639705,-25.0207127271611,16.436022497642));
#10727=CARTESIAN_POINT('',(-14.0091772434777,-25.0207127271578,16.2289703586055));
#10728=CARTESIAN_POINT('Origin',(-14.1521901294282,-25.0207127271611,16.708081321173));
#10729=CARTESIAN_POINT('',(-14.0091772434777,-25.0207127271595,16.2289703586055));
#10730=CARTESIAN_POINT('',(-13.7326856639705,-25.0207127271595,16.436022497642));
#10731=CARTESIAN_POINT('Origin',(-13.5229334312416,-25.0207127271595,16.2999930858765));
#10732=CARTESIAN_POINT('',(-13.3131811985119,-25.0207127271611,16.4360224976407));
#10733=CARTESIAN_POINT('',(-13.3131811985119,-25.0207127271595,16.4360224976407));
#10734=CARTESIAN_POINT('Origin',(-13.5229334312416,-25.0207127271611,16.2999930858765));
#10735=CARTESIAN_POINT('Origin',(-12.8936767330525,-25.0207127271595,16.708081321169));
#10736=CARTESIAN_POINT('',(-13.0366896190056,-25.020712727158,16.2289703586027));
#10737=CARTESIAN_POINT('',(-13.0366896190056,-25.0207127271595,16.2289703586027));
#10738=CARTESIAN_POINT('Origin',(-12.8936767330525,-25.0207127271611,16.708081321169));
#10739=CARTESIAN_POINT('Origin',(3.70074244106175,-25.0207127271611,21.5999958304178));
#10740=CARTESIAN_POINT('',(-8.99159410217814,-25.0207127271587,19.0999935528238));
#10741=CARTESIAN_POINT('',(-0.991594102178075,-25.0207127271602,19.0999935528238));
#10742=CARTESIAN_POINT('',(1.18890332844958,-25.0207127271606,19.0999935528238));
#10743=CARTESIAN_POINT('',(-7.99159410217805,-25.0207127271589,18.0999935528238));
#10744=CARTESIAN_POINT('Origin',(-8.99159410217814,-25.0207127271586,18.0999935528238));
#10745=CARTESIAN_POINT('',(-7.99159410217805,-25.0207127271589,14.5999930858768));
#10746=CARTESIAN_POINT('',(-7.99159410217805,-25.0207127271588,28.5999930858768));
#10747=CARTESIAN_POINT('',(-1.99159410217809,-25.0207127271601,14.5999930858768));
#10748=CARTESIAN_POINT('Origin',(-4.99159410217813,-25.0207127271595,14.5999930858768));
#10749=CARTESIAN_POINT('',(-1.99159410217807,-25.02071272716,18.0999935528238));
#10750=CARTESIAN_POINT('',(-1.99159410217809,-25.0207127271601,14.5999930858768));
#10751=CARTESIAN_POINT('Origin',(-0.991594102178075,-25.0207127271602,18.0999935528238));
#10752=CARTESIAN_POINT('Origin',(-4.99159410217874,-25.0207127271595,14.5999930858768));
#10753=CARTESIAN_POINT('Origin',(3.70074244106173,-25.0207127271611,21.5999958304178));
#10754=CARTESIAN_POINT('',(-10.5229334312457,-25.0207127271584,14.5999930858768));
#10755=CARTESIAN_POINT('',(-15.665790519601,-25.0207127271575,12.5004303935798));
#10756=CARTESIAN_POINT('Origin',(-13.5229334312457,-25.0207127271579,14.5999930858768));
#10757=CARTESIAN_POINT('',(-10.5229334312458,-25.0207127271584,18.0999935528238));
#10758=CARTESIAN_POINT('',(-10.5229334312457,-25.0207127271584,14.5999930858768));
#10759=CARTESIAN_POINT('',(-9.52293343124574,-25.0207127271586,19.0999935528238));
#10760=CARTESIAN_POINT('Origin',(-9.52293343124574,-25.0207127271586,18.0999935528238));
#10761=CARTESIAN_POINT('',(-15.5229335221039,-25.0207127271574,19.0999935528238));
#10762=CARTESIAN_POINT('',(1.18890332844958,-25.0207127271606,19.0999935528238));
#10763=CARTESIAN_POINT('',(-16.5229335217311,-25.0207127271572,18.0999935268648));
#10764=CARTESIAN_POINT('Origin',(-15.522933522105,-25.0207127271604,18.0999935528238));
#10765=CARTESIAN_POINT('',(-16.5229333676607,-25.0207127271573,12.1505032652178));
#10766=CARTESIAN_POINT('',(-16.5229337531423,-25.0207127271572,26.9999928073148));
#10767=CARTESIAN_POINT('Origin',(-16.0229333676603,-25.0207127271575,12.1505032781968));
#10768=CARTESIAN_POINT('Origin',(-13.5229334312464,-25.0207127271579,14.5999930858768));
#10769=CARTESIAN_POINT('Origin',(10.6077260754753,35.0842786285239,11.9499832145485));
#10770=CARTESIAN_POINT('',(16.8573862832407,35.1842786285239,11.8499832145485));
#10771=CARTESIAN_POINT('',(17.0573862832407,34.9842786285239,12.0499832145485));
#10772=CARTESIAN_POINT('',(12.2947971019615,35.1842786285239,11.8499832145485));
#10773=CARTESIAN_POINT('',(10.6077260754753,35.1842786285239,11.8499832145485));
#10774=CARTESIAN_POINT('',(12.2946583677728,35.1836877639643,11.8505740791081));
#10775=CARTESIAN_POINT('Origin',(12.9323862832406,35.0342618430771,11.9999999999953));
#10776=CARTESIAN_POINT('',(12.2946583677728,35.1836877639643,11.8505740791081));
#10777=CARTESIAN_POINT('Origin',(16.9573862832407,19.8317791461198,11.9499832145487));
#10778=CARTESIAN_POINT('',(16.8573862832407,41.3842786285239,11.8499832145484));
#10779=CARTESIAN_POINT('',(17.0573862832407,41.5842786285239,12.0499832145484));
#10780=CARTESIAN_POINT('',(16.8573862832407,19.8317791461198,11.8499832145487));
#10781=CARTESIAN_POINT('Origin',(10.6077260754753,41.4842786285239,11.9499832145484));
#10782=CARTESIAN_POINT('',(12.2947971019615,41.3842786285239,11.8499832145484));
#10783=CARTESIAN_POINT('',(10.6077260754753,41.3842786285239,11.8499832145484));
#10784=CARTESIAN_POINT('',(12.2946583677728,41.3848694930835,11.8505740791081));
#10785=CARTESIAN_POINT('',(12.2946583677728,41.3848694930835,11.8505740791081));
#10786=CARTESIAN_POINT('Origin',(12.9323862832406,41.5342954139708,11.9999999999953));
#10787=CARTESIAN_POINT('Origin',(12.1869772756809,35.2842786285239,11.9502786468283));
#10788=CARTESIAN_POINT('',(12.2946583677728,35.2842786285239,11.8505740791081));
#10789=CARTESIAN_POINT('Origin',(13.0673862832403,41.3842786285239,49.9999999999955));
#10790=CARTESIAN_POINT('',(12.6453638113323,41.3842786285239,11.4112359550507));
#10791=CARTESIAN_POINT('Origin',(12.9323862832406,41.3842786285239,11.9999999999953));
#10792=CARTESIAN_POINT('',(12.9839080223752,41.3842786285239,11.3093974194657));
#10793=CARTESIAN_POINT('Origin',(13.127386283239,41.3842786285239,12.3999999999951));
#10794=CARTESIAN_POINT('',(13.027386283245,41.3842786285239,11.2598245748963));
#10795=CARTESIAN_POINT('Origin',(12.977386283245,41.3842786285239,11.2598245748961));
#10796=CARTESIAN_POINT('',(13.0273862832406,41.3842786285239,10.7401754250951));
#10797=CARTESIAN_POINT('',(13.0273862832446,41.3842786285239,30.3700877125453));
#10798=CARTESIAN_POINT('',(12.9839080223736,41.3842786285239,10.6906025805282));
#10799=CARTESIAN_POINT('Origin',(12.9773862832433,41.3842786285239,10.7401754250951));
#10800=CARTESIAN_POINT('',(12.6453638113307,41.3842786285239,10.5887640449372));
#10801=CARTESIAN_POINT('Origin',(13.1273862832465,41.3842786285239,9.59999999999665));
#10802=CARTESIAN_POINT('',(12.6453638113323,41.3842786285239,9.41123595505069));
#10803=CARTESIAN_POINT('Origin',(12.9323862832406,41.3842786285239,9.9999999999953));
#10804=CARTESIAN_POINT('',(12.9839080223752,41.3842786285239,9.3093974194657));
#10805=CARTESIAN_POINT('Origin',(13.127386283239,41.3842786285239,10.3999999999951));
#10806=CARTESIAN_POINT('',(13.027386283245,41.3842786285239,9.25982457489625));
#10807=CARTESIAN_POINT('Origin',(12.977386283245,41.3842786285239,9.25982457489613));
#10808=CARTESIAN_POINT('',(13.0273862832406,41.3842786285239,8.74017542509514));
#10809=CARTESIAN_POINT('',(13.0273862832448,41.3842786285239,29.3700877125453));
#10810=CARTESIAN_POINT('',(12.9839080223736,41.3842786285239,8.69060258052824));
#10811=CARTESIAN_POINT('Origin',(12.9773862832433,41.3842786285239,8.74017542509512));
#10812=CARTESIAN_POINT('',(12.6453638113307,41.3842786285239,8.58876404493723));
#10813=CARTESIAN_POINT('Origin',(13.1273862832465,41.3842786285239,7.59999999999665));
#10814=CARTESIAN_POINT('',(12.6453638113323,41.3842786285239,7.41123595505069));
#10815=CARTESIAN_POINT('Origin',(12.9323862832406,41.3842786285239,7.9999999999953));
#10816=CARTESIAN_POINT('',(12.9839080223752,41.3842786285239,7.3093974194657));
#10817=CARTESIAN_POINT('Origin',(13.127386283239,41.3842786285239,8.39999999999505));
#10818=CARTESIAN_POINT('',(13.027386283245,41.3842786285239,7.25982457489625));
#10819=CARTESIAN_POINT('Origin',(12.977386283245,41.3842786285239,7.25982457489613));
#10820=CARTESIAN_POINT('',(13.0273862832406,41.3842786285239,6.74017542509514));
#10821=CARTESIAN_POINT('',(13.027386283245,41.3842786285239,28.3700877125453));
#10822=CARTESIAN_POINT('',(12.9839080223736,41.3842786285239,6.69060258052824));
#10823=CARTESIAN_POINT('Origin',(12.9773862832433,41.3842786285239,6.74017542509512));
#10824=CARTESIAN_POINT('',(12.6453638113307,41.3842786285239,6.58876404493723));
#10825=CARTESIAN_POINT('Origin',(13.1273862832465,41.3842786285239,5.59999999999665));
#10826=CARTESIAN_POINT('',(12.6453638113323,41.3842786285239,5.41123595505069));
#10827=CARTESIAN_POINT('Origin',(12.9323862832406,41.3842786285239,5.9999999999953));
#10828=CARTESIAN_POINT('',(12.9839080223752,41.3842786285239,5.3093974194657));
#10829=CARTESIAN_POINT('Origin',(13.127386283239,41.3842786285239,6.39999999999505));
#10830=CARTESIAN_POINT('',(13.027386283245,41.3842786285239,5.25982457489626));
#10831=CARTESIAN_POINT('Origin',(12.977386283245,41.3842786285239,5.25982457489613));
#10832=CARTESIAN_POINT('',(13.0273862832406,41.3842786285239,4.74017542509514));
#10833=CARTESIAN_POINT('',(13.0273862832452,41.3842786285239,27.3700877125453));
#10834=CARTESIAN_POINT('',(12.9839080223736,41.3842786285239,4.69060258052823));
#10835=CARTESIAN_POINT('Origin',(12.9773862832433,41.3842786285239,4.74017542509512));
#10836=CARTESIAN_POINT('',(12.6453638113307,41.3842786285239,4.58876404493723));
#10837=CARTESIAN_POINT('Origin',(13.1273862832465,41.3842786285239,3.59999999999665));
#10838=CARTESIAN_POINT('',(12.6453638113323,41.3842786285239,3.41123595505069));
#10839=CARTESIAN_POINT('Origin',(12.9323862832406,41.3842786285239,3.9999999999953));
#10840=CARTESIAN_POINT('',(12.9839080223752,41.3842786285239,3.3093974194657));
#10841=CARTESIAN_POINT('Origin',(13.127386283239,41.3842786285239,4.39999999999505));
#10842=CARTESIAN_POINT('',(13.027386283245,41.3842786285239,3.25982457489625));
#10843=CARTESIAN_POINT('Origin',(12.977386283245,41.3842786285239,3.25982457489613));
#10844=CARTESIAN_POINT('',(13.0273862832409,41.3842786285239,4.2799289926079));
#10845=CARTESIAN_POINT('',(13.0273862832454,41.3842786285239,26.3700877125453));
#10846=CARTESIAN_POINT('',(16.8573862832407,41.3842786285239,4.2799289926079));
#10847=CARTESIAN_POINT('',(16.7573862832407,41.3842786285239,4.2799289926079));
#10848=CARTESIAN_POINT('',(16.8573862832407,41.3842786285239,74.9999999999952));
#10849=CARTESIAN_POINT('Origin',(12.9323862832406,35.2842786285239,11.9999999999953));
#10850=CARTESIAN_POINT('',(12.6453638113323,35.1842786285239,11.4112359550507));
#10851=CARTESIAN_POINT('Origin',(12.9323862832406,35.1842786285239,11.9999999999953));
#10852=CARTESIAN_POINT('',(12.6453638113323,35.2842786285239,11.4112359550507));
#10853=CARTESIAN_POINT('Origin',(21.7793862832407,38.2842786285239,11.9499832145488));
#10854=CARTESIAN_POINT('',(20.0793862832407,38.2842786285239,11.8499832145492));
#10855=CARTESIAN_POINT('Origin',(21.7793862832407,38.2842786285239,11.8499832145492));
#10856=CARTESIAN_POINT('',(19.9793862832407,38.2842786285239,11.9499832145488));
#10857=CARTESIAN_POINT('Origin',(21.7793862832407,38.2842786285239,-4.22786920604143E-12));
#10858=CARTESIAN_POINT('',(20.0793862832407,38.2842786285239,3.39999999999577));
#10859=CARTESIAN_POINT('Origin',(21.7793862832407,38.2842786285239,3.39999999999577));
#10860=CARTESIAN_POINT('',(20.0793862832407,38.2842786285239,-4.22786920604143E-12));
#10861=CARTESIAN_POINT('Origin',(10.6077260756271,25.5842786285309,11.9499832145486));
#10862=CARTESIAN_POINT('',(16.8573862835443,25.6842786285309,11.8499832145486));
#10863=CARTESIAN_POINT('',(17.0573862835443,25.4842786285309,12.0499832145486));
#10864=CARTESIAN_POINT('',(12.2947971022651,25.6842786285309,11.8499832145486));
#10865=CARTESIAN_POINT('',(10.6077260756271,25.6842786285309,11.8499832145486));
#10866=CARTESIAN_POINT('',(12.2946583680764,25.6836877639713,11.8505740791082));
#10867=CARTESIAN_POINT('Origin',(12.9323862835442,25.5342618430842,11.9999999999953));
#10868=CARTESIAN_POINT('',(12.2946583680764,25.6836877639713,11.8505740791082));
#10869=CARTESIAN_POINT('Origin',(16.9573862835443,15.0817791461233,11.9499832145487));
#10870=CARTESIAN_POINT('',(16.8573862835443,31.8842786285309,11.8499832145485));
#10871=CARTESIAN_POINT('',(17.0573862835443,32.0842786285309,12.0499832145485));
#10872=CARTESIAN_POINT('',(16.8573862835443,15.0817791461233,11.8499832145487));
#10873=CARTESIAN_POINT('Origin',(12.1869772759845,25.7842786285309,11.9502786468284));
#10874=CARTESIAN_POINT('',(12.2946583680764,31.8848694930905,11.8505740791082));
#10875=CARTESIAN_POINT('',(12.2946583680764,25.7842786285309,11.8505740791082));
#10876=CARTESIAN_POINT('',(12.2946583680764,31.8848694930905,11.8505740791082));
#10877=CARTESIAN_POINT('Origin',(10.6077260756271,31.9842786285309,11.9499832145485));
#10878=CARTESIAN_POINT('',(12.2947971022651,31.8842786285309,11.8499832145485));
#10879=CARTESIAN_POINT('Origin',(12.9323862835442,32.0342954139777,11.9999999999953));
#10880=CARTESIAN_POINT('',(10.6077260756271,31.8842786285309,11.8499832145485));
#10881=CARTESIAN_POINT('Origin',(13.0673862835439,31.8842786285309,49.9999999999955));
#10882=CARTESIAN_POINT('',(12.6453638116359,31.8842786285309,11.4112359550507));
#10883=CARTESIAN_POINT('Origin',(12.9323862835442,31.8842786285309,11.9999999999953));
#10884=CARTESIAN_POINT('',(12.9839080226787,31.8842786285309,11.3093974194657));
#10885=CARTESIAN_POINT('Origin',(13.1273862835426,31.8842786285309,12.3999999999951));
#10886=CARTESIAN_POINT('',(13.0273862835486,31.8842786285309,11.2598245748963));
#10887=CARTESIAN_POINT('Origin',(12.9773862835486,31.8842786285309,11.2598245748961));
#10888=CARTESIAN_POINT('',(13.0273862835442,31.8842786285309,10.7401754250951));
#10889=CARTESIAN_POINT('',(13.0273862835482,31.8842786285309,30.3700877125453));
#10890=CARTESIAN_POINT('',(12.9839080226772,31.8842786285309,10.6906025805282));
#10891=CARTESIAN_POINT('Origin',(12.9773862835469,31.8842786285309,10.7401754250951));
#10892=CARTESIAN_POINT('',(12.6453638116343,31.8842786285309,10.5887640449372));
#10893=CARTESIAN_POINT('Origin',(13.1273862835501,31.8842786285309,9.59999999999665));
#10894=CARTESIAN_POINT('',(12.6453638116359,31.8842786285309,9.41123595505069));
#10895=CARTESIAN_POINT('Origin',(12.9323862835442,31.8842786285309,9.9999999999953));
#10896=CARTESIAN_POINT('',(12.9839080226787,31.8842786285309,9.30939741946569));
#10897=CARTESIAN_POINT('Origin',(13.1273862835426,31.8842786285309,10.3999999999951));
#10898=CARTESIAN_POINT('',(13.0273862835486,31.8842786285309,9.25982457489625));
#10899=CARTESIAN_POINT('Origin',(12.9773862835486,31.8842786285309,9.25982457489613));
#10900=CARTESIAN_POINT('',(13.0273862835442,31.8842786285309,8.74017542509514));
#10901=CARTESIAN_POINT('',(13.0273862835484,31.8842786285309,29.3700877125453));
#10902=CARTESIAN_POINT('',(12.9839080226772,31.8842786285309,8.69060258052823));
#10903=CARTESIAN_POINT('Origin',(12.9773862835469,31.8842786285309,8.74017542509512));
#10904=CARTESIAN_POINT('',(12.6453638116343,31.8842786285309,8.58876404493723));
#10905=CARTESIAN_POINT('Origin',(13.1273862835501,31.8842786285309,7.59999999999665));
#10906=CARTESIAN_POINT('',(12.6453638116359,31.8842786285309,7.41123595505069));
#10907=CARTESIAN_POINT('Origin',(12.9323862835442,31.8842786285309,7.9999999999953));
#10908=CARTESIAN_POINT('',(12.9839080226787,31.8842786285309,7.3093974194657));
#10909=CARTESIAN_POINT('Origin',(13.1273862835426,31.8842786285309,8.39999999999505));
#10910=CARTESIAN_POINT('',(13.0273862835486,31.8842786285309,7.25982457489625));
#10911=CARTESIAN_POINT('Origin',(12.9773862835486,31.8842786285309,7.25982457489613));
#10912=CARTESIAN_POINT('',(13.0273862835442,31.8842786285309,6.74017542509514));
#10913=CARTESIAN_POINT('',(13.0273862835486,31.8842786285309,28.3700877125453));
#10914=CARTESIAN_POINT('',(12.9839080226772,31.8842786285309,6.69060258052823));
#10915=CARTESIAN_POINT('Origin',(12.9773862835469,31.8842786285309,6.74017542509512));
#10916=CARTESIAN_POINT('',(12.6453638116343,31.8842786285309,6.58876404493723));
#10917=CARTESIAN_POINT('Origin',(13.1273862835501,31.8842786285309,5.59999999999665));
#10918=CARTESIAN_POINT('',(12.6453638116359,31.8842786285309,5.41123595505069));
#10919=CARTESIAN_POINT('Origin',(12.9323862835442,31.8842786285309,5.9999999999953));
#10920=CARTESIAN_POINT('',(12.9839080226787,31.8842786285309,5.3093974194657));
#10921=CARTESIAN_POINT('Origin',(13.1273862835426,31.8842786285309,6.39999999999505));
#10922=CARTESIAN_POINT('',(13.0273862835486,31.8842786285309,5.25982457489625));
#10923=CARTESIAN_POINT('Origin',(12.9773862835486,31.8842786285309,5.25982457489613));
#10924=CARTESIAN_POINT('',(13.0273862835442,31.8842786285309,4.74017542509514));
#10925=CARTESIAN_POINT('',(13.0273862835488,31.8842786285309,27.3700877125453));
#10926=CARTESIAN_POINT('',(12.9839080226772,31.8842786285309,4.69060258052823));
#10927=CARTESIAN_POINT('Origin',(12.9773862835469,31.8842786285309,4.74017542509512));
#10928=CARTESIAN_POINT('',(12.6453638116343,31.8842786285309,4.58876404493723));
#10929=CARTESIAN_POINT('Origin',(13.1273862835501,31.8842786285309,3.59999999999665));
#10930=CARTESIAN_POINT('',(12.6453638116359,31.8842786285309,3.41123595505069));
#10931=CARTESIAN_POINT('Origin',(12.9323862835442,31.8842786285309,3.9999999999953));
#10932=CARTESIAN_POINT('',(12.9839080226787,31.8842786285309,3.3093974194657));
#10933=CARTESIAN_POINT('Origin',(13.1273862835426,31.8842786285309,4.39999999999505));
#10934=CARTESIAN_POINT('',(13.0273862835486,31.8842786285309,3.25982457489625));
#10935=CARTESIAN_POINT('Origin',(12.9773862835486,31.8842786285309,3.25982457489613));
#10936=CARTESIAN_POINT('',(13.0273862835445,31.8842786285309,4.2799289926079));
#10937=CARTESIAN_POINT('',(13.027386283549,31.8842786285309,26.3700877125453));
#10938=CARTESIAN_POINT('',(16.8573862835443,31.8842786285309,4.2799289926079));
#10939=CARTESIAN_POINT('',(16.7573862835442,31.8842786285309,4.2799289926079));
#10940=CARTESIAN_POINT('',(16.8573862835443,31.8842786285309,74.9999999999952));
#10941=CARTESIAN_POINT('Origin',(12.9323862835442,25.7842786285309,11.9999999999953));
#10942=CARTESIAN_POINT('',(12.6453638116359,25.6842786285309,11.4112359550507));
#10943=CARTESIAN_POINT('Origin',(12.9323862835442,25.6842786285309,11.9999999999953));
#10944=CARTESIAN_POINT('',(12.6453638116359,25.7842786285309,11.4112359550507));
#10945=CARTESIAN_POINT('Origin',(21.7793862835442,28.7842786285309,11.9499832145488));
#10946=CARTESIAN_POINT('',(20.0793862835442,28.7842786285309,11.8499832145491));
#10947=CARTESIAN_POINT('Origin',(21.7793862835442,28.7842786285309,11.8499832145491));
#10948=CARTESIAN_POINT('',(19.9793862835442,28.7842786285309,11.9499832145488));
#10949=CARTESIAN_POINT('Origin',(21.7793862835442,28.7842786285309,-4.22786920604143E-12));
#10950=CARTESIAN_POINT('',(20.0793862835442,28.7842786285309,3.39999999999577));
#10951=CARTESIAN_POINT('Origin',(21.7793862835442,28.7842786285309,3.39999999999577));
#10952=CARTESIAN_POINT('',(20.0793862835442,28.7842786285309,-4.22786920604143E-12));
#10953=CARTESIAN_POINT('Origin',(20.0783862835442,30.4852786285309,3.19999999999577));
#10954=CARTESIAN_POINT('',(20.0783862835442,30.4852786285309,3.19999999999577));
#10955=CARTESIAN_POINT('',(20.0783862835442,27.0832786285309,3.19999999999577));
#10956=CARTESIAN_POINT('',(20.0783862835442,29.6347786285309,3.19999999999577));
#10957=CARTESIAN_POINT('',(20.0783862835442,30.4852786285309,3.39999999999577));
#10958=CARTESIAN_POINT('',(20.0783862835442,30.4852786285309,3.19999999999577));
#10959=CARTESIAN_POINT('',(20.0783862835442,27.0832786285309,3.39999999999577));
#10960=CARTESIAN_POINT('',(20.0783862835442,30.4852786285309,3.39999999999577));
#10961=CARTESIAN_POINT('',(20.0783862835442,27.0832786285309,3.19999999999577));
#10962=CARTESIAN_POINT('Origin',(23.4803862835442,27.0832786285309,3.19999999999577));
#10963=CARTESIAN_POINT('',(23.4803862835442,27.0832786285309,3.19999999999577));
#10964=CARTESIAN_POINT('',(23.4803862835442,30.4852786285309,3.19999999999577));
#10965=CARTESIAN_POINT('',(23.4803862835442,27.9337786285309,3.19999999999577));
#10966=CARTESIAN_POINT('',(23.4803862835442,27.0832786285309,3.39999999999577));
#10967=CARTESIAN_POINT('',(23.4803862835442,27.0832786285309,3.19999999999577));
#10968=CARTESIAN_POINT('',(23.4803862835442,30.4852786285309,3.39999999999577));
#10969=CARTESIAN_POINT('',(23.4803862835442,30.4852786285309,3.39999999999577));
#10970=CARTESIAN_POINT('',(23.4803862835442,30.4852786285309,3.19999999999577));
#10971=CARTESIAN_POINT('Origin',(21.7793862835442,28.7842786285309,3.39999999999577));
#10972=CARTESIAN_POINT('',(24.250539657983,27.0832786285309,3.39999999999577));
#10973=CARTESIAN_POINT('',(19.3082329091055,30.4852786285309,3.39999999999577));
#10974=CARTESIAN_POINT('Origin',(21.7793862835442,28.7842786285309,3.19999999999577));
#10975=CARTESIAN_POINT('',(19.3082329091055,27.0832786285309,3.19999999999577));
#10976=CARTESIAN_POINT('',(19.3082329091055,27.0832786285309,3.19999999999577));
#10977=CARTESIAN_POINT('',(18.7793862835442,28.7842786285309,3.19999999999577));
#10978=CARTESIAN_POINT('Origin',(21.7793862835442,28.7842786285309,3.19999999999577));
#10979=CARTESIAN_POINT('',(19.3082329091055,30.4852786285309,3.19999999999577));
#10980=CARTESIAN_POINT('Origin',(21.7793862835442,28.7842786285309,3.19999999999577));
#10981=CARTESIAN_POINT('',(19.3082329091055,30.4852786285309,3.19999999999577));
#10982=CARTESIAN_POINT('Origin',(19.3082329091055,27.0832786285309,2.99999999999577));
#10983=CARTESIAN_POINT('',(19.3082329091055,27.0832786285309,2.99999999999577));
#10984=CARTESIAN_POINT('',(24.250539657983,27.0832786285309,2.99999999999577));
#10985=CARTESIAN_POINT('',(20.5438095963249,27.0832786285309,2.99999999999577));
#10986=CARTESIAN_POINT('',(19.3082329091055,27.0832786285309,2.99999999999577));
#10987=CARTESIAN_POINT('',(24.250539657983,27.0832786285309,3.19999999999577));
#10988=CARTESIAN_POINT('',(19.3082329091055,27.0832786285309,3.19999999999577));
#10989=CARTESIAN_POINT('',(24.250539657983,27.0832786285309,2.99999999999577));
#10990=CARTESIAN_POINT('Origin',(24.250539657983,30.4852786285309,2.99999999999577));
#10991=CARTESIAN_POINT('',(24.250539657983,30.4852786285309,2.99999999999577));
#10992=CARTESIAN_POINT('',(19.3082329091055,30.4852786285309,2.99999999999577));
#10993=CARTESIAN_POINT('',(23.0149629707636,30.4852786285309,2.99999999999577));
#10994=CARTESIAN_POINT('',(24.250539657983,30.4852786285309,3.19999999999577));
#10995=CARTESIAN_POINT('',(24.250539657983,30.4852786285309,2.99999999999577));
#10996=CARTESIAN_POINT('',(19.3082329091055,30.4852786285309,3.19999999999577));
#10997=CARTESIAN_POINT('',(19.3082329091055,30.4852786285309,2.99999999999577));
#10998=CARTESIAN_POINT('Origin',(21.7793862835442,28.7842786285309,3.19999999999577));
#10999=CARTESIAN_POINT('Origin',(21.7793862835442,28.7842786285309,3.19999999999577));
#11000=CARTESIAN_POINT('Origin',(21.7793862835442,28.7842786285309,2.99999999999577));
#11001=CARTESIAN_POINT('Origin',(21.7793862835442,28.7842786285309,2.99999999999577));
#11002=CARTESIAN_POINT('Origin',(20.0783862832407,39.9852786285239,3.19999999999577));
#11003=CARTESIAN_POINT('',(20.0783862832407,39.9852786285239,3.19999999999577));
#11004=CARTESIAN_POINT('',(20.0783862832407,36.5832786285239,3.19999999999577));
#11005=CARTESIAN_POINT('',(20.0783862832407,39.1347786285239,3.19999999999577));
#11006=CARTESIAN_POINT('',(20.0783862832407,39.9852786285239,3.39999999999577));
#11007=CARTESIAN_POINT('',(20.0783862832407,39.9852786285239,3.19999999999577));
#11008=CARTESIAN_POINT('',(20.0783862832407,36.5832786285239,3.39999999999577));
#11009=CARTESIAN_POINT('',(20.0783862832407,39.9852786285239,3.39999999999577));
#11010=CARTESIAN_POINT('',(20.0783862832407,36.5832786285239,3.19999999999577));
#11011=CARTESIAN_POINT('Origin',(23.4803862832407,36.5832786285239,3.19999999999577));
#11012=CARTESIAN_POINT('',(23.4803862832407,36.5832786285239,3.19999999999577));
#11013=CARTESIAN_POINT('',(23.4803862832407,39.9852786285239,3.19999999999577));
#11014=CARTESIAN_POINT('',(23.4803862832407,37.4337786285239,3.19999999999577));
#11015=CARTESIAN_POINT('',(23.4803862832407,36.5832786285239,3.39999999999577));
#11016=CARTESIAN_POINT('',(23.4803862832407,36.5832786285239,3.19999999999577));
#11017=CARTESIAN_POINT('',(23.4803862832407,39.9852786285239,3.39999999999577));
#11018=CARTESIAN_POINT('',(23.4803862832407,39.9852786285239,3.39999999999577));
#11019=CARTESIAN_POINT('',(23.4803862832407,39.9852786285239,3.19999999999577));
#11020=CARTESIAN_POINT('Origin',(21.7793862832407,38.2842786285239,3.39999999999577));
#11021=CARTESIAN_POINT('',(24.2505396576794,36.5832786285239,3.39999999999577));
#11022=CARTESIAN_POINT('',(19.3082329088019,39.9852786285239,3.39999999999577));
#11023=CARTESIAN_POINT('Origin',(21.7793862832407,38.2842786285239,3.19999999999577));
#11024=CARTESIAN_POINT('',(19.3082329088019,36.5832786285239,3.19999999999577));
#11025=CARTESIAN_POINT('',(19.3082329088019,36.5832786285239,3.19999999999577));
#11026=CARTESIAN_POINT('',(18.7793862832407,38.2842786285239,3.19999999999577));
#11027=CARTESIAN_POINT('Origin',(21.7793862832407,38.2842786285239,3.19999999999577));
#11028=CARTESIAN_POINT('',(19.3082329088019,39.9852786285239,3.19999999999577));
#11029=CARTESIAN_POINT('Origin',(21.7793862832407,38.2842786285239,3.19999999999577));
#11030=CARTESIAN_POINT('',(19.3082329088019,39.9852786285239,3.19999999999577));
#11031=CARTESIAN_POINT('Origin',(19.3082329088019,36.5832786285239,2.99999999999577));
#11032=CARTESIAN_POINT('',(19.3082329088019,36.5832786285239,2.99999999999577));
#11033=CARTESIAN_POINT('',(24.2505396576794,36.5832786285239,2.99999999999577));
#11034=CARTESIAN_POINT('',(20.5438095960213,36.5832786285239,2.99999999999577));
#11035=CARTESIAN_POINT('',(19.3082329088019,36.5832786285239,2.99999999999577));
#11036=CARTESIAN_POINT('',(24.2505396576794,36.5832786285239,3.19999999999577));
#11037=CARTESIAN_POINT('',(19.3082329088019,36.5832786285239,3.19999999999577));
#11038=CARTESIAN_POINT('',(24.2505396576794,36.5832786285239,2.99999999999577));
#11039=CARTESIAN_POINT('Origin',(24.2505396576794,39.9852786285239,2.99999999999577));
#11040=CARTESIAN_POINT('',(24.2505396576794,39.9852786285239,2.99999999999577));
#11041=CARTESIAN_POINT('',(19.3082329088019,39.9852786285239,2.99999999999577));
#11042=CARTESIAN_POINT('',(23.01496297046,39.9852786285239,2.99999999999577));
#11043=CARTESIAN_POINT('',(24.2505396576794,39.9852786285239,3.19999999999577));
#11044=CARTESIAN_POINT('',(24.2505396576794,39.9852786285239,2.99999999999577));
#11045=CARTESIAN_POINT('',(19.3082329088019,39.9852786285239,3.19999999999577));
#11046=CARTESIAN_POINT('',(19.3082329088019,39.9852786285239,2.99999999999577));
#11047=CARTESIAN_POINT('Origin',(21.7793862832407,38.2842786285239,3.19999999999577));
#11048=CARTESIAN_POINT('Origin',(21.7793862832407,38.2842786285239,3.19999999999577));
#11049=CARTESIAN_POINT('Origin',(21.7793862832407,38.2842786285239,2.99999999999577));
#11050=CARTESIAN_POINT('Origin',(21.7793862832407,38.2842786285239,2.99999999999577));
#11051=CARTESIAN_POINT('Origin',(21.7793862835441,28.7842786285309,0.20000000004082));
#11052=CARTESIAN_POINT('',(18.7793862835442,28.7842786285309,0.400000000095156));
#11053=CARTESIAN_POINT('Origin',(21.7793862835442,28.7842786285309,0.400000000095156));
#11054=CARTESIAN_POINT('',(18.579386283544,28.7842786285309,0.200000000042738));
#11055=CARTESIAN_POINT('Origin',(21.7793862835442,28.7842786285309,-4.22786920604143E-12));
#11056=CARTESIAN_POINT('',(18.7793862835442,28.7842786285309,-4.22786920604143E-12));
#11057=CARTESIAN_POINT('Origin',(21.7793862835442,28.7842786285309,2.99999999999577));
#11058=CARTESIAN_POINT('Origin',(21.7793862832405,38.2842786285239,0.20000000004082));
#11059=CARTESIAN_POINT('',(18.7793862832407,38.2842786285239,0.400000000095337));
#11060=CARTESIAN_POINT('Origin',(21.7793862832407,38.2842786285239,0.400000000095337));
#11061=CARTESIAN_POINT('',(18.5793862832404,38.2842786285239,0.200000000042738));
#11062=CARTESIAN_POINT('Origin',(21.7793862832407,38.2842786285239,-4.22786920604143E-12));
#11063=CARTESIAN_POINT('',(18.7793862832407,38.2842786285239,-4.22786920604143E-12));
#11064=CARTESIAN_POINT('Origin',(21.7793862832407,38.2842786285239,2.99999999999577));
#11065=CARTESIAN_POINT('Origin',(21.7793862835442,28.7842786285309,2.99999999999577));
#11066=CARTESIAN_POINT('Origin',(21.7793862832407,38.2842786285239,2.99999999999577));
#11067=CARTESIAN_POINT('Origin',(13.0673862835439,25.6842786285309,49.9999999999955));
#11068=CARTESIAN_POINT('',(12.6453638116354,25.6842786285309,0.588764044940824));
#11069=CARTESIAN_POINT('Origin',(12.9323862835433,25.6842786285309,-3.88429145495251E-12));
#11070=CARTESIAN_POINT('',(12.9839080226772,25.6842786285309,0.690602580528231));
#11071=CARTESIAN_POINT('Origin',(13.1273862835501,25.6842786285309,-0.400000000003348));
#11072=CARTESIAN_POINT('',(13.0273862835442,25.6842786285309,0.740175425095139));
#11073=CARTESIAN_POINT('Origin',(12.9773862835469,25.6842786285309,0.740175425095117));
#11074=CARTESIAN_POINT('',(13.0273862835443,25.6842786285309,1.25982457489603));
#11075=CARTESIAN_POINT('',(13.0273862835492,25.6842786285309,25.3700877125453));
#11076=CARTESIAN_POINT('',(12.9839080226787,25.6842786285309,1.3093974194657));
#11077=CARTESIAN_POINT('Origin',(12.9773862835486,25.6842786285309,1.25982457489613));
#11078=CARTESIAN_POINT('',(12.6453638116359,25.6842786285309,1.41123595505069));
#11079=CARTESIAN_POINT('Origin',(13.1273862835426,25.6842786285309,2.39999999999505));
#11080=CARTESIAN_POINT('',(12.6453638116343,25.6842786285309,2.58876404493724));
#11081=CARTESIAN_POINT('Origin',(12.9323862835442,25.6842786285309,1.9999999999953));
#11082=CARTESIAN_POINT('',(12.9839080226772,25.6842786285309,2.69060258052823));
#11083=CARTESIAN_POINT('Origin',(13.1273862835501,25.6842786285309,1.59999999999665));
#11084=CARTESIAN_POINT('',(13.0273862835442,25.6842786285309,2.74017542509514));
#11085=CARTESIAN_POINT('Origin',(12.9773862835469,25.6842786285309,2.74017542509512));
#11086=CARTESIAN_POINT('',(13.0273862835441,25.6842786285309,1.95613898488343));
#11087=CARTESIAN_POINT('',(13.027386283549,25.6842786285309,26.3700877125453));
#11088=CARTESIAN_POINT('',(16.8573862835442,25.6842786285309,1.95613898488343));
#11089=CARTESIAN_POINT('',(16.7573862835442,25.6842786285309,1.95613898488344));
#11090=CARTESIAN_POINT('',(16.8573862835443,25.6842786285309,74.9999999999952));
#11091=CARTESIAN_POINT('Origin',(16.8573862835443,25.7842786285309,99.9999999999949));
#11092=CARTESIAN_POINT('',(16.8573862835443,31.8842786285309,1.95613898488344));
#11093=CARTESIAN_POINT('Origin',(16.8573862835443,30.7842786285309,3.11803398874567));
#11094=CARTESIAN_POINT('',(16.8573862835443,31.8842786285309,74.9999999999952));
#11095=CARTESIAN_POINT('',(16.8573862835442,25.6842786285309,4.2799289926079));
#11096=CARTESIAN_POINT('Origin',(16.8573862835443,26.7842786285309,3.11803398874567));
#11097=CARTESIAN_POINT('',(16.8573862835443,25.6842786285309,74.9999999999952));
#11098=CARTESIAN_POINT('Origin',(16.7573862835442,26.7842786285309,3.11803398874567));
#11099=CARTESIAN_POINT('',(13.0273862835445,25.6842786285309,4.2799289926079));
#11100=CARTESIAN_POINT('Origin',(13.0273862835442,26.7842786285309,3.11803398874567));
#11101=CARTESIAN_POINT('',(16.7573862835442,25.6842786285309,4.2799289926079));
#11102=CARTESIAN_POINT('Origin',(13.0673862835439,25.6842786285309,49.9999999999955));
#11103=CARTESIAN_POINT('',(13.0273862835486,25.6842786285309,3.25982457489625));
#11104=CARTESIAN_POINT('',(13.027386283549,25.6842786285309,26.3700877125453));
#11105=CARTESIAN_POINT('',(12.9839080226787,25.6842786285309,3.3093974194657));
#11106=CARTESIAN_POINT('Origin',(12.9773862835486,25.6842786285309,3.25982457489613));
#11107=CARTESIAN_POINT('',(12.6453638116359,25.6842786285309,3.41123595505069));
#11108=CARTESIAN_POINT('Origin',(13.1273862835426,25.6842786285309,4.39999999999505));
#11109=CARTESIAN_POINT('',(12.6453638116343,25.6842786285309,4.58876404493723));
#11110=CARTESIAN_POINT('Origin',(12.9323862835442,25.6842786285309,3.9999999999953));
#11111=CARTESIAN_POINT('',(12.9839080226772,25.6842786285309,4.69060258052823));
#11112=CARTESIAN_POINT('Origin',(13.1273862835501,25.6842786285309,3.59999999999665));
#11113=CARTESIAN_POINT('',(13.0273862835442,25.6842786285309,4.74017542509514));
#11114=CARTESIAN_POINT('Origin',(12.9773862835469,25.6842786285309,4.74017542509512));
#11115=CARTESIAN_POINT('',(13.0273862835486,25.6842786285309,5.25982457489625));
#11116=CARTESIAN_POINT('',(13.0273862835488,25.6842786285309,27.3700877125453));
#11117=CARTESIAN_POINT('',(12.9839080226787,25.6842786285309,5.3093974194657));
#11118=CARTESIAN_POINT('Origin',(12.9773862835486,25.6842786285309,5.25982457489613));
#11119=CARTESIAN_POINT('',(12.6453638116359,25.6842786285309,5.41123595505069));
#11120=CARTESIAN_POINT('Origin',(13.1273862835426,25.6842786285309,6.39999999999505));
#11121=CARTESIAN_POINT('',(12.6453638116343,25.6842786285309,6.58876404493723));
#11122=CARTESIAN_POINT('Origin',(12.9323862835442,25.6842786285309,5.9999999999953));
#11123=CARTESIAN_POINT('',(12.9839080226772,25.6842786285309,6.69060258052823));
#11124=CARTESIAN_POINT('Origin',(13.1273862835501,25.6842786285309,5.59999999999665));
#11125=CARTESIAN_POINT('',(13.0273862835442,25.6842786285309,6.74017542509514));
#11126=CARTESIAN_POINT('Origin',(12.9773862835469,25.6842786285309,6.74017542509512));
#11127=CARTESIAN_POINT('',(13.0273862835486,25.6842786285309,7.25982457489625));
#11128=CARTESIAN_POINT('',(13.0273862835486,25.6842786285309,28.3700877125453));
#11129=CARTESIAN_POINT('',(12.9839080226787,25.6842786285309,7.3093974194657));
#11130=CARTESIAN_POINT('Origin',(12.9773862835486,25.6842786285309,7.25982457489613));
#11131=CARTESIAN_POINT('',(12.6453638116359,25.6842786285309,7.41123595505069));
#11132=CARTESIAN_POINT('Origin',(13.1273862835426,25.6842786285309,8.39999999999505));
#11133=CARTESIAN_POINT('',(12.6453638116343,25.6842786285309,8.58876404493723));
#11134=CARTESIAN_POINT('Origin',(12.9323862835442,25.6842786285309,7.9999999999953));
#11135=CARTESIAN_POINT('',(12.9839080226772,25.6842786285309,8.69060258052823));
#11136=CARTESIAN_POINT('Origin',(13.1273862835501,25.6842786285309,7.59999999999665));
#11137=CARTESIAN_POINT('',(13.0273862835442,25.6842786285309,8.74017542509514));
#11138=CARTESIAN_POINT('Origin',(12.9773862835469,25.6842786285309,8.74017542509512));
#11139=CARTESIAN_POINT('',(13.0273862835486,25.6842786285309,9.25982457489625));
#11140=CARTESIAN_POINT('',(13.0273862835484,25.6842786285309,29.3700877125453));
#11141=CARTESIAN_POINT('',(12.9839080226787,25.6842786285309,9.30939741946569));
#11142=CARTESIAN_POINT('Origin',(12.9773862835486,25.6842786285309,9.25982457489613));
#11143=CARTESIAN_POINT('',(12.6453638116359,25.6842786285309,9.41123595505069));
#11144=CARTESIAN_POINT('Origin',(13.1273862835426,25.6842786285309,10.3999999999951));
#11145=CARTESIAN_POINT('',(12.6453638116343,25.6842786285309,10.5887640449372));
#11146=CARTESIAN_POINT('Origin',(12.9323862835442,25.6842786285309,9.9999999999953));
#11147=CARTESIAN_POINT('',(12.9839080226772,25.6842786285309,10.6906025805282));
#11148=CARTESIAN_POINT('Origin',(13.1273862835501,25.6842786285309,9.59999999999665));
#11149=CARTESIAN_POINT('',(13.0273862835442,25.6842786285309,10.7401754250951));
#11150=CARTESIAN_POINT('Origin',(12.9773862835469,25.6842786285309,10.7401754250951));
#11151=CARTESIAN_POINT('',(13.0273862835486,25.6842786285309,11.2598245748963));
#11152=CARTESIAN_POINT('',(13.0273862835482,25.6842786285309,30.3700877125453));
#11153=CARTESIAN_POINT('',(12.9839080226787,25.6842786285309,11.3093974194657));
#11154=CARTESIAN_POINT('Origin',(12.9773862835486,25.6842786285309,11.2598245748961));
#11155=CARTESIAN_POINT('Origin',(13.1273862835426,25.6842786285309,12.3999999999951));
#11156=CARTESIAN_POINT('Origin',(16.7573862835442,30.7842786285309,3.11803398874567));
#11157=CARTESIAN_POINT('',(13.0273862835441,31.8842786285309,1.95613898488344));
#11158=CARTESIAN_POINT('Origin',(13.0273862835442,30.7842786285309,3.11803398874567));
#11159=CARTESIAN_POINT('',(16.7573862835442,31.8842786285309,1.95613898488344));
#11160=CARTESIAN_POINT('Origin',(13.0673862835439,31.8842786285309,49.9999999999955));
#11161=CARTESIAN_POINT('',(13.0273862835442,31.8842786285309,2.74017542509514));
#11162=CARTESIAN_POINT('',(13.027386283549,31.8842786285309,26.3700877125453));
#11163=CARTESIAN_POINT('',(12.9839080226772,31.8842786285309,2.69060258052823));
#11164=CARTESIAN_POINT('Origin',(12.9773862835469,31.8842786285309,2.74017542509512));
#11165=CARTESIAN_POINT('',(12.6453638116343,31.8842786285309,2.58876404493724));
#11166=CARTESIAN_POINT('Origin',(13.1273862835501,31.8842786285309,1.59999999999665));
#11167=CARTESIAN_POINT('',(12.6453638116359,31.8842786285309,1.41123595505069));
#11168=CARTESIAN_POINT('Origin',(12.9323862835442,31.8842786285309,1.9999999999953));
#11169=CARTESIAN_POINT('',(12.9839080226787,31.8842786285309,1.3093974194657));
#11170=CARTESIAN_POINT('Origin',(13.1273862835426,31.8842786285309,2.39999999999505));
#11171=CARTESIAN_POINT('',(13.0273862835443,31.8842786285309,1.25982457489603));
#11172=CARTESIAN_POINT('Origin',(12.9773862835486,31.8842786285309,1.25982457489613));
#11173=CARTESIAN_POINT('',(13.0273862835442,31.8842786285309,0.740175425095139));
#11174=CARTESIAN_POINT('',(13.0273862835492,31.8842786285309,25.3700877125453));
#11175=CARTESIAN_POINT('',(12.9839080226772,31.8842786285309,0.690602580528231));
#11176=CARTESIAN_POINT('Origin',(12.9773862835469,31.8842786285309,0.740175425095117));
#11177=CARTESIAN_POINT('',(12.6453638116354,31.8842786285309,0.588764044940824));
#11178=CARTESIAN_POINT('Origin',(13.1273862835501,31.8842786285309,-0.400000000003348));
#11179=CARTESIAN_POINT('Origin',(12.9323862835433,31.8842786285309,-3.88429145495251E-12));
#11180=CARTESIAN_POINT('Origin',(13.1273862835426,25.7842786285309,12.3999999999951));
#11181=CARTESIAN_POINT('',(12.9839080226787,25.7842786285309,11.3093974194657));
#11182=CARTESIAN_POINT('Origin',(12.9773862835486,25.7842786285309,11.2598245748961));
#11183=CARTESIAN_POINT('',(13.0273862835486,25.7842786285309,11.2598245748963));
#11184=CARTESIAN_POINT('Origin',(13.0273862835442,25.7842786285309,10.7401754250951));
#11185=CARTESIAN_POINT('',(13.0273862835442,25.7842786285309,10.7401754250951));
#11186=CARTESIAN_POINT('Origin',(12.9773862835469,25.7842786285309,10.7401754250951));
#11187=CARTESIAN_POINT('',(12.9839080226772,25.7842786285309,10.6906025805282));
#11188=CARTESIAN_POINT('Origin',(13.1273862835501,25.7842786285309,9.59999999999665));
#11189=CARTESIAN_POINT('',(12.6453638116343,25.7842786285309,10.5887640449372));
#11190=CARTESIAN_POINT('Origin',(12.9323862835442,25.7842786285309,9.9999999999953));
#11191=CARTESIAN_POINT('',(12.6453638116359,25.7842786285309,9.41123595505069));
#11192=CARTESIAN_POINT('Origin',(13.1273862835426,25.7842786285309,10.3999999999951));
#11193=CARTESIAN_POINT('',(12.9839080226787,25.7842786285309,9.3093974194657));
#11194=CARTESIAN_POINT('Origin',(12.9773862835486,25.7842786285309,9.25982457489613));
#11195=CARTESIAN_POINT('',(13.0273862835486,25.7842786285309,9.25982457489625));
#11196=CARTESIAN_POINT('Origin',(13.0273862835442,25.7842786285309,8.74017542509514));
#11197=CARTESIAN_POINT('',(13.0273862835442,25.7842786285309,8.74017542509514));
#11198=CARTESIAN_POINT('Origin',(12.9773862835469,25.7842786285309,8.74017542509512));
#11199=CARTESIAN_POINT('',(12.9839080226772,25.7842786285309,8.69060258052823));
#11200=CARTESIAN_POINT('Origin',(13.1273862835501,25.7842786285309,7.59999999999665));
#11201=CARTESIAN_POINT('',(12.6453638116343,25.7842786285309,8.58876404493723));
#11202=CARTESIAN_POINT('Origin',(12.9323862835442,25.7842786285309,7.9999999999953));
#11203=CARTESIAN_POINT('',(12.6453638116359,25.7842786285309,7.41123595505069));
#11204=CARTESIAN_POINT('Origin',(13.1273862835426,25.7842786285309,8.39999999999505));
#11205=CARTESIAN_POINT('',(12.9839080226787,25.7842786285309,7.3093974194657));
#11206=CARTESIAN_POINT('Origin',(12.9773862835486,25.7842786285309,7.25982457489613));
#11207=CARTESIAN_POINT('',(13.0273862835486,25.7842786285309,7.25982457489625));
#11208=CARTESIAN_POINT('Origin',(13.0273862835442,25.7842786285309,6.74017542509514));
#11209=CARTESIAN_POINT('',(13.0273862835442,25.7842786285309,6.74017542509514));
#11210=CARTESIAN_POINT('Origin',(12.9773862835469,25.7842786285309,6.74017542509512));
#11211=CARTESIAN_POINT('',(12.9839080226772,25.7842786285309,6.69060258052823));
#11212=CARTESIAN_POINT('Origin',(13.1273862835501,25.7842786285309,5.59999999999665));
#11213=CARTESIAN_POINT('',(12.6453638116343,25.7842786285309,6.58876404493723));
#11214=CARTESIAN_POINT('Origin',(12.9323862835442,25.7842786285309,5.9999999999953));
#11215=CARTESIAN_POINT('',(12.6453638116359,25.7842786285309,5.41123595505069));
#11216=CARTESIAN_POINT('Origin',(13.1273862835426,25.7842786285309,6.39999999999505));
#11217=CARTESIAN_POINT('',(12.9839080226787,25.7842786285309,5.3093974194657));
#11218=CARTESIAN_POINT('Origin',(12.9773862835486,25.7842786285309,5.25982457489613));
#11219=CARTESIAN_POINT('',(13.0273862835486,25.7842786285309,5.25982457489625));
#11220=CARTESIAN_POINT('Origin',(13.0273862835442,25.7842786285309,4.74017542509514));
#11221=CARTESIAN_POINT('',(13.0273862835442,25.7842786285309,4.74017542509514));
#11222=CARTESIAN_POINT('Origin',(12.9773862835469,25.7842786285309,4.74017542509512));
#11223=CARTESIAN_POINT('',(12.9839080226772,25.7842786285309,4.69060258052823));
#11224=CARTESIAN_POINT('Origin',(13.1273862835501,25.7842786285309,3.59999999999665));
#11225=CARTESIAN_POINT('',(12.6453638116343,25.7842786285309,4.58876404493723));
#11226=CARTESIAN_POINT('Origin',(12.9323862835442,25.7842786285309,3.9999999999953));
#11227=CARTESIAN_POINT('',(12.6453638116359,25.7842786285309,3.41123595505069));
#11228=CARTESIAN_POINT('Origin',(13.1273862835426,25.7842786285309,4.39999999999505));
#11229=CARTESIAN_POINT('',(12.9839080226787,25.7842786285309,3.3093974194657));
#11230=CARTESIAN_POINT('Origin',(12.9773862835486,25.7842786285309,3.25982457489613));
#11231=CARTESIAN_POINT('',(13.0273862835486,25.7842786285309,3.25982457489625));
#11232=CARTESIAN_POINT('Origin',(13.0273862835442,25.7842786285309,2.74017542509514));
#11233=CARTESIAN_POINT('',(13.0273862835442,25.7842786285309,2.74017542509514));
#11234=CARTESIAN_POINT('Origin',(12.9773862835469,25.7842786285309,2.74017542509512));
#11235=CARTESIAN_POINT('',(12.9839080226772,25.7842786285309,2.69060258052823));
#11236=CARTESIAN_POINT('Origin',(13.1273862835501,25.7842786285309,1.59999999999665));
#11237=CARTESIAN_POINT('',(12.6453638116343,25.7842786285309,2.58876404493723));
#11238=CARTESIAN_POINT('Origin',(12.9323862835442,25.7842786285309,1.9999999999953));
#11239=CARTESIAN_POINT('',(12.6453638116359,25.7842786285309,1.41123595505069));
#11240=CARTESIAN_POINT('Origin',(13.1273862835426,25.7842786285309,2.39999999999505));
#11241=CARTESIAN_POINT('',(12.9839080226787,25.7842786285309,1.3093974194657));
#11242=CARTESIAN_POINT('Origin',(12.9773862835486,25.7842786285309,1.25982457489613));
#11243=CARTESIAN_POINT('',(13.0273862835443,25.7842786285309,1.25982457489603));
#11244=CARTESIAN_POINT('Origin',(13.0273862835442,25.7842786285309,0.740175425095137));
#11245=CARTESIAN_POINT('',(13.0273862835442,25.7842786285309,0.740175425095137));
#11246=CARTESIAN_POINT('Origin',(12.9773862835469,25.7842786285309,0.740175425095117));
#11247=CARTESIAN_POINT('',(12.9839080226772,25.7842786285309,0.690602580528233));
#11248=CARTESIAN_POINT('Origin',(13.1273862835501,25.7842786285309,-0.400000000003348));
#11249=CARTESIAN_POINT('',(12.6453638116354,25.7842786285309,0.588764044940824));
#11250=CARTESIAN_POINT('Origin',(12.9323862835433,25.7842786285309,-3.88429145495251E-12));
#11251=CARTESIAN_POINT('Origin',(13.0673862832403,35.1842786285239,49.9999999999955));
#11252=CARTESIAN_POINT('',(12.6453638113318,35.1842786285239,0.588764044940824));
#11253=CARTESIAN_POINT('Origin',(12.9323862832398,35.1842786285239,-3.8835601401388E-12));
#11254=CARTESIAN_POINT('',(12.9839080223736,35.1842786285239,0.690602580528232));
#11255=CARTESIAN_POINT('Origin',(13.1273862832465,35.1842786285239,-0.400000000003348));
#11256=CARTESIAN_POINT('',(13.0273862832406,35.1842786285239,0.74017542509514));
#11257=CARTESIAN_POINT('Origin',(12.9773862832433,35.1842786285239,0.740175425095118));
#11258=CARTESIAN_POINT('',(13.0273862832407,35.1842786285239,1.25982457489603));
#11259=CARTESIAN_POINT('',(13.0273862832456,35.1842786285239,25.3700877125453));
#11260=CARTESIAN_POINT('',(12.9839080223752,35.1842786285239,1.3093974194657));
#11261=CARTESIAN_POINT('Origin',(12.977386283245,35.1842786285239,1.25982457489613));
#11262=CARTESIAN_POINT('',(12.6453638113323,35.1842786285239,1.41123595505069));
#11263=CARTESIAN_POINT('Origin',(13.127386283239,35.1842786285239,2.39999999999505));
#11264=CARTESIAN_POINT('',(12.6453638113307,35.1842786285239,2.58876404493724));
#11265=CARTESIAN_POINT('Origin',(12.9323862832406,35.1842786285239,1.9999999999953));
#11266=CARTESIAN_POINT('',(12.9839080223736,35.1842786285239,2.69060258052823));
#11267=CARTESIAN_POINT('Origin',(13.1273862832465,35.1842786285239,1.59999999999665));
#11268=CARTESIAN_POINT('',(13.0273862832406,35.1842786285239,2.74017542509514));
#11269=CARTESIAN_POINT('Origin',(12.9773862832433,35.1842786285239,2.74017542509512));
#11270=CARTESIAN_POINT('',(13.0273862832405,35.1842786285239,1.95613898488343));
#11271=CARTESIAN_POINT('',(13.0273862832454,35.1842786285239,26.3700877125453));
#11272=CARTESIAN_POINT('',(16.8573862832407,35.1842786285239,1.95613898488343));
#11273=CARTESIAN_POINT('',(16.7573862832407,35.1842786285239,1.95613898488344));
#11274=CARTESIAN_POINT('',(16.8573862832407,35.1842786285239,74.9999999999952));
#11275=CARTESIAN_POINT('Origin',(16.8573862832407,35.2842786285239,99.9999999999949));
#11276=CARTESIAN_POINT('',(16.8573862832407,41.3842786285239,1.95613898488344));
#11277=CARTESIAN_POINT('Origin',(16.8573862832407,40.2842786285239,3.11803398874567));
#11278=CARTESIAN_POINT('',(16.8573862832407,41.3842786285239,74.9999999999952));
#11279=CARTESIAN_POINT('',(16.8573862832407,35.1842786285239,4.2799289926079));
#11280=CARTESIAN_POINT('Origin',(16.8573862832407,36.2842786285239,3.11803398874567));
#11281=CARTESIAN_POINT('',(16.8573862832407,35.1842786285239,74.9999999999952));
#11282=CARTESIAN_POINT('Origin',(16.7573862832407,36.2842786285239,3.11803398874567));
#11283=CARTESIAN_POINT('',(13.0273862832409,35.1842786285239,4.2799289926079));
#11284=CARTESIAN_POINT('Origin',(13.0273862832406,36.2842786285239,3.11803398874567));
#11285=CARTESIAN_POINT('',(16.7573862832407,35.1842786285239,4.2799289926079));
#11286=CARTESIAN_POINT('Origin',(13.0673862832403,35.1842786285239,49.9999999999955));
#11287=CARTESIAN_POINT('',(13.027386283245,35.1842786285239,3.25982457489625));
#11288=CARTESIAN_POINT('',(13.0273862832454,35.1842786285239,26.3700877125453));
#11289=CARTESIAN_POINT('',(12.9839080223752,35.1842786285239,3.3093974194657));
#11290=CARTESIAN_POINT('Origin',(12.977386283245,35.1842786285239,3.25982457489613));
#11291=CARTESIAN_POINT('',(12.6453638113323,35.1842786285239,3.41123595505069));
#11292=CARTESIAN_POINT('Origin',(13.127386283239,35.1842786285239,4.39999999999505));
#11293=CARTESIAN_POINT('',(12.6453638113307,35.1842786285239,4.58876404493723));
#11294=CARTESIAN_POINT('Origin',(12.9323862832406,35.1842786285239,3.9999999999953));
#11295=CARTESIAN_POINT('',(12.9839080223736,35.1842786285239,4.69060258052823));
#11296=CARTESIAN_POINT('Origin',(13.1273862832465,35.1842786285239,3.59999999999665));
#11297=CARTESIAN_POINT('',(13.0273862832406,35.1842786285239,4.74017542509514));
#11298=CARTESIAN_POINT('Origin',(12.9773862832433,35.1842786285239,4.74017542509512));
#11299=CARTESIAN_POINT('',(13.027386283245,35.1842786285239,5.25982457489626));
#11300=CARTESIAN_POINT('',(13.0273862832452,35.1842786285239,27.3700877125453));
#11301=CARTESIAN_POINT('',(12.9839080223752,35.1842786285239,5.3093974194657));
#11302=CARTESIAN_POINT('Origin',(12.977386283245,35.1842786285239,5.25982457489613));
#11303=CARTESIAN_POINT('',(12.6453638113323,35.1842786285239,5.41123595505069));
#11304=CARTESIAN_POINT('Origin',(13.127386283239,35.1842786285239,6.39999999999505));
#11305=CARTESIAN_POINT('',(12.6453638113307,35.1842786285239,6.58876404493723));
#11306=CARTESIAN_POINT('Origin',(12.9323862832406,35.1842786285239,5.9999999999953));
#11307=CARTESIAN_POINT('',(12.9839080223736,35.1842786285239,6.69060258052824));
#11308=CARTESIAN_POINT('Origin',(13.1273862832465,35.1842786285239,5.59999999999665));
#11309=CARTESIAN_POINT('',(13.0273862832406,35.1842786285239,6.74017542509514));
#11310=CARTESIAN_POINT('Origin',(12.9773862832433,35.1842786285239,6.74017542509512));
#11311=CARTESIAN_POINT('',(13.027386283245,35.1842786285239,7.25982457489625));
#11312=CARTESIAN_POINT('',(13.027386283245,35.1842786285239,28.3700877125453));
#11313=CARTESIAN_POINT('',(12.9839080223752,35.1842786285239,7.3093974194657));
#11314=CARTESIAN_POINT('Origin',(12.977386283245,35.1842786285239,7.25982457489613));
#11315=CARTESIAN_POINT('',(12.6453638113323,35.1842786285239,7.41123595505069));
#11316=CARTESIAN_POINT('Origin',(13.127386283239,35.1842786285239,8.39999999999505));
#11317=CARTESIAN_POINT('',(12.6453638113307,35.1842786285239,8.58876404493723));
#11318=CARTESIAN_POINT('Origin',(12.9323862832406,35.1842786285239,7.9999999999953));
#11319=CARTESIAN_POINT('',(12.9839080223736,35.1842786285239,8.69060258052824));
#11320=CARTESIAN_POINT('Origin',(13.1273862832465,35.1842786285239,7.59999999999665));
#11321=CARTESIAN_POINT('',(13.0273862832406,35.1842786285239,8.74017542509514));
#11322=CARTESIAN_POINT('Origin',(12.9773862832433,35.1842786285239,8.74017542509512));
#11323=CARTESIAN_POINT('',(13.027386283245,35.1842786285239,9.25982457489625));
#11324=CARTESIAN_POINT('',(13.0273862832448,35.1842786285239,29.3700877125453));
#11325=CARTESIAN_POINT('',(12.9839080223752,35.1842786285239,9.3093974194657));
#11326=CARTESIAN_POINT('Origin',(12.977386283245,35.1842786285239,9.25982457489613));
#11327=CARTESIAN_POINT('',(12.6453638113323,35.1842786285239,9.41123595505069));
#11328=CARTESIAN_POINT('Origin',(13.127386283239,35.1842786285239,10.3999999999951));
#11329=CARTESIAN_POINT('',(12.6453638113307,35.1842786285239,10.5887640449372));
#11330=CARTESIAN_POINT('Origin',(12.9323862832406,35.1842786285239,9.9999999999953));
#11331=CARTESIAN_POINT('',(12.9839080223736,35.1842786285239,10.6906025805282));
#11332=CARTESIAN_POINT('Origin',(13.1273862832465,35.1842786285239,9.59999999999665));
#11333=CARTESIAN_POINT('',(13.0273862832406,35.1842786285239,10.7401754250951));
#11334=CARTESIAN_POINT('Origin',(12.9773862832433,35.1842786285239,10.7401754250951));
#11335=CARTESIAN_POINT('',(13.027386283245,35.1842786285239,11.2598245748963));
#11336=CARTESIAN_POINT('',(13.0273862832446,35.1842786285239,30.3700877125453));
#11337=CARTESIAN_POINT('',(12.9839080223752,35.1842786285239,11.3093974194657));
#11338=CARTESIAN_POINT('Origin',(12.977386283245,35.1842786285239,11.2598245748961));
#11339=CARTESIAN_POINT('Origin',(13.127386283239,35.1842786285239,12.3999999999951));
#11340=CARTESIAN_POINT('Origin',(16.7573862832407,40.2842786285239,3.11803398874567));
#11341=CARTESIAN_POINT('',(13.0273862832405,41.3842786285239,1.95613898488344));
#11342=CARTESIAN_POINT('Origin',(13.0273862832406,40.2842786285239,3.11803398874567));
#11343=CARTESIAN_POINT('',(16.7573862832407,41.3842786285239,1.95613898488344));
#11344=CARTESIAN_POINT('Origin',(13.0673862832403,41.3842786285239,49.9999999999955));
#11345=CARTESIAN_POINT('',(13.0273862832406,41.3842786285239,2.74017542509514));
#11346=CARTESIAN_POINT('',(13.0273862832454,41.3842786285239,26.3700877125453));
#11347=CARTESIAN_POINT('',(12.9839080223736,41.3842786285239,2.69060258052823));
#11348=CARTESIAN_POINT('Origin',(12.9773862832433,41.3842786285239,2.74017542509512));
#11349=CARTESIAN_POINT('',(12.6453638113307,41.3842786285239,2.58876404493724));
#11350=CARTESIAN_POINT('Origin',(13.1273862832465,41.3842786285239,1.59999999999665));
#11351=CARTESIAN_POINT('',(12.6453638113323,41.3842786285239,1.41123595505069));
#11352=CARTESIAN_POINT('Origin',(12.9323862832406,41.3842786285239,1.9999999999953));
#11353=CARTESIAN_POINT('',(12.9839080223752,41.3842786285239,1.3093974194657));
#11354=CARTESIAN_POINT('Origin',(13.127386283239,41.3842786285239,2.39999999999505));
#11355=CARTESIAN_POINT('',(13.0273862832407,41.3842786285239,1.25982457489603));
#11356=CARTESIAN_POINT('Origin',(12.977386283245,41.3842786285239,1.25982457489613));
#11357=CARTESIAN_POINT('',(13.0273862832406,41.3842786285239,0.74017542509514));
#11358=CARTESIAN_POINT('',(13.0273862832456,41.3842786285239,25.3700877125453));
#11359=CARTESIAN_POINT('',(12.9839080223736,41.3842786285239,0.690602580528232));
#11360=CARTESIAN_POINT('Origin',(12.9773862832433,41.3842786285239,0.740175425095118));
#11361=CARTESIAN_POINT('',(12.6453638113318,41.3842786285239,0.588764044940824));
#11362=CARTESIAN_POINT('Origin',(13.1273862832465,41.3842786285239,-0.400000000003348));
#11363=CARTESIAN_POINT('Origin',(12.9323862832398,41.3842786285239,-3.8835601401388E-12));
#11364=CARTESIAN_POINT('Origin',(13.127386283239,35.2842786285239,12.3999999999951));
#11365=CARTESIAN_POINT('',(12.9839080223752,35.2842786285239,11.3093974194657));
#11366=CARTESIAN_POINT('Origin',(12.977386283245,35.2842786285239,11.2598245748961));
#11367=CARTESIAN_POINT('',(13.027386283245,35.2842786285239,11.2598245748963));
#11368=CARTESIAN_POINT('Origin',(13.0273862832406,35.2842786285239,10.7401754250951));
#11369=CARTESIAN_POINT('',(13.0273862832406,35.2842786285239,10.7401754250951));
#11370=CARTESIAN_POINT('Origin',(12.9773862832433,35.2842786285239,10.7401754250951));
#11371=CARTESIAN_POINT('',(12.9839080223736,35.2842786285239,10.6906025805282));
#11372=CARTESIAN_POINT('Origin',(13.1273862832465,35.2842786285239,9.59999999999665));
#11373=CARTESIAN_POINT('',(12.6453638113307,35.2842786285239,10.5887640449372));
#11374=CARTESIAN_POINT('Origin',(12.9323862832406,35.2842786285239,9.9999999999953));
#11375=CARTESIAN_POINT('',(12.6453638113323,35.2842786285239,9.41123595505069));
#11376=CARTESIAN_POINT('Origin',(13.127386283239,35.2842786285239,10.3999999999951));
#11377=CARTESIAN_POINT('',(12.9839080223752,35.2842786285239,9.3093974194657));
#11378=CARTESIAN_POINT('Origin',(12.977386283245,35.2842786285239,9.25982457489613));
#11379=CARTESIAN_POINT('',(13.027386283245,35.2842786285239,9.25982457489625));
#11380=CARTESIAN_POINT('Origin',(13.0273862832406,35.2842786285239,8.74017542509514));
#11381=CARTESIAN_POINT('',(13.0273862832406,35.2842786285239,8.74017542509514));
#11382=CARTESIAN_POINT('Origin',(12.9773862832433,35.2842786285239,8.74017542509512));
#11383=CARTESIAN_POINT('',(12.9839080223736,35.2842786285239,8.69060258052823));
#11384=CARTESIAN_POINT('Origin',(13.1273862832465,35.2842786285239,7.59999999999665));
#11385=CARTESIAN_POINT('',(12.6453638113307,35.2842786285239,8.58876404493724));
#11386=CARTESIAN_POINT('Origin',(12.9323862832406,35.2842786285239,7.9999999999953));
#11387=CARTESIAN_POINT('',(12.6453638113323,35.2842786285239,7.41123595505069));
#11388=CARTESIAN_POINT('Origin',(13.127386283239,35.2842786285239,8.39999999999505));
#11389=CARTESIAN_POINT('',(12.9839080223752,35.2842786285239,7.3093974194657));
#11390=CARTESIAN_POINT('Origin',(12.977386283245,35.2842786285239,7.25982457489613));
#11391=CARTESIAN_POINT('',(13.027386283245,35.2842786285239,7.25982457489625));
#11392=CARTESIAN_POINT('Origin',(13.0273862832406,35.2842786285239,6.74017542509514));
#11393=CARTESIAN_POINT('',(13.0273862832406,35.2842786285239,6.74017542509514));
#11394=CARTESIAN_POINT('Origin',(12.9773862832433,35.2842786285239,6.74017542509512));
#11395=CARTESIAN_POINT('',(12.9839080223736,35.2842786285239,6.69060258052823));
#11396=CARTESIAN_POINT('Origin',(13.1273862832465,35.2842786285239,5.59999999999665));
#11397=CARTESIAN_POINT('',(12.6453638113307,35.2842786285239,6.58876404493724));
#11398=CARTESIAN_POINT('Origin',(12.9323862832406,35.2842786285239,5.9999999999953));
#11399=CARTESIAN_POINT('',(12.6453638113323,35.2842786285239,5.41123595505069));
#11400=CARTESIAN_POINT('Origin',(13.127386283239,35.2842786285239,6.39999999999505));
#11401=CARTESIAN_POINT('',(12.9839080223752,35.2842786285239,5.3093974194657));
#11402=CARTESIAN_POINT('Origin',(12.977386283245,35.2842786285239,5.25982457489613));
#11403=CARTESIAN_POINT('',(13.027386283245,35.2842786285239,5.25982457489625));
#11404=CARTESIAN_POINT('Origin',(13.0273862832406,35.2842786285239,4.74017542509514));
#11405=CARTESIAN_POINT('',(13.0273862832406,35.2842786285239,4.74017542509514));
#11406=CARTESIAN_POINT('Origin',(12.9773862832433,35.2842786285239,4.74017542509512));
#11407=CARTESIAN_POINT('',(12.9839080223736,35.2842786285239,4.69060258052823));
#11408=CARTESIAN_POINT('Origin',(13.1273862832465,35.2842786285239,3.59999999999665));
#11409=CARTESIAN_POINT('',(12.6453638113307,35.2842786285239,4.58876404493723));
#11410=CARTESIAN_POINT('Origin',(12.9323862832406,35.2842786285239,3.9999999999953));
#11411=CARTESIAN_POINT('',(12.6453638113323,35.2842786285239,3.41123595505069));
#11412=CARTESIAN_POINT('Origin',(13.127386283239,35.2842786285239,4.39999999999505));
#11413=CARTESIAN_POINT('',(12.9839080223752,35.2842786285239,3.3093974194657));
#11414=CARTESIAN_POINT('Origin',(12.977386283245,35.2842786285239,3.25982457489613));
#11415=CARTESIAN_POINT('',(13.027386283245,35.2842786285239,3.25982457489625));
#11416=CARTESIAN_POINT('Origin',(13.0273862832406,35.2842786285239,2.74017542509514));
#11417=CARTESIAN_POINT('',(13.0273862832406,35.2842786285239,2.74017542509514));
#11418=CARTESIAN_POINT('Origin',(12.9773862832433,35.2842786285239,2.74017542509512));
#11419=CARTESIAN_POINT('',(12.9839080223736,35.2842786285239,2.69060258052823));
#11420=CARTESIAN_POINT('Origin',(13.1273862832465,35.2842786285239,1.59999999999665));
#11421=CARTESIAN_POINT('',(12.6453638113307,35.2842786285239,2.58876404493723));
#11422=CARTESIAN_POINT('Origin',(12.9323862832406,35.2842786285239,1.9999999999953));
#11423=CARTESIAN_POINT('',(12.6453638113323,35.2842786285239,1.41123595505069));
#11424=CARTESIAN_POINT('Origin',(13.127386283239,35.2842786285239,2.39999999999505));
#11425=CARTESIAN_POINT('',(12.9839080223752,35.2842786285239,1.3093974194657));
#11426=CARTESIAN_POINT('Origin',(12.977386283245,35.2842786285239,1.25982457489613));
#11427=CARTESIAN_POINT('',(13.0273862832407,35.2842786285239,1.25982457489603));
#11428=CARTESIAN_POINT('Origin',(13.0273862832406,35.2842786285239,0.740175425095138));
#11429=CARTESIAN_POINT('',(13.0273862832406,35.2842786285239,0.740175425095138));
#11430=CARTESIAN_POINT('Origin',(12.9773862832433,35.2842786285239,0.740175425095118));
#11431=CARTESIAN_POINT('',(12.9839080223736,35.2842786285239,0.690602580528234));
#11432=CARTESIAN_POINT('Origin',(13.1273862832465,35.2842786285239,-0.400000000003348));
#11433=CARTESIAN_POINT('',(12.6453638113318,35.2842786285239,0.588764044940825));
#11434=CARTESIAN_POINT('Origin',(12.9323862832398,35.2842786285239,-3.8835601401388E-12));
#11435=CARTESIAN_POINT('Origin',(24.1375854532173,46.0207103879618,0.200000000039075));
#11436=CARTESIAN_POINT('Origin',(24.1375854532175,46.0207103879618,0.400000000093399));
#11437=CARTESIAN_POINT('',(28.001288758375,47.0559865683703,0.400000000091079));
#11438=CARTESIAN_POINT('Origin',(34.8874582816018,20.5837113770674,0.199999999978837));
#11439=CARTESIAN_POINT('',(34.0353233142532,24.5366630311575,0.399999999979266));
#11440=CARTESIAN_POINT('Origin',(24.3760650513611,21.9484725801372,0.200000000041733));
#11441=CARTESIAN_POINT('',(34.3760650513612,21.9484725801347,0.400000000092446));
#11442=CARTESIAN_POINT('Origin',(34.176065051351,-19.2707096507109,0.19999999998002));
#11443=CARTESIAN_POINT('',(34.3760650513495,-29.0207103879633,0.399999999980087));
#11444=CARTESIAN_POINT('Origin',(33.3760650513493,-29.0207103879633,0.200000000039971));
#11445=CARTESIAN_POINT('',(33.3760650513492,-30.0207103879632,0.400000000099823));
#11446=CARTESIAN_POINT('',(33.3760650513492,-29.8207103881116,0.200000000129462));
#11447=CARTESIAN_POINT('Origin',(33.3760650513495,-29.0207103879633,0.400000000099259));
#11448=CARTESIAN_POINT('Origin',(24.1375854532175,46.0207103879621,13.1874999139998));
#11449=CARTESIAN_POINT('',(24.1375854532189,50.0207103879626,21.5999821903148));
#11450=CARTESIAN_POINT('',(24.1375854532175,50.0207103879621,13.1874999139998));
#11451=CARTESIAN_POINT('Origin',(24.1375854532189,46.020710387963,21.5999821903148));
#11452=CARTESIAN_POINT('Origin',(33.3760650513495,-29.020710387963,21.5999930858768));
#11453=CARTESIAN_POINT('',(33.3760650513492,-30.0207103879631,12.3999995210448));
#11454=CARTESIAN_POINT('Origin',(33.3760650513495,-29.0207103879631,12.3999995215398));
#11455=CARTESIAN_POINT('',(33.3760650513492,-30.020710387963,21.5999930858768));
#11456=CARTESIAN_POINT('Origin',(26.5480658677121,4.37927966371291,14.2499832145488));
#11457=CARTESIAN_POINT('',(26.548065867712,3.9202759848506,14.2499832145488));
#11458=CARTESIAN_POINT('',(26.5480658677114,-5.4207203362864,14.2499832145488));
#11459=CARTESIAN_POINT('',(26.5480658677121,4.37927966371291,14.2499832145488));
#11460=CARTESIAN_POINT('',(26.5480658677114,-5.4207203362864,17.9249877939478));
#11461=CARTESIAN_POINT('',(26.548065867712,3.9202759848506,13.1499833006688));
#11462=CARTESIAN_POINT('Origin',(24.3480658677121,4.37927752682119,14.2499832145488));
#11463=CARTESIAN_POINT('Origin',(24.3480658677113,-5.4207203362859,14.2499832145488));
#11464=CARTESIAN_POINT('Origin',(24.348065867712,3.9202759848512,14.2499832145488));
#11465=CARTESIAN_POINT('Origin',(5.94806586771189,0.379279663718908,28.9499935528108));
#11466=CARTESIAN_POINT('',(5.94806586771045,-5.42072033628129,14.2499832145488));
#11467=CARTESIAN_POINT('',(5.94806586771047,-5.42072033628119,25.2749929630788));
#11468=CARTESIAN_POINT('',(5.94806586771189,0.379279663718703,14.2499832145488));
#11469=CARTESIAN_POINT('Origin',(3.67705442057008,-9.2207222713018,0.200000000039822));
#11470=CARTESIAN_POINT('',(4.4770544205702,-9.22072227130199,-2.18491891246231E-12));
#11471=CARTESIAN_POINT('Origin',(3.6770544205702,-9.2207222713018,0.40000000008181));
#11472=CARTESIAN_POINT('Origin',(3.6770544205702,-9.2207222713018,11.5999930858768));
#11473=CARTESIAN_POINT('Ctrl Pts',(3.67705442057015,-9.62072227130181,5.99999289077186));
#11474=CARTESIAN_POINT('Ctrl Pts',(3.80786217807119,-9.62072227130183,6.17440323410659));
#11475=CARTESIAN_POINT('Ctrl Pts',(3.91076814346518,-9.56116088178005,6.37246244424564));
#11476=CARTESIAN_POINT('Ctrl Pts',(4.04578400243519,-9.40665051678308,6.78598199091443));
#11477=CARTESIAN_POINT('Ctrl Pts',(4.07705442057018,-9.30972567693393,7.00097522554962));
#11478=CARTESIAN_POINT('Ctrl Pts',(4.0770544205702,-9.22072227130191,7.1999928907718));
#11479=CARTESIAN_POINT('Origin',(2.07705442056951,-12.0207169825362,7.19999289077181));
#11480=CARTESIAN_POINT('Origin',(-17.5229333611576,-23.4204295078173,11.8999922406838));
#11481=CARTESIAN_POINT('',(-16.5229333611575,-23.6204295078172,11.8999922666428));
#11482=CARTESIAN_POINT('',(-16.5229333357228,-23.2204295078175,10.9201963695288));
#11483=CARTESIAN_POINT('Ctrl Pts',(-16.5229333357228,-23.2204295078175,
10.9201963695288));
#11484=CARTESIAN_POINT('Ctrl Pts',(-16.5229333505597,-23.6204295078172,
11.4917439761788));
#11485=CARTESIAN_POINT('Ctrl Pts',(-16.5229333611575,-23.6204295078172,
11.8999922666428));
#11486=CARTESIAN_POINT('',(-17.5229333611576,-23.2204295078175,10.4999922406838));
#11487=CARTESIAN_POINT('Origin',(-17.5229333611576,-23.2204295078175,11.8999922406838));
#11488=CARTESIAN_POINT('',(-17.5229333611576,-23.6204295078172,10.8999922406838));
#11489=CARTESIAN_POINT('',(-17.5229333611576,-23.2204295078175,10.4999922406838));
#11490=CARTESIAN_POINT('Origin',(-17.5229333611576,-23.6204295078172,11.8999922406838));
#11491=CARTESIAN_POINT('Origin',(-15.8862175516353,-23.4204295078175,10.6999922406838));
#11492=CARTESIAN_POINT('',(-20.8713215055063,-23.2204295078174,10.4999922406838));
#11493=CARTESIAN_POINT('',(-15.8862175516353,-23.2204295078176,10.4999922406838));
#11494=CARTESIAN_POINT('',(-20.8713215055063,-23.6204295078174,10.8999922406838));
#11495=CARTESIAN_POINT('',(-20.8713215055063,-23.2204295078174,10.4999922406838));
#11496=CARTESIAN_POINT('',(-15.8862175516353,-23.6204295078175,10.8999922406838));
#11497=CARTESIAN_POINT('Origin',(-20.8713215055063,-23.420429507818,9.89999224068379));
#11498=CARTESIAN_POINT('',(-21.463314013751,-23.2204295078174,9.99769009215479));
#11499=CARTESIAN_POINT('',(-21.8579756859142,-23.6204295078185,10.0628219931358));
#11500=CARTESIAN_POINT('',(-21.463314013751,-23.2204295078174,9.99769009215479));
#11501=CARTESIAN_POINT('Origin',(-20.8713215055063,-23.6204295078185,9.89999224068379));
#11502=CARTESIAN_POINT('Origin',(-20.8713215055063,-23.2204295078174,9.89999224068379));
#11503=CARTESIAN_POINT('Origin',(1.54852648825593,-23.4204295078206,6.19999443867981));
#11504=CARTESIAN_POINT('Origin',(1.54852648825593,-23.6204295078229,6.19999443867981));
#11505=CARTESIAN_POINT('',(-21.32432826458,-23.2204295078176,1.63931345642579));
#11506=CARTESIAN_POINT('Origin',(1.54852648825595,-23.2204295078183,6.19999443867981));
#11507=CARTESIAN_POINT('',(-21.3243282324084,-23.4940901554599,0.400000000012799));
#11508=CARTESIAN_POINT('Ctrl Pts',(-21.3243282324084,-23.4940901554599,
0.400000000012781));
#11509=CARTESIAN_POINT('Ctrl Pts',(-21.324328248588,-23.3408925897261,1.02327088249076));
#11510=CARTESIAN_POINT('Ctrl Pts',(-21.32432826458,-23.2204295078177,1.63931345642577));
#11511=CARTESIAN_POINT('Ctrl Pts',(-21.3243282324065,-23.4940901554592,
0.400000000011046));
#11512=CARTESIAN_POINT('Ctrl Pts',(-21.1231159157111,-23.3485079330001,
0.198787688538936));
#11513=CARTESIAN_POINT('Ctrl Pts',(-20.9243282220145,-23.2097474015183,
2.51782136760358E-12));
#11514=CARTESIAN_POINT('Origin',(-25.549500051542,-23.2204295078169,21.5999923733638));
#11515=CARTESIAN_POINT('',(-16.5229333066432,-23.2204295078176,9.79999468187581));
#11516=CARTESIAN_POINT('',(-16.5229337531422,-23.2204295078171,26.9999914584458));
#11517=CARTESIAN_POINT('',(-17.5229332806839,-23.2204295078175,8.79999465591579));
#11518=CARTESIAN_POINT('Origin',(-17.5229333066432,-23.2204295078175,9.79999465591579));
#11519=CARTESIAN_POINT('',(-18.3243284504659,-23.2204295078175,8.79999463511279));
#11520=CARTESIAN_POINT('',(-23.9369140848644,-23.2204295078173,8.7999944894138));
#11521=CARTESIAN_POINT('',(-21.3243283725882,-23.2204295078175,5.79999455723479));
#11522=CARTESIAN_POINT('Origin',(-18.3243283725881,-23.2204295078187,5.7999946351128));
#11523=CARTESIAN_POINT('',(-21.324328782744,-23.2204295078171,21.5999854583168));
#11524=CARTESIAN_POINT('Origin',(-3.42316115793783,-27.8207092638487,12.1999970523668));
#11525=CARTESIAN_POINT('',(29.5760648674503,-28.0207092638399,11.9999945831938));
#11526=CARTESIAN_POINT('',(29.5760648674504,-27.6207092638703,12.3999995215398));
#11527=CARTESIAN_POINT('',(29.5760648674504,-27.7082095448908,12.3124981602458));
#11528=CARTESIAN_POINT('',(4.67706513527239,-27.6207092638655,12.3999995215398));
#11529=CARTESIAN_POINT('',(-3.42316115793774,-27.620709263864,12.3999995215398));
#11530=CARTESIAN_POINT('',(4.6770651352723,-28.0207092745876,11.9999970349745));
#11531=CARTESIAN_POINT('',(4.67706513527239,-27.6207092638655,12.3999995215398));
#11532=CARTESIAN_POINT('',(-3.42316115793783,-28.0207092638335,11.9999945831938));
#11533=CARTESIAN_POINT('Origin',(4.67706513527223,-27.8207092638353,14.3999995215398));
#11534=CARTESIAN_POINT('',(2.67706513527229,-27.6207092638351,14.3999995215398));
#11535=CARTESIAN_POINT('Origin',(4.6770651352723,-27.6207092638355,14.3999995215398));
#11536=CARTESIAN_POINT('',(2.27706513527221,-28.0207092638346,14.3999995215398));
#11537=CARTESIAN_POINT('',(2.67706513527229,-27.6207092638351,14.3999995215398));
#11538=CARTESIAN_POINT('Origin',(4.67706513527221,-28.020709263835,14.3999995215398));
#11539=CARTESIAN_POINT('Origin',(2.47706513527224,-27.8207092638346,14.4499890879078));
#11540=CARTESIAN_POINT('',(2.67706513527229,-27.6207092638346,18.0999935528238));
#11541=CARTESIAN_POINT('',(2.27706513527218,-28.0207092638345,18.0999935528238));
#11542=CARTESIAN_POINT('',(2.67706513527229,-27.6207092638346,18.0999935528238));
#11543=CARTESIAN_POINT('',(2.27706513527219,-28.0207092638346,14.4499890879078));
#11544=CARTESIAN_POINT('',(2.67706513527229,-27.6207092638346,14.4499890879078));
#11545=CARTESIAN_POINT('Origin',(1.67706513527224,-27.8207092638347,18.0999935528238));
#11546=CARTESIAN_POINT('',(1.67706513527228,-27.6207092638349,19.0999935528238));
#11547=CARTESIAN_POINT('Origin',(1.67706513527228,-27.6207092638349,18.0999935528238));
#11548=CARTESIAN_POINT('',(1.67706513527221,-28.0207092638344,18.6999935528238));
#11549=CARTESIAN_POINT('',(1.67706513527228,-27.6207092638349,19.0999935528238));
#11550=CARTESIAN_POINT('Origin',(1.67706513527221,-28.0207092638344,18.0999935528238));
#11551=CARTESIAN_POINT('Origin',(-0.973161524154564,-27.8207092638339,18.8999935528238));
#11552=CARTESIAN_POINT('',(-0.991594102178572,-27.6207092638339,19.0999935528238));
#11553=CARTESIAN_POINT('',(-0.991594102178661,-28.0207092638339,18.6999935528238));
#11554=CARTESIAN_POINT('',(-0.991594102178572,-27.6207092638339,19.0999935528238));
#11555=CARTESIAN_POINT('',(-0.9731615241546,-28.0207092638339,18.6999935528238));
#11556=CARTESIAN_POINT('',(-0.973161524154529,-27.6207092638339,19.0999935528238));
#11557=CARTESIAN_POINT('Origin',(-0.991594102178626,-27.820709263834,18.0999935528238));
#11558=CARTESIAN_POINT('',(-1.99159410217857,-27.6207092638339,18.0999935528238));
#11559=CARTESIAN_POINT('Origin',(-0.991594102178572,-27.6207092638341,18.0999935528238));
#11560=CARTESIAN_POINT('',(-1.59159410217865,-28.0207092638338,18.0999935528238));
#11561=CARTESIAN_POINT('',(-1.99159410217857,-27.6207092638339,18.0999935528238));
#11562=CARTESIAN_POINT('Origin',(-0.991594102178661,-28.0207092638339,18.0999935528238));
#11563=CARTESIAN_POINT('Origin',(-1.79159410217861,-27.8207092638338,13.1999930505868));
#11564=CARTESIAN_POINT('',(-1.99159410217857,-27.6207092638338,14.5999930858768));
#11565=CARTESIAN_POINT('',(-1.59159410217865,-28.0207092638338,14.5999930858768));
#11566=CARTESIAN_POINT('',(-1.99159410217857,-27.6207092638338,14.5999930858768));
#11567=CARTESIAN_POINT('',(-1.59159410217865,-28.0207092638338,13.1999930505868));
#11568=CARTESIAN_POINT('',(-1.99159410217857,-27.6207092638338,13.1999930505868));
#11569=CARTESIAN_POINT('Origin',(-4.99159410217863,-27.8207092638331,14.5999930858768));
#11570=CARTESIAN_POINT('',(-7.99159410217855,-27.6207092638325,14.5999930858768));
#11571=CARTESIAN_POINT('',(-8.39159410217865,-28.0207092638325,14.5999930858768));
#11572=CARTESIAN_POINT('',(-7.99159410217855,-27.6207092638325,14.5999930858768));
#11573=CARTESIAN_POINT('Origin',(-4.99159410217863,-28.0207092638332,14.5999930858768));
#11574=CARTESIAN_POINT('Origin',(-4.99159410217863,-27.6207092638331,14.5999930858768));
#11575=CARTESIAN_POINT('Origin',(-8.19159410217865,-27.8207092638326,10.9499928171138));
#11576=CARTESIAN_POINT('',(-7.99159410217855,-27.6207092638326,18.0999935528238));
#11577=CARTESIAN_POINT('',(-8.39159410217865,-28.0207092638325,18.0999935528238));
#11578=CARTESIAN_POINT('',(-7.99159410217855,-27.6207092638326,18.0999935528238));
#11579=CARTESIAN_POINT('',(-8.39159410217865,-28.0207092638325,10.9499928171138));
#11580=CARTESIAN_POINT('',(-7.99159410217855,-27.6207092638326,10.9499928171138));
#11581=CARTESIAN_POINT('Origin',(-8.99159410217863,-27.8207092638324,18.0999935528238));
#11582=CARTESIAN_POINT('',(-8.99159410217863,-27.6207092638325,19.0999935528238));
#11583=CARTESIAN_POINT('Origin',(-8.99159410217863,-27.6207092638325,18.0999935528238));
#11584=CARTESIAN_POINT('',(-8.99159410217863,-28.0207092638324,18.6999935528238));
#11585=CARTESIAN_POINT('',(-8.99159410217863,-27.6207092638325,19.0999935528238));
#11586=CARTESIAN_POINT('Origin',(-8.99159410217863,-28.0207092638324,18.0999935528238));
#11587=CARTESIAN_POINT('Origin',(-0.973161524154564,-27.8207092638339,18.8999935528238));
#11588=CARTESIAN_POINT('',(-9.52293343124624,-27.6207092638322,19.0999935528238));
#11589=CARTESIAN_POINT('',(-9.52293343124635,-28.0207092638322,18.6999935528238));
#11590=CARTESIAN_POINT('',(-9.52293343124624,-27.6207092638322,19.0999935528238));
#11591=CARTESIAN_POINT('',(-0.9731615241546,-28.0207092638339,18.6999935528238));
#11592=CARTESIAN_POINT('',(-0.973161524154529,-27.6207092638339,19.0999935528238));
#11593=CARTESIAN_POINT('Origin',(-9.52293343124624,-27.8207092638324,18.0999935528238));
#11594=CARTESIAN_POINT('',(-10.5229334312463,-27.6207092638323,18.0999935528238));
#11595=CARTESIAN_POINT('Origin',(-9.52293343124624,-27.6207092638325,18.0999935528238));
#11596=CARTESIAN_POINT('',(-10.1229334312463,-28.0207092638321,18.0999935528238));
#11597=CARTESIAN_POINT('',(-10.5229334312463,-27.6207092638323,18.0999935528238));
#11598=CARTESIAN_POINT('Origin',(-9.52293343124635,-28.0207092638323,18.0999935528238));
#11599=CARTESIAN_POINT('Origin',(-10.3229334312462,-27.8207092638321,13.1999930505868));
#11600=CARTESIAN_POINT('',(-10.5229334312463,-27.6207092638321,14.5999930858768));
#11601=CARTESIAN_POINT('',(-10.1229334312463,-28.0207092638322,14.5999930858768));
#11602=CARTESIAN_POINT('',(-10.5229334312463,-27.6207092638321,14.5999930858768));
#11603=CARTESIAN_POINT('',(-10.1229334312463,-28.0207092638322,13.1999930505868));
#11604=CARTESIAN_POINT('',(-10.5229334312463,-27.6207092638321,13.1999930505868));
#11605=CARTESIAN_POINT('Origin',(-13.5229334312462,-27.8207092638316,14.5999930858768));
#11606=CARTESIAN_POINT('',(-15.6657905196016,-27.6207092638312,12.5004303935798));
#11607=CARTESIAN_POINT('',(-15.951504798049,-28.0207092638311,12.2204887012738));
#11608=CARTESIAN_POINT('',(-15.6657905196016,-27.6207092638312,12.5004303935798));
#11609=CARTESIAN_POINT('Origin',(-13.5229334312463,-28.0207092638315,14.5999930858768));
#11610=CARTESIAN_POINT('Origin',(-13.5229334312462,-27.6207092638316,14.5999930858768));
#11611=CARTESIAN_POINT('Origin',(-16.0229333676607,-27.8207092638311,12.1505032781968));
#11612=CARTESIAN_POINT('',(-16.5229333676608,-27.6207092638311,12.1505032652178));
#11613=CARTESIAN_POINT('Origin',(-16.0229333676607,-27.6207092638312,12.1505032781968));
#11614=CARTESIAN_POINT('',(-16.1229333676608,-28.0207092638311,12.1505032756018));
#11615=CARTESIAN_POINT('',(-16.5229333676608,-27.6207092638311,12.1505032652178));
#11616=CARTESIAN_POINT('Origin',(-16.0229333676608,-28.0207092638311,12.1505032781968));
#11617=CARTESIAN_POINT('Origin',(-16.3229335675337,-27.8207092638309,19.8499912275988));
#11618=CARTESIAN_POINT('',(-16.5229333611577,-27.620709263831,11.8999922666428));
#11619=CARTESIAN_POINT('',(-16.1229333611577,-28.0207092638311,11.8999922770268));
#11620=CARTESIAN_POINT('',(-16.5229333611577,-27.620709263831,11.8999922666428));
#11621=CARTESIAN_POINT('',(-16.1229335675338,-28.020709263831,19.8499912327908));
#11622=CARTESIAN_POINT('',(-16.5229335675338,-27.6207092638309,19.8499912224068));
#11623=CARTESIAN_POINT('Origin',(-17.5229333611577,-27.8207092638334,11.8999922406838));
#11624=CARTESIAN_POINT('',(-17.5229333611577,-27.6207092638359,10.8999922406838));
#11625=CARTESIAN_POINT('Origin',(-17.5229333611577,-27.6207092638359,11.8999922406838));
#11626=CARTESIAN_POINT('',(-17.5229333611578,-28.0207092638308,10.4999922406838));
#11627=CARTESIAN_POINT('',(-17.5229333611577,-27.6207092638359,10.8999922406838));
#11628=CARTESIAN_POINT('Origin',(-17.5229333611578,-28.0207092638308,11.8999922406838));
#11629=CARTESIAN_POINT('Origin',(-3.42316115793783,-27.8207092638335,10.6999922406838));
#11630=CARTESIAN_POINT('',(-20.8713215055071,-27.6207092638302,10.8999922406838));
#11631=CARTESIAN_POINT('',(-20.8713215055072,-28.0207092638302,10.4999922406838));
#11632=CARTESIAN_POINT('',(-20.8713215055071,-27.6207092638302,10.8999922406838));
#11633=CARTESIAN_POINT('',(-3.42316115793783,-28.0207092638335,10.4999922406838));
#11634=CARTESIAN_POINT('',(-3.42316115793774,-27.6207092638335,10.8999922406838));
#11635=CARTESIAN_POINT('Origin',(-20.8713215055071,-27.8207092638302,9.89999224068379));
#11636=CARTESIAN_POINT('',(-21.8579756859149,-27.62070926383,10.0628219931358));
#11637=CARTESIAN_POINT('Origin',(-20.8713215055071,-27.6207092638302,9.89999224068379));
#11638=CARTESIAN_POINT('',(-21.4633140137519,-28.02070926383,9.99769009215479));
#11639=CARTESIAN_POINT('',(-21.8579756859149,-27.62070926383,10.0628219931358));
#11640=CARTESIAN_POINT('Origin',(-20.8713215055072,-28.0207092638302,9.89999224068379));
#11641=CARTESIAN_POINT('Origin',(1.54852648825513,-27.8207092638345,6.19999443867981));
#11642=CARTESIAN_POINT('',(-21.0418998042622,-28.0207092638302,0.400000000012799));
#11643=CARTESIAN_POINT('Origin',(78.1844600328149,10.4622539812178,-38.082963271542));
#11644=CARTESIAN_POINT('Origin',(1.54852648825512,-28.0207092638345,6.19999443867981));
#11645=CARTESIAN_POINT('Origin',(1.54852648825519,-27.6207092638345,6.19999443867981));
#11646=CARTESIAN_POINT('Origin',(1.54852648825512,-28.0207030224872,6.19999443867981));
#11647=CARTESIAN_POINT('',(-21.857975685915,-28.0207030224827,10.0628219931358));
#11648=CARTESIAN_POINT('Origin',(-20.8713215055072,-28.0207030224829,9.89999224068379));
#11649=CARTESIAN_POINT('',(-20.8713215055072,-28.0207030224828,10.8999922406838));
#11650=CARTESIAN_POINT('Origin',(-6.22293505172864,-22.7207144147495,10.8999922406838));
#11651=CARTESIAN_POINT('',(-17.5229333611575,-21.4205719612832,10.8999922406838));
#11652=CARTESIAN_POINT('Origin',(-17.5229333611575,-21.4205719612832,11.8999922406838));
#11653=CARTESIAN_POINT('',(-16.5229333611575,-21.4205719612832,11.8999922666428));
#11654=CARTESIAN_POINT('Origin',(-16.5229338933222,-20.120429507817,32.3999903092038));
#11655=CARTESIAN_POINT('',(-16.5229333676608,-28.0207127271574,12.1505032652178));
#11656=CARTESIAN_POINT('',(-16.5229335221049,-20.220435142427,18.0999935394256));
#11657=CARTESIAN_POINT('',(-16.5229335221048,-17.720570342579,18.0999935268638));
#11658=CARTESIAN_POINT('',(-16.5229333066431,-20.2204351424271,9.79999468187581));
#11659=CARTESIAN_POINT('',(-16.5229338803425,-20.2204351424267,31.8999908594658));
#11660=CARTESIAN_POINT('',(-16.5229333066431,-20.1204295078176,9.79999468187581));
#11661=CARTESIAN_POINT('Origin',(-16.0229333676608,-28.0207127271574,12.1505032781968));
#11662=CARTESIAN_POINT('',(-15.6657905196016,-28.0207127271575,12.5004303935798));
#11663=CARTESIAN_POINT('Origin',(-13.5229334312463,-28.0207127271579,14.5999930858768));
#11664=CARTESIAN_POINT('',(-10.5229334312463,-28.0207127271584,14.5999930858768));
#11665=CARTESIAN_POINT('Origin',(-10.5229334312463,-28.0207127271584,19.0999935528238));
#11666=CARTESIAN_POINT('',(-10.5229334312452,-21.670711952249,18.0999935528238));
#11667=CARTESIAN_POINT('Origin',(-9.52293343124514,-21.6707119522492,18.0999935528238));
#11668=CARTESIAN_POINT('',(-9.52293343124514,-21.6707119522492,19.0999935528238));
#11669=CARTESIAN_POINT('Origin',(-8.99159410217742,-21.6707119522493,18.0999935528238));
#11670=CARTESIAN_POINT('',(-7.99159410217745,-21.6707119522495,18.0999935528238));
#11671=CARTESIAN_POINT('',(-8.99159410217742,-21.6707119522493,19.0999935528238));
#11672=CARTESIAN_POINT('Origin',(-7.99159410217862,-28.0207127271589,14.5999930858768));
#11673=CARTESIAN_POINT('',(-7.99159410217862,-28.0207127271589,14.5999930858768));
#11674=CARTESIAN_POINT('Origin',(-4.99159410217863,-28.0207127271595,14.5999930858768));
#11675=CARTESIAN_POINT('',(-1.99159410217866,-28.0207127271601,14.5999930858768));
#11676=CARTESIAN_POINT('Origin',(-1.99159410217866,-28.02071272716,19.0999935528238));
#11677=CARTESIAN_POINT('',(-1.99159410217743,-21.6707119522507,18.0999935528238));
#11678=CARTESIAN_POINT('Origin',(-0.991594102177435,-21.6707119522509,18.0999935528238));
#11679=CARTESIAN_POINT('',(-0.991594102177435,-21.6707119522509,19.0999935528238));
#11680=CARTESIAN_POINT('Origin',(4.67706513527438,-19.0707158691059,14.3999995215398));
#11681=CARTESIAN_POINT('',(4.6770651352768,-9.8207123014651,12.3999995207868));
#11682=CARTESIAN_POINT('',(4.67706513527447,-19.0707158691059,12.3999995215398));
#11683=CARTESIAN_POINT('Origin',(4.67706513527678,-9.82071230145129,14.3999995215388));
#11684=CARTESIAN_POINT('',(2.67706513527439,-19.0707158691055,14.3999995215398));
#11685=CARTESIAN_POINT('Origin',(-6.22293505172864,-22.7207144147495,12.3999995215398));
#11686=CARTESIAN_POINT('',(29.5760648674502,-28.903553100437,12.3999995210448));
#11687=CARTESIAN_POINT('',(29.5760648674508,-25.3707124013594,12.3999995215398));
#11688=CARTESIAN_POINT('',(29.8145424985351,-29.1420307315221,12.3999995210448));
#11689=CARTESIAN_POINT('',(19.3598945381183,-18.6873827711012,12.3999995215398));
#11690=CARTESIAN_POINT('',(31.9358628420946,-30.0207103879628,12.3999995210448));
#11691=CARTESIAN_POINT('Origin',(31.9358628420952,-27.0207103879628,12.3999995215398));
#11692=CARTESIAN_POINT('',(0.0765650634662318,-30.0207103879567,12.3999995215398));
#11693=CARTESIAN_POINT('',(33.3760650513545,-9.82071230146609,12.3999995210418));
#11694=CARTESIAN_POINT('Origin',(33.3760650513545,-8.82071230146609,12.3999995215318));
#11695=CARTESIAN_POINT('',(7.12301347508745,-9.8207123014652,12.3999995215398));
#11696=CARTESIAN_POINT('',(19.5760648674399,-13.8207123014547,12.3999995215398));
#11697=CARTESIAN_POINT('',(19.5760648674399,-18.0207092638378,12.3999995215398));
#11698=CARTESIAN_POINT('',(19.5760648674399,-21.3707118392936,12.3999995215398));
#11699=CARTESIAN_POINT('',(16.5760648674399,-21.0207092638375,12.3999995215398));
#11700=CARTESIAN_POINT('Origin',(16.5760648674398,-18.0207092638378,12.3999995215258));
#11701=CARTESIAN_POINT('',(13.6770649482642,-21.0207092638375,12.3999995215398));
#11702=CARTESIAN_POINT('',(2.22706494826453,-21.0207092638375,12.3999995215398));
#11703=CARTESIAN_POINT('',(10.677064948264,-18.0207092638378,12.3999995215398));
#11704=CARTESIAN_POINT('Origin',(13.677064948264,-18.0207092638378,12.3999995215278));
#11705=CARTESIAN_POINT('',(10.6770649482641,-13.8207123014547,12.3999995215398));
#11706=CARTESIAN_POINT('',(10.677064948264,-19.2707133581022,12.3999995215398));
#11707=CARTESIAN_POINT('',(13.6770649482641,-10.8207123014547,12.3999995215388));
#11708=CARTESIAN_POINT('Origin',(13.6770649482641,-13.8207123014547,12.3999995215278));
#11709=CARTESIAN_POINT('',(16.5760648674399,-10.8207123014547,12.3999995215388));
#11710=CARTESIAN_POINT('',(8.67656490785246,-10.8207123014547,12.3999995215388));
#11711=CARTESIAN_POINT('Origin',(16.5760648674399,-13.8207123014547,12.3999995215258));
#11712=CARTESIAN_POINT('Origin',(-18.3243283803771,-27.8207092638307,6.0999930858768));
#11713=CARTESIAN_POINT('',(-18.3243283803771,-27.6207092638307,4.6499930858768));
#11714=CARTESIAN_POINT('Origin',(-18.3243283803771,-27.6207092638307,6.0999930858768));
#11715=CARTESIAN_POINT('',(-18.3243283803771,-28.0207092638307,4.2499930858768));
#11716=CARTESIAN_POINT('',(-18.3243283803771,-27.8207092638307,4.44999308587681));
#11717=CARTESIAN_POINT('Origin',(-18.3243283803771,-28.0207092638307,6.0999930858768));
#11718=CARTESIAN_POINT('Origin',(-0.623387264146027,-28.0207092638341,7.29999254835082));
#11719=CARTESIAN_POINT('',(29.5760648674503,-28.02070926384,0.399999999982832));
#11720=CARTESIAN_POINT('',(-33.3497253382581,-28.0207092638278,0.400000000020793));
#11721=CARTESIAN_POINT('',(29.5760648674503,-28.0207092638399,10.0749935657718));
#11722=CARTESIAN_POINT('',(24.9756698076416,-28.0207092638391,3.12499308587684));
#11723=CARTESIAN_POINT('Origin',(24.9756698076416,-28.0207092638391,5.34999308587684));
#11724=CARTESIAN_POINT('Origin',(-18.3243283803771,-28.0207200344223,6.0999930858768));
#11725=CARTESIAN_POINT('',(-18.3243283803748,-16.0207213714664,4.64999308587665));
#11726=CARTESIAN_POINT('',(-18.3243283803771,-28.0207200344223,4.6499930858768));
#11727=CARTESIAN_POINT('Origin',(-18.3243283803737,-16.0207213714666,6.0999930858768));
#11728=CARTESIAN_POINT('Origin',(-18.3243283803737,-16.0207213714666,6.0999930858768));
#11729=CARTESIAN_POINT('Origin',(-9.62293491414965,-16.0207213714665,21.5999930858768));
#11730=CARTESIAN_POINT('Origin',(20.468962001903,-9.8207123014549,30.3509928407628));
#11731=CARTESIAN_POINT('',(33.3760650513545,-9.82071230145799,25.9754929633188));
#11732=CARTESIAN_POINT('',(22.2480658677102,-9.82071173965714,14.6499832145519));
#11733=CARTESIAN_POINT('',(10.2480658677207,-9.82071173965708,14.6499832145522));
#11734=CARTESIAN_POINT('',(21.8585139348072,-9.8207123014642,14.6499832145538));
#11735=CARTESIAN_POINT('',(10.2480658677102,-9.82071173965605,18.0499832145521));
#11736=CARTESIAN_POINT('Origin',(10.2480658677103,-9.8207111773381,16.3499832145508));
#11737=CARTESIAN_POINT('',(22.2480658676845,-9.82071173965611,18.0499832145531));
#11738=CARTESIAN_POINT('',(13.8585139348071,-9.8207123014619,18.0499832145538));
#11739=CARTESIAN_POINT('Origin',(22.2480658677103,-9.8207111773378,16.3499832145518));
#11740=CARTESIAN_POINT('Origin',(19.5760648674334,-20.0207092638381,1.59999206162682));
#11741=CARTESIAN_POINT('',(19.5760648674337,-18.020709263838,1.99999999998882));
#11742=CARTESIAN_POINT('',(19.5760648674338,-13.8207123014549,1.99999999998882));
#11743=CARTESIAN_POINT('',(19.5760648674337,-24.5707054606233,1.99999999998882));
#11744=CARTESIAN_POINT('',(19.5760648674334,-18.0207092638381,1.59999206162682));
#11745=CARTESIAN_POINT('',(19.5760648674335,-13.8207123014549,1.59999206162581));
#11746=CARTESIAN_POINT('Origin',(20.5760648674331,-24.5707054606233,0.999999999987828));
#11747=CARTESIAN_POINT('',(19.5760648674337,-18.020709263838,1.99999999998882));
#11748=CARTESIAN_POINT('',(19.5760648674338,-13.8207123014549,1.99999999998882));
#11749=CARTESIAN_POINT('Origin',(-26.8777412421298,-14.8207184400823,11.6499930902128));
#11750=CARTESIAN_POINT('',(-25.8777412421309,-19.2204351424269,11.6499930902128));
#11751=CARTESIAN_POINT('Origin',(-26.8777412421309,-19.2204351424219,11.6499930902128));
#11752=CARTESIAN_POINT('',(-25.87774124213,-15.6207180420528,11.6499930902128));
#11753=CARTESIAN_POINT('',(-25.8777412421297,-14.8207184400825,11.6499930902128));
#11754=CARTESIAN_POINT('Origin',(-26.8777412421299,-15.6207180420526,11.6499930902128));
#11755=CARTESIAN_POINT('Origin',(-27.6994992320542,-22.0207092638377,1.0000000000168));
#11756=CARTESIAN_POINT('',(16.5760648674338,-21.0207092638377,1.99999999999083));
#11757=CARTESIAN_POINT('',(16.5760648674338,-21.0207092638377,1.99999999999083));
#11758=CARTESIAN_POINT('',(13.677064948258,-21.0207092638377,1.99999999999282));
#11759=CARTESIAN_POINT('',(13.6770649482568,-23.0207092638377,-7.19424519957101E-12));
#11760=CARTESIAN_POINT('',(-27.6994992320536,-21.0207092638377,2.0000000000168));
#11761=CARTESIAN_POINT('Origin',(16.576064867433,-18.0207092638381,0.999999999990813));
#11762=CARTESIAN_POINT('Origin',(16.5760648674336,-18.0207092638381,1.99999999999083));
#11763=CARTESIAN_POINT('Origin',(9.67706494825724,-22.4707069794318,0.999999999994809));
#11764=CARTESIAN_POINT('',(10.6770649482579,-13.8207123014549,1.99999999999381));
#11765=CARTESIAN_POINT('',(10.6770649482578,-18.020709263838,1.99999999999381));
#11766=CARTESIAN_POINT('',(10.6770649482579,-22.4707069794317,1.99999999999381));
#11767=CARTESIAN_POINT('',(10.6770649482578,-18.020709263838,1.99999999999381));
#11768=CARTESIAN_POINT('',(10.6770649482579,-13.8207123014549,1.99999999999381));
#11769=CARTESIAN_POINT('Origin',(13.6770649482573,-18.0207092638381,0.999999999991807));
#11770=CARTESIAN_POINT('Origin',(13.6770649482578,-18.020709263838,1.99999999999182));
#11771=CARTESIAN_POINT('Origin',(16.5760648674334,-18.0207092638381,1.59999206162782));
#11772=CARTESIAN_POINT('',(16.5760648674335,-21.0207092638377,1.59999206162881));
#11773=CARTESIAN_POINT('Origin',(10.6770649482578,-21.0207092638377,1.59999206163182));
#11774=CARTESIAN_POINT('',(13.6770649482578,-21.0207092638377,1.59999206162983));
#11775=CARTESIAN_POINT('Origin',(-33.3497253382581,-27.8207092638279,0.200000000020797));
#11776=CARTESIAN_POINT('',(29.5760648674497,-31.0332081906827,3.41249892682583));
#11777=CARTESIAN_POINT('Origin',(-29.8499991168583,-29.8207103879511,0.200000000018807));
#11778=CARTESIAN_POINT('',(31.9358628420946,-30.020710387963,0.399999999981837));
#11779=CARTESIAN_POINT('',(-29.8499991168582,-30.0207103879511,0.400000000018803));
#11780=CARTESIAN_POINT('',(31.9358628420946,-30.020710387963,0.399999999981837));
#11781=CARTESIAN_POINT('Origin',(31.9358628420951,-27.0207103879629,0.200000000039822));
#11782=CARTESIAN_POINT('',(29.8145424985352,-29.1420307315222,0.400000000098828));
#11783=CARTESIAN_POINT('',(29.8145424985352,-29.1420307315222,0.400000000098828));
#11784=CARTESIAN_POINT('Origin',(31.9358628420952,-27.0207103879629,0.400000000097833));
#11785=CARTESIAN_POINT('Origin',(6.13803061486434,-5.1826761353675,0.199999999996816));
#11786=CARTESIAN_POINT('',(29.5760648674502,-28.9035531004371,0.399999999982832));
#11787=CARTESIAN_POINT('',(29.5760648674512,-23.5896646210231,-3.35748657828017));
#11788=CARTESIAN_POINT('',(5.99660925862707,-5.32409749160481,0.399999999996812));
#11789=CARTESIAN_POINT('Origin',(31.9358628420952,-27.0207103879627,19.4124934602058));
#11790=CARTESIAN_POINT('',(31.9358628420946,-30.0207103879627,19.4124934602058));
#11791=CARTESIAN_POINT('',(29.8145424985351,-29.142030731522,19.4124934602058));
#11792=CARTESIAN_POINT('Origin',(6.3760651786625,-30.0207103879578,21.5999930858768));
#11793=CARTESIAN_POINT('Origin',(3.82415776109949,-18.0207103879577,21.5999930858768));
#11794=CARTESIAN_POINT('',(24.9756698076435,-18.020710387962,3.12499308587672));
#11795=CARTESIAN_POINT('Origin',(24.9756698076435,-18.020710387962,5.34999308587672));
#11796=CARTESIAN_POINT('Origin',(-26.8777412421309,-19.2204351424219,11.6499930902128));
#11797=CARTESIAN_POINT('',(-24.8777412421309,-20.2204351424271,11.6499930902128));
#11798=CARTESIAN_POINT('Origin',(-26.8777412421309,-20.2204351424271,11.6499930902128));
#11799=CARTESIAN_POINT('Origin',(-24.8777412421309,-19.2204351424271,11.6499930902128));
#11800=CARTESIAN_POINT('Origin',(-18.324328372588,-22.6448775228864,5.7999946351128));
#11801=CARTESIAN_POINT('',(-18.3243284504653,-20.2204354453777,8.79999463511256));
#11802=CARTESIAN_POINT('',(-21.3243283725876,-20.2204351424272,5.79999455723479));
#11803=CARTESIAN_POINT('Origin',(-18.3243283725877,-20.2204351424251,5.7999946351128));
#11804=CARTESIAN_POINT('',(-21.324328372588,-22.6448775228858,5.79999455723479));
#11805=CARTESIAN_POINT('',(-18.3243284504658,-22.6448775228863,8.79999463511279));
#11806=CARTESIAN_POINT('Origin',(-22.3243284504651,-20.1204295078174,8.7999945312758));
#11807=CARTESIAN_POINT('',(-17.5229332806839,-20.2204354453786,8.79999465591579));
#11808=CARTESIAN_POINT('',(-17.5229332806839,-20.1204295078176,8.79999465591579));
#11809=CARTESIAN_POINT('',(-21.6523271984316,-20.2204357491582,8.7999945487198));
#11810=CARTESIAN_POINT('Origin',(-17.5229333066431,-20.1204295078175,9.79999465591579));
#11811=CARTESIAN_POINT('Origin',(-17.5229333066431,-20.2204351424268,9.79999465591579));
#11812=CARTESIAN_POINT('Origin',(24.9756698076416,-28.0207103879619,5.34999308587684));
#11813=CARTESIAN_POINT('',(24.9756698076416,-28.0207103879619,3.12499308587684));
#11814=CARTESIAN_POINT('Origin',(-15.5229335221048,-17.720570342579,18.0999935528238));
#11815=CARTESIAN_POINT('',(-15.522933522105,-19.220435142427,19.0999935528238));
#11816=CARTESIAN_POINT('',(-15.5229335221048,-17.720570342579,19.0999935528238));
#11817=CARTESIAN_POINT('Origin',(-15.522933522105,-19.220435142427,18.0999935528238));
#11818=CARTESIAN_POINT('Origin',(13.6770649482576,-18.0207092638381,1.59999206162983));
#11819=CARTESIAN_POINT('',(10.6770649482576,-18.020709263838,1.59999206163182));
#11820=CARTESIAN_POINT('Origin',(10.6770649482576,-15.820712301455,1.59999206163182));
#11821=CARTESIAN_POINT('',(10.6770649482577,-13.8207123014549,1.59999206163182));
#11822=CARTESIAN_POINT('Origin',(29.5760648674503,-28.0207103879624,12.8499945831938));
#11823=CARTESIAN_POINT('',(29.5760648674502,-28.903553100437,15.0374942088648));
#11824=CARTESIAN_POINT('Origin',(30.1346435112127,-29.4621317441997,17.2249938345348));
#11825=CARTESIAN_POINT('Origin',(23.5760648674335,-10.820712301455,1.59999206162382));
#11826=CARTESIAN_POINT('',(16.5760648674338,-10.820712301455,1.99999999999083));
#11827=CARTESIAN_POINT('',(13.6770649482579,-10.8207123014549,1.99999999999182));
#11828=CARTESIAN_POINT('',(-21.2499992724657,-10.8207123014549,2.0000000000128));
#11829=CARTESIAN_POINT('',(16.5760648674335,-10.820712301455,1.59999206162782));
#11830=CARTESIAN_POINT('',(13.6770649482577,-10.820712301455,1.59999206162983));
#11831=CARTESIAN_POINT('Origin',(13.6770649482577,-13.8207123014549,1.59999206162983));
#11832=CARTESIAN_POINT('Origin',(13.6770649482579,-13.8207123014549,1.99999999999182));
#11833=CARTESIAN_POINT('Origin',(0.200000000002154,0.199999999999108,2.99999897581781));
#11834=CARTESIAN_POINT('',(26.8042236325074,-6.42071575684698,2.9999989758019));
#11835=CARTESIAN_POINT('',(31.7479064702305,-6.42071575684697,2.99999897579896));
#11836=CARTESIAN_POINT('',(13.5021118162492,-6.420715756847,2.99999897580982));
#11837=CARTESIAN_POINT('Origin',(29.276065051369,-4.7207157568467,2.99999897581783));
#11838=CARTESIAN_POINT('Origin',(0.652000000002149,0.199999999999108,2.99999897581781));
#11839=CARTESIAN_POINT('',(-27.4539048435529,-5.92072250752703,2.99999897583392));
#11840=CARTESIAN_POINT('',(-32.3975876812766,-5.92072250752703,2.99999897583687));
#11841=CARTESIAN_POINT('',(-15.4868731312062,-5.920722507527,2.9999989758268));
#11842=CARTESIAN_POINT('',(-29.9257462624147,-4.6207225075268,2.99999897581775));
#11843=CARTESIAN_POINT('Origin',(-29.9257462624147,-7.6207225075268,2.99999897581781));
#11844=CARTESIAN_POINT('Origin',(-29.9257462624147,-7.6207225075268,2.99999897581781));
#11845=CARTESIAN_POINT('Origin',(-26.8777412421299,-15.6207180420526,11.6499930902128));
#11846=CARTESIAN_POINT('Origin',(-26.8777412421299,-15.6207180420526,11.6499930902128));
#11847=CARTESIAN_POINT('Origin',(24.2480658677112,-9.8207134255893,14.6499832145538));
#11848=CARTESIAN_POINT('',(22.2480658677113,-5.4207203362853,14.6499832145518));
#11849=CARTESIAN_POINT('',(10.2480658677113,-5.4207203362824,14.6499832145518));
#11850=CARTESIAN_POINT('',(21.7373128018378,-5.4207203362852,14.6499832145518));
#11851=CARTESIAN_POINT('',(10.2480658677113,-5.4207171891573,14.6499832145518));
#11852=CARTESIAN_POINT('',(22.2480658677113,-5.4207171891601,14.6499832145518));
#11853=CARTESIAN_POINT('Origin',(10.2480658677113,-5.4207171891573,16.3499832145508));
#11854=CARTESIAN_POINT('',(10.2480658677113,-5.4207203362823,18.0499832145518));
#11855=CARTESIAN_POINT('Origin',(10.2480658677113,-5.4207203362823,16.3499832145508));
#11856=CARTESIAN_POINT('',(10.2480658677113,-5.4207171891572,18.0499832145518));
#11857=CARTESIAN_POINT('Origin',(8.24806586771117,-9.8207134255866,18.0499832145538));
#11858=CARTESIAN_POINT('',(22.2480658677113,-5.4207203362853,18.0499832145518));
#11859=CARTESIAN_POINT('',(13.7373128018377,-5.4207203362832,18.0499832145518));
#11860=CARTESIAN_POINT('',(22.2480658677113,-5.4207171891601,18.0499832145518));
#11861=CARTESIAN_POINT('Origin',(22.2480658677113,-5.4207171891601,16.3499832145518));
#11862=CARTESIAN_POINT('Origin',(22.2480658677113,-5.4207203362853,16.3499832145518));
#11863=CARTESIAN_POINT('Origin',(16.5760648674335,-13.8207123014549,1.59999206162782));
#11864=CARTESIAN_POINT('Origin',(16.5760648674338,-13.8207123014549,1.99999999999083));
#11865=CARTESIAN_POINT('Origin',(13.6770649482573,-13.8207123014549,0.999999999991807));
#11866=CARTESIAN_POINT('',(13.6770649482579,-10.8207123014549,1.99999999999182));
#11867=CARTESIAN_POINT('Origin',(-21.2499992724663,-9.820712301455,1.0000000000128));
#11868=CARTESIAN_POINT('',(16.5760648674338,-10.820712301455,1.99999999999083));
#11869=CARTESIAN_POINT('Origin',(16.5760648674331,-13.820712301455,0.999999999990813));
#11870=CARTESIAN_POINT('Origin',(-4.99159410217934,-28.020712406854,14.5999930858768));
#11871=CARTESIAN_POINT('Origin',(-13.522933431247,-28.0207124068523,14.5999930858768));
#11872=CARTESIAN_POINT('Origin',(33.3760650513545,-8.82071230145799,25.9754929633188));
#11873=CARTESIAN_POINT('Origin',(19.2265597359632,-5.4207203362845,21.5999923733468));
#11874=CARTESIAN_POINT('Origin',(8.14806586771046,-5.4207203362819,14.2499832145488));
#11875=CARTESIAN_POINT('Origin',(-33.3760650513559,9.77927749247369,0.200000000039678));
#11876=CARTESIAN_POINT('',(-33.3760650513555,10.7792774924737,0.400000000019672));
#11877=CARTESIAN_POINT('Origin',(-33.3760650513558,9.77927749247369,0.400000000058663));
#11878=CARTESIAN_POINT('',(-33.3760650513558,10.3792774924737,1.96623967108067E-11));
#11879=CARTESIAN_POINT('Origin',(-33.3760650513558,9.7792774924738,8.91326666212567));
#11880=CARTESIAN_POINT('',(-33.3760650513555,10.7792774924738,8.91326666212567));
#11881=CARTESIAN_POINT('Origin',(-36.1494992320459,10.5792774924744,0.200000000021666));
#11882=CARTESIAN_POINT('',(-24.3229249138642,10.7792774924715,0.400000000064685));
#11883=CARTESIAN_POINT('',(-24.3229249138643,10.5792774925346,0.200000000077674));
#11884=CARTESIAN_POINT('',(-36.1494992320457,10.7792774924744,0.400000000021679));
#11885=CARTESIAN_POINT('Origin',(-24.3229249138646,9.77927749247149,0.200000000039678));
#11886=CARTESIAN_POINT('Origin',(-24.3229249138645,9.77927749247149,0.400000000064685));
#11887=CARTESIAN_POINT('Origin',(32.3760650513554,1.9202759848493,21.5999930858768));
#11888=CARTESIAN_POINT('',(32.3760650513559,3.92027598484931,21.5999930858768));
#11889=CARTESIAN_POINT('Origin',(18.5173328251774,3.92027598485261,12.0499833867888));
#11890=CARTESIAN_POINT('Origin',(-6.22293505172324,10.7792774924672,16.2265406391747));
#11891=CARTESIAN_POINT('',(-24.3229249138642,10.7792774924718,28.9132656379017));
#11892=CARTESIAN_POINT('Origin',(-24.3229249138646,9.77927749247179,28.9132656379017));
#11893=CARTESIAN_POINT('Origin',(-26.8777412421299,-15.6207180420526,12.0499930880448));
#11894=CARTESIAN_POINT('',(-25.8890557662172,-15.470714609694,18.0999935528238));
#11895=CARTESIAN_POINT('',(-25.8777412421299,-15.6207180420528,18.0999935528238));
#11896=CARTESIAN_POINT('Origin',(-26.8777412421299,-15.6207180420525,18.0999935528238));
#11897=CARTESIAN_POINT('Ctrl Pts',(-26.8777412421297,-14.6207180420525,
18.5405780302128));
#11898=CARTESIAN_POINT('Ctrl Pts',(-26.7405073186069,-14.6207180420525,
18.5405780302128));
#11899=CARTESIAN_POINT('Ctrl Pts',(-26.4677218803117,-14.6797135613113,
18.4727685490578));
#11900=CARTESIAN_POINT('Ctrl Pts',(-26.0792574121514,-14.95099743083,18.2282561536638));
#11901=CARTESIAN_POINT('Ctrl Pts',(-25.919934105564,-15.2671928292099,18.0999935528238));
#11902=CARTESIAN_POINT('Ctrl Pts',(-25.8890557662172,-15.470714609694,18.0999935528238));
#11903=CARTESIAN_POINT('',(-25.87774124213,-15.6207180420528,12.0499930880448));
#11904=CARTESIAN_POINT('Origin',(-25.8777412421299,-14.8207184400826,12.2999930902118));
#11905=CARTESIAN_POINT('',(-25.8777412421309,-19.2204351424267,18.0999935528238));
#11906=CARTESIAN_POINT('',(-25.87774124213,-15.070714808709,18.0999935528238));
#11907=CARTESIAN_POINT('',(-25.877741242131,-19.2204351424266,21.8499923755328));
#11908=CARTESIAN_POINT('Origin',(-24.8777412421309,-19.2204351424269,21.8499923755328));
#11909=CARTESIAN_POINT('',(-24.8777412421309,-20.220435142427,18.0999935528238));
#11910=CARTESIAN_POINT('Origin',(-24.8777412421309,-19.220435142427,18.0999935528238));
#11911=CARTESIAN_POINT('',(-24.8777412421309,-20.2204351424269,21.8499923755328));
#11912=CARTESIAN_POINT('Origin',(-24.8777412421309,-19.220435142427,18.0999935528238));
#11913=CARTESIAN_POINT('',(-24.8777412421309,-19.220435142427,19.0999935528238));
#11914=CARTESIAN_POINT('Origin',(-24.8777412421309,-19.220435142427,18.0999935528238));
#11915=CARTESIAN_POINT('Origin',(-24.8777412421309,-19.220435142427,18.0999935528238));
#11916=CARTESIAN_POINT('Ctrl Pts',(-26.8777412421297,-14.6207180420525,
18.5405780302128));
#11917=CARTESIAN_POINT('Ctrl Pts',(-26.7405073186069,-14.6207180420525,
18.5405780302128));
#11918=CARTESIAN_POINT('Ctrl Pts',(-26.4677218803117,-14.6797135613113,
18.4727685490578));
#11919=CARTESIAN_POINT('Ctrl Pts',(-26.0792574121514,-14.95099743083,18.2282561536638));
#11920=CARTESIAN_POINT('Ctrl Pts',(-25.919934105564,-15.2671928292099,18.0999935528238));
#11921=CARTESIAN_POINT('Ctrl Pts',(-25.8890557662172,-15.470714609694,18.0999935528238));
#11922=CARTESIAN_POINT('Ctrl Pts',(-26.8777412421297,-14.6207180420525,
18.7431720183458));
#11923=CARTESIAN_POINT('Ctrl Pts',(-26.7251400367459,-14.6207180420525,
18.7431720183458));
#11924=CARTESIAN_POINT('Ctrl Pts',(-26.4212249236205,-14.6921560371787,
18.6848326176308));
#11925=CARTESIAN_POINT('Ctrl Pts',(-26.0307223150466,-15.0086767965311,
18.4848130001018));
#11926=CARTESIAN_POINT('Ctrl Pts',(-25.9145171732918,-15.3019834607149,
18.3957979524868));
#11927=CARTESIAN_POINT('Ctrl Pts',(-25.8890557662172,-15.470714609694,18.3991928531658));
#11928=CARTESIAN_POINT('Ctrl Pts',(-26.8777412421297,-14.509426568692,19.0968789970288));
#11929=CARTESIAN_POINT('Ctrl Pts',(-26.6827941793682,-14.509426568692,19.0968789970288));
#11930=CARTESIAN_POINT('Ctrl Pts',(-26.2965836141466,-14.5937307564159,
19.0559668278738));
#11931=CARTESIAN_POINT('Ctrl Pts',(-25.803108522214,-14.9665021338453,18.9313805307848));
#11932=CARTESIAN_POINT('Ctrl Pts',(-25.6710516131243,-15.2719282127533,
18.9081793599438));
#11933=CARTESIAN_POINT('Ctrl Pts',(-25.6405907379933,-15.4330174775294,
18.9169783670108));
#11934=CARTESIAN_POINT('Ctrl Pts',(-26.8777412421295,-14.239248764722,19.3408949532998));
#11935=CARTESIAN_POINT('Ctrl Pts',(-26.6271159088613,-14.2392487647221,
19.3408949532998));
#11936=CARTESIAN_POINT('Ctrl Pts',(-26.1294154303615,-14.3243269129816,
19.2977775248208));
#11937=CARTESIAN_POINT('Ctrl Pts',(-25.4373935260598,-14.7085801929124,
19.1539362251918));
#11938=CARTESIAN_POINT('Ctrl Pts',(-25.1746299476491,-15.1089271544828,
19.0960419007628));
#11939=CARTESIAN_POINT('Ctrl Pts',(-25.1222307922931,-15.3543718688434,
19.0999935528238));
#11940=CARTESIAN_POINT('Ctrl Pts',(-26.8777412421294,-14.1064303664189,
19.4146967509588));
#11941=CARTESIAN_POINT('Ctrl Pts',(-26.6032733950835,-14.106430366419,19.4146967509588));
#11942=CARTESIAN_POINT('Ctrl Pts',(-26.0577025184935,-14.1907096796459,
19.3662614072768));
#11943=CARTESIAN_POINT('Ctrl Pts',(-25.2807735821727,-14.5782580646726,
19.1916096962808));
#11944=CARTESIAN_POINT('Ctrl Pts',(-24.9621269689979,-15.0299657766441,
19.0999935528238));
#11945=CARTESIAN_POINT('Ctrl Pts',(-24.9003702903047,-15.3207111773355,
19.0999935528238));
#11946=CARTESIAN_POINT('Origin',(-24.9003702903047,-15.3207111773355,18.0999935528238));
#11947=CARTESIAN_POINT('Origin',(-26.8777412421299,-15.6207180420525,18.0999935528238));
#11948=CARTESIAN_POINT('',(-24.87774124213,-15.620718042053,19.0999935528238));
#11949=CARTESIAN_POINT('Origin',(-24.87774124213,-15.620718042053,18.0999935528238));
#11950=CARTESIAN_POINT('Origin',(-26.8777412421299,-15.6207180420525,19.0999935528238));
#11951=CARTESIAN_POINT('Origin',(-24.8777412421299,-15.0707148087092,18.0999935528238));
#11952=CARTESIAN_POINT('',(-24.8777412421299,-15.0707148087092,19.0999935528238));
#11953=CARTESIAN_POINT('Origin',(-4.08603422330803,-19.220435142427,18.0999935528238));
#11954=CARTESIAN_POINT('',(-4.08603422330803,-20.220435142427,18.0999935528238));
#11955=CARTESIAN_POINT('',(-4.08603422330803,-19.220435142427,19.0999935528238));
#11956=CARTESIAN_POINT('Origin',(-21.3243287827442,-25.1693255379536,21.5999784335868));
#11957=CARTESIAN_POINT('',(-21.3243282324087,-25.1450135976863,0.400000000012799));
#11958=CARTESIAN_POINT('',(-21.3243289099437,-20.2204351424268,26.4999848593378));
#11959=CARTESIAN_POINT('Origin',(-6.84913266245545,-20.2204351424267,31.3999916608538));
#11960=CARTESIAN_POINT('',(-26.6277433863759,-20.2204351424273,3.1754370013438));
#11961=CARTESIAN_POINT('Origin',(-26.6277433863759,-20.2204351424273,5.4004370013438));
#11962=CARTESIAN_POINT('Origin',(-21.1243282272168,-25.1450135976864,0.200000000012803));
#11963=CARTESIAN_POINT('Origin',(-26.6277433863759,-20.2204351424272,5.4004370013438));
#11964=CARTESIAN_POINT('',(-26.6277433863759,-20.2204351424272,3.1754370013438));
#11965=CARTESIAN_POINT('Origin',(-26.6277433863759,-12.2204351424272,5.4004370013438));
#11966=CARTESIAN_POINT('Origin',(29.2760650513555,-4.7207157568471,-1.00000793838017));
#11967=CARTESIAN_POINT('',(29.2760650513581,-3.020715756847,3.39999897579983));
#11968=CARTESIAN_POINT('',(30.9760650513581,-4.72071575684699,3.39999897579883));
#11969=CARTESIAN_POINT('Origin',(29.2760650513581,-4.720715756847,3.39999897579983));
#11970=CARTESIAN_POINT('',(29.2760650513581,-6.420715756847,3.39999897579983));
#11971=CARTESIAN_POINT('Origin',(29.2760650513581,-4.720715756847,3.39999897579983));
#11972=CARTESIAN_POINT('',(27.5760650513581,-4.720715756847,3.39999897580082));
#11973=CARTESIAN_POINT('Origin',(29.2760650513581,-4.720715756847,3.39999897579983));
#11974=CARTESIAN_POINT('Origin',(29.2760650513581,-4.720715756847,3.39999897579983));
#11975=CARTESIAN_POINT('',(29.2760650513555,-3.0207157568471,-1.00000793838021));
#11976=CARTESIAN_POINT('Origin',(-29.9257462624147,-7.62072250752651,44.1999906366298));
#11977=CARTESIAN_POINT('',(-29.9257462624144,-9.320722507527,3.3999989758358));
#11978=CARTESIAN_POINT('',(-29.9257462624147,-9.32072250752651,44.1999906366298));
#11979=CARTESIAN_POINT('',(-31.6257462624144,-7.620722507527,3.39999897583679));
#11980=CARTESIAN_POINT('Origin',(-29.9257462624147,-7.620722507527,3.3999989758358));
#11981=CARTESIAN_POINT('',(-29.9257462624144,-5.92072250752701,3.3999989758358));
#11982=CARTESIAN_POINT('Origin',(-29.9257462624147,-7.620722507527,3.3999989758358));
#11983=CARTESIAN_POINT('',(-28.2257462624144,-7.620722507527,3.3999989758348));
#11984=CARTESIAN_POINT('Origin',(-29.9257462624147,-7.620722507527,3.3999989758348));
#11985=CARTESIAN_POINT('Origin',(-29.9257462624147,-7.620722507527,3.3999989758348));
#11986=CARTESIAN_POINT('Origin',(30.1260650513581,-3.87071575684699,3.39999897579983));
#11987=CARTESIAN_POINT('',(30.9760650513581,-3.02071575684699,3.39999897579883));
#11988=CARTESIAN_POINT('',(26.8042236324965,-3.020715756847,3.39999897580183));
#11989=CARTESIAN_POINT('',(30.9760650513581,-3.02071575684699,3.39999897579883));
#11990=CARTESIAN_POINT('Origin',(30.9760650513579,-3.02071575684699,2.99999897579884));
#11991=CARTESIAN_POINT('',(31.7479064702309,-3.02071575684702,2.99999897579842));
#11992=CARTESIAN_POINT('',(26.804223632507,-3.02071575684702,2.99999897580136));
#11993=CARTESIAN_POINT('',(15.9739532351108,-3.020715756847,2.99999897580781));
#11994=CARTESIAN_POINT('',(31.7479064702309,-3.02071575684702,3.19999897579889));
#11995=CARTESIAN_POINT('',(31.7479064702308,-3.02071575684699,2.99999691077381));
#11996=CARTESIAN_POINT('',(30.976065051358,-3.02071575684699,3.19999897579883));
#11997=CARTESIAN_POINT('',(26.8042236324963,-3.020715756847,3.19999897580184));
#11998=CARTESIAN_POINT('',(30.9760650513579,-3.02071575684699,2.99999897579884));
#11999=CARTESIAN_POINT('',(27.5760650513581,-3.020715756847,3.39999897580082));
#12000=CARTESIAN_POINT('',(26.8042236324965,-3.020715756847,3.39999897580183));
#12001=CARTESIAN_POINT('',(27.576065051358,-3.020715756847,3.19999897580082));
#12002=CARTESIAN_POINT('',(27.5760650513579,-3.020715756847,2.99999897580083));
#12003=CARTESIAN_POINT('',(26.804223632507,-3.02071575684702,3.19999897580184));
#12004=CARTESIAN_POINT('',(26.8042236324963,-3.020715756847,3.19999897580184));
#12005=CARTESIAN_POINT('',(26.8042236325071,-3.02071575684699,2.99999691077381));
#12006=CARTESIAN_POINT('Origin',(30.1260650513581,-5.570715756847,3.39999897579983));
#12007=CARTESIAN_POINT('',(30.9760650513581,-6.420715756847,3.39999897579883));
#12008=CARTESIAN_POINT('',(30.9760650513581,-3.02071575684699,3.39999897579883));
#12009=CARTESIAN_POINT('',(26.8042236324965,-6.420715756847,3.39999897580183));
#12010=CARTESIAN_POINT('Origin',(30.9760650513579,-6.420715756847,2.99999897579884));
#12011=CARTESIAN_POINT('',(30.976065051358,-6.420715756847,3.19999897579883));
#12012=CARTESIAN_POINT('',(30.976065051358,-5.57071575684699,3.19999897579883));
#12013=CARTESIAN_POINT('',(30.9760650513579,-6.420715756847,2.99999897579884));
#12014=CARTESIAN_POINT('Origin',(28.4260650513581,-5.570715756847,3.39999897580082));
#12015=CARTESIAN_POINT('',(27.5760650513581,-6.420715756847,3.39999897580082));
#12016=CARTESIAN_POINT('',(26.8042236324965,-6.420715756847,3.39999897580183));
#12017=CARTESIAN_POINT('',(27.5760650513581,-3.020715756847,3.39999897580082));
#12018=CARTESIAN_POINT('Origin',(27.5760650513579,-6.420715756847,2.99999897580083));
#12019=CARTESIAN_POINT('',(26.8042236325074,-6.42071575684698,3.19999897580184));
#12020=CARTESIAN_POINT('',(26.8042236325075,-6.420715756847,2.99999691077382));
#12021=CARTESIAN_POINT('',(27.576065051358,-6.420715756847,3.19999897580082));
#12022=CARTESIAN_POINT('',(26.8042236324963,-6.420715756847,3.19999897580184));
#12023=CARTESIAN_POINT('',(27.5760650513579,-6.420715756847,2.99999897580083));
#12024=CARTESIAN_POINT('',(31.7479064702305,-6.42071575684698,3.19999897579889));
#12025=CARTESIAN_POINT('',(26.8042236324963,-6.420715756847,3.19999897580184));
#12026=CARTESIAN_POINT('',(31.7479064702304,-6.420715756847,2.99999691077382));
#12027=CARTESIAN_POINT('Origin',(28.4260650513581,-3.87071575684699,3.39999897580082));
#12028=CARTESIAN_POINT('',(27.5760650513581,-3.020715756847,3.39999897580082));
#12029=CARTESIAN_POINT('Origin',(27.5760650513579,-3.020715756847,2.99999897580083));
#12030=CARTESIAN_POINT('',(27.576065051358,-3.87071575684699,3.19999897580082));
#12031=CARTESIAN_POINT('Origin',(-29.0757462624144,-8.47072250752701,3.3999989758348));
#12032=CARTESIAN_POINT('',(-28.2257462624144,-9.320722507527,3.3999989758348));
#12033=CARTESIAN_POINT('',(-28.2257462624144,-5.92072250752701,3.3999989758348));
#12034=CARTESIAN_POINT('',(-32.3975876812761,-9.320722507527,3.39999897583679));
#12035=CARTESIAN_POINT('Origin',(-28.2257462624146,-9.320722507527,2.99999897583479));
#12036=CARTESIAN_POINT('',(-28.2257462624145,-5.92072250752701,3.19999897583481));
#12037=CARTESIAN_POINT('',(-28.2257462624145,-9.320722507527,3.19999897583481));
#12038=CARTESIAN_POINT('',(-28.2257462624145,-8.47072250752701,3.19999897583481));
#12039=CARTESIAN_POINT('',(-28.2257462624146,-9.320722507527,2.99999897583479));
#12040=CARTESIAN_POINT('',(-28.2257462624144,-5.92072250752701,3.3999989758348));
#12041=CARTESIAN_POINT('',(-28.2257462624144,-5.92072250752701,3.3999989758348));
#12042=CARTESIAN_POINT('',(-28.2257462624146,-5.92072250752701,2.99999897583479));
#12043=CARTESIAN_POINT('Origin',(-30.7757462624144,-8.47072250752701,3.3999989758358));
#12044=CARTESIAN_POINT('',(-31.6257462624144,-9.320722507527,3.39999897583679));
#12045=CARTESIAN_POINT('',(-32.3975876812761,-9.320722507527,3.39999897583679));
#12046=CARTESIAN_POINT('',(-31.6257462624144,-5.92072250752701,3.39999897583679));
#12047=CARTESIAN_POINT('Origin',(-31.6257462624146,-9.320722507527,2.9999989758368));
#12048=CARTESIAN_POINT('',(-32.3975876812763,-9.32072250752697,2.99999897583765));
#12049=CARTESIAN_POINT('',(-27.4539048435532,-9.32072250752697,2.99999897583471));
#12050=CARTESIAN_POINT('',(-15.8727938406371,-9.32072250752699,2.99999897582781));
#12051=CARTESIAN_POINT('',(-32.3975876812763,-9.32072250752698,3.1999989758368));
#12052=CARTESIAN_POINT('',(-32.3975876812763,-9.320722507527,2.9999969107738));
#12053=CARTESIAN_POINT('',(-31.6257462624145,-9.320722507527,3.1999989758368));
#12054=CARTESIAN_POINT('',(-32.3975876812762,-9.320722507527,3.1999989758368));
#12055=CARTESIAN_POINT('',(-31.6257462624146,-9.320722507527,2.9999989758368));
#12056=CARTESIAN_POINT('',(-27.4539048435532,-9.32072250752697,3.19999897583385));
#12057=CARTESIAN_POINT('',(-32.3975876812762,-9.320722507527,3.1999989758368));
#12058=CARTESIAN_POINT('',(-27.4539048435532,-9.320722507527,2.9999969107738));
#12059=CARTESIAN_POINT('Origin',(-30.7757462624144,-6.770722507527,3.3999989758358));
#12060=CARTESIAN_POINT('',(-31.6257462624144,-5.92072250752701,3.39999897583679));
#12061=CARTESIAN_POINT('',(-32.3975876812761,-5.92072250752701,3.39999897583679));
#12062=CARTESIAN_POINT('',(-31.6257462624144,-5.92072250752701,3.39999897583679));
#12063=CARTESIAN_POINT('Origin',(-29.9257462624147,-5.92072250752701,2.99999897583579));
#12064=CARTESIAN_POINT('',(-27.4539048435529,-5.92072250752704,3.19999897583385));
#12065=CARTESIAN_POINT('',(-27.4539048435529,-5.92072250752701,2.9999969107738));
#12066=CARTESIAN_POINT('',(-32.3975876812762,-5.92072250752701,3.1999989758368));
#12067=CARTESIAN_POINT('',(-32.3975876812761,-5.92072250752701,3.39999897583679));
#12068=CARTESIAN_POINT('',(-31.6257462624145,-5.92072250752701,3.1999989758368));
#12069=CARTESIAN_POINT('',(-31.6257462624146,-5.92072250752701,2.9999989758368));
#12070=CARTESIAN_POINT('',(-32.3975876812766,-5.92072250752704,3.1999989758368));
#12071=CARTESIAN_POINT('',(-32.3975876812762,-5.92072250752701,3.1999989758368));
#12072=CARTESIAN_POINT('',(-32.3975876812766,-5.92072250752701,2.99999691077379));
#12073=CARTESIAN_POINT('Origin',(-31.6257462624146,-5.92072250752701,2.9999989758368));
#12074=CARTESIAN_POINT('',(-31.6257462624145,-6.770722507527,3.1999989758368));
#12075=CARTESIAN_POINT('Origin',(-29.0757462624144,-6.770722507527,3.3999989758348));
#12076=CARTESIAN_POINT('Origin',(0.652000000002149,0.199999999999108,2.99999897581781));
#12077=CARTESIAN_POINT('Origin',(-29.9257462624147,-7.6207225075268,2.99999897581781));
#12078=CARTESIAN_POINT('Origin',(0.200000000002154,0.199999999999108,2.99999897581781));
#12079=CARTESIAN_POINT('',(29.276065051369,-1.7207157568467,2.99999897581777));
#12080=CARTESIAN_POINT('Origin',(29.276065051369,-4.7207157568467,2.99999897581783));
#12081=CARTESIAN_POINT('Origin',(29.276065051369,-4.7207157568467,2.99999897581783));
#12082=CARTESIAN_POINT('Origin',(-27.5757462624145,-7.620722507527,3.19999897583381));
#12083=CARTESIAN_POINT('Origin',(-29.9257462624147,-7.6207225075268,3.19999897583381));
#12084=CARTESIAN_POINT('Origin',(26.926065051358,-4.720715756847,3.19999897580184));
#12085=CARTESIAN_POINT('Origin',(29.276065051369,-4.7207157568467,3.19999897580184));
#12086=CARTESIAN_POINT('Origin',(-32.2757462624145,-7.620722507527,3.1999989758368));
#12087=CARTESIAN_POINT('Origin',(-29.9257462624147,-7.6207225075268,3.1999989758368));
#12088=CARTESIAN_POINT('Origin',(31.626065051358,-4.72071575684699,3.19999897579883));
#12089=CARTESIAN_POINT('Origin',(29.276065051369,-4.7207157568467,3.19999897579883));
#12090=CARTESIAN_POINT('Origin',(-29.9257462624147,-7.6207225075268,2.9999969107738));
#12091=CARTESIAN_POINT('',(-29.9257462624147,-4.6207225075268,0.40000000006163));
#12092=CARTESIAN_POINT('',(-29.9257462624147,-4.6207225075268,2.99999691077379));
#12093=CARTESIAN_POINT('Origin',(-29.9257462624147,-7.6207225075268,0.400000000061636));
#12094=CARTESIAN_POINT('Origin',(-29.9257462624148,-7.6207225075269,0.200000000039804));
#12095=CARTESIAN_POINT('',(-29.9257462624148,-4.42072250752691,0.200000000039733));
#12096=CARTESIAN_POINT('Origin',(29.276065051369,-4.7207157568467,2.99999691077382));
#12097=CARTESIAN_POINT('',(29.276065051369,-1.72071575684671,0.400000000096979));
#12098=CARTESIAN_POINT('',(29.276065051369,-1.7207157568467,2.99999691077381));
#12099=CARTESIAN_POINT('Origin',(29.276065051369,-4.72071575684671,0.400000000096985));
#12100=CARTESIAN_POINT('Origin',(29.2760650513688,-4.7207157568467,0.200000000039822));
#12101=CARTESIAN_POINT('',(29.2760650513688,-1.52071575684671,0.200000000039751));
#12102=CARTESIAN_POINT('Origin',(-1.32293578416072,-15.3207111773414,19.0999935528238));
#12103=CARTESIAN_POINT('',(-2.32293486472723,-23.4914394938348,19.0999935528238));
#12104=CARTESIAN_POINT('',(-2.32293486472723,-18.0457164656734,19.0999935528238));
#12105=CARTESIAN_POINT('',(1.67706513527331,-23.4914394938348,19.0999935528238));
#12106=CARTESIAN_POINT('',(1.67706513527532,-15.3707142504005,19.0999935528238));
#12107=CARTESIAN_POINT('',(2.67706513527277,-23.4914394938348,19.0999935528238));
#12108=CARTESIAN_POINT('Origin',(2.67706513527277,-19.9207252795632,21.5999935528238));
#12109=CARTESIAN_POINT('',(-1.32313488473117,-22.7772966509805,18.7999935528238));
#12110=CARTESIAN_POINT('',(-0.922934864727223,-20.8569641432502,17.7111046639348));
#12111=CARTESIAN_POINT('Ctrl Pts',(-1.32313488473117,-22.7772966509805,
18.7999935528238));
#12112=CARTESIAN_POINT('Ctrl Pts',(-1.09543152815315,-22.5242929214493,
18.5418781204518));
#12113=CARTESIAN_POINT('Ctrl Pts',(-0.930577675032902,-21.9063456313865,
18.0586878675028));
#12114=CARTESIAN_POINT('Ctrl Pts',(-0.922934864727223,-21.178662486532,
17.7885526188568));
#12115=CARTESIAN_POINT('Ctrl Pts',(-0.922934864727223,-20.8569641432502,
17.7111046639348));
#12116=CARTESIAN_POINT('',(1.67706513527459,-22.7772966509805,18.7999935528238));
#12117=CARTESIAN_POINT('',(2.67706513527277,-22.7772966509805,18.7999935528238));
#12118=CARTESIAN_POINT('',(1.67706513527418,-19.9207252795589,17.5999935528238));
#12119=CARTESIAN_POINT('Origin',(1.6770651352753,-19.9207252795632,21.5999935528238));
#12120=CARTESIAN_POINT('',(-0.922934864727223,-19.9207252795589,17.5999935528238));
#12121=CARTESIAN_POINT('',(2.67706513527277,-19.9207252795589,17.5999935528238));
#12122=CARTESIAN_POINT('Origin',(-0.922934864727223,-19.9207252795632,21.5999935528238));
#12123=CARTESIAN_POINT('Origin',(1.67706513527532,-15.3707142504005,18.0999935528238));
#12124=CARTESIAN_POINT('',(2.6770651352733,-23.491439493835,18.0999935528238));
#12125=CARTESIAN_POINT('Origin',(1.67706513527331,-23.4914394938348,18.0999935528238));
#12126=CARTESIAN_POINT('',(2.67706513527531,-15.3707142504008,18.0999935528238));
#12127=CARTESIAN_POINT('Origin',(2.67706513527529,-15.4207173234592,21.5999856274658));
#12128=CARTESIAN_POINT('',(2.67706513527417,-19.9207252795592,16.5999935528238));
#12129=CARTESIAN_POINT('',(2.67706513527503,-16.5207177759535,16.5999935528228));
#12130=CARTESIAN_POINT('Origin',(2.67706513527417,-19.9207252795635,21.5999935528238));
#12131=CARTESIAN_POINT('Origin',(2.67706513527277,-17.6207182284477,17.5999935528238));
#12132=CARTESIAN_POINT('',(-0.922934864727223,-19.1957199912266,17.5999935528238));
#12133=CARTESIAN_POINT('',(1.67706513527501,-16.5207177759532,17.5999935528228));
#12134=CARTESIAN_POINT('Origin',(1.67706513527331,-23.4914394938348,18.0999935528238));
#12135=CARTESIAN_POINT('Origin',(1.67706513527331,-23.4914394938348,18.0999935528238));
#12136=CARTESIAN_POINT('Origin',(1.67706513527441,-23.4914394938348,18.0999935528238));
#12137=CARTESIAN_POINT('Origin',(2.67706513527277,-23.4914394938348,18.0999935528238));
#12138=CARTESIAN_POINT('Origin',(-2.32293486472723,-23.4914394938348,18.0999935528238));
#12139=CARTESIAN_POINT('Origin',(1.6770651352753,-19.9207252795632,21.5999935528238));
#12140=CARTESIAN_POINT('Origin',(1.67706513527418,-19.920725279559,16.5999935528238));
#12141=CARTESIAN_POINT('Origin',(1.67706513527501,-16.5207177759533,16.5999935528228));
#12142=CARTESIAN_POINT('Origin',(-1.32293486472723,-20.7707217540054,21.5999935528238));
#12143=CARTESIAN_POINT('',(-1.32293486472723,-19.9207252795589,17.9999935528238));
#12144=CARTESIAN_POINT('',(-1.32293486472723,-20.7633402568815,18.0999935528238));
#12145=CARTESIAN_POINT('Origin',(-1.32293486472723,-19.9207252795632,21.5999935528238));
#12146=CARTESIAN_POINT('',(-1.32293486472723,-19.1957199912266,17.9999935528238));
#12147=CARTESIAN_POINT('',(-1.32293486472723,-18.0457164656734,18.0999935528238));
#12148=CARTESIAN_POINT('Origin',(-2.32293486472723,-18.0457164656734,18.0999935528238));
#12149=CARTESIAN_POINT('',(-1.6087920218729,-22.4916395138387,18.7999935528238));
#12150=CARTESIAN_POINT('Origin',(-2.32293486472723,-23.4914394938348,18.0999935528238));
#12151=CARTESIAN_POINT('Ctrl Pts',(-1.32293486472723,-20.7633402568815,
18.0999935528238));
#12152=CARTESIAN_POINT('Ctrl Pts',(-1.32293486472723,-21.0528687658352,
18.1497815238448));
#12153=CARTESIAN_POINT('Ctrl Pts',(-1.32839401494555,-21.7077835962041,
18.3234398979748));
#12154=CARTESIAN_POINT('Ctrl Pts',(-1.44614676717457,-22.263936157261,18.6340622034418));
#12155=CARTESIAN_POINT('Ctrl Pts',(-1.6087920218729,-22.4916395138387,18.7999935528238));
#12156=CARTESIAN_POINT('Ctrl Pts',(-1.32313488473117,-22.7772966509805,
18.7999935528238));
#12157=CARTESIAN_POINT('Ctrl Pts',(-1.58296516925799,-22.9628897113568,
18.9893363467538));
#12158=CARTESIAN_POINT('Ctrl Pts',(-1.95174874397462,-23.22630655044,19.0999935528238));
#12159=CARTESIAN_POINT('Ctrl Pts',(-2.32293486472723,-23.4914394938348,
19.0999935528238));
#12160=CARTESIAN_POINT('Ctrl Pts',(-1.38921688242795,-22.7449164721091,
18.7669591628358));
#12161=CARTESIAN_POINT('Ctrl Pts',(-1.62409850592351,-22.9249296297908,
18.9685881610778));
#12162=CARTESIAN_POINT('Ctrl Pts',(-1.97194934918564,-23.206105945229,19.0999935528238));
#12163=CARTESIAN_POINT('Ctrl Pts',(-2.32293486472723,-23.4914394938348,
19.0999935528238));
#12164=CARTESIAN_POINT('Ctrl Pts',(-1.50459429616016,-22.6568929287104,
18.7401470069418));
#12165=CARTESIAN_POINT('Ctrl Pts',(-1.69649236572488,-22.8545689624405,
18.9525209639808));
#12166=CARTESIAN_POINT('Ctrl Pts',(-2.00730040830494,-23.1707548861097,
19.0999935528238));
#12167=CARTESIAN_POINT('Ctrl Pts',(-2.32293486472723,-23.4914394938348,
19.0999935528238));
#12168=CARTESIAN_POINT('Ctrl Pts',(-1.58450688771935,-22.5412010121113,
18.7752177603328));
#12169=CARTESIAN_POINT('Ctrl Pts',(-1.76603142589044,-22.782423889168,18.9736360078748));
#12170=CARTESIAN_POINT('Ctrl Pts',(-2.04265146742423,-23.1354038269904,
19.0999935528238));
#12171=CARTESIAN_POINT('Ctrl Pts',(-2.32293486472723,-23.4914394938348,
19.0999935528238));
#12172=CARTESIAN_POINT('Ctrl Pts',(-1.60879202187291,-22.4916395138387,
18.7999935528238));
#12173=CARTESIAN_POINT('Ctrl Pts',(-1.79438508224922,-22.7514697983656,
18.9893363467538));
#12174=CARTESIAN_POINT('Ctrl Pts',(-2.0578019213325,-23.1202533730822,19.0999935528238));
#12175=CARTESIAN_POINT('Ctrl Pts',(-2.32293486472723,-23.4914394938348,
19.0999935528238));
#12176=CARTESIAN_POINT('Origin',(-1.32313488473117,-22.4916395138387,19.0799935528238));
#12177=CARTESIAN_POINT('Ctrl Pts',(-1.6087920218729,-22.4916395138387,18.7999935528238));
#12178=CARTESIAN_POINT('Ctrl Pts',(-1.44614676717457,-22.263936157261,18.6340622034418));
#12179=CARTESIAN_POINT('Ctrl Pts',(-1.32839401494555,-21.7077835962041,
18.3234398979748));
#12180=CARTESIAN_POINT('Ctrl Pts',(-1.32293486472723,-21.0528687658352,
18.1497815238448));
#12181=CARTESIAN_POINT('Ctrl Pts',(-1.32293486472723,-20.7633402568815,
18.0999935528238));
#12182=CARTESIAN_POINT('Ctrl Pts',(-1.58045936536042,-22.5494612618234,
18.7710884615838));
#12183=CARTESIAN_POINT('Ctrl Pts',(-1.41464454843001,-22.3184425959071,
18.5884084159068));
#12184=CARTESIAN_POINT('Ctrl Pts',(-1.30656148219663,-21.7544904271392,
18.2448149439978));
#12185=CARTESIAN_POINT('Ctrl Pts',(-1.3177513521249,-21.0850542871132,18.0531282494778));
#12186=CARTESIAN_POINT('Ctrl Pts',(-1.32293486472723,-20.7878509330162,
17.9981826797908));
#12187=CARTESIAN_POINT('Ctrl Pts',(-1.49649787487196,-22.6650025039795,
18.7401341134608));
#12188=CARTESIAN_POINT('Ctrl Pts',(-1.31362336344204,-22.4273019506993,
18.5219449489058));
#12189=CARTESIAN_POINT('Ctrl Pts',(-1.20214400369371,-21.84762349533,18.1056698365598));
#12190=CARTESIAN_POINT('Ctrl Pts',(-1.22664489602321,-21.1491197950113,
17.8649028214788));
#12191=CARTESIAN_POINT('Ctrl Pts',(-1.23612780176244,-20.8366461067527,
17.7955004195948));
#12192=CARTESIAN_POINT('Ctrl Pts',(-1.38095663271584,-22.748963994468,18.7710884615838));
#12193=CARTESIAN_POINT('Ctrl Pts',(-1.16823433271013,-22.5017174773232,
18.5239974914438));
#12194=CARTESIAN_POINT('Ctrl Pts',(-1.02113512190118,-21.8980657176588,
18.0566028675768));
#12195=CARTESIAN_POINT('Ctrl Pts',(-1.02439593314293,-21.1775169022957,
17.7883850378098));
#12196=CARTESIAN_POINT('Ctrl Pts',(-1.02765461984689,-20.8569641432502,
17.7111046639348));
#12197=CARTESIAN_POINT('Ctrl Pts',(-1.32313488473117,-22.7772966509805,
18.7999935528238));
#12198=CARTESIAN_POINT('Ctrl Pts',(-1.09543152815315,-22.5242929214493,
18.5418781204518));
#12199=CARTESIAN_POINT('Ctrl Pts',(-0.930577675032902,-21.9063456313865,
18.0586878675028));
#12200=CARTESIAN_POINT('Ctrl Pts',(-0.922934864727223,-21.178662486532,
17.7885526188568));
#12201=CARTESIAN_POINT('Ctrl Pts',(-0.922934864727223,-20.8569641432502,
17.7111046639348));
#12202=CARTESIAN_POINT('Origin',(-0.922934864727223,-20.7633402568815,18.0999935528238));
#12203=CARTESIAN_POINT('Origin',(-0.922934864727223,-19.9207252795632,21.5999935528238));
#12204=CARTESIAN_POINT('Origin',(-0.922934864727223,-19.9207252795589,17.9999935528238));
#12205=CARTESIAN_POINT('Origin',(-0.922934864727223,-19.1957199912266,17.9999935528238));
#12206=CARTESIAN_POINT('Origin',(8.1480658677119,0.379279663718206,14.2499832145488));
#12207=CARTESIAN_POINT('Origin',(8.07705442057137,-1.43657826463799,5.31874314424332));
#12208=CARTESIAN_POINT('Origin',(8.07705442057138,-1.43657826463805,0.400000000082001));
#12209=CARTESIAN_POINT('Origin',(4.27705442056785,-15.7707086970276,0.199999999997811));
#12210=CARTESIAN_POINT('',(4.27705442013727,-1.43657826463711,0.200000000431659));
#12211=CARTESIAN_POINT('Origin',(8.07705442057126,-1.43657826463805,0.200000000038609));
#12212=CARTESIAN_POINT('Origin',(27.2068934051173,50.0207103879616,-1.0241991788007E-6));
#12213=CARTESIAN_POINT('',(24.1375854532189,50.0207103879626,21.5999821903148));
#12214=CARTESIAN_POINT('Origin',(22.4441615310676,45.7207087255173,21.5999821903148));
#12215=CARTESIAN_POINT('',(7.37706571119846,42.8842783879626,21.5999821912672));
#12216=CARTESIAN_POINT('Origin',(7.37706571119845,43.8842783879626,21.5999821903238));
#12217=CARTESIAN_POINT('',(27.81586922353,42.8842783879627,21.5999821903149));
#12218=CARTESIAN_POINT('',(18.9106136211309,42.8842783879626,21.5999821903149));
#12219=CARTESIAN_POINT('Origin',(27.81586922353,43.8842783879626,21.5999821903148));
#12220=CARTESIAN_POINT('',(21.7943845166879,47.2707103879626,21.5999821903158));
#12221=CARTESIAN_POINT('Origin',(21.7943845166838,45.570710387963,21.5999821903148));
#12222=CARTESIAN_POINT('Origin',(7.37706571118918,43.8842783879624,6.02499118127707));
#12223=CARTESIAN_POINT('',(7.37706571118919,42.8842783879624,6.02499118127708));
#12224=CARTESIAN_POINT('Origin',(15.3770657111942,42.8842783879625,12.0499821903148));
#12225=CARTESIAN_POINT('',(27.81586922353,42.8842783879626,19.2124915212573));
#12226=CARTESIAN_POINT('Origin',(27.81586922353,43.8842783879626,19.2124915212573));
#12227=CARTESIAN_POINT('Origin',(21.794384516676,45.5707103879619,0.199999999986833));
#12228=CARTESIAN_POINT('',(21.794384516676,48.5707103879619,0.399999999986552));
#12229=CARTESIAN_POINT('Origin',(21.794384516676,45.5707103879619,0.399999999986608));
#12230=CARTESIAN_POINT('',(21.794384516676,48.7707103879619,0.199999999986833));
#12231=CARTESIAN_POINT('Origin',(21.7943845166758,45.5707103879619,-1.02419615899407E-6));
#12232=CARTESIAN_POINT('',(21.7943845166776,48.570710387962,2.99999897580435));
#12233=CARTESIAN_POINT('',(21.7943845166758,48.5707103879619,-1.02419621561544E-6));
#12234=CARTESIAN_POINT('',(19.3225430978156,47.2707103879616,2.9999989758056));
#12235=CARTESIAN_POINT('Origin',(21.7943845166776,45.570710387962,2.99999897580441));
#12236=CARTESIAN_POINT('',(19.3225430978157,47.2707103879616,3.19999897580582));
#12237=CARTESIAN_POINT('',(19.3225430978139,47.2707103879616,-1.02419471348421E-6));
#12238=CARTESIAN_POINT('',(19.322543097816,43.8707103879619,3.19999897580582));
#12239=CARTESIAN_POINT('Origin',(21.7943845166777,45.570710387962,3.19999897580441));
#12240=CARTESIAN_POINT('',(19.3225430978159,43.8707103879619,2.99999897580512));
#12241=CARTESIAN_POINT('',(19.3225430978141,43.8707103879619,-1.02419464912221E-6));
#12242=CARTESIAN_POINT('',(24.2662259355393,43.8707103879619,2.99999897580218));
#12243=CARTESIAN_POINT('Origin',(21.7943845166776,45.570710387962,2.99999897580441));
#12244=CARTESIAN_POINT('',(24.2662259355394,43.8707103879619,3.19999897580287));
#12245=CARTESIAN_POINT('',(24.2662259355374,43.8707103879619,-1.02419760442385E-6));
#12246=CARTESIAN_POINT('',(24.2662259355397,47.2707103879616,3.19999897580287));
#12247=CARTESIAN_POINT('Origin',(21.7943845166777,45.570710387962,3.19999897580424));
#12248=CARTESIAN_POINT('',(24.2662259355395,47.2707103879616,2.99999897580265));
#12249=CARTESIAN_POINT('',(24.2662259355376,47.2707103879616,-1.02419766878585E-6));
#12250=CARTESIAN_POINT('Origin',(21.7943845166776,45.570710387962,2.99999897580441));
#12251=CARTESIAN_POINT('Origin',(24.1443845166771,45.5707103879619,3.19999897580283));
#12252=CARTESIAN_POINT('',(23.4943845166771,43.8707103879619,3.19999897580283));
#12253=CARTESIAN_POINT('',(19.3225430978154,43.8707103879619,3.19999897580582));
#12254=CARTESIAN_POINT('',(23.4943845166771,47.2707103879616,3.19999897580283));
#12255=CARTESIAN_POINT('',(23.4943845166771,44.7207103879619,3.19999897580283));
#12256=CARTESIAN_POINT('',(19.3225430978154,47.2707103879616,3.19999897580582));
#12257=CARTESIAN_POINT('Origin',(19.4443845166771,45.5707103879619,3.19999897580582));
#12258=CARTESIAN_POINT('',(20.0943845166771,47.2707103879616,3.19999897580482));
#12259=CARTESIAN_POINT('',(19.3225430978154,47.2707103879616,3.19999897580582));
#12260=CARTESIAN_POINT('',(20.0943845166771,43.8707103879619,3.19999897580482));
#12261=CARTESIAN_POINT('',(20.0943845166771,46.4207103879619,3.19999897580482));
#12262=CARTESIAN_POINT('',(19.3225430978154,43.8707103879619,3.19999897580582));
#12263=CARTESIAN_POINT('Origin',(0.200000000002154,19.5499999999991,2.99999897581781));
#12264=CARTESIAN_POINT('',(12.2331129677703,47.2707103879616,2.99999897580982));
#12265=CARTESIAN_POINT('Origin',(22.6443845166772,46.4207104375509,3.39999897580382));
#12266=CARTESIAN_POINT('',(23.4943845166772,47.2707103879616,3.39999897580283));
#12267=CARTESIAN_POINT('',(21.7943845166772,47.2707103879616,3.39999897580382));
#12268=CARTESIAN_POINT('',(19.3225430978156,47.2707103879616,3.39999897580581));
#12269=CARTESIAN_POINT('',(23.4943845166772,45.57071048714,3.39999897580283));
#12270=CARTESIAN_POINT('',(23.4943845166772,47.2707103879616,3.39999897580283));
#12271=CARTESIAN_POINT('Origin',(21.7943845166772,45.5707103879619,3.39999897580382));
#12272=CARTESIAN_POINT('Origin',(20.094384516677,47.2707103879616,2.99999897580481));
#12273=CARTESIAN_POINT('',(20.0943845166772,47.2707103879616,3.39999897580482));
#12274=CARTESIAN_POINT('',(20.094384516677,47.2707103879616,2.99999897580481));
#12275=CARTESIAN_POINT('',(20.0943845166772,45.57071048714,3.39999897580482));
#12276=CARTESIAN_POINT('',(20.0943845166772,47.2707103879616,3.39999897580482));
#12277=CARTESIAN_POINT('',(20.0943845166772,43.8707103879619,3.39999897580482));
#12278=CARTESIAN_POINT('',(20.0943845166772,47.2707103879616,3.39999897580482));
#12279=CARTESIAN_POINT('',(20.094384516677,43.8707103879619,2.99999897580481));
#12280=CARTESIAN_POINT('Origin',(21.794384516677,47.2707103879616,2.99999897580383));
#12281=CARTESIAN_POINT('',(23.494384516677,47.2707103879616,2.99999897580284));
#12282=CARTESIAN_POINT('',(19.3225430978156,47.2707103879616,3.39999897580581));
#12283=CARTESIAN_POINT('Origin',(20.9443845166772,46.4207104375509,3.39999897580482));
#12284=CARTESIAN_POINT('Origin',(21.7943845166772,45.5707103879619,3.39999897580382));
#12285=CARTESIAN_POINT('Origin',(20.094384516677,43.8707103879619,2.99999897580481));
#12286=CARTESIAN_POINT('',(9.76127154890871,43.8707103879619,2.99999897581081));
#12287=CARTESIAN_POINT('',(21.7943845166772,43.8707103879619,3.39999897580382));
#12288=CARTESIAN_POINT('',(19.3225430978156,43.8707103879619,3.39999897580581));
#12289=CARTESIAN_POINT('',(23.4943845166772,43.8707103879619,3.39999897580283));
#12290=CARTESIAN_POINT('',(19.3225430978156,43.8707103879619,3.39999897580581));
#12291=CARTESIAN_POINT('',(23.494384516677,43.8707103879619,2.99999897580284));
#12292=CARTESIAN_POINT('Origin',(20.9443845166772,44.7207104375509,3.39999897580482));
#12293=CARTESIAN_POINT('Origin',(21.7943845166772,45.5707103879619,3.39999897580382));
#12294=CARTESIAN_POINT('Origin',(23.494384516677,43.8707103879619,2.99999897580284));
#12295=CARTESIAN_POINT('',(23.4943845166772,47.2707103879616,3.39999897580283));
#12296=CARTESIAN_POINT('Origin',(22.6443845166772,44.7207104375509,3.39999897580382));
#12297=CARTESIAN_POINT('Origin',(21.7943845166772,45.5707103879619,3.39999897580382));
#12298=CARTESIAN_POINT('Origin',(21.7943845166937,45.5707103879625,31.1499907705448));
#12299=CARTESIAN_POINT('',(21.7943845166937,47.2707103879625,31.1499907705448));
#12300=CARTESIAN_POINT('Origin',(0.200000000002154,19.5499999999991,2.99999897581781));
#12301=UNCERTAINTY_MEASURE_WITH_UNIT(LENGTH_MEASURE(0.01),#12305,
'DISTANCE_ACCURACY_VALUE',
'Maximum model space distance between geometric entities at asserted c
onnectivities');
#12302=UNCERTAINTY_MEASURE_WITH_UNIT(LENGTH_MEASURE(0.01),#12305,
'DISTANCE_ACCURACY_VALUE',
'Maximum model space distance between geometric entities at asserted c
onnectivities');
#12303=(
GEOMETRIC_REPRESENTATION_CONTEXT(3)
GLOBAL_UNCERTAINTY_ASSIGNED_CONTEXT((#12301))
GLOBAL_UNIT_ASSIGNED_CONTEXT((#12305,#12307,#12308))
REPRESENTATION_CONTEXT('','3D')
);
#12304=(
GEOMETRIC_REPRESENTATION_CONTEXT(3)
GLOBAL_UNCERTAINTY_ASSIGNED_CONTEXT((#12302))
GLOBAL_UNIT_ASSIGNED_CONTEXT((#12305,#12307,#12308))
REPRESENTATION_CONTEXT('','3D')
);
#12305=(
LENGTH_UNIT()
NAMED_UNIT(*)
SI_UNIT(.MILLI.,.METRE.)
);
#12306=(
LENGTH_UNIT()
NAMED_UNIT(*)
SI_UNIT($,.METRE.)
);
#12307=(
NAMED_UNIT(*)
PLANE_ANGLE_UNIT()
SI_UNIT($,.RADIAN.)
);
#12308=(
NAMED_UNIT(*)
SI_UNIT($,.STERADIAN.)
SOLID_ANGLE_UNIT()
);
#12309=SHAPE_DEFINITION_REPRESENTATION(#12310,#12311);
#12310=PRODUCT_DEFINITION_SHAPE('',$,#12313);
#12311=SHAPE_REPRESENTATION('',(#6919),#12303);
#12312=PRODUCT_DEFINITION_CONTEXT('part definition',#12317,'design');
#12313=PRODUCT_DEFINITION('2026-08-02-23-13-39-653',
'x_carriage_left_pz',#12314,#12312);
#12314=PRODUCT_DEFINITION_FORMATION('',$,#12319);
#12315=PRODUCT_RELATED_PRODUCT_CATEGORY('x_carriage_left_pz',
'x_carriage_left_pz',(#12319));
#12316=APPLICATION_PROTOCOL_DEFINITION('international standard',
'automotive_design',2009,#12317);
#12317=APPLICATION_CONTEXT(
'Core Data for Automotive Mechanical Design Process');
#12318=PRODUCT_CONTEXT('part definition',#12317,'mechanical');
#12319=PRODUCT('2026-08-02-23-13-39-653','x_carriage_left_pz',$,(#12318));
#12320=PRESENTATION_STYLE_ASSIGNMENT((#12322));
#12321=PRESENTATION_STYLE_ASSIGNMENT((#12323));
#12322=SURFACE_STYLE_USAGE(.BOTH.,#12324);
#12323=SURFACE_STYLE_USAGE(.BOTH.,#12325);
#12324=SURFACE_SIDE_STYLE('',(#12326));
#12325=SURFACE_SIDE_STYLE('',(#12327));
#12326=SURFACE_STYLE_FILL_AREA(#12328);
#12327=SURFACE_STYLE_FILL_AREA(#12329);
#12328=FILL_AREA_STYLE('Plate',(#12330));
#12329=FILL_AREA_STYLE('Opaque(40,40,40)',(#12331));
#12330=FILL_AREA_STYLE_COLOUR('Plate',#12332);
#12331=FILL_AREA_STYLE_COLOUR('Opaque(40,40,40)',#12333);
#12332=COLOUR_RGB('Plate',0.6,0.6,0.6);
#12333=COLOUR_RGB('Opaque(40,40,40)',0.156862745098039,0.156862745098039,
0.156862745098039);
ENDSEC;
END-ISO-10303-21;
